image_id,추출한 날짜,정답 날짜,True/False,라벨 상태,난이도,오류 유형,비고
000001,,2027-06-26,,approved,medium,점자형·잉크젯형 인쇄;full_date,최종 날짜만 승인; OCR 주석 별도 검수
000002,,2025-12-11,,approved,easy,정상;full_date,최종 날짜만 승인; OCR 주석 별도 검수
000003,,2026-05-12,,approved,easy,정상;full_date,최종 날짜만 승인; OCR 주석 별도 검수
000004,,2027-02-14,,approved,hard,반사·흐림·저대비;full_date,최종 날짜만 승인; OCR 주석 별도 검수
000005,,2026-07-02,,approved,medium,점자형·잉크젯형 인쇄;full_date,최종 날짜만 승인; OCR 주석 별도 검수
000006,,2026-02-17,,approved,easy,정상;full_date,최종 날짜만 승인; OCR 주석 별도 검수
000007,,2026-06-25,,approved,medium,제조일자·소비기한 동시;두 자리 연도;점자형·잉크젯형 인쇄;full_date,최종 날짜만 승인; OCR 주석 별도 검수
000008,,2027-06-29,,approved,medium,점자형·잉크젯형 인쇄;full_date,최종 날짜만 승인; OCR 주석 별도 검수
000009,,2026-10-29,,approved,easy,정상;full_date,최종 날짜만 승인; OCR 주석 별도 검수
000010,,2026-06-08,,approved,medium,점자형·잉크젯형 인쇄;full_date,최종 날짜만 승인; OCR 주석 별도 검수
000011,,2026-02-05,,approved,medium,점자형·잉크젯형 인쇄;full_date,최종 날짜만 승인; OCR 주석 별도 검수
000012,,2026-03-23,,approved,medium,다양한 구분자;full_date,최종 날짜만 승인; OCR 주석 별도 검수
000013,,2026-03-20,,approved,easy,정상;full_date,최종 날짜만 승인; OCR 주석 별도 검수
000014,,2026-01-31,,approved,medium,두 자리 연도;점자형·잉크젯형 인쇄;full_date,최종 날짜만 승인; OCR 주석 별도 검수
000015,,2026-03-01,,approved,medium,제조일자·소비기한 동시;full_date,최종 날짜만 승인; OCR 주석 별도 검수
000016,,2026-01-22,,approved,easy,정상;full_date,최종 날짜만 승인; OCR 주석 별도 검수
000017,,2026-11-25,,approved,medium,점자형·잉크젯형 인쇄;full_date,최종 날짜만 승인; OCR 주석 별도 검수
000018,,2026-04-24,,approved,medium,두 자리 연도;점자형·잉크젯형 인쇄;full_date,최종 날짜만 승인; OCR 주석 별도 검수
000019,,2026-04-09,,approved,medium,제조일자·소비기한 동시;full_date,최종 날짜만 승인; OCR 주석 별도 검수
000020,,2025-10-09,,approved,medium,두 자리 연도;full_date,최종 날짜만 승인; OCR 주석 별도 검수
000021,,2025-10-10,,approved,medium,두 자리 연도;full_date,최종 날짜만 승인; OCR 주석 별도 검수
000022,,2025-10-14,,approved,medium,두 자리 연도;full_date,최종 날짜만 승인; OCR 주석 별도 검수
000023,,2025-10-10,,approved,medium,두 자리 연도;full_date,최종 날짜만 승인; OCR 주석 별도 검수
000024,,2025-10-11,,approved,hard,두 자리 연도;반사·흐림·저대비;회전·기울어짐;점자형·잉크젯형 인쇄;full_date,최종 날짜만 승인; OCR 주석 별도 검수
000025,,2026-06-11,,approved,easy,정상;full_date,최종 날짜만 승인; OCR 주석 별도 검수
000026,,2025-11-13,,approved,easy,정상;full_date,최종 날짜만 승인; OCR 주석 별도 검수
000027,,2026-04-27,,approved,medium,제조일자·소비기한 동시;다양한 구분자;full_date,최종 날짜만 승인; OCR 주석 별도 검수
000028,,2026-02-10,,approved,hard,날짜 없음;비소비기한 날짜 오인 위험;전화번호·바코드 오인 위험;full_date,최종 날짜만 승인; OCR 주석 별도 검수
000029,,2026-08-02,,approved,easy,정상;full_date,최종 날짜만 승인; OCR 주석 별도 검수
000030,,2028-08-17,,approved,medium,두 자리 연도;다양한 구분자;full_date,최종 날짜만 승인; OCR 주석 별도 검수
000031,,2026-02-14,,approved,medium,점자형·잉크젯형 인쇄;full_date,최종 날짜만 승인; OCR 주석 별도 검수
000032,,2026-03-22,,approved,hard,반사·흐림·저대비;점자형·잉크젯형 인쇄;full_date,최종 날짜만 승인; OCR 주석 별도 검수
000033,,2026-06-17,,approved,medium,두 자리 연도;점자형·잉크젯형 인쇄;full_date,최종 날짜만 승인; OCR 주석 별도 검수
000034,,2026-06-30,,approved,medium,두 자리 연도;점자형·잉크젯형 인쇄;full_date,최종 날짜만 승인; OCR 주석 별도 검수
000035,,2026-08-17,,approved,medium,점자형·잉크젯형 인쇄;full_date,최종 날짜만 승인; OCR 주석 별도 검수
000036,,2026-08-26,,approved,medium,점자형·잉크젯형 인쇄;full_date,최종 날짜만 승인; OCR 주석 별도 검수
000037,,2026-07-17,,approved,medium,점자형·잉크젯형 인쇄;full_date,최종 날짜만 승인; OCR 주석 별도 검수
000038,,2027-02-12,,approved,easy,정상;full_date,최종 날짜만 승인; OCR 주석 별도 검수
000039,,2026-05-26,,approved,medium,점자형·잉크젯형 인쇄;full_date,최종 날짜만 승인; OCR 주석 별도 검수
000040,,2025-10-11,,approved,medium,점자형·잉크젯형 인쇄;full_date,최종 날짜만 승인; OCR 주석 별도 검수
000041,,2025-10-11,,approved,medium,점자형·잉크젯형 인쇄;full_date,최종 날짜만 승인; OCR 주석 별도 검수
000042,,2025-10-12,,approved,medium,점자형·잉크젯형 인쇄;full_date,최종 날짜만 승인; OCR 주석 별도 검수
000043,,NONE-10-14,,approved,hard,연도 없음;반사·흐림·저대비;partial_date,최종 날짜만 승인; OCR 주석 별도 검수
000044,,2026-02-07,,approved,medium,두 자리 연도;점자형·잉크젯형 인쇄;full_date,최종 날짜만 승인; OCR 주석 별도 검수
000045,,2027-04-21,,approved,medium,다양한 구분자;full_date,최종 날짜만 승인; OCR 주석 별도 검수
000046,,2025-10-10,,approved,easy,정상;full_date,최종 날짜만 승인; OCR 주석 별도 검수
000047,,2027-04-14,,approved,medium,점자형·잉크젯형 인쇄;full_date,최종 날짜만 승인; OCR 주석 별도 검수
000048,,2026-06-12,,approved,medium,두 자리 연도;점자형·잉크젯형 인쇄;full_date,최종 날짜만 승인; OCR 주석 별도 검수
000049,,2026-03-01,,approved,medium,제조일자·소비기한 동시;full_date,최종 날짜만 승인; OCR 주석 별도 검수
000050,,2025-09-30,,approved,medium,전화번호·바코드 오인 위험;full_date,최종 날짜만 승인; OCR 주석 별도 검수
000051,,2026-01-12,,approved,medium,점자형·잉크젯형 인쇄;full_date,최종 날짜만 승인; OCR 주석 별도 검수
000052,,2025-11-19,,approved,medium,점자형·잉크젯형 인쇄;full_date,최종 날짜만 승인; OCR 주석 별도 검수
000053,,2025-12-20,,approved,medium,다양한 구분자;점자형·잉크젯형 인쇄;full_date,최종 날짜만 승인; OCR 주석 별도 검수
000054,,2025-10-08,,approved,medium,두 자리 연도;full_date,최종 날짜만 승인; OCR 주석 별도 검수
000055,,2026-08-04,,approved,easy,정상;full_date,최종 날짜만 승인; OCR 주석 별도 검수
000056,,2026-07-11,,approved,medium,제조일자·소비기한 동시;full_date,최종 날짜만 승인; OCR 주석 별도 검수
000057,,2026-06-24,,approved,medium,점자형·잉크젯형 인쇄;전화번호·바코드 오인 위험;full_date,최종 날짜만 승인; OCR 주석 별도 검수
000058,,2027-03-27,,approved,medium,점자형·잉크젯형 인쇄;full_date,최종 날짜만 승인; OCR 주석 별도 검수
000059,,2027-06-22,,approved,easy,정상;full_date,최종 날짜만 승인; OCR 주석 별도 검수
000060,,2026-04-30,,approved,medium,다양한 구분자;점자형·잉크젯형 인쇄;full_date,최종 날짜만 승인; OCR 주석 별도 검수
000061,,2026-06-04,,approved,medium,두 자리 연도;점자형·잉크젯형 인쇄;full_date,최종 날짜만 승인; OCR 주석 별도 검수
000062,,2026-05-26,,approved,medium,두 자리 연도;점자형·잉크젯형 인쇄;full_date,최종 날짜만 승인; OCR 주석 별도 검수
000063,,2026-06-16,,approved,medium,제조일자·소비기한 동시;full_date,최종 날짜만 승인; OCR 주석 별도 검수
000064,,2026-08-03,,approved,medium,점자형·잉크젯형 인쇄;full_date,최종 날짜만 승인; OCR 주석 별도 검수
000065,,2026-01-12,,approved,medium,점자형·잉크젯형 인쇄;full_date,최종 날짜만 승인; OCR 주석 별도 검수
000066,,2026-08-17,,approved,medium,점자형·잉크젯형 인쇄;full_date,최종 날짜만 승인; OCR 주석 별도 검수
000067,,2025-12-19,,approved,medium,점자형·잉크젯형 인쇄;full_date,최종 날짜만 승인; OCR 주석 별도 검수
000068,,2026-06-17,,approved,medium,점자형·잉크젯형 인쇄;full_date,최종 날짜만 승인; OCR 주석 별도 검수
000069,,2026-06-24,,approved,medium,점자형·잉크젯형 인쇄;full_date,최종 날짜만 승인; OCR 주석 별도 검수
000070,,2026-10-08,,approved,easy,정상;full_date,최종 날짜만 승인; OCR 주석 별도 검수
000071,,2027-07-20,,approved,medium,제조일자·소비기한 동시;full_date,최종 날짜만 승인; OCR 주석 별도 검수
000072,,2026-04-25,,approved,medium,점자형·잉크젯형 인쇄;전화번호·바코드 오인 위험;full_date,최종 날짜만 승인; OCR 주석 별도 검수
000073,,2026-03-12,,approved,medium,점자형·잉크젯형 인쇄;전화번호·바코드 오인 위험;full_date,최종 날짜만 승인; OCR 주석 별도 검수
000074,,2026-08-28,,approved,easy,정상;full_date,최종 날짜만 승인; OCR 주석 별도 검수
000075,,2026-01-06,,approved,medium,점자형·잉크젯형 인쇄;full_date,최종 날짜만 승인; OCR 주석 별도 검수
000076,,2026-08-17,,approved,easy,정상;full_date,최종 날짜만 승인; OCR 주석 별도 검수
000077,,2026-03-07,,approved,medium,다양한 구분자;점자형·잉크젯형 인쇄;full_date,최종 날짜만 승인; OCR 주석 별도 검수
000078,,NONE,,approved,hard,제조일자만 존재;no_expiry,최종 날짜만 승인; OCR 주석 별도 검수
000079,,2026-01-31,,approved,easy,정상;full_date,최종 날짜만 승인; OCR 주석 별도 검수
000080,,2026-09-16,,approved,medium,제조일자·소비기한 동시;full_date,최종 날짜만 승인; OCR 주석 별도 검수
000081,,2026-05-18,,approved,medium,제조일자·소비기한 동시;full_date,최종 날짜만 승인; OCR 주석 별도 검수
000082,,2026-08-24,,approved,medium,제조일자·소비기한 동시;full_date,최종 날짜만 승인; OCR 주석 별도 검수
000083,,2026-07-01,,approved,medium,점자형·잉크젯형 인쇄;full_date,최종 날짜만 승인; OCR 주석 별도 검수
000084,,2026-03-31,,approved,medium,제조일자·소비기한 동시;full_date,최종 날짜만 승인; OCR 주석 별도 검수
000085,,2026-03-30,,approved,medium,반사·흐림·저대비;점자형·잉크젯형 인쇄;전화번호·바코드 오인 위험;full_date,최종 날짜만 승인; OCR 주석 별도 검수
000086,,2026-03-14,,approved,medium,제조일자·소비기한 동시;두 자리 연도;full_date,최종 날짜만 승인; OCR 주석 별도 검수
000087,,2026-08-10,,approved,medium,제조일자·소비기한 동시;두 자리 연도;full_date,최종 날짜만 승인; OCR 주석 별도 검수
000088,,2026-09-03,,approved,medium,제조일자·소비기한 동시;두 자리 연도;full_date,최종 날짜만 승인; OCR 주석 별도 검수
000089,,2026-09-11,,approved,medium,여러 날짜·다른 상품;점자형·잉크젯형 인쇄;full_date,최종 날짜만 승인; OCR 주석 별도 검수
000090,,2026-09-01,,approved,medium,반사·흐림·저대비;점자형·잉크젯형 인쇄;full_date,최종 날짜만 승인; OCR 주석 별도 검수
000091,,2027-05-22,,approved,medium,점자형·잉크젯형 인쇄;full_date,최종 날짜만 승인; OCR 주석 별도 검수
000092,,2026-12-05,,approved,medium,점자형·잉크젯형 인쇄;full_date,최종 날짜만 승인; OCR 주석 별도 검수
000093,,2026-04-23,,approved,medium,점자형·잉크젯형 인쇄;full_date,최종 날짜만 승인; OCR 주석 별도 검수
000094,,2027-06-30,,approved,medium,반사·흐림·저대비;점자형·잉크젯형 인쇄;full_date,최종 날짜만 승인; OCR 주석 별도 검수
000095,,2026-07-29,,approved,medium,반사·흐림·저대비;점자형·잉크젯형 인쇄;full_date,최종 날짜만 승인; OCR 주석 별도 검수
000096,,2026-05-26,,approved,easy,정상;full_date,최종 날짜만 승인; OCR 주석 별도 검수
000097,,2025-11-19,,approved,easy,정상;full_date,최종 날짜만 승인; OCR 주석 별도 검수
000098,,2026-03-11,,approved,medium,여러 날짜·다른 상품;full_date,최종 날짜만 승인; OCR 주석 별도 검수
000099,,2026-03-07,,approved,easy,정상;full_date,최종 날짜만 승인; OCR 주석 별도 검수
000100,,2026-02-11,,approved,medium,점자형·잉크젯형 인쇄;full_date,최종 날짜만 승인; OCR 주석 별도 검수
000101,,2026-04-08,,approved,medium,점자형·잉크젯형 인쇄;full_date,최종 날짜만 승인; OCR 주석 별도 검수
000102,,2025-11-13,,approved,medium,점자형·잉크젯형 인쇄;full_date,최종 날짜만 승인; OCR 주석 별도 검수
000103,,2025-12-18,,approved,easy,정상;full_date,최종 날짜만 승인; OCR 주석 별도 검수
000104,,2026-04-01,,approved,easy,정상;full_date,최종 날짜만 승인; OCR 주석 별도 검수
000105,,2025-11-09,,approved,easy,정상;full_date,최종 날짜만 승인; OCR 주석 별도 검수
000106,,NONE-10-20,,approved,hard,반사·흐림·저대비;회전·기울어짐;점자형·잉크젯형 인쇄;partial_date,최종 날짜만 승인; OCR 주석 별도 검수
000107,,2025-12-25,,approved,medium,점자형·잉크젯형 인쇄;full_date,최종 날짜만 승인; OCR 주석 별도 검수
000108,,2025-10-24,,approved,medium,두 자리 연도;full_date,최종 날짜만 승인; OCR 주석 별도 검수
000109,,2025-12-12,,approved,medium,점자형·잉크젯형 인쇄;full_date,최종 날짜만 승인; OCR 주석 별도 검수
000110,,2025-10-29,,approved,medium,두 자리 연도;full_date,최종 날짜만 승인; OCR 주석 별도 검수
000111,,2025-10-25,,approved,medium,두 자리 연도;점자형·잉크젯형 인쇄;full_date,최종 날짜만 승인; OCR 주석 별도 검수
000112,,2025-10-17,,approved,medium,두 자리 연도;점자형·잉크젯형 인쇄;full_date,최종 날짜만 승인; OCR 주석 별도 검수
000113,,2026-01-16,,approved,easy,정상;full_date,최종 날짜만 승인; OCR 주석 별도 검수
000114,,2026-02-28,,approved,easy,정상;full_date,최종 날짜만 승인; OCR 주석 별도 검수
000115,,2025-12-08,,approved,medium,반사·흐림·저대비;회전·기울어짐;full_date,최종 날짜만 승인; OCR 주석 별도 검수
000116,,2026-03-27,,approved,easy,정상;full_date,최종 날짜만 승인; OCR 주석 별도 검수
000117,,2025-11-28,,approved,medium,점자형·잉크젯형 인쇄;full_date,최종 날짜만 승인; OCR 주석 별도 검수
000118,,2026-03-23,,approved,hard,여러 날짜·다른 상품;점자형·잉크젯형 인쇄;full_date,최종 날짜만 승인; OCR 주석 별도 검수
000119,,2026-08-24,,approved,medium,점자형·잉크젯형 인쇄;full_date,최종 날짜만 승인; OCR 주석 별도 검수
000120,,2026-08-25,,approved,hard,여러 날짜·다른 상품;점자형·잉크젯형 인쇄;full_date,최종 날짜만 승인; OCR 주석 별도 검수
000121,,2027-04-13,,approved,medium,점자형·잉크젯형 인쇄;full_date,최종 날짜만 승인; OCR 주석 별도 검수
000122,,2027-04-28,,approved,medium,반사·흐림·저대비;점자형·잉크젯형 인쇄;full_date,최종 날짜만 승인; OCR 주석 별도 검수
000123,,2026-06-04,,approved,medium,점자형·잉크젯형 인쇄;전화번호·바코드 오인 위험;full_date,최종 날짜만 승인; OCR 주석 별도 검수
000124,,2026-01-02,,approved,easy,정상;full_date,최종 날짜만 승인; OCR 주석 별도 검수
000125,,2026-04-07,,approved,easy,정상;full_date,최종 날짜만 승인; OCR 주석 별도 검수
000126,,2026-06-12,,approved,easy,정상;full_date,최종 날짜만 승인; OCR 주석 별도 검수
000127,,2026-04-27,,approved,easy,정상;full_date,최종 날짜만 승인; OCR 주석 별도 검수
000128,,2026-05-28,,approved,medium,두 자리 연도;반사·흐림·저대비;점자형·잉크젯형 인쇄;전화번호·바코드 오인 위험;full_date,최종 날짜만 승인; OCR 주석 별도 검수
000129,,2026-01-09,,approved,medium,반사·흐림·저대비;점자형·잉크젯형 인쇄;full_date,최종 날짜만 승인; OCR 주석 별도 검수
000130,,2027-02-05,,approved,medium,두 자리 연도;full_date,최종 날짜만 승인; OCR 주석 별도 검수
000131,,2026-08-05,,approved,medium,점자형·잉크젯형 인쇄;full_date,최종 날짜만 승인; OCR 주석 별도 검수
000132,,2026-08-21,,approved,medium,점자형·잉크젯형 인쇄;full_date,최종 날짜만 승인; OCR 주석 별도 검수
000133,,2025-11-25,,approved,medium,다양한 구분자;full_date,최종 날짜만 승인; OCR 주석 별도 검수
000134,,2026-09-23,,approved,easy,정상;full_date,최종 날짜만 승인; OCR 주석 별도 검수
000135,,2026-04-18,,approved,medium,다양한 구분자;full_date,최종 날짜만 승인; OCR 주석 별도 검수
000136,,2025-12-02,,approved,easy,정상;full_date,최종 날짜만 승인; OCR 주석 별도 검수
000137,,2026-03-26,,approved,easy,정상;full_date,최종 날짜만 승인; OCR 주석 별도 검수
000138,,2026-05-14,,approved,medium,다양한 구분자;전화번호·바코드 오인 위험;full_date,최종 날짜만 승인; OCR 주석 별도 검수
000139,,2026-07-26,,approved,medium,다양한 구분자;점자형·잉크젯형 인쇄;full_date,최종 날짜만 승인; OCR 주석 별도 검수
000140,,2026-07-14,,approved,medium,다양한 구분자;점자형·잉크젯형 인쇄;full_date,최종 날짜만 승인; OCR 주석 별도 검수
000141,,2026-09-17,,approved,easy,정상;full_date,최종 날짜만 승인; OCR 주석 별도 검수
000142,,2026-05-14,,approved,easy,정상;full_date,최종 날짜만 승인; OCR 주석 별도 검수
000143,,2027-03-06,,approved,hard,다양한 구분자;점자형·잉크젯형 인쇄;full_date,최종 날짜만 승인; OCR 주석 별도 검수
000144,,2027-03-25,,approved,easy,정상;full_date,최종 날짜만 승인; OCR 주석 별도 검수
000145,,2027-03-24,,approved,medium,여러 날짜·다른 상품;반사·흐림·저대비;full_date,최종 날짜만 승인; OCR 주석 별도 검수
000146,,2026-04-03,,approved,easy,정상;full_date,최종 날짜만 승인; OCR 주석 별도 검수
000147,,2026-03-21,,approved,easy,정상;full_date,최종 날짜만 승인; OCR 주석 별도 검수
000148,,2026-02-26,,approved,medium,제조일자·소비기한 동시;두 자리 연도;다양한 구분자;full_date,최종 날짜만 승인; OCR 주석 별도 검수
000149,,2026-04-28,,approved,medium,전화번호·바코드 오인 위험;full_date,최종 날짜만 승인; OCR 주석 별도 검수
000150,,2026-08-12,,approved,medium,전화번호·바코드 오인 위험;full_date,최종 날짜만 승인; OCR 주석 별도 검수
000151,,2026-09-07,,approved,medium,반사·흐림·저대비;점자형·잉크젯형 인쇄;full_date,최종 날짜만 승인; OCR 주석 별도 검수
000152,,2026-07-31,,approved,easy,정상;full_date,최종 날짜만 승인; OCR 주석 별도 검수
000153,,2026-10-12,,approved,medium,다양한 구분자;점자형·잉크젯형 인쇄;full_date,최종 날짜만 승인; OCR 주석 별도 검수
000154,,2027-08-13,,approved,easy,정상;full_date,최종 날짜만 승인; OCR 주석 별도 검수
000155,,2026-06-22,,approved,medium,점자형·잉크젯형 인쇄;full_date,최종 날짜만 승인; OCR 주석 별도 검수
000156,,2026-07-29,,approved,easy,정상;full_date,최종 날짜만 승인; OCR 주석 별도 검수
000157,,2027-07-08,,approved,hard,다양한 구분자;반사·흐림·저대비;회전·기울어짐;점자형·잉크젯형 인쇄;full_date,최종 날짜만 승인; OCR 주석 별도 검수; 사용자 확정 2027-07-08
000158,,2028-07-20,,approved,easy,정상;full_date,최종 날짜만 승인; OCR 주석 별도 검수
000159,,2027-01-08,,approved,medium,반사·흐림·저대비;점자형·잉크젯형 인쇄;full_date,최종 날짜만 승인; OCR 주석 별도 검수
000160,,2026-10-27,,approved,medium,제조일자·소비기한 동시;다양한 구분자;점자형·잉크젯형 인쇄;full_date,최종 날짜만 승인; OCR 주석 별도 검수
000161,,2027-05-10,,approved,medium,반사·흐림·저대비;점자형·잉크젯형 인쇄;full_date,최종 날짜만 승인; OCR 주석 별도 검수
000162,,2027-06-12,,approved,medium,점자형·잉크젯형 인쇄;full_date,최종 날짜만 승인; OCR 주석 별도 검수
000163,,2026-11-20,,approved,medium,점자형·잉크젯형 인쇄;full_date,최종 날짜만 승인; OCR 주석 별도 검수
000164,,2026-04-27,,approved,easy,정상;full_date,최종 날짜만 승인; OCR 주석 별도 검수
000165,,2027-01-13,,approved,easy,정상;full_date,최종 날짜만 승인; OCR 주석 별도 검수
000166,,2027-08-18,,approved,medium,반사·흐림·저대비;점자형·잉크젯형 인쇄;full_date,최종 날짜만 승인; OCR 주석 별도 검수
000167,,2026-08-07,,approved,easy,정상;full_date,최종 날짜만 승인; OCR 주석 별도 검수
000168,,2026-02-16,,approved,easy,정상;full_date,최종 날짜만 승인; OCR 주석 별도 검수
000169,,2026-03-18,,approved,easy,정상;full_date,최종 날짜만 승인; OCR 주석 별도 검수
000170,,2026-09-07,,approved,medium,반사·흐림·저대비;점자형·잉크젯형 인쇄;full_date,최종 날짜만 승인; OCR 주석 별도 검수
000171,,2026-05-27,,approved,medium,제조일자·소비기한 동시;full_date,최종 날짜만 승인; OCR 주석 별도 검수
000172,,2026-06-10,,approved,medium,제조일자·소비기한 동시;full_date,최종 날짜만 승인; OCR 주석 별도 검수
000173,,2026-09-17,,approved,easy,정상;full_date,최종 날짜만 승인; OCR 주석 별도 검수
000174,,2026-09-05,,approved,medium,제조일자·소비기한 동시;full_date,최종 날짜만 승인; OCR 주석 별도 검수
000175,,2026-06-28,,approved,medium,제조일자·소비기한 동시;full_date,최종 날짜만 승인; OCR 주석 별도 검수
000176,,2026-09-22,,approved,medium,제조일자·소비기한 동시;full_date,최종 날짜만 승인; OCR 주석 별도 검수
000177,,2026-08-18,,approved,medium,제조일자·소비기한 동시;full_date,최종 날짜만 승인; OCR 주석 별도 검수
000178,,2026-06-25,,approved,medium,제조일자·소비기한 동시;full_date,최종 날짜만 승인; OCR 주석 별도 검수
000179,,2026-06-29,,approved,medium,제조일자·소비기한 동시;full_date,최종 날짜만 승인; OCR 주석 별도 검수
000180,,2026-06-25,,approved,medium,제조일자·소비기한 동시;반사·흐림·저대비;점자형·잉크젯형 인쇄;full_date,최종 날짜만 승인; OCR 주석 별도 검수
000181,,2026-09-08,,approved,medium,제조일자·소비기한 동시;full_date,최종 날짜만 승인; OCR 주석 별도 검수
000182,,2026-10-01,,approved,medium,다양한 구분자;회전·기울어짐;점자형·잉크젯형 인쇄;full_date,최종 날짜만 승인; OCR 주석 별도 검수
000183,,2027-07-28,,approved,medium,제조일자·소비기한 동시;점자형·잉크젯형 인쇄;full_date,최종 날짜만 승인; OCR 주석 별도 검수
000184,,2027-11-19,,approved,medium,다양한 구분자;점자형·잉크젯형 인쇄;full_date,최종 날짜만 승인; OCR 주석 별도 검수
000185,,2028-03-15,,approved,medium,다양한 구분자;full_date,최종 날짜만 승인; OCR 주석 별도 검수
000186,,2028-04-14,,approved,medium,다양한 구분자;점자형·잉크젯형 인쇄;full_date,최종 날짜만 승인; OCR 주석 별도 검수
000187,,2028-02-05,,approved,medium,다양한 구분자;점자형·잉크젯형 인쇄;full_date,최종 날짜만 승인; OCR 주석 별도 검수
000188,,2027-09-30,,approved,medium,다양한 구분자;점자형·잉크젯형 인쇄;full_date,최종 날짜만 승인; OCR 주석 별도 검수
000189,,2026-08-25,,approved,easy,정상;full_date,최종 날짜만 승인; OCR 주석 별도 검수
000190,,2022-11-26,,approved,hard,제조일자·소비기한 동시;두 자리 연도;다양한 구분자;점자형·잉크젯형 인쇄;full_date,최종 날짜만 승인; OCR 주석 별도 검수
000191,,2026-06-15,,approved,medium,반사·흐림·저대비;회전·기울어짐;점자형·잉크젯형 인쇄;full_date,최종 날짜만 승인; OCR 주석 별도 검수
000192,,2026-06-24,,approved,medium,반사·흐림·저대비;회전·기울어짐;점자형·잉크젯형 인쇄;full_date,최종 날짜만 승인; OCR 주석 별도 검수
000193,,2026-03-06,,approved,medium,점자형·잉크젯형 인쇄;full_date,최종 날짜만 승인; OCR 주석 별도 검수
000194,,2027-04-23,,approved,medium,전화번호·바코드 오인 위험;full_date,최종 날짜만 승인; OCR 주석 별도 검수
000195,,2027-07-01,,approved,medium,전화번호·바코드 오인 위험;full_date,최종 날짜만 승인; OCR 주석 별도 검수
000196,,2027-02-27,,approved,easy,정상;full_date,최종 날짜만 승인; OCR 주석 별도 검수
000197,,2026-07-30,,approved,easy,정상;full_date,최종 날짜만 승인; OCR 주석 별도 검수
000198,,2026-05-03,,approved,medium,반사·흐림·저대비;점자형·잉크젯형 인쇄;full_date,최종 날짜만 승인; OCR 주석 별도 검수
000199,,2027-09-07,,approved,medium,전화번호·바코드 오인 위험;full_date,최종 날짜만 승인; OCR 주석 별도 검수
000200,,2027-07-14,,approved,medium,점자형·잉크젯형 인쇄;full_date,최종 날짜만 승인; OCR 주석 별도 검수
000201,,2027-03-30,,approved,medium,점자형·잉크젯형 인쇄;full_date,최종 날짜만 승인; OCR 주석 별도 검수
000202,,2027-02-06,,approved,medium,점자형·잉크젯형 인쇄;full_date,최종 날짜만 승인; OCR 주석 별도 검수
000203,,2026-07-01,,approved,medium,반사·흐림·저대비;점자형·잉크젯형 인쇄;전화번호·바코드 오인 위험;full_date,최종 날짜만 승인; OCR 주석 별도 검수
000204,,2026-06-18,,approved,medium,점자형·잉크젯형 인쇄;전화번호·바코드 오인 위험;full_date,최종 날짜만 승인; OCR 주석 별도 검수
000205,,2027-05-18,,approved,medium,다양한 구분자;full_date,최종 날짜만 승인; OCR 주석 별도 검수
000206,,2026-05-08,,approved,easy,정상;full_date,최종 날짜만 승인; OCR 주석 별도 검수
000207,,2026-09-24,,approved,easy,정상;full_date,최종 날짜만 승인; OCR 주석 별도 검수
000208,,2026-04-13,,approved,medium,다양한 구분자;full_date,최종 날짜만 승인; OCR 주석 별도 검수
000209,,2027-06-11,,approved,medium,반사·흐림·저대비;점자형·잉크젯형 인쇄;full_date,최종 날짜만 승인; OCR 주석 별도 검수
000210,,2027-05-20,,approved,medium,점자형·잉크젯형 인쇄;full_date,최종 날짜만 승인; OCR 주석 별도 검수
000211,,2026-02-12,,approved,medium,반사·흐림·저대비;점자형·잉크젯형 인쇄;full_date,최종 날짜만 승인; OCR 주석 별도 검수
000212,,2026-12-16,,approved,medium,점자형·잉크젯형 인쇄;full_date,최종 날짜만 승인; OCR 주석 별도 검수
000213,,2026-03-20,,approved,easy,정상;full_date,최종 날짜만 승인; OCR 주석 별도 검수
000214,,2026-08-13,,approved,medium,반사·흐림·저대비;점자형·잉크젯형 인쇄;full_date,최종 날짜만 승인; OCR 주석 별도 검수
000215,,2026-10-14,,approved,medium,점자형·잉크젯형 인쇄;full_date,최종 날짜만 승인; OCR 주석 별도 검수
000216,,2026-03-16,,approved,easy,정상;full_date,최종 날짜만 승인; OCR 주석 별도 검수
000217,,2027-03-08,,approved,medium,두 자리 연도;다양한 구분자;점자형·잉크젯형 인쇄;full_date,최종 날짜만 승인; OCR 주석 별도 검수
000218,,2026-05-03,,approved,medium,반사·흐림·저대비;full_date,최종 날짜만 승인; OCR 주석 별도 검수
000219,,2026-09-07,,approved,easy,정상;full_date,최종 날짜만 승인; OCR 주석 별도 검수
000220,,2026-02-23,,approved,medium,전화번호·바코드 오인 위험;full_date,최종 날짜만 승인; OCR 주석 별도 검수
000221,,2026-07-15,,approved,medium,여러 날짜·다른 상품;전화번호·바코드 오인 위험;full_date,최종 날짜만 승인; OCR 주석 별도 검수
000222,,2026-03-25,,approved,medium,반사·흐림·저대비;점자형·잉크젯형 인쇄;full_date,최종 날짜만 승인; OCR 주석 별도 검수
000223,,2026-08-13,,approved,medium,반사·흐림·저대비;점자형·잉크젯형 인쇄;full_date,최종 날짜만 승인; OCR 주석 별도 검수
000224,,2026-06-15,,approved,easy,정상;full_date,최종 날짜만 승인; OCR 주석 별도 검수
000225,,2026-04-06,,approved,easy,정상;full_date,최종 날짜만 승인; OCR 주석 별도 검수
000226,,2027-03-15,,approved,medium,두 자리 연도;반사·흐림·저대비;점자형·잉크젯형 인쇄;full_date,최종 날짜만 승인; OCR 주석 별도 검수
000227,,2028-09-17,,approved,medium,다양한 구분자;반사·흐림·저대비;회전·기울어짐;점자형·잉크젯형 인쇄;전화번호·바코드 오인 위험;full_date,최종 날짜만 승인; OCR 주석 별도 검수
000228,,2025-10-20,,approved,medium,점자형·잉크젯형 인쇄;full_date,최종 날짜만 승인; OCR 주석 별도 검수
000229,,2025-10-28,,approved,easy,정상;full_date,최종 날짜만 승인; OCR 주석 별도 검수
000230,,2026-03-28,,approved,medium,다양한 구분자;점자형·잉크젯형 인쇄;full_date,최종 날짜만 승인; OCR 주석 별도 검수
000231,,2028-05-27,,approved,medium,다양한 구분자;반사·흐림·저대비;점자형·잉크젯형 인쇄;full_date,최종 날짜만 승인; OCR 주석 별도 검수
000232,,2027-11-26,,approved,hard,날짜 없음;full_date,최종 날짜만 승인; OCR 주석 별도 검수
000233,,2028-01-18,,approved,medium,다양한 구분자;반사·흐림·저대비;점자형·잉크젯형 인쇄;full_date,최종 날짜만 승인; OCR 주석 별도 검수
000234,,2026-10-27,,approved,medium,다양한 구분자;반사·흐림·저대비;점자형·잉크젯형 인쇄;full_date,최종 날짜만 승인; OCR 주석 별도 검수
000235,,2026-03-08,,approved,medium,반사·흐림·저대비;점자형·잉크젯형 인쇄;full_date,최종 날짜만 승인; OCR 주석 별도 검수
000236,,2026-04-08,,approved,medium,반사·흐림·저대비;점자형·잉크젯형 인쇄;full_date,최종 날짜만 승인; OCR 주석 별도 검수
000237,,2026-06-05,,approved,medium,다양한 구분자;반사·흐림·저대비;점자형·잉크젯형 인쇄;full_date,최종 날짜만 승인; OCR 주석 별도 검수
000238,,2026-09-10,,approved,medium,제조일자·소비기한 동시;full_date,최종 날짜만 승인; OCR 주석 별도 검수
000239,,2026-07-10,,approved,medium,전화번호·바코드 오인 위험;full_date,최종 날짜만 승인; OCR 주석 별도 검수
000240,,2027-05-20,,approved,medium,점자형·잉크젯형 인쇄;전화번호·바코드 오인 위험;full_date,최종 날짜만 승인; OCR 주석 별도 검수
000241,,2027-08-10,,approved,medium,점자형·잉크젯형 인쇄;full_date,최종 날짜만 승인; OCR 주석 별도 검수
000242,,2026-05-21,,approved,medium,제조일자·소비기한 동시;full_date,최종 날짜만 승인; OCR 주석 별도 검수
000243,,2026-08-17,,approved,medium,반사·흐림·저대비;점자형·잉크젯형 인쇄;full_date,최종 날짜만 승인; OCR 주석 별도 검수
000244,,2026-06-21,,approved,medium,제조일자·소비기한 동시;full_date,최종 날짜만 승인; OCR 주석 별도 검수
000245,,2026-02-24,,approved,medium,제조일자·소비기한 동시;두 자리 연도;반사·흐림·저대비;점자형·잉크젯형 인쇄;full_date,최종 날짜만 승인; OCR 주석 별도 검수
000246,,2026-02-04,,approved,medium,제조일자·소비기한 동시;두 자리 연도;full_date,최종 날짜만 승인; OCR 주석 별도 검수
000247,,2026-05-20,,approved,medium,다양한 구분자;full_date,최종 날짜만 승인; OCR 주석 별도 검수
000248,,2026-04-21,,approved,medium,전화번호·바코드 오인 위험;full_date,최종 날짜만 승인; OCR 주석 별도 검수
000249,,2026-02-16,,approved,medium,제조일자·소비기한 동시;full_date,최종 날짜만 승인; OCR 주석 별도 검수
000250,,2026-03-04,,approved,medium,제조일자·소비기한 동시;두 자리 연도;full_date,최종 날짜만 승인; OCR 주석 별도 검수
000251,,2026-02-24,,approved,medium,제조일자·소비기한 동시;두 자리 연도;full_date,최종 날짜만 승인; OCR 주석 별도 검수
000252,,2026-07-09,,approved,medium,점자형·잉크젯형 인쇄;full_date,최종 날짜만 승인; OCR 주석 별도 검수
000253,,2026-06-20,,approved,easy,정상;full_date,최종 날짜만 승인; OCR 주석 별도 검수
000254,,2026-08-12,,approved,medium,제조일자·소비기한 동시;두 자리 연도;full_date,최종 날짜만 승인; OCR 주석 별도 검수
000255,,2026-08-20,,approved,medium,두 자리 연도;반사·흐림·저대비;점자형·잉크젯형 인쇄;full_date,최종 날짜만 승인; OCR 주석 별도 검수
000256,,2027-01-02,,approved,medium,두 자리 연도;점자형·잉크젯형 인쇄;full_date,최종 날짜만 승인; OCR 주석 별도 검수
000257,,2025-12-10,,approved,easy,정상;full_date,최종 날짜만 승인; OCR 주석 별도 검수
000258,,2026-05-30,,approved,easy,정상;full_date,최종 날짜만 승인; OCR 주석 별도 검수
000259,,2025-11-09,,approved,easy,정상;full_date,최종 날짜만 승인; OCR 주석 별도 검수
000260,,2027-04-01,,approved,medium,두 자리 연도;반사·흐림·저대비;점자형·잉크젯형 인쇄;full_date,최종 날짜만 승인; OCR 주석 별도 검수
000261,,2026-03-07,,approved,medium,제조일자·소비기한 동시;두 자리 연도;full_date,최종 날짜만 승인; OCR 주석 별도 검수
000262,,2027-01-10,,approved,medium,다양한 구분자;full_date,최종 날짜만 승인; OCR 주석 별도 검수
000263,,2028-01-22,,approved,hard,반사·흐림·저대비;회전·기울어짐;점자형·잉크젯형 인쇄;full_date,최종 날짜만 승인; OCR 주석 별도 검수
000264,,2026-06-06,,approved,medium,두 자리 연도;반사·흐림·저대비;점자형·잉크젯형 인쇄;full_date,최종 날짜만 승인; OCR 주석 별도 검수
000265,,2026-11-26,,approved,easy,정상;full_date,최종 날짜만 승인; OCR 주석 별도 검수
000266,,2025-12-04,,approved,easy,정상;full_date,최종 날짜만 승인; OCR 주석 별도 검수
000267,,2026-06-02,,approved,medium,두 자리 연도;반사·흐림·저대비;점자형·잉크젯형 인쇄;full_date,최종 날짜만 승인; OCR 주석 별도 검수
000268,,2026-07-14,,approved,medium,두 자리 연도;반사·흐림·저대비;점자형·잉크젯형 인쇄;full_date,최종 날짜만 승인; OCR 주석 별도 검수
000269,,2026-05-15,,approved,easy,정상;full_date,최종 날짜만 승인; OCR 주석 별도 검수
000270,,2026-09-03,,approved,medium,전화번호·바코드 오인 위험;full_date,최종 날짜만 승인; OCR 주석 별도 검수
000271,,2026-03-24,,approved,easy,정상;full_date,최종 날짜만 승인; OCR 주석 별도 검수
000272,,2026-05-10,,approved,easy,정상;full_date,최종 날짜만 승인; OCR 주석 별도 검수
000273,,2026-03-13,,approved,medium,전화번호·바코드 오인 위험;full_date,최종 날짜만 승인; OCR 주석 별도 검수
000274,,2026-03-02,,approved,medium,제조일자·소비기한 동시;두 자리 연도;full_date,최종 날짜만 승인; OCR 주석 별도 검수
000275,,2026-04-23,,approved,medium,전화번호·바코드 오인 위험;full_date,최종 날짜만 승인; OCR 주석 별도 검수
000276,,2026-03-25,,approved,medium,제조일자·소비기한 동시;두 자리 연도;full_date,최종 날짜만 승인; OCR 주석 별도 검수
000277,,2026-07-15,,approved,medium,제조일자·소비기한 동시;두 자리 연도;full_date,최종 날짜만 승인; OCR 주석 별도 검수
000278,,2026-06-22,,approved,medium,제조일자·소비기한 동시;두 자리 연도;반사·흐림·저대비;full_date,최종 날짜만 승인; OCR 주석 별도 검수
000279,,2026-06-02,,approved,medium,제조일자·소비기한 동시;두 자리 연도;반사·흐림·저대비;점자형·잉크젯형 인쇄;full_date,최종 날짜만 승인; OCR 주석 별도 검수
000280,,2026-03-23,,approved,easy,정상;full_date,최종 날짜만 승인; OCR 주석 별도 검수
000281,,2026-07-15,,approved,medium,두 자리 연도;점자형·잉크젯형 인쇄;full_date,최종 날짜만 승인; OCR 주석 별도 검수
000282,,2026-09-10,,approved,easy,정상;full_date,최종 날짜만 승인; OCR 주석 별도 검수
000283,,2027-09-17,,approved,medium,두 자리 연도;다양한 구분자;점자형·잉크젯형 인쇄;full_date,최종 날짜만 승인; OCR 주석 별도 검수
000284,,2026-08-20,,approved,easy,정상;full_date,최종 날짜만 승인; OCR 주석 별도 검수
000285,,2027-07-02,,approved,easy,정상;full_date,최종 날짜만 승인; OCR 주석 별도 검수
000286,,2027-03-11,,approved,easy,정상;full_date,최종 날짜만 승인; OCR 주석 별도 검수
000287,,2027-02-18,,approved,medium,두 자리 연도;점자형·잉크젯형 인쇄;full_date,최종 날짜만 승인; OCR 주석 별도 검수
000288,,2028-07-25,,approved,medium,반사·흐림·저대비;회전·기울어짐;점자형·잉크젯형 인쇄;full_date,최종 날짜만 승인; OCR 주석 별도 검수
000289,,2030-07-23,,approved,medium,다양한 구분자;반사·흐림·저대비;회전·기울어짐;점자형·잉크젯형 인쇄;full_date,최종 날짜만 승인; OCR 주석 별도 검수
000290,,2027-03-02,,approved,medium,두 자리 연도;다양한 구분자;반사·흐림·저대비;점자형·잉크젯형 인쇄;full_date,최종 날짜만 승인; OCR 주석 별도 검수
000291,,2027-07-21,,approved,easy,정상;full_date,최종 날짜만 승인; OCR 주석 별도 검수
000292,,2026-02-13,,approved,medium,다양한 구분자;점자형·잉크젯형 인쇄;full_date,최종 날짜만 승인; OCR 주석 별도 검수
000293,,2025-10-24,,approved,medium,두 자리 연도;full_date,최종 날짜만 승인; OCR 주석 별도 검수
000294,,2026-09-08,,approved,medium,제조일자·소비기한 동시;full_date,최종 날짜만 승인; OCR 주석 별도 검수
000295,,2025-11-08,,approved,medium,반사·흐림·저대비;점자형·잉크젯형 인쇄;full_date,최종 날짜만 승인; OCR 주석 별도 검수
000296,,2026-07-28,,approved,easy,정상;full_date,최종 날짜만 승인; OCR 주석 별도 검수
000297,,2026-04-08,,approved,easy,정상;full_date,최종 날짜만 승인; OCR 주석 별도 검수
000298,,2026-09-11,,approved,medium,반사·흐림·저대비;점자형·잉크젯형 인쇄;full_date,최종 날짜만 승인; OCR 주석 별도 검수
000299,,2026-05-13,,approved,easy,정상;full_date,최종 날짜만 승인; OCR 주석 별도 검수
000300,,2026-05-21,,approved,easy,정상;full_date,최종 날짜만 승인; OCR 주석 별도 검수
000301,,2027-04-09,,approved,easy,정상;full_date,최종 날짜만 승인; OCR 주석 별도 검수
000302,,2026-03-15,,approved,easy,정상;full_date,최종 날짜만 승인; OCR 주석 별도 검수
000303,,2026-07-31,,approved,medium,두 자리 연도;다양한 구분자;반사·흐림·저대비;점자형·잉크젯형 인쇄;full_date,최종 날짜만 승인; OCR 주석 별도 검수
000304,,2026-06-01,,approved,medium,반사·흐림·저대비;점자형·잉크젯형 인쇄;full_date,최종 날짜만 승인; OCR 주석 별도 검수
000305,,2026-02-24,,approved,medium,반사·흐림·저대비;점자형·잉크젯형 인쇄;full_date,최종 날짜만 승인; OCR 주석 별도 검수
000306,,2026-09-16,,approved,easy,정상;full_date,최종 날짜만 승인; OCR 주석 별도 검수
000307,,2025-11-14,,approved,medium,두 자리 연도;full_date,최종 날짜만 승인; OCR 주석 별도 검수
000308,,2025-12-04,,approved,easy,정상;full_date,최종 날짜만 승인; OCR 주석 별도 검수
000309,,2027-04-01,,approved,medium,반사·흐림·저대비;회전·기울어짐;점자형·잉크젯형 인쇄;전화번호·바코드 오인 위험;full_date,최종 날짜만 승인; OCR 주석 별도 검수
000310,,2026-09-28,,approved,medium,점자형·잉크젯형 인쇄;full_date,최종 날짜만 승인; OCR 주석 별도 검수
000311,,2026-08-09,,approved,medium,반사·흐림·저대비;점자형·잉크젯형 인쇄;full_date,최종 날짜만 승인; OCR 주석 별도 검수
000312,,2026-08-26,,approved,medium,반사·흐림·저대비;점자형·잉크젯형 인쇄;full_date,최종 날짜만 승인; OCR 주석 별도 검수
000313,,2026-03-17,,approved,medium,다양한 구분자;반사·흐림·저대비;점자형·잉크젯형 인쇄;full_date,최종 날짜만 승인; OCR 주석 별도 검수
000314,,2026-09-01,,approved,medium,반사·흐림·저대비;점자형·잉크젯형 인쇄;full_date,최종 날짜만 승인; OCR 주석 별도 검수
000315,,2026-07-19,,approved,medium,반사·흐림·저대비;점자형·잉크젯형 인쇄;full_date,최종 날짜만 승인; OCR 주석 별도 검수
000316,,2027-03-01,,approved,medium,반사·흐림·저대비;점자형·잉크젯형 인쇄;full_date,최종 날짜만 승인; OCR 주석 별도 검수
000317,,2025-11-15,,approved,medium,반사·흐림·저대비;점자형·잉크젯형 인쇄;full_date,최종 날짜만 승인; OCR 주석 별도 검수
000318,,2025-11-09,,approved,medium,반사·흐림·저대비;점자형·잉크젯형 인쇄;full_date,최종 날짜만 승인; OCR 주석 별도 검수
000319,,2026-02-14,,approved,medium,반사·흐림·저대비;점자형·잉크젯형 인쇄;full_date,최종 날짜만 승인; OCR 주석 별도 검수
000320,,2025-11-12,,approved,medium,제조일자·소비기한 동시;full_date,최종 날짜만 승인; OCR 주석 별도 검수
000321,,2025-10-29,,approved,medium,점자형·잉크젯형 인쇄;full_date,최종 날짜만 승인; OCR 주석 별도 검수
000322,,2025-10-29,,approved,medium,점자형·잉크젯형 인쇄;full_date,최종 날짜만 승인; OCR 주석 별도 검수
000323,,2025-12-21,,approved,medium,제조일자·소비기한 동시;full_date,최종 날짜만 승인; OCR 주석 별도 검수
000324,,2027-05-15,,approved,easy,정상;full_date,최종 날짜만 승인; OCR 주석 별도 검수
000325,,2025-11-03,,approved,medium,두 자리 연도;full_date,최종 날짜만 승인; OCR 주석 별도 검수
000326,,2025-10-18,,approved,medium,두 자리 연도;full_date,최종 날짜만 승인; OCR 주석 별도 검수
000327,,2025-10-21,,approved,medium,두 자리 연도;반사·흐림·저대비;full_date,최종 날짜만 승인; OCR 주석 별도 검수
000328,,2025-12-25,,approved,easy,정상;full_date,최종 날짜만 승인; OCR 주석 별도 검수
000329,,2025-12-25,,approved,easy,정상;full_date,최종 날짜만 승인; OCR 주석 별도 검수
000330,,2025-11-02,,approved,medium,제조일자·소비기한 동시;두 자리 연도;full_date,최종 날짜만 승인; OCR 주석 별도 검수
000331,,2025-10-31,,approved,easy,정상;full_date,최종 날짜만 승인; OCR 주석 별도 검수
000332,,2025-10-22,,approved,medium,반사·흐림·저대비;점자형·잉크젯형 인쇄;full_date,최종 날짜만 승인; OCR 주석 별도 검수
000333,,2025-11-07,,approved,easy,정상;full_date,최종 날짜만 승인; OCR 주석 별도 검수
000334,,2026-03-15,,approved,medium,반사·흐림·저대비;점자형·잉크젯형 인쇄;full_date,최종 날짜만 승인; OCR 주석 별도 검수
000335,,2025-11-28,,approved,easy,정상;full_date,최종 날짜만 승인; OCR 주석 별도 검수
000336,,2025-11-20,,approved,medium,두 자리 연도;반사·흐림·저대비;점자형·잉크젯형 인쇄;full_date,최종 날짜만 승인; OCR 주석 별도 검수
000337,,2025-12-09,,approved,easy,정상;full_date,최종 날짜만 승인; OCR 주석 별도 검수
000338,,2026-05-28,,approved,easy,정상;full_date,최종 날짜만 승인; OCR 주석 별도 검수
000339,,2026-08-18,,approved,easy,정상;full_date,최종 날짜만 승인; OCR 주석 별도 검수
000340,,2026-08-11,,approved,medium,두 자리 연도;반사·흐림·저대비;full_date,최종 날짜만 승인; OCR 주석 별도 검수
000341,,2026-04-29,,approved,easy,정상;full_date,최종 날짜만 승인; OCR 주석 별도 검수
000342,,2026-06-22,,approved,easy,정상;full_date,최종 날짜만 승인; OCR 주석 별도 검수
000343,,2025-12-30,,approved,medium,반사·흐림·저대비;full_date,최종 날짜만 승인; OCR 주석 별도 검수
000344,,2026-08-04,,approved,medium,반사·흐림·저대비;점자형·잉크젯형 인쇄;full_date,최종 날짜만 승인; OCR 주석 별도 검수
000345,,2026-04-09,,approved,medium,반사·흐림·저대비;회전·기울어짐;점자형·잉크젯형 인쇄;full_date,최종 날짜만 승인; OCR 주석 별도 검수
000346,,2026-05-15,,approved,easy,정상;full_date,최종 날짜만 승인; OCR 주석 별도 검수
000347,,2027-05-26,,approved,medium,전화번호·바코드 오인 위험;full_date,최종 날짜만 승인; OCR 주석 별도 검수
000348,,2026-04-02,,approved,medium,전화번호·바코드 오인 위험;full_date,최종 날짜만 승인; OCR 주석 별도 검수
000349,,2025-12-07,,approved,medium,반사·흐림·저대비;점자형·잉크젯형 인쇄;full_date,최종 날짜만 승인; OCR 주석 별도 검수
000350,,2027-05-15,,approved,medium,다양한 구분자;점자형·잉크젯형 인쇄;full_date,최종 날짜만 승인; OCR 주석 별도 검수
000351,,2026-05-03,,approved,easy,정상;full_date,최종 날짜만 승인; OCR 주석 별도 검수
000352,,2026-08-27,,approved,medium,점자형·잉크젯형 인쇄;full_date,최종 날짜만 승인; OCR 주석 별도 검수
000353,,2026-03-08,,approved,easy,정상;full_date,최종 날짜만 승인; OCR 주석 별도 검수
000354,,2027-07-06,,approved,easy,정상;full_date,최종 날짜만 승인; OCR 주석 별도 검수
000355,,2026-06-17,,approved,hard,제조일자·소비기한 동시;반사·흐림·저대비;full_date,최종 날짜만 승인; OCR 주석 별도 검수
000356,,2027-03-17,,approved,easy,정상;full_date,최종 날짜만 승인; OCR 주석 별도 검수
000357,,2027-08-11,,approved,easy,정상;full_date,최종 날짜만 승인; OCR 주석 별도 검수
000358,,2027-09-16,,approved,easy,정상;full_date,최종 날짜만 승인; OCR 주석 별도 검수
000359,,2026-06-16,,approved,medium,다양한 구분자;반사·흐림·저대비;full_date,최종 날짜만 승인; OCR 주석 별도 검수
000360,,2026-02-18,,approved,hard,두 자리 연도;다양한 구분자;반사·흐림·저대비;full_date,최종 날짜만 승인; OCR 주석 별도 검수
000361,,2026-12-19,,approved,hard,날짜 없음;반사·흐림·저대비;full_date,최종 날짜만 승인; OCR 주석 별도 검수
000362,,2026-08-11,,approved,easy,정상;full_date,최종 날짜만 승인; OCR 주석 별도 검수
000363,,2026-04-21,,approved,hard,날짜 없음;반사·흐림·저대비;full_date,최종 날짜만 승인; OCR 주석 별도 검수
000364,,2026-06-04,,approved,hard,반사·흐림·저대비;full_date,최종 날짜만 승인; OCR 주석 별도 검수
000365,,2026-03-11,,approved,easy,정상;full_date,최종 날짜만 승인; OCR 주석 별도 검수
000366,,2026-09-05,,approved,easy,정상;full_date,최종 날짜만 승인; OCR 주석 별도 검수
000367,,2026-05-18,,approved,easy,정상;full_date,최종 날짜만 승인; OCR 주석 별도 검수
000368,,2026-09-22,,approved,hard,두 자리 연도;다양한 구분자;반사·흐림·저대비;full_date,최종 날짜만 승인; OCR 주석 별도 검수
000369,,2027-06-25,,approved,hard,제조일자·소비기한 동시;반사·흐림·저대비;full_date,최종 날짜만 승인; OCR 주석 별도 검수
000370,,2026-09-02,,approved,hard,두 자리 연도;다양한 구분자;반사·흐림·저대비;full_date,최종 날짜만 승인; OCR 주석 별도 검수
000371,,2026-02-15,,approved,easy,정상;full_date,최종 날짜만 승인; OCR 주석 별도 검수
000372,,2026-09-15,,approved,easy,정상;full_date,최종 날짜만 승인; OCR 주석 별도 검수
000373,,2026-09-18,,approved,hard,날짜 없음;반사·흐림·저대비;full_date,최종 날짜만 승인; OCR 주석 별도 검수
000374,,2026-08-28,,approved,hard,날짜 없음;반사·흐림·저대비;full_date,최종 날짜만 승인; OCR 주석 별도 검수
000375,,2026-05-31,,approved,medium,두 자리 연도;full_date,최종 날짜만 승인; OCR 주석 별도 검수
000376,,2025-10-07,,approved,easy,정상;full_date,최종 날짜만 승인; OCR 주석 별도 검수
000377,,2026-07-01,,approved,easy,정상;full_date,최종 날짜만 승인; OCR 주석 별도 검수
000378,,2026-05-29,,approved,medium,다양한 구분자;full_date,최종 날짜만 승인; OCR 주석 별도 검수
000379,,2026-09-05,,approved,hard,두 자리 연도;다양한 구분자;반사·흐림·저대비;full_date,최종 날짜만 승인; OCR 주석 별도 검수
000380,,2026-09-02,,approved,easy,정상;full_date,최종 날짜만 승인; OCR 주석 별도 검수
000381,,2027-01-20,,approved,medium,다양한 구분자;full_date,최종 날짜만 승인; OCR 주석 별도 검수
000382,,2026-08-18,,approved,easy,정상;full_date,최종 날짜만 승인; OCR 주석 별도 검수
000383,,2026-04-03,,approved,easy,정상;full_date,최종 날짜만 승인; OCR 주석 별도 검수
000384,,2026-07-08,,approved,medium,제조일자·소비기한 동시;full_date,최종 날짜만 승인; OCR 주석 별도 검수
000385,,2026-09-14,,approved,medium,제조일자·소비기한 동시;full_date,최종 날짜만 승인; OCR 주석 별도 검수
000386,,2026-06-10,,approved,medium,제조일자·소비기한 동시;full_date,최종 날짜만 승인; OCR 주석 별도 검수
000387,,2027-01-21,,approved,easy,정상;full_date,최종 날짜만 승인; OCR 주석 별도 검수
000388,,2026-01-15,,approved,easy,정상;full_date,최종 날짜만 승인; OCR 주석 별도 검수
000389,,2026-02-27,,approved,medium,제조일자·소비기한 동시;full_date,최종 날짜만 승인; OCR 주석 별도 검수
000390,,2028-05-19,,approved,medium,다양한 구분자;full_date,최종 날짜만 승인; OCR 주석 별도 검수
000391,,2026-12-10,,approved,medium,제조일자·소비기한 동시;full_date,최종 날짜만 승인; OCR 주석 별도 검수
000392,,2026-08-28,,approved,medium,두 자리 연도;full_date,최종 날짜만 승인; OCR 주석 별도 검수
000393,,2027-08-02,,approved,easy,정상;full_date,최종 날짜만 승인; OCR 주석 별도 검수
000394,,2026-04-14,,approved,easy,정상;full_date,최종 날짜만 승인; OCR 주석 별도 검수
000395,,2026-03-15,,approved,medium,반사·흐림·저대비;full_date,최종 날짜만 승인; OCR 주석 별도 검수
000396,,2026-02-27,,approved,easy,정상;full_date,최종 날짜만 승인; OCR 주석 별도 검수
000397,,2026-02-19,,approved,easy,정상;full_date,최종 날짜만 승인; OCR 주석 별도 검수
000398,,2027-07-30,,approved,easy,정상;full_date,최종 날짜만 승인; OCR 주석 별도 검수
000399,,2027-01-31,,approved,easy,정상;full_date,최종 날짜만 승인; OCR 주석 별도 검수
000400,,2026-01-11,,approved,medium,제조일자·소비기한 동시;두 자리 연도;full_date,최종 날짜만 승인; OCR 주석 별도 검수
000401,,2027-04-12,,approved,medium,두 자리 연도;full_date,최종 날짜만 승인; OCR 주석 별도 검수
000402,,2028-04-19,,approved,medium,두 자리 연도;full_date,최종 날짜만 승인; OCR 주석 별도 검수
000403,,2027-04-01,,approved,hard,날짜 없음;반사·흐림·저대비;full_date,최종 날짜만 승인; OCR 주석 별도 검수
000404,,2026-06-10,,approved,easy,정상;full_date,최종 날짜만 승인; OCR 주석 별도 검수
000405,,2027-10-15,,approved,hard,날짜 없음;반사·흐림·저대비;full_date,최종 날짜만 승인; OCR 주석 별도 검수
000406,,2026-08-27,,approved,easy,정상;full_date,최종 날짜만 승인; OCR 주석 별도 검수
000407,,2025-12-01,,approved,medium,제조일자·소비기한 동시;full_date,최종 날짜만 승인; OCR 주석 별도 검수
000408,,2025-10-09,,approved,hard,제조일자·소비기한 동시;full_date,최종 날짜만 승인; OCR 주석 별도 검수
000409,,2027-03-26,,approved,easy,정상;full_date,최종 날짜만 승인; OCR 주석 별도 검수
000410,,2027-04-13,,approved,easy,정상;full_date,최종 날짜만 승인; OCR 주석 별도 검수
000411,,2026-09-09,,approved,medium,제조일자·소비기한 동시;full_date,최종 날짜만 승인; OCR 주석 별도 검수
000412,,2026-01-19,,approved,easy,정상;full_date,최종 날짜만 승인; OCR 주석 별도 검수
000413,,2027-04-23,,approved,easy,정상;full_date,최종 날짜만 승인; OCR 주석 별도 검수
000414,,2026-04-07,,approved,easy,정상;full_date,최종 날짜만 승인; OCR 주석 별도 검수
000415,,2026-05-27,,approved,hard,날짜 없음;반사·흐림·저대비;full_date,최종 날짜만 승인; OCR 주석 별도 검수
000416,,2026-04-07,,approved,easy,정상;full_date,최종 날짜만 승인; OCR 주석 별도 검수
000417,,2026-03-15,,approved,easy,정상;full_date,최종 날짜만 승인; OCR 주석 별도 검수
000418,,2026-09-08,,approved,easy,정상;full_date,최종 날짜만 승인; OCR 주석 별도 검수
000419,,2026-08-05,,approved,easy,정상;full_date,최종 날짜만 승인; OCR 주석 별도 검수
000420,,2025-12-04,,approved,easy,정상;full_date,최종 날짜만 승인; OCR 주석 별도 검수
000421,,2026-07-17,,approved,medium,두 자리 연도;full_date,최종 날짜만 승인; OCR 주석 별도 검수
000422,,2026-06-09,,approved,medium,제조일자·소비기한 동시;full_date,최종 날짜만 승인; OCR 주석 별도 검수
000423,,2026-06-04,,approved,easy,정상;full_date,최종 날짜만 승인; OCR 주석 별도 검수
000424,,2026-03-28,,approved,easy,정상;full_date,최종 날짜만 승인; OCR 주석 별도 검수
000425,,2025-11-05,,approved,easy,정상;full_date,최종 날짜만 승인; OCR 주석 별도 검수
000426,,2026-12-26,,approved,easy,정상;full_date,최종 날짜만 승인; OCR 주석 별도 검수
000427,,2027-04-01,,approved,easy,정상;full_date,최종 날짜만 승인; OCR 주석 별도 검수
000428,,2026-04-23,,approved,hard,두 자리 연도;다양한 구분자;반사·흐림·저대비;full_date,최종 날짜만 승인; OCR 주석 별도 검수
000429,,2026-01-04,,approved,hard,날짜 없음;반사·흐림·저대비;full_date,최종 날짜만 승인; OCR 주석 별도 검수
000430,,2028-02-01,,approved,easy,정상;full_date,최종 날짜만 승인; OCR 주석 별도 검수
000431,,2026-03-17,,approved,medium,제조일자·소비기한 동시;full_date,최종 날짜만 승인; OCR 주석 별도 검수
000432,,2027-04-29,,approved,easy,정상;full_date,최종 날짜만 승인; OCR 주석 별도 검수
000433,,2026-08-05,,approved,easy,정상;full_date,최종 날짜만 승인; OCR 주석 별도 검수
000434,,2026-10-28,,approved,easy,정상;full_date,최종 날짜만 승인; OCR 주석 별도 검수
000435,,2026-07-14,,approved,medium,다양한 구분자;full_date,최종 날짜만 승인; OCR 주석 별도 검수
000436,,2026-02-12,,approved,easy,정상;full_date,최종 날짜만 승인; OCR 주석 별도 검수
000437,,2025-11-19,,approved,medium,두 자리 연도;full_date,최종 날짜만 승인; OCR 주석 별도 검수
000438,,2026-03-19,,approved,hard,날짜 없음;반사·흐림·저대비;full_date,최종 날짜만 승인; OCR 주석 별도 검수
000439,,2026-03-18,,approved,easy,정상;full_date,최종 날짜만 승인; OCR 주석 별도 검수
000440,,2025-08-13,,approved,medium,두 자리 연도;다양한 구분자;반사·흐림·저대비;full_date,최종 날짜만 승인; OCR 주석 별도 검수
000441,,2025-12-18,,approved,hard,날짜 없음;반사·흐림·저대비;full_date,최종 날짜만 승인; OCR 주석 별도 검수
000442,,2025-11-30,,approved,easy,정상;full_date,최종 날짜만 승인; OCR 주석 별도 검수
000443,,2026-04-06,,approved,easy,정상;full_date,최종 날짜만 승인; OCR 주석 별도 검수
000444,,2026-07-01,,approved,easy,정상;full_date,최종 날짜만 승인; OCR 주석 별도 검수
000445,,2026-07-17,,approved,easy,정상;full_date,최종 날짜만 승인; OCR 주석 별도 검수
000446,,2026-04-11,,approved,easy,정상;full_date,최종 날짜만 승인; OCR 주석 별도 검수
000447,,2025-11-22,,approved,easy,정상;full_date,최종 날짜만 승인; OCR 주석 별도 검수
000448,,2026-08-20,,approved,easy,정상;full_date,최종 날짜만 승인; OCR 주석 별도 검수
000449,,2026-01-28,,approved,hard,제조일자·소비기한 동시;full_date,최종 날짜만 승인; OCR 주석 별도 검수
000450,,2026-03-11,,approved,medium,제조일자·소비기한 동시;full_date,최종 날짜만 승인; OCR 주석 별도 검수
000451,,2026-02-27,,approved,medium,제조일자·소비기한 동시;두 자리 연도;full_date,최종 날짜만 승인; OCR 주석 별도 검수
000452,,2026-03-25,,approved,medium,다양한 구분자;full_date,최종 날짜만 승인; OCR 주석 별도 검수
000453,,2026-01-26,,approved,medium,제조일자·소비기한 동시;두 자리 연도;full_date,최종 날짜만 승인; OCR 주석 별도 검수
000454,,2025-07-15,,approved,easy,정상;full_date,최종 날짜만 승인; OCR 주석 별도 검수
000455,,2026-02-10,,approved,medium,제조일자·소비기한 동시;full_date,최종 날짜만 승인; OCR 주석 별도 검수
000456,,2025-12-26,,approved,hard,제조일자·소비기한 동시;반사·흐림·저대비;full_date,최종 날짜만 승인; OCR 주석 별도 검수
000457,,2026-06-18,,approved,easy,정상;full_date,최종 날짜만 승인; OCR 주석 별도 검수
000458,,2026-07-01,,approved,medium,제조일자·소비기한 동시;full_date,최종 날짜만 승인; OCR 주석 별도 검수
000459,,2026-04-19,,approved,hard,날짜 없음;반사·흐림·저대비;full_date,최종 날짜만 승인; OCR 주석 별도 검수
000460,,2025-12-03,,approved,easy,정상;full_date,최종 날짜만 승인; OCR 주석 별도 검수
000461,,2026-11-28,,approved,easy,정상;full_date,최종 날짜만 승인; OCR 주석 별도 검수
000462,,2027-05-27,,approved,easy,정상;full_date,최종 날짜만 승인; OCR 주석 별도 검수
000463,,2027-02-14,,approved,easy,정상;full_date,최종 날짜만 승인; OCR 주석 별도 검수
000464,,2026-03-19,,approved,easy,정상;full_date,최종 날짜만 승인; OCR 주석 별도 검수
000465,,2027-07-30,,approved,medium,다양한 구분자;full_date,최종 날짜만 승인; OCR 주석 별도 검수
000466,,2027-06-07,,approved,easy,정상;full_date,최종 날짜만 승인; OCR 주석 별도 검수
000467,,2025-03-31,,approved,medium,두 자리 연도;반사·흐림·저대비;full_date,최종 날짜만 승인; OCR 주석 별도 검수
000468,,2025-06-10,,approved,medium,제조일자·소비기한 동시;다양한 구분자;full_date,최종 날짜만 승인; OCR 주석 별도 검수
000469,,2026-07-21,,approved,easy,정상;full_date,최종 날짜만 승인; OCR 주석 별도 검수
000470,,2026-08-06,,approved,medium,두 자리 연도;full_date,최종 날짜만 승인; OCR 주석 별도 검수
000471,,2027-04-08,,approved,easy,정상;full_date,최종 날짜만 승인; OCR 주석 별도 검수
000472,,2026-01-17,,approved,easy,정상;full_date,최종 날짜만 승인; OCR 주석 별도 검수
000473,,2026-03-01,,approved,easy,정상;full_date,최종 날짜만 승인; OCR 주석 별도 검수
000474,,2025-06-26,,approved,medium,두 자리 연도;반사·흐림·저대비;full_date,최종 날짜만 승인; OCR 주석 별도 검수
000475,,2022-11-25,,approved,hard,두 자리 연도;다양한 구분자;반사·흐림·저대비;full_date,최종 날짜만 승인; OCR 주석 별도 검수
000476,,2026-07-06,,approved,easy,정상;full_date,최종 날짜만 승인; OCR 주석 별도 검수
000477,,2026-07-21,,approved,easy,정상;full_date,최종 날짜만 승인; OCR 주석 별도 검수
000478,,2026-06-11,,approved,hard,날짜 없음;반사·흐림·저대비;full_date,최종 날짜만 승인; OCR 주석 별도 검수
000479,,2026-05-22,,approved,easy,정상;full_date,최종 날짜만 승인; OCR 주석 별도 검수
000480,,2026-06-04,,approved,hard,제조일자·소비기한 동시;반사·흐림·저대비;full_date,최종 날짜만 승인; OCR 주석 별도 검수
000481,,2026-03-09,,approved,easy,정상;full_date,최종 날짜만 승인; OCR 주석 별도 검수
000482,,2025-07-31,,approved,hard,두 자리 연도;다양한 구분자;반사·흐림·저대비;full_date,최종 날짜만 승인; OCR 주석 별도 검수
000483,,2027-04-15,,approved,easy,정상;full_date,최종 날짜만 승인; OCR 주석 별도 검수
000484,,2027-11-14,,approved,easy,정상;full_date,최종 날짜만 승인; OCR 주석 별도 검수
000485,,2027-09-17,,approved,easy,정상;full_date,최종 날짜만 승인; OCR 주석 별도 검수
000486,,NONE,,approved,hard,날짜 없음;반사·흐림·저대비;no_expiry,최종 날짜만 승인; OCR 주석 별도 검수
000487,,2027-12-11,,approved,easy,정상;full_date,최종 날짜만 승인; OCR 주석 별도 검수
000488,,2026-02-27,,approved,easy,정상;full_date,최종 날짜만 승인; OCR 주석 별도 검수
000489,,2025-05-08,,approved,hard,날짜 없음;반사·흐림·저대비;full_date,최종 날짜만 승인; OCR 주석 별도 검수
000490,,2025-11-27,,approved,medium,두 자리 연도;반사·흐림·저대비;full_date,최종 날짜만 승인; OCR 주석 별도 검수
000491,,2026-09-19,,approved,easy,정상;full_date,최종 날짜만 승인; OCR 주석 별도 검수
000492,,2026-03-12,,approved,easy,정상;full_date,최종 날짜만 승인; OCR 주석 별도 검수
000493,,2025-06-17,,approved,hard,반사·흐림·저대비;full_date,최종 날짜만 승인; OCR 주석 별도 검수
000494,,2025-12-12,,approved,medium,제조일자·소비기한 동시;full_date,최종 날짜만 승인; OCR 주석 별도 검수
000495,,2026-02-19,,approved,medium,제조일자·소비기한 동시;full_date,최종 날짜만 승인; OCR 주석 별도 검수
000496,,2027-03-05,,approved,easy,정상;full_date,최종 날짜만 승인; OCR 주석 별도 검수
000497,,2026-08-31,,approved,medium,두 자리 연도;full_date,최종 날짜만 승인; OCR 주석 별도 검수
000498,,2026-03-07,,approved,easy,정상;full_date,최종 날짜만 승인; OCR 주석 별도 검수
000499,,2026-05-13,,approved,easy,정상;full_date,최종 날짜만 승인; OCR 주석 별도 검수
000500,,2026-12-17,,approved,medium,제조일자·소비기한 동시;full_date,최종 날짜만 승인; OCR 주석 별도 검수
000501,,2026-02-24,,approved,medium,두 자리 연도;full_date,최종 날짜만 승인; OCR 주석 별도 검수
000502,,2026-06-20,,approved,medium,다양한 구분자;full_date,최종 날짜만 승인; OCR 주석 별도 검수
000503,,2026-02-18,,approved,hard,두 자리 연도;반사·흐림·저대비;full_date,최종 날짜만 승인; OCR 주석 별도 검수
000504,,2026-02-28,,approved,medium,두 자리 연도;full_date,최종 날짜만 승인; OCR 주석 별도 검수
000505,,2026-03-02,,approved,medium,두 자리 연도;full_date,최종 날짜만 승인; OCR 주석 별도 검수
000506,,2026-06-18,,approved,medium,제조일자·소비기한 동시;full_date,최종 날짜만 승인; OCR 주석 별도 검수
000507,,2026-05-19,,approved,medium,제조일자·소비기한 동시;두 자리 연도;full_date,최종 날짜만 승인; OCR 주석 별도 검수
000508,,2026-08-25,,approved,medium,두 자리 연도;full_date,최종 날짜만 승인; OCR 주석 별도 검수
000509,,2026-09-01,,approved,medium,제조일자·소비기한 동시;두 자리 연도;full_date,최종 날짜만 승인; OCR 주석 별도 검수
000510,,2026-09-03,,approved,easy,정상;full_date,최종 날짜만 승인; OCR 주석 별도 검수
000511,,2026-03-24,,approved,medium,두 자리 연도;full_date,최종 날짜만 승인; OCR 주석 별도 검수
000512,,2026-02-17,,approved,easy,정상;full_date,최종 날짜만 승인; OCR 주석 별도 검수
000513,,2026-09-03,,approved,easy,정상;full_date,최종 날짜만 승인; OCR 주석 별도 검수
000514,,2026-07-13,,approved,easy,정상;full_date,최종 날짜만 승인; OCR 주석 별도 검수
000515,,NONE,,approved,hard,날짜 없음;반사·흐림·저대비;no_expiry,최종 날짜만 승인; OCR 주석 별도 검수
000516,,2026-07-16,,approved,hard,제조일자·소비기한 동시;다양한 구분자;full_date,최종 날짜만 승인; OCR 주석 별도 검수
000517,,2026-09-25,,approved,medium,두 자리 연도;full_date,최종 날짜만 승인; OCR 주석 별도 검수
000518,,2026-09-14,,approved,medium,두 자리 연도;full_date,최종 날짜만 승인; OCR 주석 별도 검수
000519,,2026-08-10,,approved,medium,제조일자·소비기한 동시;두 자리 연도;full_date,최종 날짜만 승인; OCR 주석 별도 검수
000520,,2026-09-15,,approved,easy,정상;full_date,최종 날짜만 승인; OCR 주석 별도 검수
000521,,2026-03-10,,approved,medium,제조일자·소비기한 동시;full_date,최종 날짜만 승인; OCR 주석 별도 검수
000522,,2026-02-21,,approved,medium,두 자리 연도;full_date,최종 날짜만 승인; OCR 주석 별도 검수
000523,,2026-03-23,,approved,medium,제조일자·소비기한 동시;full_date,최종 날짜만 승인; OCR 주석 별도 검수
000524,,2026-06-18,,approved,hard,제조일자·소비기한 동시;다양한 구분자;full_date,최종 날짜만 승인; OCR 주석 별도 검수
000525,,2027-09-08,,approved,easy,정상;full_date,최종 날짜만 승인; OCR 주석 별도 검수
000526,,2026-07-04,,approved,easy,정상;full_date,최종 날짜만 승인; OCR 주석 별도 검수
000527,,2025-10-12,,approved,easy,정상;full_date,최종 날짜만 승인; OCR 주석 별도 검수
000528,,2026-03-11,,approved,easy,정상;full_date,최종 날짜만 승인; OCR 주석 별도 검수
000529,,2026-01-12,,approved,medium,다양한 구분자;full_date,최종 날짜만 승인; OCR 주석 별도 검수
000530,,2026-06-24,,approved,hard,날짜 없음;반사·흐림·저대비;full_date,최종 날짜만 승인; OCR 주석 별도 검수
000531,,2026-02-28,,approved,easy,정상;full_date,최종 날짜만 승인; OCR 주석 별도 검수
000532,,2026-02-28,,approved,easy,정상;full_date,최종 날짜만 승인; OCR 주석 별도 검수
000533,,2026-03-26,,approved,easy,정상;full_date,최종 날짜만 승인; OCR 주석 별도 검수
000534,,2027-01-29,,approved,hard,날짜 없음;반사·흐림·저대비;full_date,최종 날짜만 승인; OCR 주석 별도 검수
000535,,2026-02-04,,approved,easy,정상;full_date,최종 날짜만 승인; OCR 주석 별도 검수
000536,,2026-01-01,,approved,easy,정상;full_date,최종 날짜만 승인; OCR 주석 별도 검수
000537,,2025-05-08,,approved,hard,날짜 없음;반사·흐림·저대비;full_date,최종 날짜만 승인; OCR 주석 별도 검수
000538,,2026-02-06,,approved,easy,정상;full_date,최종 날짜만 승인; OCR 주석 별도 검수
000539,,2027-08-11,,approved,hard,날짜 없음;반사·흐림·저대비;full_date,최종 날짜만 승인; OCR 주석 별도 검수
000540,,2026-03-24,,approved,easy,정상;full_date,최종 날짜만 승인; OCR 주석 별도 검수
000541,,2026-03-22,,approved,easy,정상;full_date,최종 날짜만 승인; OCR 주석 별도 검수
000542,,2027-07-22,,approved,easy,정상;full_date,최종 날짜만 승인; OCR 주석 별도 검수
000543,,2026-06-28,,approved,hard,날짜 없음;반사·흐림·저대비;full_date,최종 날짜만 승인; OCR 주석 별도 검수
000544,,NONE,,approved,hard,날짜 없음;반사·흐림·저대비;no_expiry,최종 날짜만 승인; OCR 주석 별도 검수
000545,,2027-07-09,,approved,easy,정상;full_date,최종 날짜만 승인; OCR 주석 별도 검수
000546,,2026-08-10,,approved,medium,제조일자·소비기한 동시;full_date,최종 날짜만 승인; OCR 주석 별도 검수
000547,,2026-05-28,,approved,easy,정상;full_date,최종 날짜만 승인; OCR 주석 별도 검수
000548,,2026-05-26,,approved,easy,정상;full_date,최종 날짜만 승인; OCR 주석 별도 검수
000549,,2027-01-16,,approved,easy,정상;full_date,최종 날짜만 승인; OCR 주석 별도 검수
000550,,2026-05-29,,approved,easy,정상;full_date,최종 날짜만 승인; OCR 주석 별도 검수
000551,,2026-12-19,,approved,easy,정상;full_date,최종 날짜만 승인; OCR 주석 별도 검수
000552,,2026-09-07,,approved,easy,정상;full_date,최종 날짜만 승인; OCR 주석 별도 검수
000553,,2022-10-24,,approved,hard,날짜 없음;반사·흐림·저대비;full_date,최종 날짜만 승인; OCR 주석 별도 검수
000554,,2027-09-17,,approved,easy,정상;full_date,최종 날짜만 승인; OCR 주석 별도 검수
000555,,2027-04-16,,approved,easy,정상;full_date,최종 날짜만 승인; OCR 주석 별도 검수
000556,,2026-08-07,,approved,easy,정상;full_date,최종 날짜만 승인; OCR 주석 별도 검수
000557,,2026-08-12,,approved,easy,정상;full_date,최종 날짜만 승인; OCR 주석 별도 검수
000558,,2025-05-16,,approved,easy,정상;full_date,최종 날짜만 승인; OCR 주석 별도 검수
000559,,2027-04-21,,approved,medium,다양한 구분자;full_date,최종 날짜만 승인; OCR 주석 별도 검수
000560,,2027-07-13,,approved,easy,정상;full_date,최종 날짜만 승인; OCR 주석 별도 검수
000561,,2028-08-07,,approved,easy,정상;full_date,최종 날짜만 승인; OCR 주석 별도 검수
000562,,2025-12-30,,approved,easy,정상;full_date,최종 날짜만 승인; OCR 주석 별도 검수
000563,,2026-01-10,,approved,medium,두 자리 연도;full_date,최종 날짜만 승인; OCR 주석 별도 검수
000564,,2026-06-25,,approved,easy,정상;full_date,최종 날짜만 승인; OCR 주석 별도 검수
000565,,2025-12-05,,approved,easy,정상;full_date,최종 날짜만 승인; OCR 주석 별도 검수
000566,,2026-09-17,,approved,easy,정상;full_date,최종 날짜만 승인; OCR 주석 별도 검수
000567,,2025-10-29,,approved,medium,두 자리 연도;full_date,최종 날짜만 승인; OCR 주석 별도 검수
000568,,2026-02-23,,approved,easy,정상;full_date,최종 날짜만 승인; OCR 주석 별도 검수
000569,,2025-11-02,,approved,easy,정상;full_date,최종 날짜만 승인; OCR 주석 별도 검수
000570,,2026-05-20,,approved,easy,정상;full_date,최종 날짜만 승인; OCR 주석 별도 검수
000571,,2024-11-18,,approved,hard,두 자리 연도;다양한 구분자;반사·흐림·저대비;full_date,최종 날짜만 승인; OCR 주석 별도 검수
000572,,NONE-10-15,,approved,hard,날짜 없음;반사·흐림·저대비;partial_date,최종 날짜만 승인; OCR 주석 별도 검수
000573,,NONE-10-22,,approved,hard,날짜 없음;반사·흐림·저대비;partial_date,최종 날짜만 승인; OCR 주석 별도 검수
000574,,2026-02-24,,approved,easy,정상;full_date,최종 날짜만 승인; OCR 주석 별도 검수
000575,,NONE-10-14,,approved,hard,날짜 없음;반사·흐림·저대비;partial_date,최종 날짜만 승인; OCR 주석 별도 검수
000576,,2026-05-21,,approved,medium,제조일자·소비기한 동시;full_date,최종 날짜만 승인; OCR 주석 별도 검수
000577,,2026-04-20,,approved,easy,정상;full_date,최종 날짜만 승인; OCR 주석 별도 검수
000578,,2026-03-04,,approved,easy,정상;full_date,최종 날짜만 승인; OCR 주석 별도 검수
000579,,2026-07-10,,approved,medium,다양한 구분자;full_date,최종 날짜만 승인; OCR 주석 별도 검수
000580,,2026-02-28,,approved,easy,정상;full_date,최종 날짜만 승인; OCR 주석 별도 검수
000581,,2026-02-25,,approved,easy,정상;full_date,최종 날짜만 승인; OCR 주석 별도 검수
000582,,2025-11-21,,approved,easy,정상;full_date,최종 날짜만 승인; OCR 주석 별도 검수
000583,,2025-11-23,,approved,medium,두 자리 연도;full_date,최종 날짜만 승인; OCR 주석 별도 검수
000584,,2026-07-15,,approved,medium,제조일자·소비기한 동시;full_date,최종 날짜만 승인; OCR 주석 별도 검수
000585,,2026-05-16,,approved,easy,정상;full_date,최종 날짜만 승인; OCR 주석 별도 검수
000586,,2026-03-14,,approved,hard,날짜 없음;반사·흐림·저대비;full_date,최종 날짜만 승인; OCR 주석 별도 검수
000587,,2026-02-07,,approved,easy,정상;full_date,최종 날짜만 승인; OCR 주석 별도 검수
000588,,2025-11-28,,approved,easy,정상;full_date,최종 날짜만 승인; OCR 주석 별도 검수
000589,,2026-04-02,,approved,easy,정상;full_date,최종 날짜만 승인; OCR 주석 별도 검수
000590,,2025-12-05,,approved,easy,정상;full_date,최종 날짜만 승인; OCR 주석 별도 검수
000591,,2026-07-27,,approved,medium,두 자리 연도;full_date,최종 날짜만 승인; OCR 주석 별도 검수
000592,,2023-03-26,,approved,hard,제조일자·소비기한 동시;full_date,최종 날짜만 승인; OCR 주석 별도 검수
000593,,2022-07-06,,approved,medium,두 자리 연도;full_date,최종 날짜만 승인; OCR 주석 별도 검수
000594,,2026-08-25,,approved,medium,제조일자·소비기한 동시;full_date,최종 날짜만 승인; OCR 주석 별도 검수
000595,,2026-05-01,,approved,easy,정상;full_date,최종 날짜만 승인; OCR 주석 별도 검수
000596,,2026-08-13,,approved,hard,날짜 없음;반사·흐림·저대비;full_date,최종 날짜만 승인; OCR 주석 별도 검수
000597,,2026-09-02,,approved,medium,제조일자·소비기한 동시;full_date,최종 날짜만 승인; OCR 주석 별도 검수
000598,,2026-03-09,,approved,medium,제조일자·소비기한 동시;두 자리 연도;full_date,최종 날짜만 승인; OCR 주석 별도 검수
000599,,2026-09-04,,approved,easy,정상;full_date,최종 날짜만 승인; OCR 주석 별도 검수
000600,,2026-08-31,,approved,medium,제조일자·소비기한 동시;full_date,최종 날짜만 승인; OCR 주석 별도 검수
000601,,2026-01-27,,approved,medium,제조일자·소비기한 동시;full_date,최종 날짜만 승인; OCR 주석 별도 검수
000602,,2026-09-22,,approved,medium,제조일자·소비기한 동시;full_date,최종 날짜만 승인; OCR 주석 별도 검수
000603,,2026-09-24,,approved,medium,두 자리 연도;full_date,최종 날짜만 승인; OCR 주석 별도 검수
000604,,2026-09-15,,approved,easy,정상;full_date,최종 날짜만 승인; OCR 주석 별도 검수
000605,,2028-07-01,,approved,medium,반사·흐림·저대비;full_date,최종 날짜만 승인; OCR 주석 별도 검수
000606,,2026-10-01,,approved,hard,날짜 없음;반사·흐림·저대비;full_date,최종 날짜만 승인; OCR 주석 별도 검수
000607,,2028-06-23,,approved,easy,정상;full_date,최종 날짜만 승인; OCR 주석 별도 검수
000608,,2026-08-13,,approved,easy,정상;full_date,최종 날짜만 승인; OCR 주석 별도 검수
000609,,2027-06-11,,approved,easy,정상;full_date,최종 날짜만 승인; OCR 주석 별도 검수
000610,,2026-06-04,,approved,easy,정상;full_date,최종 날짜만 승인; OCR 주석 별도 검수
000611,,2026-07-20,,approved,easy,정상;full_date,최종 날짜만 승인; OCR 주석 별도 검수
000612,,2026-05-07,,approved,easy,정상;full_date,최종 날짜만 승인; OCR 주석 별도 검수
000613,,2026-05-28,,approved,easy,정상;full_date,최종 날짜만 승인; OCR 주석 별도 검수
000614,,2026-03-07,,approved,easy,정상;full_date,최종 날짜만 승인; OCR 주석 별도 검수
000615,,2026-03-24,,approved,easy,정상;full_date,최종 날짜만 승인; OCR 주석 별도 검수
000616,,2026-09-10,,approved,easy,정상;full_date,최종 날짜만 승인; OCR 주석 별도 검수
000617,,2026-07-11,,approved,easy,정상;full_date,최종 날짜만 승인; OCR 주석 별도 검수
000618,,2026-08-26,,approved,easy,정상;full_date,최종 날짜만 승인; OCR 주석 별도 검수
000619,,2026-09-15,,approved,easy,정상;full_date,최종 날짜만 승인; OCR 주석 별도 검수
000620,,2026-07-06,,approved,easy,정상;full_date,최종 날짜만 승인; OCR 주석 별도 검수
000621,,2026-08-25,,approved,easy,정상;full_date,최종 날짜만 승인; OCR 주석 별도 검수
000622,,2027-01-22,,approved,easy,정상;full_date,최종 날짜만 승인; OCR 주석 별도 검수
000623,,2027-03-10,,approved,easy,정상;full_date,최종 날짜만 승인; OCR 주석 별도 검수
000624,,2027-06-15,,approved,easy,정상;full_date,최종 날짜만 승인; OCR 주석 별도 검수
000625,,2027-04-01,,approved,easy,정상;full_date,최종 날짜만 승인; OCR 주석 별도 검수
000626,,2026-07-01,,approved,medium,두 자리 연도;full_date,최종 날짜만 승인; OCR 주석 별도 검수
000627,,2026-10-06,,approved,hard,날짜 없음;반사·흐림·저대비;full_date,최종 날짜만 승인; OCR 주석 별도 검수
000628,,2025-02-03,,approved,medium,두 자리 연도;full_date,최종 날짜만 승인; OCR 주석 별도 검수
000629,,2025-09-22,,approved,medium,두 자리 연도;full_date,최종 날짜만 승인; OCR 주석 별도 검수
000630,,2026-03-31,,approved,easy,정상;full_date,최종 날짜만 승인; OCR 주석 별도 검수
000631,,2025-11-15,,approved,medium,두 자리 연도;full_date,최종 날짜만 승인; OCR 주석 별도 검수
000632,,2025-12-28,,approved,easy,정상;full_date,최종 날짜만 승인; OCR 주석 별도 검수
000633,,2025-12-24,,approved,easy,정상;full_date,최종 날짜만 승인; OCR 주석 별도 검수
000634,,2026-02-05,,approved,easy,정상;full_date,최종 날짜만 승인; OCR 주석 별도 검수
000635,,2026-02-21,,approved,medium,제조일자·소비기한 동시;full_date,최종 날짜만 승인; OCR 주석 별도 검수
000636,,2026-03-09,,approved,easy,정상;full_date,최종 날짜만 승인; OCR 주석 별도 검수
000637,,2026-06-17,,approved,medium,제조일자·소비기한 동시;full_date,최종 날짜만 승인; OCR 주석 별도 검수
000638,,2026-06-16,,approved,easy,정상;full_date,최종 날짜만 승인; OCR 주석 별도 검수
000639,,2026-02-02,,approved,easy,정상;full_date,최종 날짜만 승인; OCR 주석 별도 검수
000640,,2026-02-08,,approved,easy,정상;full_date,최종 날짜만 승인; OCR 주석 별도 검수
000641,,2026-09-02,,approved,easy,정상;full_date,최종 날짜만 승인; OCR 주석 별도 검수
000642,,2025-03-01,,approved,easy,정상;full_date,최종 날짜만 승인; OCR 주석 별도 검수
000643,,2026-01-21,,approved,easy,정상;full_date,최종 날짜만 승인; OCR 주석 별도 검수
000644,,2027-03-11,,approved,medium,두 자리 연도;full_date,최종 날짜만 승인; OCR 주석 별도 검수
000645,,2026-05-13,,approved,easy,정상;full_date,최종 날짜만 승인; OCR 주석 별도 검수
000646,,2027-01-15,,approved,hard,제조일자·소비기한 동시;다양한 구분자;full_date,최종 날짜만 승인; OCR 주석 별도 검수
000647,,2026-08-19,,approved,medium,다양한 구분자;full_date,최종 날짜만 승인; OCR 주석 별도 검수
000648,,2026-08-25,,approved,hard,날짜 없음;반사·흐림·저대비;full_date,최종 날짜만 승인; OCR 주석 별도 검수
000649,,2027-04-07,,approved,hard,두 자리 연도;다양한 구분자;반사·흐림·저대비;full_date,최종 날짜만 승인; OCR 주석 별도 검수
000650,,2026-08-05,,approved,easy,정상;full_date,최종 날짜만 승인; OCR 주석 별도 검수
000651,,2026-06-25,,approved,easy,정상;full_date,최종 날짜만 승인; OCR 주석 별도 검수
000652,,2027-03-31,,approved,easy,정상;full_date,최종 날짜만 승인; OCR 주석 별도 검수
000653,,2027-01-19,,approved,easy,정상;full_date,최종 날짜만 승인; OCR 주석 별도 검수
000654,,2028-07-02,,approved,medium,제조일자·소비기한 동시;full_date,최종 날짜만 승인; OCR 주석 별도 검수
000655,,2026-08-27,,approved,easy,정상;full_date,최종 날짜만 승인; OCR 주석 별도 검수
000656,,2026-09-04,,approved,easy,정상;full_date,최종 날짜만 승인; OCR 주석 별도 검수
000657,,2026-07-27,,approved,easy,정상;full_date,최종 날짜만 승인; OCR 주석 별도 검수
000658,,2026-01-16,,approved,easy,정상;full_date,최종 날짜만 승인; OCR 주석 별도 검수
000659,,2026-08-24,,approved,easy,정상;full_date,최종 날짜만 승인; OCR 주석 별도 검수
000660,,2026-02-28,,approved,easy,정상;full_date,최종 날짜만 승인; OCR 주석 별도 검수
000661,,2026-04-17,,approved,easy,정상;full_date,최종 날짜만 승인; OCR 주석 별도 검수
000662,,2026-03-11,,approved,easy,정상;full_date,최종 날짜만 승인; OCR 주석 별도 검수
000663,,2026-02-10,,approved,medium,제조일자·소비기한 동시;두 자리 연도;full_date,최종 날짜만 승인; OCR 주석 별도 검수
000664,,2026-02-20,,approved,easy,정상;full_date,최종 날짜만 승인; OCR 주석 별도 검수
000665,,2026-03-25,,approved,easy,정상;full_date,최종 날짜만 승인; OCR 주석 별도 검수
000666,,2026-09-01,,approved,hard,두 자리 연도;다양한 구분자;반사·흐림·저대비;full_date,최종 날짜만 승인; OCR 주석 별도 검수
000667,,2026-06-22,,approved,medium,제조일자·소비기한 동시;full_date,최종 날짜만 승인; OCR 주석 별도 검수
000668,,2026-04-30,,approved,easy,정상;full_date,최종 날짜만 승인; OCR 주석 별도 검수
000669,,2026-09-02,,approved,medium,제조일자·소비기한 동시;full_date,최종 날짜만 승인; OCR 주석 별도 검수
000670,,2026-06-24,,approved,hard,날짜 없음;반사·흐림·저대비;full_date,최종 날짜만 승인; OCR 주석 별도 검수
000671,,2026-03-31,,approved,medium,제조일자·소비기한 동시;full_date,최종 날짜만 승인; OCR 주석 별도 검수
000672,,2026-02-08,,approved,medium,두 자리 연도;full_date,최종 날짜만 승인; OCR 주석 별도 검수
000673,,2026-06-02,,approved,hard,날짜 없음;반사·흐림·저대비;full_date,최종 날짜만 승인; OCR 주석 별도 검수
000674,,2026-06-02,,approved,medium,두 자리 연도;full_date,최종 날짜만 승인; OCR 주석 별도 검수
000675,,2028-06-03,,approved,hard,제조일자·소비기한 동시;full_date,최종 날짜만 승인; OCR 주석 별도 검수
000676,,2026-06-10,,approved,easy,정상;full_date,최종 날짜만 승인; OCR 주석 별도 검수
000677,,2027-08-17,,approved,easy,정상;full_date,최종 날짜만 승인; OCR 주석 별도 검수
000678,,2026-07-24,,approved,easy,정상;full_date,최종 날짜만 승인; OCR 주석 별도 검수
000679,,2027-09-17,,approved,medium,제조일자·소비기한 동시;full_date,최종 날짜만 승인; OCR 주석 별도 검수
000680,,2025-10-15,,approved,easy,정상;full_date,최종 날짜만 승인; OCR 주석 별도 검수
000681,,2026-01-09,,approved,easy,정상;full_date,최종 날짜만 승인; OCR 주석 별도 검수
000682,,2026-01-25,,approved,easy,정상;full_date,최종 날짜만 승인; OCR 주석 별도 검수
000683,,2026-03-11,,approved,easy,정상;full_date,최종 날짜만 승인; OCR 주석 별도 검수
000684,,2026-03-23,,approved,easy,정상;full_date,최종 날짜만 승인; OCR 주석 별도 검수
000685,,2026-05-28,,approved,easy,정상;full_date,최종 날짜만 승인; OCR 주석 별도 검수
000686,,2025-10-03,,approved,easy,정상;full_date,최종 날짜만 승인; OCR 주석 별도 검수
000687,,2025-10-17,,approved,medium,다양한 구분자;full_date,최종 날짜만 승인; OCR 주석 별도 검수
000688,,2025-11-10,,approved,easy,정상;full_date,최종 날짜만 승인; OCR 주석 별도 검수
000689,,2025-10-27,,approved,medium,두 자리 연도;full_date,최종 날짜만 승인; OCR 주석 별도 검수
000690,,2025-10-11,,approved,hard,제조일자·소비기한 동시;full_date,최종 날짜만 승인; OCR 주석 별도 검수
000691,,2026-09-22,,approved,medium,제조일자·소비기한 동시;두 자리 연도;full_date,최종 날짜만 승인; OCR 주석 별도 검수
000692,,2026-08-21,,approved,medium,두 자리 연도;full_date,최종 날짜만 승인; OCR 주석 별도 검수
000693,,2026-09-01,,approved,medium,제조일자·소비기한 동시;두 자리 연도;full_date,최종 날짜만 승인; OCR 주석 별도 검수
000694,,2026-09-01,,approved,hard,날짜 없음;반사·흐림·저대비;full_date,최종 날짜만 승인; OCR 주석 별도 검수
000695,,2027-09-09,,approved,easy,정상;full_date,최종 날짜만 승인; OCR 주석 별도 검수
000696,,2025-10-28,,approved,easy,정상;full_date,최종 날짜만 승인; OCR 주석 별도 검수
000697,,2025-10-07,,approved,easy,정상;full_date,최종 날짜만 승인; OCR 주석 별도 검수
000698,,NONE-10-12,,approved,hard,날짜 없음;반사·흐림·저대비;partial_date,최종 날짜만 승인; OCR 주석 별도 검수
000699,,2025-10-27,,approved,hard,날짜 없음;반사·흐림·저대비;full_date,최종 날짜만 승인; OCR 주석 별도 검수
000700,,2025-10-24,,approved,easy,정상;full_date,최종 날짜만 승인; OCR 주석 별도 검수
000701,,2025-10-05,,approved,medium,두 자리 연도;full_date,최종 날짜만 승인; OCR 주석 별도 검수
000702,,2025-10-09,,approved,medium,두 자리 연도;full_date,최종 날짜만 승인; OCR 주석 별도 검수
000703,,2026-01-25,,approved,hard,반사·흐림·저대비;full_date,최종 날짜만 승인; OCR 주석 별도 검수
000704,,2026-07-29,,approved,easy,정상;full_date,최종 날짜만 승인; OCR 주석 별도 검수
000705,,2026-06-29,,approved,easy,정상;full_date,최종 날짜만 승인; OCR 주석 별도 검수
000706,,2026-03-11,,approved,easy,정상;full_date,최종 날짜만 승인; OCR 주석 별도 검수
000707,,2026-08-19,,approved,easy,정상;full_date,최종 날짜만 승인; OCR 주석 별도 검수
000708,,2025-09-18,,approved,easy,정상;full_date,최종 날짜만 승인; OCR 주석 별도 검수
000709,,2025-10-14,,approved,medium,두 자리 연도;full_date,최종 날짜만 승인; OCR 주석 별도 검수
000710,,2025-10-14,,approved,easy,정상;full_date,최종 날짜만 승인; OCR 주석 별도 검수
000711,,2025-10-09,,approved,easy,정상;full_date,최종 날짜만 승인; OCR 주석 별도 검수
000712,,2025-11-20,,approved,easy,정상;full_date,최종 날짜만 승인; OCR 주석 별도 검수
000713,,2025-10-23,,approved,easy,정상;full_date,최종 날짜만 승인; OCR 주석 별도 검수
000714,,2026-03-12,,approved,hard,제조일자·소비기한 동시;full_date,최종 날짜만 승인; OCR 주석 별도 검수
000715,,2026-06-26,,approved,hard,날짜 없음;반사·흐림·저대비;full_date,최종 날짜만 승인; OCR 주석 별도 검수
000716,,2025-11-07,,approved,medium,다양한 구분자;full_date,최종 날짜만 승인; OCR 주석 별도 검수
000717,,2025-10-12,,approved,easy,정상;full_date,최종 날짜만 승인; OCR 주석 별도 검수
000718,,2026-01-17,,approved,easy,정상;full_date,최종 날짜만 승인; OCR 주석 별도 검수
000719,,2026-04-04,,approved,easy,정상;full_date,최종 날짜만 승인; OCR 주석 별도 검수
000720,,2026-02-28,,approved,easy,정상;full_date,최종 날짜만 승인; OCR 주석 별도 검수
000721,,2026-12-17,,approved,easy,정상;full_date,최종 날짜만 승인; OCR 주석 별도 검수
000722,,2026-08-04,,approved,hard,날짜 없음;반사·흐림·저대비;full_date,최종 날짜만 승인; OCR 주석 별도 검수
000723,,2026-05-10,,approved,hard,날짜 없음;반사·흐림·저대비;full_date,최종 날짜만 승인; OCR 주석 별도 검수
000724,,2026-05-20,,approved,medium,두 자리 연도;full_date,최종 날짜만 승인; OCR 주석 별도 검수
000725,,2026-04-16,,approved,hard,두 자리 연도;다양한 구분자;반사·흐림·저대비;full_date,최종 날짜만 승인; OCR 주석 별도 검수
000726,,2026-09-16,,approved,easy,정상;full_date,최종 날짜만 승인; OCR 주석 별도 검수
000727,,2026-06-22,,approved,hard,날짜 없음;반사·흐림·저대비;full_date,최종 날짜만 승인; OCR 주석 별도 검수
000728,,2026-06-24,,approved,easy,정상;full_date,최종 날짜만 승인; OCR 주석 별도 검수
000729,,2026-01-07,,approved,easy,정상;full_date,최종 날짜만 승인; OCR 주석 별도 검수
000730,,2026-02-26,,approved,easy,정상;full_date,최종 날짜만 승인; OCR 주석 별도 검수
000731,,2026-03-08,,approved,easy,정상;full_date,최종 날짜만 승인; OCR 주석 별도 검수
000732,,2026-03-16,,approved,hard,날짜 없음;반사·흐림·저대비;full_date,최종 날짜만 승인; OCR 주석 별도 검수
000733,,2026-03-24,,approved,easy,정상;full_date,최종 날짜만 승인; OCR 주석 별도 검수
000734,,2025-10-28,,approved,easy,정상;full_date,최종 날짜만 승인; OCR 주석 별도 검수
000735,,2027-01-12,,approved,easy,정상;full_date,최종 날짜만 승인; OCR 주석 별도 검수
000736,,2026-12-17,,approved,easy,정상;full_date,최종 날짜만 승인; OCR 주석 별도 검수
000737,,2026-03-04,,approved,hard,반사·흐림·저대비;full_date,최종 날짜만 승인; OCR 주석 별도 검수
000738,,2026-02-12,,approved,easy,정상;full_date,최종 날짜만 승인; OCR 주석 별도 검수
000739,,2024-08-07,,approved,easy,정상;full_date,최종 날짜만 승인; OCR 주석 별도 검수
000740,,2026-07-23,,approved,easy,정상;full_date,최종 날짜만 승인; OCR 주석 별도 검수
000741,,2025-12-03,,approved,medium,제조일자·소비기한 동시;두 자리 연도;full_date,최종 날짜만 승인; OCR 주석 별도 검수
000742,,2026-05-01,,approved,hard,날짜 없음;반사·흐림·저대비;full_date,최종 날짜만 승인; OCR 주석 별도 검수
000743,,2026-11-16,,approved,easy,정상;full_date,최종 날짜만 승인; OCR 주석 별도 검수
000744,,2027-08-18,,approved,easy,정상;full_date,최종 날짜만 승인; OCR 주석 별도 검수
000745,,2026-01-10,,approved,medium,두 자리 연도;full_date,최종 날짜만 승인; OCR 주석 별도 검수
000746,,2026-06-23,,approved,easy,정상;full_date,최종 날짜만 승인; OCR 주석 별도 검수
000747,,2026-06-22,,approved,easy,정상;full_date,최종 날짜만 승인; OCR 주석 별도 검수
000748,,2027-01-22,,approved,easy,정상;full_date,최종 날짜만 승인; OCR 주석 별도 검수
000749,,2026-01-21,,approved,hard,날짜 없음;반사·흐림·저대비;full_date,최종 날짜만 승인; OCR 주석 별도 검수
000750,,2026-01-06,,approved,easy,정상;full_date,최종 날짜만 승인; OCR 주석 별도 검수
000751,,2025-05-08,,approved,easy,정상;full_date,최종 날짜만 승인; OCR 주석 별도 검수
000752,,2026-07-09,,approved,medium,두 자리 연도;full_date,최종 날짜만 승인; OCR 주석 별도 검수
000753,,2026-03-18,,approved,hard,날짜 없음;반사·흐림·저대비;full_date,최종 날짜만 승인; OCR 주석 별도 검수
000754,,2026-05-24,,approved,easy,정상;full_date,최종 날짜만 승인; OCR 주석 별도 검수
000755,,2026-04-30,,approved,easy,정상;full_date,최종 날짜만 승인; OCR 주석 별도 검수
000756,,2027-02-24,,approved,easy,정상;full_date,최종 날짜만 승인; OCR 주석 별도 검수
000757,,NONE-10-22,,approved,hard,날짜 없음;반사·흐림·저대비;partial_date,최종 날짜만 승인; OCR 주석 별도 검수
000758,,2026-03-11,,approved,easy,정상;full_date,최종 날짜만 승인; OCR 주석 별도 검수
000759,,2026-05-14,,approved,medium,다양한 구분자;full_date,최종 날짜만 승인; OCR 주석 별도 검수
000760,,NONE-11-20,,approved,hard,날짜 없음;반사·흐림·저대비;partial_date,최종 날짜만 승인; OCR 주석 별도 검수
000761,,NONE-11-11,,approved,hard,날짜 없음;반사·흐림·저대비;partial_date,최종 날짜만 승인; OCR 주석 별도 검수
000762,,2026-08-02,,approved,medium,다양한 구분자;full_date,최종 날짜만 승인; OCR 주석 별도 검수
000763,,NONE-11-12,,approved,hard,날짜 없음;반사·흐림·저대비;partial_date,최종 날짜만 승인; OCR 주석 별도 검수
000764,,2026-03-12,,approved,hard,날짜 없음;반사·흐림·저대비;full_date,최종 날짜만 승인; OCR 주석 별도 검수
000765,,2025-11-21,,approved,hard,날짜 없음;반사·흐림·저대비;full_date,최종 날짜만 승인; OCR 주석 별도 검수
000766,,2024-09-26,,approved,hard,두 자리 연도;다양한 구분자;반사·흐림·저대비;full_date,최종 날짜만 승인; OCR 주석 별도 검수
000767,,2026-03-12,,approved,hard,날짜 없음;반사·흐림·저대비;full_date,최종 날짜만 승인; OCR 주석 별도 검수
000768,,2026-06-26,,approved,medium,다양한 구분자;full_date,최종 날짜만 승인; OCR 주석 별도 검수
000769,,2026-12-10,,approved,easy,정상;full_date,최종 날짜만 승인; OCR 주석 별도 검수
000770,,2030-04-NONE,,approved,hard,두 자리 연도;다양한 구분자;반사·흐림·저대비;partial_date,최종 날짜만 승인; OCR 주석 별도 검수
000771,,2026-11-19,,approved,hard,두 자리 연도;다양한 구분자;반사·흐림·저대비;full_date,최종 날짜만 승인; OCR 주석 별도 검수
000772,,NONE-12-20,,approved,hard,날짜 없음;반사·흐림·저대비;partial_date,최종 날짜만 승인; OCR 주석 별도 검수
000773,,NONE-12-10,,approved,medium,두 자리 연도;partial_date,최종 날짜만 승인; OCR 주석 별도 검수
000774,,2026-02-08,,approved,medium,두 자리 연도;full_date,최종 날짜만 승인; OCR 주석 별도 검수
000775,,2025-12-17,,approved,medium,두 자리 연도;full_date,최종 날짜만 승인; OCR 주석 별도 검수
000776,,2026-01-09,,approved,easy,정상;full_date,최종 날짜만 승인; OCR 주석 별도 검수
000777,,2026-03-NONE,,approved,hard,날짜 없음;반사·흐림·저대비;partial_date,최종 날짜만 승인; OCR 주석 별도 검수
000778,,2026-06-22,,approved,medium,다양한 구분자;full_date,최종 날짜만 승인; OCR 주석 별도 검수
000779,,2026-06-03,,approved,medium,다양한 구분자;full_date,최종 날짜만 승인; OCR 주석 별도 검수
000780,,2026-04-27,,approved,easy,정상;full_date,최종 날짜만 승인; OCR 주석 별도 검수
000781,,2026-10-02,,approved,easy,정상;full_date,최종 날짜만 승인; OCR 주석 별도 검수
000782,,NONE-12-19,,approved,hard,날짜 없음;반사·흐림·저대비;partial_date,최종 날짜만 승인; OCR 주석 별도 검수
000783,,2025-12-21,,approved,hard,두 자리 연도;다양한 구분자;반사·흐림·저대비;full_date,최종 날짜만 승인; OCR 주석 별도 검수
000784,,2027-05-22,,approved,easy,정상;full_date,최종 날짜만 승인; OCR 주석 별도 검수
000785,,2026-10-15,,approved,hard,반사·흐림·저대비;full_date,최종 날짜만 승인; OCR 주석 별도 검수
000786,,NONE-12-17,,approved,hard,날짜 없음;반사·흐림·저대비;partial_date,최종 날짜만 승인; OCR 주석 별도 검수
000787,,2026-04-09,,approved,easy,정상;full_date,최종 날짜만 승인; OCR 주석 별도 검수
000788,,NONE-12-21,,approved,hard,날짜 없음;반사·흐림·저대비;partial_date,최종 날짜만 승인; OCR 주석 별도 검수
000789,,NONE-12-19,,approved,hard,날짜 없음;반사·흐림·저대비;partial_date,최종 날짜만 승인; OCR 주석 별도 검수
000790,,2027-07-NONE,,approved,hard,날짜 없음;반사·흐림·저대비;partial_date,최종 날짜만 승인; OCR 주석 별도 검수
000791,,2026-06-30,,approved,hard,두 자리 연도;다양한 구분자;반사·흐림·저대비;full_date,최종 날짜만 승인; OCR 주석 별도 검수
000792,,2026-04-05,,approved,easy,정상;full_date,최종 날짜만 승인; OCR 주석 별도 검수
000793,,2026-05-06,,approved,easy,정상;full_date,최종 날짜만 승인; OCR 주석 별도 검수
000794,,2026-10-27,,approved,easy,정상;full_date,최종 날짜만 승인; OCR 주석 별도 검수
000795,,2026-07-14,,approved,hard,날짜 없음;반사·흐림·저대비;full_date,최종 날짜만 승인; OCR 주석 별도 검수
000796,,2026-07-14,,approved,hard,날짜 없음;반사·흐림·저대비;full_date,최종 날짜만 승인; OCR 주석 별도 검수
000797,,2026-08-25,,approved,medium,제조일자·소비기한 동시;다양한 구분자;full_date,최종 날짜만 승인; OCR 주석 별도 검수
000798,,NONE-12-20,,approved,hard,날짜 없음;반사·흐림·저대비;partial_date,최종 날짜만 승인; OCR 주석 별도 검수
000799,,NONE-12-20,,approved,hard,날짜 없음;반사·흐림·저대비;partial_date,최종 날짜만 승인; OCR 주석 별도 검수
000800,,2026-08-12,,approved,easy,정상;full_date,최종 날짜만 승인; OCR 주석 별도 검수
000801,,2026-03-25,,approved,hard,날짜 없음;반사·흐림·저대비;full_date,최종 날짜만 승인; OCR 주석 별도 검수
000802,,2026-07-03,,approved,easy,정상;full_date,최종 날짜만 승인; OCR 주석 별도 검수
000803,,2026-09-13,,approved,medium,다양한 구분자;full_date,최종 날짜만 승인; OCR 주석 별도 검수
000804,,2027-09-01,,approved,hard,제조일자·소비기한 동시;두 자리 연도;다양한 구분자;반사·흐림·저대비;full_date,최종 날짜만 승인; OCR 주석 별도 검수
000805,,2027-07-NONE,,approved,hard,날짜 없음;반사·흐림·저대비;partial_date,최종 날짜만 승인; OCR 주석 별도 검수
000806,,2026-10-02,,approved,medium,다양한 구분자;full_date,최종 날짜만 승인; OCR 주석 별도 검수
000807,,2026-05-29,,approved,hard,제조일자·소비기한 동시;다양한 구분자;full_date,최종 날짜만 승인; OCR 주석 별도 검수
000808,,2026-06-12,,approved,easy,정상;full_date,최종 날짜만 승인; OCR 주석 별도 검수
000809,,2026-08-30,,approved,hard,날짜 없음;반사·흐림·저대비;full_date,최종 날짜만 승인; OCR 주석 별도 검수
000810,,2026-03-31,,approved,medium,두 자리 연도;full_date,최종 날짜만 승인; OCR 주석 별도 검수
000811,,2026-03-31,,approved,medium,두 자리 연도;full_date,최종 날짜만 승인; OCR 주석 별도 검수
000812,,2026-05-29,,approved,hard,제조일자·소비기한 동시;다양한 구분자;full_date,최종 날짜만 승인; OCR 주석 별도 검수
000813,,2026-08-24,,approved,medium,다양한 구분자;full_date,최종 날짜만 승인; OCR 주석 별도 검수
000814,,2026-06-22,,approved,hard,날짜 없음;반사·흐림·저대비;full_date,최종 날짜만 승인; OCR 주석 별도 검수
000815,,2026-06-22,,approved,hard,날짜 없음;반사·흐림·저대비;full_date,최종 날짜만 승인; OCR 주석 별도 검수
000816,,2026-10-09,,approved,hard,날짜 없음;반사·흐림·저대비;full_date,최종 날짜만 승인; OCR 주석 별도 검수
000817,,2026-12-05,,approved,hard,날짜 없음;반사·흐림·저대비;full_date,최종 날짜만 승인; OCR 주석 별도 검수
000818,,2026-12-05,,approved,hard,날짜 없음;반사·흐림·저대비;full_date,최종 날짜만 승인; OCR 주석 별도 검수
000819,,2026-05-18,,approved,easy,정상;full_date,최종 날짜만 승인; OCR 주석 별도 검수
000820,,2026-05-18,,approved,hard,제조일자·소비기한 동시;full_date,최종 날짜만 승인; OCR 주석 별도 검수
000821,,2026-02-02,,approved,hard,날짜 없음;반사·흐림·저대비;full_date,최종 날짜만 승인; OCR 주석 별도 검수
000822,,2026-02-02,,approved,hard,날짜 없음;반사·흐림·저대비;full_date,최종 날짜만 승인; OCR 주석 별도 검수
000823,,2027-02-23,,approved,medium,다양한 구분자;full_date,최종 날짜만 승인; OCR 주석 별도 검수
000824,,NONE-12-18,,approved,hard,날짜 없음;반사·흐림·저대비;partial_date,최종 날짜만 승인; OCR 주석 별도 검수
000825,,2026-06-22,,approved,easy,정상;full_date,최종 날짜만 승인; OCR 주석 별도 검수
000826,,2026-06-22,,approved,easy,정상;full_date,최종 날짜만 승인; OCR 주석 별도 검수
000827,,2026-08-09,,approved,hard,날짜 없음;반사·흐림·저대비;full_date,최종 날짜만 승인; OCR 주석 별도 검수
000828,,NONE-12-21,,approved,hard,날짜 없음;반사·흐림·저대비;partial_date,최종 날짜만 승인; OCR 주석 별도 검수
000829,,2026-03-20,,approved,easy,정상;full_date,최종 날짜만 승인; OCR 주석 별도 검수
000830,,2025-12-20,,approved,medium,두 자리 연도;full_date,최종 날짜만 승인; OCR 주석 별도 검수
000831,,2025-07-20,,approved,hard,제조일자·소비기한 동시;두 자리 연도;다양한 구분자;반사·흐림·저대비;full_date,최종 날짜만 승인; OCR 주석 별도 검수
000832,,2026-07-16,,approved,hard,날짜 없음;반사·흐림·저대비;full_date,최종 날짜만 승인; OCR 주석 별도 검수
000833,,2026-04-27,,approved,easy,정상;full_date,최종 날짜만 승인; OCR 주석 별도 검수
000834,,2026-02-02,,approved,hard,날짜 없음;반사·흐림·저대비;full_date,최종 날짜만 승인; OCR 주석 별도 검수
000835,,2026-02-02,,approved,medium,두 자리 연도;다양한 구분자;full_date,최종 날짜만 승인; OCR 주석 별도 검수
000836,,2026-05-18,,approved,easy,정상;full_date,최종 날짜만 승인; OCR 주석 별도 검수
000837,,2026-02-21,,approved,medium,두 자리 연도;다양한 구분자;full_date,최종 날짜만 승인; OCR 주석 별도 검수
000838,,2026-02-21,,approved,medium,두 자리 연도;다양한 구분자;full_date,최종 날짜만 승인; OCR 주석 별도 검수
000839,,2026-01-03,,approved,medium,제조일자·소비기한 동시;full_date,최종 날짜만 승인; OCR 주석 별도 검수
000840,,2026-01-01,,approved,medium,두 자리 연도;full_date,최종 날짜만 승인; OCR 주석 별도 검수
000841,,2025-12-22,,approved,easy,정상;full_date,최종 날짜만 승인; OCR 주석 별도 검수
000842,,2026-07-03,,approved,hard,제조일자·소비기한 동시;full_date,최종 날짜만 승인; OCR 주석 별도 검수
000843,,2026-06-17,,approved,hard,제조일자·소비기한 동시;full_date,최종 날짜만 승인; OCR 주석 별도 검수
000844,,2026-07-03,,approved,medium,다양한 구분자;full_date,최종 날짜만 승인; OCR 주석 별도 검수
000845,,2026-06-17,,approved,hard,제조일자·소비기한 동시;full_date,최종 날짜만 승인; OCR 주석 별도 검수
000846,,2026-05-28,,approved,hard,제조일자·소비기한 동시;full_date,최종 날짜만 승인; OCR 주석 별도 검수
000847,,2026-05-28,,approved,hard,제조일자·소비기한 동시;full_date,최종 날짜만 승인; OCR 주석 별도 검수
000848,,2026-05-21,,approved,medium,다양한 구분자;full_date,최종 날짜만 승인; OCR 주석 별도 검수
000849,,2026-05-21,,approved,medium,다양한 구분자;full_date,최종 날짜만 승인; OCR 주석 별도 검수
000850,,2026-08-09,,approved,medium,제조일자·소비기한 동시;다양한 구분자;full_date,최종 날짜만 승인; OCR 주석 별도 검수
000851,,2026-06-30,,approved,medium,다양한 구분자;full_date,최종 날짜만 승인; OCR 주석 별도 검수
000852,,2026-08-14,,approved,hard,날짜 없음;반사·흐림·저대비;full_date,최종 날짜만 승인; OCR 주석 별도 검수
000853,,2026-09-24,,approved,medium,제조일자·소비기한 동시;두 자리 연도;반사·흐림·저대비;full_date,최종 날짜만 승인; OCR 주석 별도 검수
000854,,2026-09-04,,approved,medium,제조일자·소비기한 동시;full_date,최종 날짜만 승인; OCR 주석 별도 검수
000855,,2026-08-25,,approved,medium,제조일자·소비기한 동시;다양한 구분자;full_date,최종 날짜만 승인; OCR 주석 별도 검수
000856,,2026-06-03,,approved,medium,다양한 구분자;full_date,최종 날짜만 승인; OCR 주석 별도 검수
000857,,2025-01-28,,approved,medium,다양한 구분자;full_date,최종 날짜만 승인; OCR 주석 별도 검수
000858,,2021-10-28,,approved,medium,다양한 구분자;full_date,최종 날짜만 승인; OCR 주석 별도 검수
000859,,2021-10-28,,approved,hard,두 자리 연도;다양한 구분자;반사·흐림·저대비;full_date,최종 날짜만 승인; OCR 주석 별도 검수
000860,,2022-07-23,,approved,hard,제조일자·소비기한 동시;full_date,최종 날짜만 승인; OCR 주석 별도 검수
000861,,2022-07-23,,approved,hard,제조일자·소비기한 동시;full_date,최종 날짜만 승인; OCR 주석 별도 검수
000862,,2021-10-22,,approved,hard,두 자리 연도;다양한 구분자;반사·흐림·저대비;full_date,최종 날짜만 승인; OCR 주석 별도 검수
000863,,2021-10-22,,approved,hard,제조일자·소비기한 동시;full_date,최종 날짜만 승인; OCR 주석 별도 검수
000864,,2023-03-04,,approved,hard,제조일자·소비기한 동시;다양한 구분자;full_date,최종 날짜만 승인; OCR 주석 별도 검수
000865,,2021-09-25,,approved,hard,날짜 없음;반사·흐림·저대비;full_date,최종 날짜만 승인; OCR 주석 별도 검수
000866,,2021-09-25,,approved,hard,제조일자·소비기한 동시;full_date,최종 날짜만 승인; OCR 주석 별도 검수
000867,,2021-10-23,,approved,hard,날짜 없음;반사·흐림·저대비;full_date,최종 날짜만 승인; OCR 주석 별도 검수
000868,,2021-10-23,,approved,hard,날짜 없음;반사·흐림·저대비;full_date,최종 날짜만 승인; OCR 주석 별도 검수
000869,,2021-09-15,,approved,hard,제조일자·소비기한 동시;full_date,최종 날짜만 승인; OCR 주석 별도 검수
000870,,2021-10-15,,approved,hard,제조일자·소비기한 동시;full_date,최종 날짜만 승인; OCR 주석 별도 검수
000871,,2020-10-15,,approved,medium,두 자리 연도;full_date,최종 날짜만 승인; OCR 주석 별도 검수
000872,,2021-02-26,,approved,medium,두 자리 연도;다양한 구분자;full_date,최종 날짜만 승인; OCR 주석 별도 검수
000873,,2021-02-26,,approved,medium,두 자리 연도;다양한 구분자;full_date,최종 날짜만 승인; OCR 주석 별도 검수
000874,,2021-03-22,,approved,medium,두 자리 연도;다양한 구분자;full_date,최종 날짜만 승인; OCR 주석 별도 검수
000875,,2021-03-22,,approved,medium,두 자리 연도;다양한 구분자;full_date,최종 날짜만 승인; OCR 주석 별도 검수
000876,,2021-07-01,,approved,easy,정상;full_date,최종 날짜만 승인; OCR 주석 별도 검수
000877,,2023-04-03,,approved,hard,날짜 없음;반사·흐림·저대비;full_date,최종 날짜만 승인; OCR 주석 별도 검수
000878,,2023-04-03,,approved,hard,날짜 없음;반사·흐림·저대비;full_date,최종 날짜만 승인; OCR 주석 별도 검수
000879,,2021-05-11,,approved,hard,제조일자·소비기한 동시;다양한 구분자;full_date,최종 날짜만 승인; OCR 주석 별도 검수
000880,,2021-05-11,,approved,hard,제조일자·소비기한 동시;다양한 구분자;full_date,최종 날짜만 승인; OCR 주석 별도 검수
000881,,2021-06-08,,approved,easy,정상;full_date,최종 날짜만 승인; OCR 주석 별도 검수
000882,,2021-06-08,,approved,easy,정상;full_date,최종 날짜만 승인; OCR 주석 별도 검수
000883,,2021-07-03,,approved,medium,제조일자·소비기한 동시;full_date,최종 날짜만 승인; OCR 주석 별도 검수
000884,,2021-07-03,,approved,medium,제조일자·소비기한 동시;full_date,최종 날짜만 승인; OCR 주석 별도 검수
000885,,2021-07-09,,approved,hard,두 자리 연도;다양한 구분자;반사·흐림·저대비;full_date,최종 날짜만 승인; OCR 주석 별도 검수
000886,,2021-07-09,,approved,medium,제조일자·소비기한 동시;full_date,최종 날짜만 승인; OCR 주석 별도 검수
000887,,2021-12-04,,approved,hard,날짜 없음;반사·흐림·저대비;full_date,최종 날짜만 승인; OCR 주석 별도 검수
000888,,2021-12-04,,approved,medium,다양한 구분자;full_date,최종 날짜만 승인; OCR 주석 별도 검수
000889,,2021-05-27,,approved,medium,다양한 구분자;full_date,최종 날짜만 승인; OCR 주석 별도 검수
000890,,2021-04-05,,approved,easy,정상;full_date,최종 날짜만 승인; OCR 주석 별도 검수
000891,,2021-04-05,,approved,medium,다양한 구분자;full_date,최종 날짜만 승인; OCR 주석 별도 검수
000892,,2022-02-07,,approved,hard,제조일자·소비기한 동시;다양한 구분자;full_date,최종 날짜만 승인; OCR 주석 별도 검수
000893,,2022-02-07,,approved,hard,제조일자·소비기한 동시;다양한 구분자;full_date,최종 날짜만 승인; OCR 주석 별도 검수
000894,,2021-06-02,,approved,easy,정상;full_date,최종 날짜만 승인; OCR 주석 별도 검수
000895,,2021-06-02,,approved,easy,정상;full_date,최종 날짜만 승인; OCR 주석 별도 검수
000896,,2023-02-15,,approved,medium,제조일자·소비기한 동시;다양한 구분자;full_date,최종 날짜만 승인; OCR 주석 별도 검수
000897,,2025-05-19,,approved,medium,다양한 구분자;full_date,최종 날짜만 승인; OCR 주석 별도 검수
000898,,2025-05-19,,approved,medium,다양한 구분자;full_date,최종 날짜만 승인; OCR 주석 별도 검수
000899,,2022-09-02,,approved,easy,정상;full_date,최종 날짜만 승인; OCR 주석 별도 검수
000900,,2022-09-02,,approved,easy,정상;full_date,최종 날짜만 승인; OCR 주석 별도 검수
000901,,2022-09-02,,approved,hard,제조일자·소비기한 동시;다양한 구분자;full_date,최종 날짜만 승인; OCR 주석 별도 검수
000902,,2021-11-01,,approved,hard,제조일자·소비기한 동시;다양한 구분자;full_date,최종 날짜만 승인; OCR 주석 별도 검수
000903,,2021-11-01,,approved,hard,두 자리 연도;다양한 구분자;반사·흐림·저대비;full_date,최종 날짜만 승인; OCR 주석 별도 검수
000904,,2021-08-31,,approved,hard,제조일자·소비기한 동시;full_date,최종 날짜만 승인; OCR 주석 별도 검수
000905,,2021-08-31,,approved,hard,두 자리 연도;다양한 구분자;반사·흐림·저대비;full_date,최종 날짜만 승인; OCR 주석 별도 검수
000906,,2022-01-NONE,,approved,hard,두 자리 연도;다양한 구분자;반사·흐림·저대비;partial_date,최종 날짜만 승인; OCR 주석 별도 검수
000907,,2022-01-NONE,,approved,hard,두 자리 연도;다양한 구분자;반사·흐림·저대비;partial_date,최종 날짜만 승인; OCR 주석 별도 검수
000908,,2022-01-NONE,,approved,hard,두 자리 연도;다양한 구분자;반사·흐림·저대비;partial_date,최종 날짜만 승인; OCR 주석 별도 검수
000909,,2022-01-NONE,,approved,easy,정상;partial_date,최종 날짜만 승인; OCR 주석 별도 검수
000910,,2021-09-20,,approved,easy,정상;full_date,최종 날짜만 승인; OCR 주석 별도 검수
000911,,2021-09-20,,approved,easy,정상;full_date,최종 날짜만 승인; OCR 주석 별도 검수
000912,,2022-05-05,,approved,easy,정상;full_date,최종 날짜만 승인; OCR 주석 별도 검수
000913,,2022-05-05,,approved,easy,정상;full_date,최종 날짜만 승인; OCR 주석 별도 검수
000914,,2021-10-19,,approved,easy,정상;full_date,최종 날짜만 승인; OCR 주석 별도 검수
000915,,2021-07-21,,approved,easy,정상;full_date,최종 날짜만 승인; OCR 주석 별도 검수
000916,,2021-07-21,,approved,easy,정상;full_date,최종 날짜만 승인; OCR 주석 별도 검수
000917,,2022-06-06,,approved,easy,정상;full_date,최종 날짜만 승인; OCR 주석 별도 검수
000918,,2022-06-06,,approved,easy,정상;full_date,최종 날짜만 승인; OCR 주석 별도 검수
000919,,2021-09-17,,approved,easy,정상;full_date,최종 날짜만 승인; OCR 주석 별도 검수
000920,,2022-03-11,,approved,easy,정상;full_date,최종 날짜만 승인; OCR 주석 별도 검수
000921,,2022-03-11,,approved,medium,다양한 구분자;full_date,최종 날짜만 승인; OCR 주석 별도 검수
000922,,2022-02-26,,approved,medium,다양한 구분자;full_date,최종 날짜만 승인; OCR 주석 별도 검수
000923,,2022-02-26,,approved,medium,두 자리 연도;full_date,최종 날짜만 승인; OCR 주석 별도 검수
000924,,NONE-02-01,,approved,medium,두 자리 연도;partial_date,최종 날짜만 승인; OCR 주석 별도 검수
000925,,NONE-02-02,,approved,medium,두 자리 연도;partial_date,최종 날짜만 승인; OCR 주석 별도 검수
000926,,NONE-02-02,,approved,easy,정상;partial_date,최종 날짜만 승인; OCR 주석 별도 검수
000927,,2021-06-10,,approved,easy,정상;full_date,최종 날짜만 승인; OCR 주석 별도 검수
000928,,2021-08-23,,approved,medium,두 자리 연도;다양한 구분자;full_date,최종 날짜만 승인; OCR 주석 별도 검수
000929,,2022-03-13,,approved,medium,두 자리 연도;다양한 구분자;full_date,최종 날짜만 승인; OCR 주석 별도 검수
000930,,2022-03-13,,approved,medium,반사·흐림·저대비;full_date,최종 날짜만 승인; OCR 주석 별도 검수
000931,,2021-07-29,,approved,easy,정상;full_date,최종 날짜만 승인; OCR 주석 별도 검수
000932,,2021-07-29,,approved,easy,정상;full_date,최종 날짜만 승인; OCR 주석 별도 검수
000933,,2021-05-26,,approved,hard,날짜 없음;반사·흐림·저대비;full_date,최종 날짜만 승인; OCR 주석 별도 검수
000934,,2021-05-26,,approved,hard,제조일자·소비기한 동시;두 자리 연도;full_date,최종 날짜만 승인; OCR 주석 별도 검수
000935,,2021-02-10,,approved,hard,제조일자·소비기한 동시;두 자리 연도;full_date,최종 날짜만 승인; OCR 주석 별도 검수
000936,,2021-02-10,,approved,medium,제조일자·소비기한 동시;full_date,최종 날짜만 승인; OCR 주석 별도 검수
000937,,2021-10-19,,approved,easy,정상;full_date,최종 날짜만 승인; OCR 주석 별도 검수
000938,,2022-06-11,,approved,easy,정상;full_date,최종 날짜만 승인; OCR 주석 별도 검수
000939,,2022-06-11,,approved,medium,다양한 구분자;full_date,최종 날짜만 승인; OCR 주석 별도 검수
000940,,2021-10-28,,approved,medium,다양한 구분자;full_date,최종 날짜만 승인; OCR 주석 별도 검수
000941,,2021-10-28,,approved,medium,다양한 구분자;full_date,최종 날짜만 승인; OCR 주석 별도 검수
000942,,2021-07-02,,approved,medium,제조일자·소비기한 동시;다양한 구분자;full_date,최종 날짜만 승인; OCR 주석 별도 검수
000943,,2021-05-29,,approved,medium,제조일자·소비기한 동시;다양한 구분자;full_date,최종 날짜만 승인; OCR 주석 별도 검수
000944,,2021-05-29,,approved,hard,제조일자·소비기한 동시;다양한 구분자;반사·흐림·저대비;full_date,최종 날짜만 승인; OCR 주석 별도 검수
000945,,2021-07-03,,approved,hard,제조일자·소비기한 동시;다양한 구분자;반사·흐림·저대비;full_date,최종 날짜만 승인; OCR 주석 별도 검수
000946,,2021-07-03,,approved,easy,정상;full_date,최종 날짜만 승인; OCR 주석 별도 검수
000947,,2021-09-30,,approved,easy,정상;full_date,최종 날짜만 승인; OCR 주석 별도 검수
000948,,2021-09-30,,approved,hard,제조일자·소비기한 동시;다양한 구분자;full_date,최종 날짜만 승인; OCR 주석 별도 검수
000949,,2021-10-24,,approved,hard,제조일자·소비기한 동시;다양한 구분자;full_date,최종 날짜만 승인; OCR 주석 별도 검수
000950,,2021-10-24,,approved,easy,정상;full_date,최종 날짜만 승인; OCR 주석 별도 검수
000951,,2022-09-16,,approved,easy,정상;full_date,최종 날짜만 승인; OCR 주석 별도 검수
000952,,2021-04-05,,approved,easy,정상;full_date,최종 날짜만 승인; OCR 주석 별도 검수
000953,,2021-04-05,,approved,hard,제조일자·소비기한 동시;두 자리 연도;full_date,최종 날짜만 승인; OCR 주석 별도 검수
000954,,2021-02-05,,approved,medium,두 자리 연도;다양한 구분자;반사·흐림·저대비;full_date,최종 날짜만 승인; OCR 주석 별도 검수
000955,,2021-02-05,,approved,medium,두 자리 연도;full_date,최종 날짜만 승인; OCR 주석 별도 검수
000956,,2022-01-25,,approved,medium,두 자리 연도;full_date,최종 날짜만 승인; OCR 주석 별도 검수
000957,,2022-01-25,,approved,hard,제조일자·소비기한 동시;두 자리 연도;full_date,최종 날짜만 승인; OCR 주석 별도 검수
000958,,2021-02-22,,approved,hard,제조일자·소비기한 동시;두 자리 연도;full_date,최종 날짜만 승인; OCR 주석 별도 검수
000959,,2021-02-22,,approved,medium,다양한 구분자;full_date,최종 날짜만 승인; OCR 주석 별도 검수
000960,,2022-07-19,,approved,easy,정상;full_date,최종 날짜만 승인; OCR 주석 별도 검수
000961,,2022-07-19,,approved,medium,다양한 구분자;full_date,최종 날짜만 승인; OCR 주석 별도 검수
000962,,2023-10-21,,approved,medium,다양한 구분자;full_date,최종 날짜만 승인; OCR 주석 별도 검수
000963,,2023-10-21,,approved,medium,다양한 구분자;full_date,최종 날짜만 승인; OCR 주석 별도 검수
000964,,2023-11-14,,approved,medium,다양한 구분자;full_date,최종 날짜만 승인; OCR 주석 별도 검수
000965,,2023-11-14,,approved,hard,제조일자·소비기한 동시;full_date,최종 날짜만 승인; OCR 주석 별도 검수
000966,,2021-07-23,,approved,hard,제조일자·소비기한 동시;다양한 구분자;full_date,최종 날짜만 승인; OCR 주석 별도 검수
000967,,2021-08-10,,approved,easy,정상;full_date,최종 날짜만 승인; OCR 주석 별도 검수
000968,,2022-10-17,,approved,easy,정상;full_date,최종 날짜만 승인; OCR 주석 별도 검수
000969,,2022-10-17,,approved,medium,다양한 구분자;full_date,최종 날짜만 승인; OCR 주석 별도 검수
000970,,2022-06-30,,approved,medium,다양한 구분자;full_date,최종 날짜만 승인; OCR 주석 별도 검수
000971,,2022-06-30,,approved,easy,정상;full_date,최종 날짜만 승인; OCR 주석 별도 검수
000972,,2021-11-11,,approved,easy,정상;full_date,최종 날짜만 승인; OCR 주석 별도 검수
000973,,2021-06-25,,approved,hard,날짜 없음;반사·흐림·저대비;full_date,최종 날짜만 승인; OCR 주석 별도 검수
000974,,2022-02-12,,approved,hard,날짜 없음;반사·흐림·저대비;full_date,최종 날짜만 승인; OCR 주석 별도 검수
000975,,2022-02-12,,approved,medium,다양한 구분자;full_date,최종 날짜만 승인; OCR 주석 별도 검수
000976,,2023-08-03,,approved,medium,다양한 구분자;full_date,최종 날짜만 승인; OCR 주석 별도 검수
000977,,2023-08-03,,approved,medium,제조일자·소비기한 동시;다양한 구분자;full_date,최종 날짜만 승인; OCR 주석 별도 검수
000978,,2021-11-03,,approved,hard,날짜 없음;반사·흐림·저대비;full_date,최종 날짜만 승인; OCR 주석 별도 검수
000979,,2021-11-03,,approved,easy,정상;full_date,최종 날짜만 승인; OCR 주석 별도 검수
000980,,2021-06-14,,approved,medium,제조일자·소비기한 동시;full_date,최종 날짜만 승인; OCR 주석 별도 검수
000981,,2021-06-14,,approved,medium,다양한 구분자;full_date,최종 날짜만 승인; OCR 주석 별도 검수
000982,,2021-08-08,,approved,medium,두 자리 연도;다양한 구분자;full_date,최종 날짜만 승인; OCR 주석 별도 검수
000983,,2022-02-15,,approved,easy,정상;full_date,최종 날짜만 승인; OCR 주석 별도 검수
000984,,2021-08-20,,approved,easy,정상;full_date,최종 날짜만 승인; OCR 주석 별도 검수
000985,,2021-08-20,,approved,medium,다양한 구분자;full_date,최종 날짜만 승인; OCR 주석 별도 검수
000986,,2021-12-28,,approved,medium,다양한 구분자;full_date,최종 날짜만 승인; OCR 주석 별도 검수
000987,,2021-12-28,,approved,medium,다양한 구분자;full_date,최종 날짜만 승인; OCR 주석 별도 검수
000988,,2021-12-28,,approved,medium,다양한 구분자;full_date,최종 날짜만 승인; OCR 주석 별도 검수
000989,,2021-12-28,,approved,hard,제조일자·소비기한 동시;두 자리 연도;다양한 구분자;full_date,최종 날짜만 승인; OCR 주석 별도 검수
000990,,2021-07-20,,approved,hard,날짜 없음;반사·흐림·저대비;full_date,최종 날짜만 승인; OCR 주석 별도 검수
000991,,2021-07-20,,approved,medium,다양한 구분자;full_date,최종 날짜만 승인; OCR 주석 별도 검수
000992,,2021-03-04,,approved,medium,다양한 구분자;full_date,최종 날짜만 승인; OCR 주석 별도 검수
000993,,2021-03-04,,approved,hard,날짜 없음;반사·흐림·저대비;full_date,최종 날짜만 승인; OCR 주석 별도 검수
000994,,NONE-02-18,,approved,hard,날짜 없음;반사·흐림·저대비;partial_date,최종 날짜만 승인; OCR 주석 별도 검수
000995,,NONE-02-18,,approved,hard,날짜 없음;반사·흐림·저대비;partial_date,최종 날짜만 승인; OCR 주석 별도 검수
000996,,NONE-02-18,,approved,hard,날짜 없음;반사·흐림·저대비;partial_date,최종 날짜만 승인; OCR 주석 별도 검수
000997,,NONE-02-19,,approved,hard,날짜 없음;반사·흐림·저대비;partial_date,최종 날짜만 승인; OCR 주석 별도 검수
000998,,NONE-02-19,,approved,hard,제조일자·소비기한 동시;다양한 구분자;partial_date,최종 날짜만 승인; OCR 주석 별도 검수
000999,,2021-11-11,,approved,hard,제조일자·소비기한 동시;다양한 구분자;full_date,최종 날짜만 승인; OCR 주석 별도 검수
001000,,2021-11-11,,approved,medium,두 자리 연도;다양한 구분자;full_date,최종 날짜만 승인; OCR 주석 별도 검수
001001,,2021-09-07,,approved,medium,두 자리 연도;다양한 구분자;full_date,최종 날짜만 승인; OCR 주석 별도 검수
001002,,2021-09-07,,approved,easy,정상;full_date,최종 날짜만 승인; OCR 주석 별도 검수
001003,,2022-08-24,,approved,hard,날짜 없음;반사·흐림·저대비;full_date,최종 날짜만 승인; OCR 주석 별도 검수
001004,,2022-08-24,,approved,easy,정상;full_date,최종 날짜만 승인; OCR 주석 별도 검수
001005,,2020-08-10,,approved,easy,정상;full_date,최종 날짜만 승인; OCR 주석 별도 검수
001006,,2020-08-10,,approved,medium,제조일자·소비기한 동시;full_date,최종 날짜만 승인; OCR 주석 별도 검수
001007,,2022-06-29,,approved,medium,제조일자·소비기한 동시;full_date,최종 날짜만 승인; OCR 주석 별도 검수
001008,,2022-06-29,,approved,easy,정상;full_date,최종 날짜만 승인; OCR 주석 별도 검수
001009,,2022-11-24,,approved,easy,정상;full_date,최종 날짜만 승인; OCR 주석 별도 검수
001010,,2022-11-24,,approved,hard,제조일자·소비기한 동시;full_date,최종 날짜만 승인; OCR 주석 별도 검수
001011,,2021-08-09,,approved,hard,제조일자·소비기한 동시;full_date,최종 날짜만 승인; OCR 주석 별도 검수
001012,,2021-08-09,,approved,medium,제조일자·소비기한 동시;full_date,최종 날짜만 승인; OCR 주석 별도 검수
001013,,2021-11-10,,approved,medium,제조일자·소비기한 동시;full_date,최종 날짜만 승인; OCR 주석 별도 검수
001014,,2021-11-10,,approved,easy,정상;full_date,최종 날짜만 승인; OCR 주석 별도 검수
001015,,2022-01-11,,approved,easy,정상;full_date,최종 날짜만 승인; OCR 주석 별도 검수
001016,,2022-01-11,,approved,medium,두 자리 연도;다양한 구분자;full_date,최종 날짜만 승인; OCR 주석 별도 검수
001017,,2021-02-21,,approved,medium,두 자리 연도;다양한 구분자;full_date,최종 날짜만 승인; OCR 주석 별도 검수
001018,,2021-02-21,,approved,easy,정상;full_date,최종 날짜만 승인; OCR 주석 별도 검수
001019,,2021-05-15,,approved,hard,날짜 없음;반사·흐림·저대비;full_date,최종 날짜만 승인; OCR 주석 별도 검수
001020,,2021-05-15,,approved,easy,정상;full_date,최종 날짜만 승인; OCR 주석 별도 검수
001021,,2020-02-27,,approved,easy,정상;full_date,최종 날짜만 승인; OCR 주석 별도 검수
001022,,2021-06-28,,approved,hard,반사·흐림·저대비;full_date,최종 날짜만 승인; OCR 주석 별도 검수
001023,,2021-06-28,,approved,hard,제조일자·소비기한 동시;full_date,최종 날짜만 승인; OCR 주석 별도 검수
001024,,2021-07-13,,approved,hard,제조일자·소비기한 동시;full_date,최종 날짜만 승인; OCR 주석 별도 검수
001025,,2021-07-13,,approved,easy,정상;full_date,최종 날짜만 승인; OCR 주석 별도 검수
001026,,2020-12-09,,approved,easy,정상;full_date,최종 날짜만 승인; OCR 주석 별도 검수
001027,,2020-12-09,,approved,easy,정상;full_date,최종 날짜만 승인; OCR 주석 별도 검수
001028,,2020-09-08,,approved,medium,제조일자·소비기한 동시;full_date,최종 날짜만 승인; OCR 주석 별도 검수
001029,,2021-07-07,,approved,medium,제조일자·소비기한 동시;full_date,최종 날짜만 승인; OCR 주석 별도 검수
001030,,2021-07-07,,approved,hard,두 자리 연도;다양한 구분자;반사·흐림·저대비;full_date,최종 날짜만 승인; OCR 주석 별도 검수
001031,,2022-10-NONE,,approved,hard,날짜 없음;반사·흐림·저대비;partial_date,최종 날짜만 승인; OCR 주석 별도 검수
001032,,2022-10-NONE,,approved,easy,정상;partial_date,최종 날짜만 승인; OCR 주석 별도 검수
001033,,2019-07-16,,approved,easy,정상;full_date,최종 날짜만 승인; OCR 주석 별도 검수
001034,,2019-07-16,,approved,easy,정상;full_date,최종 날짜만 승인; OCR 주석 별도 검수
001035,,2021-06-28,,approved,hard,제조일자·소비기한 동시;full_date,최종 날짜만 승인; OCR 주석 별도 검수
001036,,2021-10-07,,approved,hard,제조일자·소비기한 동시;full_date,최종 날짜만 승인; OCR 주석 별도 검수
001037,,2021-10-07,,approved,easy,정상;full_date,최종 날짜만 승인; OCR 주석 별도 검수
001038,,2021-03-18,,approved,easy,정상;full_date,최종 날짜만 승인; OCR 주석 별도 검수
001039,,2021-12-28,,approved,easy,정상;full_date,최종 날짜만 승인; OCR 주석 별도 검수
001040,,2021-12-28,,approved,easy,정상;full_date,최종 날짜만 승인; OCR 주석 별도 검수
001041,,2022-04-15,,approved,easy,정상;full_date,최종 날짜만 승인; OCR 주석 별도 검수
001042,,2022-04-15,,approved,medium,두 자리 연도;full_date,최종 날짜만 승인; OCR 주석 별도 검수
001043,,2021-09-13,,approved,medium,두 자리 연도;full_date,최종 날짜만 승인; OCR 주석 별도 검수
001044,,2021-09-13,,approved,hard,제조일자·소비기한 동시;full_date,최종 날짜만 승인; OCR 주석 별도 검수
001045,,2021-04-30,,approved,hard,제조일자·소비기한 동시;full_date,최종 날짜만 승인; OCR 주석 별도 검수
001046,,2021-04-30,,approved,hard,제조일자·소비기한 동시;다양한 구분자;full_date,최종 날짜만 승인; OCR 주석 별도 검수
001047,,2021-10-07,,approved,easy,정상;full_date,최종 날짜만 승인; OCR 주석 별도 검수
001048,,2021-05-12,,approved,easy,정상;full_date,최종 날짜만 승인; OCR 주석 별도 검수
001049,,2021-05-12,,approved,easy,정상;full_date,최종 날짜만 승인; OCR 주석 별도 검수
001050,,2022-01-06,,approved,easy,정상;full_date,최종 날짜만 승인; OCR 주석 별도 검수
001051,,2022-01-06,,approved,easy,정상;full_date,최종 날짜만 승인; OCR 주석 별도 검수
001052,,2022-12-20,,approved,easy,정상;full_date,최종 날짜만 승인; OCR 주석 별도 검수
001053,,2022-12-20,,approved,easy,정상;full_date,최종 날짜만 승인; OCR 주석 별도 검수
001054,,2022-09-01,,approved,easy,정상;full_date,최종 날짜만 승인; OCR 주석 별도 검수
001055,,2022-09-01,,approved,easy,정상;full_date,최종 날짜만 승인; OCR 주석 별도 검수
001056,,2022-08-10,,approved,easy,정상;full_date,최종 날짜만 승인; OCR 주석 별도 검수
001057,,2022-05-27,,approved,easy,정상;full_date,최종 날짜만 승인; OCR 주석 별도 검수
001058,,2022-05-27,,approved,easy,정상;full_date,최종 날짜만 승인; OCR 주석 별도 검수
001059,,2021-10-14,,approved,medium,다양한 구분자;반사·흐림·저대비;full_date,최종 날짜만 승인; OCR 주석 별도 검수
001060,,2021-10-14,,approved,easy,정상;full_date,최종 날짜만 승인; OCR 주석 별도 검수
001061,,2022-06-23,,approved,medium,제조일자·소비기한 동시;full_date,최종 날짜만 승인; OCR 주석 별도 검수
001062,,2022-07-04,,approved,medium,제조일자·소비기한 동시;full_date,최종 날짜만 승인; OCR 주석 별도 검수
001063,,2022-07-04,,approved,medium,제조일자·소비기한 동시;full_date,최종 날짜만 승인; OCR 주석 별도 검수
001064,,2022-01-04,,approved,medium,제조일자·소비기한 동시;full_date,최종 날짜만 승인; OCR 주석 별도 검수
001065,,2022-01-04,,approved,easy,정상;full_date,최종 날짜만 승인; OCR 주석 별도 검수
001066,,2022-05-04,,approved,easy,정상;full_date,최종 날짜만 승인; OCR 주석 별도 검수
001067,,2022-05-04,,approved,medium,다양한 구분자;full_date,최종 날짜만 승인; OCR 주석 별도 검수
001068,,2021-12-06,,approved,easy,정상;full_date,최종 날짜만 승인; OCR 주석 별도 검수
001069,,2021-03-15,,approved,easy,정상;full_date,최종 날짜만 승인; OCR 주석 별도 검수
001070,,2021-03-15,,approved,hard,날짜 없음;반사·흐림·저대비;full_date,최종 날짜만 승인; OCR 주석 별도 검수
001071,,NONE-01-24,,approved,hard,날짜 없음;반사·흐림·저대비;partial_date,최종 날짜만 승인; OCR 주석 별도 검수
001072,,NONE-01-24,,approved,medium,다양한 구분자;partial_date,최종 날짜만 승인; OCR 주석 별도 검수
001073,,2023-09-18,,approved,medium,다양한 구분자;full_date,최종 날짜만 승인; OCR 주석 별도 검수
001074,,2023-09-18,,approved,hard,제조일자·소비기한 동시;다양한 구분자;full_date,최종 날짜만 승인; OCR 주석 별도 검수
001075,,2021-09-30,,approved,hard,제조일자·소비기한 동시;다양한 구분자;full_date,최종 날짜만 승인; OCR 주석 별도 검수
001076,,2021-09-30,,approved,easy,정상;full_date,최종 날짜만 승인; OCR 주석 별도 검수
001077,,2021-07-31,,approved,easy,정상;full_date,최종 날짜만 승인; OCR 주석 별도 검수
001078,,2021-07-31,,approved,medium,다양한 구분자;full_date,최종 날짜만 승인; OCR 주석 별도 검수
001079,,2023-09-24,,approved,medium,다양한 구분자;full_date,최종 날짜만 승인; OCR 주석 별도 검수
001080,,2023-09-24,,approved,medium,두 자리 연도;full_date,최종 날짜만 승인; OCR 주석 별도 검수
001081,,2021-10-13,,approved,easy,정상;full_date,최종 날짜만 승인; OCR 주석 별도 검수
001082,,2021-06-17,,approved,easy,정상;full_date,최종 날짜만 승인; OCR 주석 별도 검수
001083,,2021-06-17,,approved,easy,정상;full_date,최종 날짜만 승인; OCR 주석 별도 검수
001084,,2021-07-09,,approved,easy,정상;full_date,최종 날짜만 승인; OCR 주석 별도 검수
001085,,2021-07-09,,approved,medium,제조일자·소비기한 동시;full_date,최종 날짜만 승인; OCR 주석 별도 검수
001086,,2023-10-09,,approved,easy,정상;full_date,최종 날짜만 승인; OCR 주석 별도 검수
001087,,2023-10-09,,approved,easy,정상;full_date,최종 날짜만 승인; OCR 주석 별도 검수
001088,,2022-06-14,,approved,easy,정상;full_date,최종 날짜만 승인; OCR 주석 별도 검수
001089,,2022-06-14,,approved,hard,제조일자·소비기한 동시;다양한 구분자;full_date,최종 날짜만 승인; OCR 주석 별도 검수
001090,,2023-08-05,,approved,medium,제조일자·소비기한 동시;full_date,최종 날짜만 승인; OCR 주석 별도 검수
001091,,2021-04-16,,approved,medium,제조일자·소비기한 동시;full_date,최종 날짜만 승인; OCR 주석 별도 검수
001092,,2021-04-16,,approved,medium,제조일자·소비기한 동시;full_date,최종 날짜만 승인; OCR 주석 별도 검수
001093,,2021-03-19,,approved,hard,다양한 구분자;반사·흐림·저대비;full_date,최종 날짜만 승인; OCR 주석 별도 검수
001094,,2021-05-25,,approved,medium,두 자리 연도;다양한 구분자;full_date,최종 날짜만 승인; OCR 주석 별도 검수
001095,,2022-01-12,,approved,medium,두 자리 연도;full_date,최종 날짜만 승인; OCR 주석 별도 검수
001096,,2022-01-12,,approved,medium,제조일자·소비기한 동시;full_date,최종 날짜만 승인; OCR 주석 별도 검수
001097,,2021-06-11,,approved,medium,제조일자·소비기한 동시;full_date,최종 날짜만 승인; OCR 주석 별도 검수
001098,,2021-06-11,,approved,medium,제조일자·소비기한 동시;full_date,최종 날짜만 승인; OCR 주석 별도 검수
001099,,2021-03-18,,approved,medium,제조일자·소비기한 동시;full_date,최종 날짜만 승인; OCR 주석 별도 검수
001100,,2021-03-18,,approved,medium,제조일자·소비기한 동시;full_date,최종 날짜만 승인; OCR 주석 별도 검수
001101,,2021-03-14,,approved,medium,제조일자·소비기한 동시;full_date,최종 날짜만 승인; OCR 주석 별도 검수
001102,,2021-03-14,,approved,easy,정상;full_date,최종 날짜만 승인; OCR 주석 별도 검수
001103,,2021-03-14,,approved,medium,두 자리 연도;full_date,최종 날짜만 승인; OCR 주석 별도 검수
001104,,2021-03-14,,approved,medium,제조일자·소비기한 동시;full_date,최종 날짜만 승인; OCR 주석 별도 검수
001105,,2021-08-26,,approved,medium,제조일자·소비기한 동시;full_date,최종 날짜만 승인; OCR 주석 별도 검수
001106,,2021-08-26,,approved,easy,정상;full_date,최종 날짜만 승인; OCR 주석 별도 검수
001107,,2021-03-27,,approved,medium,두 자리 연도;full_date,최종 날짜만 승인; OCR 주석 별도 검수
001108,,2021-02-28,,approved,medium,두 자리 연도;full_date,최종 날짜만 승인; OCR 주석 별도 검수
001109,,2021-02-28,,approved,medium,두 자리 연도;full_date,최종 날짜만 승인; OCR 주석 별도 검수
001110,,2021-03-22,,approved,medium,두 자리 연도;full_date,최종 날짜만 승인; OCR 주석 별도 검수
001111,,2021-03-22,,approved,easy,정상;full_date,최종 날짜만 승인; OCR 주석 별도 검수
001112,,2022-07-12,,approved,easy,정상;full_date,최종 날짜만 승인; OCR 주석 별도 검수
001113,,2022-07-12,,approved,easy,정상;full_date,최종 날짜만 승인; OCR 주석 별도 검수
001114,,2023-11-15,,approved,easy,정상;full_date,최종 날짜만 승인; OCR 주석 별도 검수
001115,,2023-11-15,,approved,easy,정상;full_date,최종 날짜만 승인; OCR 주석 별도 검수
001116,,2022-01-12,,approved,easy,정상;full_date,최종 날짜만 승인; OCR 주석 별도 검수
001117,,2022-01-12,,approved,easy,정상;full_date,최종 날짜만 승인; OCR 주석 별도 검수
001118,,2022-01-20,,approved,easy,정상;full_date,최종 날짜만 승인; OCR 주석 별도 검수
001119,,2022-01-20,,approved,easy,정상;full_date,최종 날짜만 승인; OCR 주석 별도 검수
001120,,2021-12-16,,approved,medium,다양한 구분자;full_date,최종 날짜만 승인; OCR 주석 별도 검수
001121,,2021-12-16,,approved,easy,정상;full_date,최종 날짜만 승인; OCR 주석 별도 검수
001122,,2023-01-10,,approved,easy,정상;full_date,최종 날짜만 승인; OCR 주석 별도 검수
001123,,2023-01-10,,approved,hard,제조일자·소비기한 동시;full_date,최종 날짜만 승인; OCR 주석 별도 검수
001124,,2021-10-09,,approved,hard,제조일자·소비기한 동시;full_date,최종 날짜만 승인; OCR 주석 별도 검수
001125,,2021-10-09,,approved,medium,제조일자·소비기한 동시;full_date,최종 날짜만 승인; OCR 주석 별도 검수
001126,,2021-12-28,,approved,medium,제조일자·소비기한 동시;full_date,최종 날짜만 승인; OCR 주석 별도 검수
001127,,2021-12-28,,approved,hard,제조일자·소비기한 동시;두 자리 연도;다양한 구분자;반사·흐림·저대비;full_date,최종 날짜만 승인; OCR 주석 별도 검수
001128,,2021-06-10,,approved,hard,제조일자·소비기한 동시;두 자리 연도;다양한 구분자;반사·흐림·저대비;full_date,최종 날짜만 승인; OCR 주석 별도 검수
001129,,2021-06-10,,approved,hard,날짜 없음;반사·흐림·저대비;full_date,최종 날짜만 승인; OCR 주석 별도 검수
001130,,NONE-02-07,,approved,hard,날짜 없음;반사·흐림·저대비;partial_date,최종 날짜만 승인; OCR 주석 별도 검수
001131,,NONE-02-12,,approved,hard,날짜 없음;반사·흐림·저대비;partial_date,최종 날짜만 승인; OCR 주석 별도 검수
001132,,NONE-02-12,,approved,medium,제조일자·소비기한 동시;partial_date,최종 날짜만 승인; OCR 주석 별도 검수
001133,,2021-02-19,,approved,medium,제조일자·소비기한 동시;full_date,최종 날짜만 승인; OCR 주석 별도 검수
001134,,2021-02-19,,approved,hard,두 자리 연도;다양한 구분자;반사·흐림·저대비;full_date,최종 날짜만 승인; OCR 주석 별도 검수
001135,,2021-03-03,,approved,hard,제조일자·소비기한 동시;다양한 구분자;full_date,최종 날짜만 승인; OCR 주석 별도 검수
001136,,2022-09-24,,approved,hard,날짜 없음;반사·흐림·저대비;full_date,최종 날짜만 승인; OCR 주석 별도 검수
001137,,2022-09-24,,approved,medium,두 자리 연도;다양한 구분자;full_date,최종 날짜만 승인; OCR 주석 별도 검수
001138,,2021-07-17,,approved,easy,정상;full_date,최종 날짜만 승인; OCR 주석 별도 검수
001139,,2021-10-23,,approved,easy,정상;full_date,최종 날짜만 승인; OCR 주석 별도 검수
001140,,2021-02-28,,approved,medium,다양한 구분자;full_date,최종 날짜만 승인; OCR 주석 별도 검수
001141,,2021-02-28,,approved,hard,제조일자·소비기한 동시;full_date,최종 날짜만 승인; OCR 주석 별도 검수
001142,,2022-03-14,,approved,medium,두 자리 연도;다양한 구분자;full_date,최종 날짜만 승인; OCR 주석 별도 검수
001143,,2021-06-28,,approved,medium,두 자리 연도;다양한 구분자;full_date,최종 날짜만 승인; OCR 주석 별도 검수
001144,,2021-06-28,,approved,easy,정상;full_date,최종 날짜만 승인; OCR 주석 별도 검수
001145,,2021-05-25,,approved,easy,정상;full_date,최종 날짜만 승인; OCR 주석 별도 검수
001146,,2021-05-25,,approved,medium,제조일자·소비기한 동시;full_date,최종 날짜만 승인; OCR 주석 별도 검수
001147,,2021-12-13,,approved,medium,제조일자·소비기한 동시;full_date,최종 날짜만 승인; OCR 주석 별도 검수
001148,,2021-12-13,,approved,easy,정상;full_date,최종 날짜만 승인; OCR 주석 별도 검수
001149,,2022-07-31,,approved,easy,정상;full_date,최종 날짜만 승인; OCR 주석 별도 검수
001150,,2022-07-31,,approved,hard,제조일자·소비기한 동시;다양한 구분자;full_date,최종 날짜만 승인; OCR 주석 별도 검수
001151,,2021-09-18,,approved,hard,제조일자·소비기한 동시;다양한 구분자;full_date,최종 날짜만 승인; OCR 주석 별도 검수
001152,,2021-09-18,,approved,medium,다양한 구분자;full_date,최종 날짜만 승인; OCR 주석 별도 검수
001153,,2021-10-31,,approved,medium,다양한 구분자;full_date,최종 날짜만 승인; OCR 주석 별도 검수
001154,,2021-10-31,,approved,hard,제조일자·소비기한 동시;full_date,최종 날짜만 승인; OCR 주석 별도 검수
001155,,2021-09-21,,approved,hard,제조일자·소비기한 동시;full_date,최종 날짜만 승인; OCR 주석 별도 검수
001156,,2021-09-21,,approved,medium,두 자리 연도;full_date,최종 날짜만 승인; OCR 주석 별도 검수
001157,,2021-02-07,,approved,medium,두 자리 연도;full_date,최종 날짜만 승인; OCR 주석 별도 검수
001158,,2021-02-07,,approved,medium,다양한 구분자;full_date,최종 날짜만 승인; OCR 주석 별도 검수
001159,,2021-08-10,,approved,medium,다양한 구분자;full_date,최종 날짜만 승인; OCR 주석 별도 검수
001160,,2021-08-10,,approved,medium,두 자리 연도;full_date,최종 날짜만 승인; OCR 주석 별도 검수
001161,,2021-04-23,,approved,medium,두 자리 연도;full_date,최종 날짜만 승인; OCR 주석 별도 검수
001162,,2021-04-23,,approved,easy,정상;full_date,최종 날짜만 승인; OCR 주석 별도 검수
001163,,2021-12-06,,approved,easy,정상;full_date,최종 날짜만 승인; OCR 주석 별도 검수
001164,,2021-12-06,,approved,easy,정상;full_date,최종 날짜만 승인; OCR 주석 별도 검수
001165,,2021-03-01,,approved,easy,정상;full_date,최종 날짜만 승인; OCR 주석 별도 검수
001166,,2021-03-01,,approved,hard,날짜 없음;반사·흐림·저대비;full_date,최종 날짜만 승인; OCR 주석 별도 검수
001167,,2022-01-20,,approved,hard,날짜 없음;반사·흐림·저대비;full_date,최종 날짜만 승인; OCR 주석 별도 검수
001168,,2022-01-20,,approved,medium,다양한 구분자;full_date,최종 날짜만 승인; OCR 주석 별도 검수
001169,,2021-08-31,,approved,medium,다양한 구분자;full_date,최종 날짜만 승인; OCR 주석 별도 검수
001170,,2021-08-31,,approved,medium,두 자리 연도;full_date,최종 날짜만 승인; OCR 주석 별도 검수
001171,,2022-01-18,,approved,medium,두 자리 연도;full_date,최종 날짜만 승인; OCR 주석 별도 검수
001172,,2022-01-18,,approved,hard,날짜 없음;반사·흐림·저대비;full_date,최종 날짜만 승인; OCR 주석 별도 검수
001173,,2021-09-NONE,,approved,hard,날짜 없음;반사·흐림·저대비;partial_date,최종 날짜만 승인; OCR 주석 별도 검수
001174,,2021-09-NONE,,approved,easy,정상;partial_date,최종 날짜만 승인; OCR 주석 별도 검수
001175,,2021-03-14,,approved,hard,두 자리 연도;다양한 구분자;반사·흐림·저대비;full_date,최종 날짜만 승인; OCR 주석 별도 검수
001176,,2021-09-07,,approved,hard,두 자리 연도;다양한 구분자;반사·흐림·저대비;full_date,최종 날짜만 승인; OCR 주석 별도 검수
001177,,2021-09-07,,approved,hard,제조일자·소비기한 동시;다양한 구분자;full_date,최종 날짜만 승인; OCR 주석 별도 검수
001178,,2021-12-01,,approved,hard,날짜 없음;반사·흐림·저대비;full_date,최종 날짜만 승인; OCR 주석 별도 검수
001179,,2021-12-01,,approved,hard,날짜 없음;반사·흐림·저대비;full_date,최종 날짜만 승인; OCR 주석 별도 검수
001180,,2023-09-01,,approved,hard,제조일자·소비기한 동시;다양한 구분자;full_date,최종 날짜만 승인; OCR 주석 별도 검수
001181,,2023-09-01,,approved,medium,다양한 구분자;full_date,최종 날짜만 승인; OCR 주석 별도 검수
001182,,2022-04-14,,approved,hard,날짜 없음;반사·흐림·저대비;full_date,최종 날짜만 승인; OCR 주석 별도 검수
001183,,2022-04-14,,approved,easy,정상;full_date,최종 날짜만 승인; OCR 주석 별도 검수
001184,,2021-10-08,,approved,easy,정상;full_date,최종 날짜만 승인; OCR 주석 별도 검수
001185,,2021-10-08,,approved,medium,두 자리 연도;full_date,최종 날짜만 승인; OCR 주석 별도 검수
001186,,2021-09-28,,approved,medium,두 자리 연도;다양한 구분자;full_date,최종 날짜만 승인; OCR 주석 별도 검수
001187,,2021-09-28,,approved,hard,반사·흐림·저대비;full_date,최종 날짜만 승인; OCR 주석 별도 검수
001188,,2020-04-23,,approved,easy,정상;full_date,최종 날짜만 승인; OCR 주석 별도 검수
001189,,2020-04-23,,approved,hard,제조일자·소비기한 동시;full_date,최종 날짜만 승인; OCR 주석 별도 검수
001190,,2019-06-28,,approved,hard,제조일자·소비기한 동시;full_date,최종 날짜만 승인; OCR 주석 별도 검수
001191,,2019-06-28,,approved,hard,두 자리 연도;다양한 구분자;반사·흐림·저대비;full_date,최종 날짜만 승인; OCR 주석 별도 검수
001192,,2020-12-08,,approved,hard,두 자리 연도;다양한 구분자;반사·흐림·저대비;full_date,최종 날짜만 승인; OCR 주석 별도 검수
001193,,2020-12-08,,approved,hard,제조일자·소비기한 동시;다양한 구분자;full_date,최종 날짜만 승인; OCR 주석 별도 검수
001194,,2021-02-11,,approved,hard,제조일자·소비기한 동시;다양한 구분자;full_date,최종 날짜만 승인; OCR 주석 별도 검수
001195,,2021-02-11,,approved,medium,두 자리 연도;full_date,최종 날짜만 승인; OCR 주석 별도 검수
001196,,2021-10-18,,approved,medium,두 자리 연도;full_date,최종 날짜만 승인; OCR 주석 별도 검수
001197,,2021-10-18,,approved,medium,다양한 구분자;full_date,최종 날짜만 승인; OCR 주석 별도 검수
001198,,2021-10-10,,approved,medium,다양한 구분자;full_date,최종 날짜만 승인; OCR 주석 별도 검수
001199,,2021-10-10,,approved,medium,제조일자·소비기한 동시;full_date,최종 날짜만 승인; OCR 주석 별도 검수
001200,,2021-10-20,,approved,medium,제조일자·소비기한 동시;full_date,최종 날짜만 승인; OCR 주석 별도 검수
001201,,2021-10-20,,approved,easy,정상;full_date,최종 날짜만 승인; OCR 주석 별도 검수
001202,,2022-07-16,,approved,easy,정상;full_date,최종 날짜만 승인; OCR 주석 별도 검수
001203,,2022-07-16,,approved,hard,제조일자·소비기한 동시;다양한 구분자;full_date,최종 날짜만 승인; OCR 주석 별도 검수
001204,,2023-02-28,,approved,hard,제조일자·소비기한 동시;다양한 구분자;full_date,최종 날짜만 승인; OCR 주석 별도 검수
001205,,2023-02-28,,approved,hard,날짜 없음;반사·흐림·저대비;full_date,최종 날짜만 승인; OCR 주석 별도 검수
001206,,2021-05-NONE,,approved,hard,날짜 없음;반사·흐림·저대비;partial_date,최종 날짜만 승인; OCR 주석 별도 검수
001207,,2021-05-NONE,,approved,easy,정상;partial_date,최종 날짜만 승인; OCR 주석 별도 검수
001208,,2020-08-18,,approved,easy,정상;full_date,최종 날짜만 승인; OCR 주석 별도 검수
001209,,2020-08-18,,approved,hard,제조일자·소비기한 동시;full_date,최종 날짜만 승인; OCR 주석 별도 검수
001210,,2021-08-03,,approved,hard,제조일자·소비기한 동시;full_date,최종 날짜만 승인; OCR 주석 별도 검수
001211,,2021-08-03,,approved,easy,정상;full_date,최종 날짜만 승인; OCR 주석 별도 검수
001212,,2021-07-03,,approved,easy,정상;full_date,최종 날짜만 승인; OCR 주석 별도 검수
001213,,2021-07-03,,approved,easy,정상;full_date,최종 날짜만 승인; OCR 주석 별도 검수
001214,,2021-05-15,,approved,easy,정상;full_date,최종 날짜만 승인; OCR 주석 별도 검수
001215,,2021-05-15,,approved,medium,다양한 구분자;full_date,최종 날짜만 승인; OCR 주석 별도 검수
001216,,2021-06-13,,approved,medium,다양한 구분자;full_date,최종 날짜만 승인; OCR 주석 별도 검수
001217,,2021-06-13,,approved,easy,정상;full_date,최종 날짜만 승인; OCR 주석 별도 검수
001218,,2022-05-30,,approved,easy,정상;full_date,최종 날짜만 승인; OCR 주석 별도 검수
001219,,2022-05-30,,approved,easy,정상;full_date,최종 날짜만 승인; OCR 주석 별도 검수
001220,,2021-01-14,,approved,easy,정상;full_date,최종 날짜만 승인; OCR 주석 별도 검수
001221,,2021-01-14,,approved,easy,정상;full_date,최종 날짜만 승인; OCR 주석 별도 검수
001222,,2021-11-10,,approved,easy,정상;full_date,최종 날짜만 승인; OCR 주석 별도 검수
001223,,2021-11-10,,approved,hard,제조일자·소비기한 동시;다양한 구분자;full_date,최종 날짜만 승인; OCR 주석 별도 검수
001224,,2021-04-11,,approved,hard,제조일자·소비기한 동시;다양한 구분자;full_date,최종 날짜만 승인; OCR 주석 별도 검수
001225,,2021-04-11,,approved,medium,제조일자·소비기한 동시;full_date,최종 날짜만 승인; OCR 주석 별도 검수
001226,,2022-06-27,,approved,medium,제조일자·소비기한 동시;full_date,최종 날짜만 승인; OCR 주석 별도 검수
001227,,2022-06-27,,approved,medium,제조일자·소비기한 동시;두 자리 연도;full_date,최종 날짜만 승인; OCR 주석 별도 검수
001228,,2022-01-11,,approved,medium,두 자리 연도;다양한 구분자;full_date,최종 날짜만 승인; OCR 주석 별도 검수
001229,,2022-01-11,,approved,medium,제조일자·소비기한 동시;full_date,최종 날짜만 승인; OCR 주석 별도 검수
001230,,2021-10-28,,approved,medium,제조일자·소비기한 동시;full_date,최종 날짜만 승인; OCR 주석 별도 검수
001231,,2021-10-28,,approved,hard,날짜 없음;반사·흐림·저대비;full_date,최종 날짜만 승인; OCR 주석 별도 검수
001232,,2021-05-05,,approved,medium,두 자리 연도;full_date,최종 날짜만 승인; OCR 주석 별도 검수
001233,,2021-05-05,,approved,easy,정상;full_date,최종 날짜만 승인; OCR 주석 별도 검수
001234,,2021-03-09,,approved,easy,정상;full_date,최종 날짜만 승인; OCR 주석 별도 검수
001235,,2021-03-09,,approved,medium,두 자리 연도;full_date,최종 날짜만 승인; OCR 주석 별도 검수
001236,,2020-09-26,,approved,hard,날짜 없음;반사·흐림·저대비;full_date,최종 날짜만 승인; OCR 주석 별도 검수
001237,,NONE-01-28,,approved,hard,날짜 없음;반사·흐림·저대비;partial_date,최종 날짜만 승인; OCR 주석 별도 검수
001238,,NONE-01-28,,approved,hard,날짜 없음;반사·흐림·저대비;partial_date,최종 날짜만 승인; OCR 주석 별도 검수
001239,,NONE-01-31,,approved,easy,정상;partial_date,최종 날짜만 승인; OCR 주석 별도 검수
001240,,2020-12-19,,approved,easy,정상;full_date,최종 날짜만 승인; OCR 주석 별도 검수
001241,,2020-12-19,,approved,easy,정상;full_date,최종 날짜만 승인; OCR 주석 별도 검수
001242,,2022-06-13,,approved,easy,정상;full_date,최종 날짜만 승인; OCR 주석 별도 검수
001243,,2022-06-13,,approved,hard,제조일자·소비기한 동시;다양한 구분자;full_date,최종 날짜만 승인; OCR 주석 별도 검수
001244,,2023-12-31,,approved,hard,제조일자·소비기한 동시;다양한 구분자;full_date,최종 날짜만 승인; OCR 주석 별도 검수
001245,,2023-12-31,,approved,easy,정상;full_date,최종 날짜만 승인; OCR 주석 별도 검수
001246,,2021-11-01,,approved,medium,제조일자·소비기한 동시;두 자리 연도;full_date,최종 날짜만 승인; OCR 주석 별도 검수
001247,,2022-01-19,,approved,medium,두 자리 연도;full_date,최종 날짜만 승인; OCR 주석 별도 검수
001248,,2022-01-19,,approved,medium,다양한 구분자;full_date,최종 날짜만 승인; OCR 주석 별도 검수
001249,,2021-07-15,,approved,medium,다양한 구분자;full_date,최종 날짜만 승인; OCR 주석 별도 검수
001250,,2021-07-15,,approved,medium,제조일자·소비기한 동시;두 자리 연도;full_date,최종 날짜만 승인; OCR 주석 별도 검수
001251,,2021-04-11,,approved,medium,제조일자·소비기한 동시;두 자리 연도;full_date,최종 날짜만 승인; OCR 주석 별도 검수
001252,,2021-04-11,,approved,easy,정상;full_date,최종 날짜만 승인; OCR 주석 별도 검수
001253,,2021-08-19,,approved,easy,정상;full_date,최종 날짜만 승인; OCR 주석 별도 검수
001254,,2021-08-19,,approved,easy,정상;full_date,최종 날짜만 승인; OCR 주석 별도 검수
001255,,2019-09-13,,approved,easy,정상;full_date,최종 날짜만 승인; OCR 주석 별도 검수
001256,,2019-09-13,,approved,medium,다양한 구분자;full_date,최종 날짜만 승인; OCR 주석 별도 검수
001257,,2023-07-03,,approved,medium,다양한 구분자;full_date,최종 날짜만 승인; OCR 주석 별도 검수
001258,,2023-07-03,,approved,medium,다양한 구분자;full_date,최종 날짜만 승인; OCR 주석 별도 검수
001259,,2022-03-15,,approved,hard,제조일자·소비기한 동시;다양한 구분자;full_date,최종 날짜만 승인; OCR 주석 별도 검수
001260,,2021-08-30,,approved,hard,제조일자·소비기한 동시;다양한 구분자;full_date,최종 날짜만 승인; OCR 주석 별도 검수
001261,,2021-08-30,,approved,hard,날짜 없음;반사·흐림·저대비;full_date,최종 날짜만 승인; OCR 주석 별도 검수
001262,,2021-03-25,,approved,hard,날짜 없음;반사·흐림·저대비;full_date,최종 날짜만 승인; OCR 주석 별도 검수
001263,,2021-03-25,,approved,easy,정상;full_date,최종 날짜만 승인; OCR 주석 별도 검수
001264,,2022-12-03,,approved,easy,정상;full_date,최종 날짜만 승인; OCR 주석 별도 검수
001265,,2022-12-03,,approved,medium,두 자리 연도;다양한 구분자;full_date,최종 날짜만 승인; OCR 주석 별도 검수
001266,,2022-06-NONE,,approved,hard,날짜 없음;반사·흐림·저대비;partial_date,최종 날짜만 승인; OCR 주석 별도 검수
001267,,2022-06-NONE,,approved,easy,정상;partial_date,최종 날짜만 승인; OCR 주석 별도 검수
001268,,2022-09-05,,approved,easy,정상;full_date,최종 날짜만 승인; OCR 주석 별도 검수
001269,,2022-09-05,,approved,hard,제조일자·소비기한 동시;다양한 구분자;full_date,최종 날짜만 승인; OCR 주석 별도 검수
001270,,2021-10-11,,approved,hard,제조일자·소비기한 동시;다양한 구분자;full_date,최종 날짜만 승인; OCR 주석 별도 검수
001271,,2021-10-11,,approved,medium,다양한 구분자;full_date,최종 날짜만 승인; OCR 주석 별도 검수
001272,,2023-07-08,,approved,medium,다양한 구분자;full_date,최종 날짜만 승인; OCR 주석 별도 검수
001273,,2023-07-08,,approved,hard,제조일자·소비기한 동시;다양한 구분자;full_date,최종 날짜만 승인; OCR 주석 별도 검수
001274,,2022-06-17,,approved,hard,제조일자·소비기한 동시;다양한 구분자;full_date,최종 날짜만 승인; OCR 주석 별도 검수
001275,,2022-06-17,,approved,medium,제조일자·소비기한 동시;full_date,최종 날짜만 승인; OCR 주석 별도 검수
001276,,2021-11-07,,approved,easy,정상;full_date,최종 날짜만 승인; OCR 주석 별도 검수
001277,,2021-11-04,,approved,easy,정상;full_date,최종 날짜만 승인; OCR 주석 별도 검수
001278,,2021-11-04,,approved,hard,제조일자·소비기한 동시;다양한 구분자;full_date,최종 날짜만 승인; OCR 주석 별도 검수
001279,,2022-01-03,,approved,medium,다양한 구분자;full_date,최종 날짜만 승인; OCR 주석 별도 검수
001280,,2022-10-09,,approved,medium,다양한 구분자;full_date,최종 날짜만 승인; OCR 주석 별도 검수
001281,,2022-10-09,,approved,medium,두 자리 연도;다양한 구분자;full_date,최종 날짜만 승인; OCR 주석 별도 검수
001282,,2025-08-05,,approved,hard,제조일자·소비기한 동시;다양한 구분자;full_date,최종 날짜만 승인; OCR 주석 별도 검수
001283,,2025-04-01,,approved,medium,다양한 구분자;full_date,최종 날짜만 승인; OCR 주석 별도 검수
001284,,2022-04-23,,approved,medium,다양한 구분자;full_date,최종 날짜만 승인; OCR 주석 별도 검수
001285,,2022-04-23,,approved,hard,제조일자·소비기한 동시;다양한 구분자;full_date,최종 날짜만 승인; OCR 주석 별도 검수
001286,,2022-11-21,,approved,hard,제조일자·소비기한 동시;다양한 구분자;full_date,최종 날짜만 승인; OCR 주석 별도 검수
001287,,2022-11-21,,approved,hard,두 자리 연도;다양한 구분자;반사·흐림·저대비;full_date,최종 날짜만 승인; OCR 주석 별도 검수
001288,,2023-10-01,,approved,easy,정상;full_date,최종 날짜만 승인; OCR 주석 별도 검수
001289,,2023-05-22,,approved,medium,두 자리 연도;다양한 구분자;full_date,최종 날짜만 승인; OCR 주석 별도 검수
001290,,2024-11-21,,approved,medium,두 자리 연도;다양한 구분자;full_date,최종 날짜만 승인; OCR 주석 별도 검수
001291,,2024-11-21,,approved,medium,제조일자·소비기한 동시;다양한 구분자;full_date,최종 날짜만 승인; OCR 주석 별도 검수
001292,,2022-11-05,,approved,medium,제조일자·소비기한 동시;다양한 구분자;full_date,최종 날짜만 승인; OCR 주석 별도 검수
001293,,2022-11-05,,approved,medium,다양한 구분자;full_date,최종 날짜만 승인; OCR 주석 별도 검수
001294,,2020-09-21,,approved,medium,두 자리 연도;다양한 구분자;full_date,최종 날짜만 승인; OCR 주석 별도 검수
001295,,2021-11-NONE,,approved,medium,두 자리 연도;다양한 구분자;partial_date,최종 날짜만 승인; OCR 주석 별도 검수
001296,,2021-11-NONE,,approved,hard,두 자리 연도;다양한 구분자;반사·흐림·저대비;partial_date,최종 날짜만 승인; OCR 주석 별도 검수
001297,,2023-11-NONE,,approved,hard,두 자리 연도;다양한 구분자;반사·흐림·저대비;partial_date,최종 날짜만 승인; OCR 주석 별도 검수
001298,,2023-11-NONE,,approved,hard,제조일자·소비기한 동시;다양한 구분자;partial_date,최종 날짜만 승인; OCR 주석 별도 검수
001299,,2021-06-24,,approved,easy,정상;full_date,최종 날짜만 승인; OCR 주석 별도 검수
001300,,2021-07-28,,approved,easy,정상;full_date,최종 날짜만 승인; OCR 주석 별도 검수
001301,,2021-07-28,,approved,medium,제조일자·소비기한 동시;두 자리 연도;full_date,최종 날짜만 승인; OCR 주석 별도 검수
001302,,2021-11-29,,approved,medium,제조일자·소비기한 동시;두 자리 연도;full_date,최종 날짜만 승인; OCR 주석 별도 검수
001303,,2021-11-29,,approved,hard,제조일자·소비기한 동시;다양한 구분자;full_date,최종 날짜만 승인; OCR 주석 별도 검수
001304,,2021-09-14,,approved,easy,정상;full_date,최종 날짜만 승인; OCR 주석 별도 검수
001305,,2021-04-12,,approved,easy,정상;full_date,최종 날짜만 승인; OCR 주석 별도 검수
001306,,2021-04-12,,approved,easy,정상;full_date,최종 날짜만 승인; OCR 주석 별도 검수
001307,,2021-07-19,,approved,hard,제조일자·소비기한 동시;다양한 구분자;full_date,최종 날짜만 승인; OCR 주석 별도 검수
001308,,2022-11-06,,approved,hard,제조일자·소비기한 동시;다양한 구분자;full_date,최종 날짜만 승인; OCR 주석 별도 검수
001309,,2022-11-06,,approved,medium,두 자리 연도;다양한 구분자;full_date,최종 날짜만 승인; OCR 주석 별도 검수
001310,,2021-04-30,,approved,medium,두 자리 연도;다양한 구분자;full_date,최종 날짜만 승인; OCR 주석 별도 검수
001311,,2021-04-30,,approved,medium,다양한 구분자;full_date,최종 날짜만 승인; OCR 주석 별도 검수
001312,,2022-10-20,,approved,medium,다양한 구분자;full_date,최종 날짜만 승인; OCR 주석 별도 검수
001313,,2022-10-20,,approved,easy,정상;full_date,최종 날짜만 승인; OCR 주석 별도 검수
001314,,2022-01-15,,approved,easy,정상;full_date,최종 날짜만 승인; OCR 주석 별도 검수
001315,,2022-01-15,,approved,easy,정상;full_date,최종 날짜만 승인; OCR 주석 별도 검수
001316,,2021-12-09,,approved,easy,정상;full_date,최종 날짜만 승인; OCR 주석 별도 검수
001317,,2021-12-09,,approved,hard,제조일자·소비기한 동시;다양한 구분자;full_date,최종 날짜만 승인; OCR 주석 별도 검수
001318,,2022-12-07,,approved,hard,제조일자·소비기한 동시;다양한 구분자;full_date,최종 날짜만 승인; OCR 주석 별도 검수
001319,,2022-12-07,,approved,hard,제조일자·소비기한 동시;다양한 구분자;full_date,최종 날짜만 승인; OCR 주석 별도 검수
001320,,2021-11-22,,approved,hard,제조일자·소비기한 동시;다양한 구분자;full_date,최종 날짜만 승인; OCR 주석 별도 검수
001321,,2021-11-22,,approved,easy,정상;full_date,최종 날짜만 승인; OCR 주석 별도 검수
001322,,2022-02-15,,approved,easy,정상;full_date,최종 날짜만 승인; OCR 주석 별도 검수
001323,,2022-02-15,,approved,hard,제조일자·소비기한 동시;다양한 구분자;full_date,최종 날짜만 승인; OCR 주석 별도 검수
001324,,2023-07-09,,approved,hard,제조일자·소비기한 동시;다양한 구분자;full_date,최종 날짜만 승인; OCR 주석 별도 검수
001325,,2023-07-09,,approved,medium,두 자리 연도;다양한 구분자;full_date,최종 날짜만 승인; OCR 주석 별도 검수
001326,,2021-07-22,,approved,easy,정상;full_date,최종 날짜만 승인; OCR 주석 별도 검수
001327,,2021-07-19,,approved,easy,정상;full_date,최종 날짜만 승인; OCR 주석 별도 검수
001328,,2021-07-19,,approved,easy,정상;full_date,최종 날짜만 승인; OCR 주석 별도 검수
001329,,2021-06-26,,approved,easy,정상;full_date,최종 날짜만 승인; OCR 주석 별도 검수
001330,,2021-06-26,,approved,easy,정상;full_date,최종 날짜만 승인; OCR 주석 별도 검수
001331,,NONE,,approved,easy,정상;no_expiry,최종 날짜만 승인; OCR 주석 별도 검수
001332,,2021-04-19,,approved,hard,두 자리 연도;다양한 구분자;반사·흐림·저대비;full_date,최종 날짜만 승인; OCR 주석 별도 검수
001333,,2021-12-NONE,,approved,hard,두 자리 연도;다양한 구분자;반사·흐림·저대비;partial_date,최종 날짜만 승인; OCR 주석 별도 검수
001334,,2021-12-NONE,,approved,hard,제조일자·소비기한 동시;다양한 구분자;partial_date,최종 날짜만 승인; OCR 주석 별도 검수
001335,,2021-10-26,,approved,hard,제조일자·소비기한 동시;다양한 구분자;full_date,최종 날짜만 승인; OCR 주석 별도 검수
001336,,2021-10-26,,approved,medium,두 자리 연도;다양한 구분자;full_date,최종 날짜만 승인; OCR 주석 별도 검수
001337,,2021-07-04,,approved,medium,두 자리 연도;다양한 구분자;full_date,최종 날짜만 승인; OCR 주석 별도 검수
001338,,2021-07-04,,approved,hard,제조일자·소비기한 동시;full_date,최종 날짜만 승인; OCR 주석 별도 검수
001339,,2021-06-08,,approved,hard,제조일자·소비기한 동시;full_date,최종 날짜만 승인; OCR 주석 별도 검수
001340,,2021-06-08,,approved,hard,제조일자·소비기한 동시;다양한 구분자;full_date,최종 날짜만 승인; OCR 주석 별도 검수
001341,,2021-11-25,,approved,hard,제조일자·소비기한 동시;다양한 구분자;full_date,최종 날짜만 승인; OCR 주석 별도 검수
001342,,2021-11-25,,approved,medium,다양한 구분자;full_date,최종 날짜만 승인; OCR 주석 별도 검수
001343,,2021-09-10,,approved,medium,다양한 구분자;full_date,최종 날짜만 승인; OCR 주석 별도 검수
001344,,2021-09-10,,approved,medium,제조일자·소비기한 동시;다양한 구분자;반사·흐림·저대비;full_date,최종 날짜만 승인; OCR 주석 별도 검수
001345,,2021-08-10,,approved,hard,제조일자·소비기한 동시;다양한 구분자;full_date,최종 날짜만 승인; OCR 주석 별도 검수
001346,,2021-08-27,,approved,medium,다양한 구분자;full_date,최종 날짜만 승인; OCR 주석 별도 검수
001347,,2021-08-27,,approved,medium,다양한 구분자;full_date,최종 날짜만 승인; OCR 주석 별도 검수
001348,,2021-10-31,,approved,medium,다양한 구분자;full_date,최종 날짜만 승인; OCR 주석 별도 검수
001349,,2021-10-31,,approved,hard,제조일자·소비기한 동시;full_date,최종 날짜만 승인; OCR 주석 별도 검수
001350,,2021-08-21,,approved,hard,제조일자·소비기한 동시;full_date,최종 날짜만 승인; OCR 주석 별도 검수
001351,,2021-08-21,,approved,hard,제조일자·소비기한 동시;full_date,최종 날짜만 승인; OCR 주석 별도 검수
001352,,2021-06-09,,approved,easy,정상;full_date,최종 날짜만 승인; OCR 주석 별도 검수
001353,,2022-06-27,,approved,easy,정상;full_date,최종 날짜만 승인; OCR 주석 별도 검수
001354,,2022-06-27,,approved,hard,제조일자·소비기한 동시;다양한 구분자;full_date,최종 날짜만 승인; OCR 주석 별도 검수
001355,,2022-07-06,,approved,easy,정상;full_date,최종 날짜만 승인; OCR 주석 별도 검수
001356,,2021-07-22,,approved,hard,두 자리 연도;다양한 구분자;반사·흐림·저대비;full_date,최종 날짜만 승인; OCR 주석 별도 검수
001357,,2022-08-NONE,,approved,hard,두 자리 연도;다양한 구분자;반사·흐림·저대비;partial_date,최종 날짜만 승인; OCR 주석 별도 검수
001358,,2022-08-NONE,,approved,hard,두 자리 연도;다양한 구분자;반사·흐림·저대비;partial_date,최종 날짜만 승인; OCR 주석 별도 검수
001359,,2020-12-NONE,,approved,hard,두 자리 연도;다양한 구분자;반사·흐림·저대비;partial_date,최종 날짜만 승인; OCR 주석 별도 검수
001360,,2020-12-NONE,,approved,medium,두 자리 연도;partial_date,최종 날짜만 승인; OCR 주석 별도 검수
001361,,2021-09-02,,approved,hard,날짜 없음;반사·흐림·저대비;full_date,최종 날짜만 승인; OCR 주석 별도 검수
001362,,2021-09-02,,approved,medium,제조일자·소비기한 동시;full_date,최종 날짜만 승인; OCR 주석 별도 검수
001363,,2021-10-13,,approved,medium,제조일자·소비기한 동시;full_date,최종 날짜만 승인; OCR 주석 별도 검수
001364,,2021-10-13,,approved,hard,날짜 없음;반사·흐림·저대비;full_date,최종 날짜만 승인; OCR 주석 별도 검수
001365,,2021-02-NONE,,approved,easy,정상;partial_date,최종 날짜만 승인; OCR 주석 별도 검수
001366,,2022-11-01,,approved,hard,제조일자·소비기한 동시;full_date,최종 날짜만 승인; OCR 주석 별도 검수
001367,,2021-06-29,,approved,hard,제조일자·소비기한 동시;full_date,최종 날짜만 승인; OCR 주석 별도 검수
001368,,2021-06-29,,approved,hard,날짜 없음;반사·흐림·저대비;full_date,최종 날짜만 승인; OCR 주석 별도 검수
001369,,2021-08-19,,approved,medium,두 자리 연도;full_date,최종 날짜만 승인; OCR 주석 별도 검수
001370,,2025-09-21,,approved,easy,정상;full_date,최종 날짜만 승인; OCR 주석 별도 검수
001371,,2021-12-03,,approved,medium,다양한 구분자;full_date,최종 날짜만 승인; OCR 주석 별도 검수
001372,,2022-04-27,,approved,hard,제조일자·소비기한 동시;full_date,최종 날짜만 승인; OCR 주석 별도 검수
001373,,2022-03-07,,approved,hard,제조일자·소비기한 동시;full_date,최종 날짜만 승인; OCR 주석 별도 검수
001374,,2022-03-07,,approved,hard,날짜 없음;반사·흐림·저대비;full_date,최종 날짜만 승인; OCR 주석 별도 검수
001375,,2022-05-NONE,,approved,hard,날짜 없음;반사·흐림·저대비;partial_date,최종 날짜만 승인; OCR 주석 별도 검수
001376,,2022-05-NONE,,approved,medium,다양한 구분자;partial_date,최종 날짜만 승인; OCR 주석 별도 검수
001377,,2021-12-02,,approved,medium,다양한 구분자;full_date,최종 날짜만 승인; OCR 주석 별도 검수
001378,,2021-12-02,,approved,easy,정상;full_date,최종 날짜만 승인; OCR 주석 별도 검수
001379,,2021-01-22,,approved,easy,정상;full_date,최종 날짜만 승인; OCR 주석 별도 검수
001380,,2021-01-22,,approved,hard,날짜 없음;반사·흐림·저대비;full_date,최종 날짜만 승인; OCR 주석 별도 검수
001381,,2021-04-09,,approved,easy,정상;full_date,최종 날짜만 승인; OCR 주석 별도 검수
001382,,2021-04-09,,approved,easy,정상;full_date,최종 날짜만 승인; OCR 주석 별도 검수
001383,,2023-01-05,,approved,easy,정상;full_date,최종 날짜만 승인; OCR 주석 별도 검수
001384,,2023-01-05,,approved,hard,날짜 없음;반사·흐림·저대비;full_date,최종 날짜만 승인; OCR 주석 별도 검수
001385,,2018-09-NONE,,approved,hard,두 자리 연도;다양한 구분자;반사·흐림·저대비;partial_date,최종 날짜만 승인; OCR 주석 별도 검수
001386,,2018-09-NONE,,approved,easy,정상;partial_date,최종 날짜만 승인; OCR 주석 별도 검수
001387,,2022-04-25,,approved,hard,두 자리 연도;다양한 구분자;반사·흐림·저대비;full_date,최종 날짜만 승인; OCR 주석 별도 검수
001388,,2021-07-17,,approved,hard,두 자리 연도;다양한 구분자;반사·흐림·저대비;full_date,최종 날짜만 승인; OCR 주석 별도 검수
001389,,2021-07-17,,approved,easy,정상;full_date,최종 날짜만 승인; OCR 주석 별도 검수
001390,,2021-06-20,,approved,easy,정상;full_date,최종 날짜만 승인; OCR 주석 별도 검수
001391,,2021-06-20,,approved,easy,정상;full_date,최종 날짜만 승인; OCR 주석 별도 검수
001392,,2021-02-25,,approved,easy,정상;full_date,최종 날짜만 승인; OCR 주석 별도 검수
001393,,2021-02-25,,approved,hard,제조일자·소비기한 동시;다양한 구분자;full_date,최종 날짜만 승인; OCR 주석 별도 검수
001394,,2022-07-14,,approved,medium,반사·흐림·저대비;full_date,최종 날짜만 승인; OCR 주석 별도 검수
001395,,2021-09-01,,approved,easy,정상;full_date,최종 날짜만 승인; OCR 주석 별도 검수
001396,,2021-09-01,,approved,easy,정상;full_date,최종 날짜만 승인; OCR 주석 별도 검수
001397,,2022-11-01,,approved,easy,정상;full_date,최종 날짜만 승인; OCR 주석 별도 검수
001398,,2022-11-01,,approved,medium,두 자리 연도;다양한 구분자;full_date,최종 날짜만 승인; OCR 주석 별도 검수
001399,,2021-07-23,,approved,medium,두 자리 연도;다양한 구분자;full_date,최종 날짜만 승인; OCR 주석 별도 검수
001400,,2021-07-23,,approved,hard,날짜 없음;반사·흐림·저대비;full_date,최종 날짜만 승인; OCR 주석 별도 검수
001401,,2022-01-29,,approved,hard,두 자리 연도;다양한 구분자;반사·흐림·저대비;full_date,최종 날짜만 승인; OCR 주석 별도 검수
001402,,2022-01-29,,approved,easy,정상;full_date,최종 날짜만 승인; OCR 주석 별도 검수
001403,,2020-09-29,,approved,hard,날짜 없음;반사·흐림·저대비;full_date,최종 날짜만 승인; OCR 주석 별도 검수
001404,,2020-09-29,,approved,easy,정상;full_date,최종 날짜만 승인; OCR 주석 별도 검수
001405,,2021-01-27,,approved,easy,정상;full_date,최종 날짜만 승인; OCR 주석 별도 검수
001406,,2021-07-31,,approved,medium,두 자리 연도;다양한 구분자;full_date,최종 날짜만 승인; OCR 주석 별도 검수
001407,,2021-07-31,,approved,medium,두 자리 연도;다양한 구분자;full_date,최종 날짜만 승인; OCR 주석 별도 검수
001408,,2021-12-16,,approved,medium,두 자리 연도;full_date,최종 날짜만 승인; OCR 주석 별도 검수
001409,,2021-12-16,,approved,medium,두 자리 연도;full_date,최종 날짜만 승인; OCR 주석 별도 검수
001410,,2021-05-25,,approved,hard,두 자리 연도;다양한 구분자;반사·흐림·저대비;full_date,최종 날짜만 승인; OCR 주석 별도 검수
001411,,2022-09-06,,approved,easy,정상;full_date,최종 날짜만 승인; OCR 주석 별도 검수
001412,,2022-09-06,,approved,easy,정상;full_date,최종 날짜만 승인; OCR 주석 별도 검수
001413,,2021-07-23,,approved,medium,제조일자·소비기한 동시;두 자리 연도;full_date,최종 날짜만 승인; OCR 주석 별도 검수
001414,,2021-07-23,,approved,medium,두 자리 연도;다양한 구분자;반사·흐림·저대비;full_date,최종 날짜만 승인; OCR 주석 별도 검수
001415,,2022-04-20,,approved,easy,정상;full_date,최종 날짜만 승인; OCR 주석 별도 검수
001416,,2021-11-05,,approved,easy,정상;full_date,최종 날짜만 승인; OCR 주석 별도 검수
001417,,2021-11-05,,approved,easy,정상;full_date,최종 날짜만 승인; OCR 주석 별도 검수
001418,,2021-07-18,,approved,easy,정상;full_date,최종 날짜만 승인; OCR 주석 별도 검수
001419,,2021-07-18,,approved,easy,정상;full_date,최종 날짜만 승인; OCR 주석 별도 검수
001420,,2021-07-01,,approved,medium,다양한 구분자;full_date,최종 날짜만 승인; OCR 주석 별도 검수
001421,,2021-07-01,,approved,medium,다양한 구분자;full_date,최종 날짜만 승인; OCR 주석 별도 검수
001422,,2021-11-NONE,,approved,medium,두 자리 연도;다양한 구분자;partial_date,최종 날짜만 승인; OCR 주석 별도 검수
001423,,2021-11-NONE,,approved,medium,두 자리 연도;다양한 구분자;partial_date,최종 날짜만 승인; OCR 주석 별도 검수
001424,,2021-06-22,,approved,hard,제조일자·소비기한 동시;full_date,최종 날짜만 승인; OCR 주석 별도 검수
001425,,2021-06-22,,approved,hard,제조일자·소비기한 동시;full_date,최종 날짜만 승인; OCR 주석 별도 검수
001426,,2020-04-17,,approved,easy,정상;full_date,최종 날짜만 승인; OCR 주석 별도 검수
001427,,2020-08-12,,approved,easy,정상;full_date,최종 날짜만 승인; OCR 주석 별도 검수
001428,,2020-08-12,,approved,easy,정상;full_date,최종 날짜만 승인; OCR 주석 별도 검수
001429,,2021-01-23,,approved,easy,정상;full_date,최종 날짜만 승인; OCR 주석 별도 검수
001430,,2021-01-23,,approved,easy,정상;full_date,최종 날짜만 승인; OCR 주석 별도 검수
001431,,2021-08-19,,approved,hard,두 자리 연도;다양한 구분자;반사·흐림·저대비;full_date,최종 날짜만 승인; OCR 주석 별도 검수
001432,,2021-09-29,,approved,easy,정상;full_date,최종 날짜만 승인; OCR 주석 별도 검수
001433,,2021-09-29,,approved,easy,정상;full_date,최종 날짜만 승인; OCR 주석 별도 검수
001434,,2021-10-04,,approved,easy,정상;full_date,최종 날짜만 승인; OCR 주석 별도 검수
001435,,2021-10-04,,approved,easy,정상;full_date,최종 날짜만 승인; OCR 주석 별도 검수
001436,,2021-09-20,,approved,easy,정상;full_date,최종 날짜만 승인; OCR 주석 별도 검수
001437,,2021-08-29,,approved,easy,정상;full_date,최종 날짜만 승인; OCR 주석 별도 검수
001438,,2021-08-29,,approved,easy,정상;full_date,최종 날짜만 승인; OCR 주석 별도 검수
001439,,2021-09-03,,approved,easy,정상;full_date,최종 날짜만 승인; OCR 주석 별도 검수
001440,,2021-09-03,,approved,easy,정상;full_date,최종 날짜만 승인; OCR 주석 별도 검수
001441,,2021-06-24,,approved,easy,정상;full_date,최종 날짜만 승인; OCR 주석 별도 검수
001442,,2021-06-24,,approved,easy,정상;full_date,최종 날짜만 승인; OCR 주석 별도 검수
001443,,2021-09-06,,approved,easy,정상;full_date,최종 날짜만 승인; OCR 주석 별도 검수
001444,,2021-09-06,,approved,easy,정상;full_date,최종 날짜만 승인; OCR 주석 별도 검수
001445,,2021-10-28,,approved,easy,정상;full_date,최종 날짜만 승인; OCR 주석 별도 검수
001446,,2021-10-28,,approved,easy,정상;full_date,최종 날짜만 승인; OCR 주석 별도 검수
001447,,2022-07-22,,approved,easy,정상;full_date,최종 날짜만 승인; OCR 주석 별도 검수
001448,,2022-07-22,,approved,easy,정상;full_date,최종 날짜만 승인; OCR 주석 별도 검수
001449,,2022-10-28,,approved,easy,정상;full_date,최종 날짜만 승인; OCR 주석 별도 검수
001450,,2022-04-26,,approved,easy,정상;full_date,최종 날짜만 승인; OCR 주석 별도 검수
001451,,2022-04-26,,approved,easy,정상;full_date,최종 날짜만 승인; OCR 주석 별도 검수
001452,,2022-09-13,,approved,easy,정상;full_date,최종 날짜만 승인; OCR 주석 별도 검수
001453,,2022-09-13,,approved,easy,정상;full_date,최종 날짜만 승인; OCR 주석 별도 검수
001454,,2022-04-02,,approved,easy,정상;full_date,최종 날짜만 승인; OCR 주석 별도 검수
001455,,2022-04-02,,approved,easy,정상;full_date,최종 날짜만 승인; OCR 주석 별도 검수
001456,,2022-06-28,,approved,easy,정상;full_date,최종 날짜만 승인; OCR 주석 별도 검수
001457,,2022-06-28,,approved,easy,정상;full_date,최종 날짜만 승인; OCR 주석 별도 검수
001458,,2022-10-29,,approved,easy,정상;full_date,최종 날짜만 승인; OCR 주석 별도 검수
001459,,2022-10-29,,approved,easy,정상;full_date,최종 날짜만 승인; OCR 주석 별도 검수
001460,,2022-11-18,,approved,easy,정상;full_date,최종 날짜만 승인; OCR 주석 별도 검수
001461,,2022-01-20,,approved,easy,정상;full_date,최종 날짜만 승인; OCR 주석 별도 검수
001462,,2021-11-17,,approved,easy,정상;full_date,최종 날짜만 승인; OCR 주석 별도 검수
001463,,2021-11-17,,approved,hard,날짜 없음;반사·흐림·저대비;full_date,최종 날짜만 승인; OCR 주석 별도 검수
001464,,2022-11-18,,approved,easy,정상;full_date,최종 날짜만 승인; OCR 주석 별도 검수
001465,,2022-11-18,,approved,medium,제조일자·소비기한 동시;full_date,최종 날짜만 승인; OCR 주석 별도 검수
001466,,2020-11-03,,approved,easy,정상;full_date,최종 날짜만 승인; OCR 주석 별도 검수
001467,,2020-11-03,,approved,easy,정상;full_date,최종 날짜만 승인; OCR 주석 별도 검수
001468,,2022-12-03,,approved,easy,정상;full_date,최종 날짜만 승인; OCR 주석 별도 검수
001469,,2022-12-03,,approved,easy,정상;full_date,최종 날짜만 승인; OCR 주석 별도 검수
001470,,2021-12-29,,approved,easy,정상;full_date,최종 날짜만 승인; OCR 주석 별도 검수
001471,,2021-12-29,,approved,easy,정상;full_date,최종 날짜만 승인; OCR 주석 별도 검수
001472,,2022-02-17,,approved,easy,정상;full_date,최종 날짜만 승인; OCR 주석 별도 검수
001473,,2022-02-17,,approved,easy,정상;full_date,최종 날짜만 승인; OCR 주석 별도 검수
001474,,2022-07-10,,approved,easy,정상;full_date,최종 날짜만 승인; OCR 주석 별도 검수
001475,,2022-07-10,,approved,easy,정상;full_date,최종 날짜만 승인; OCR 주석 별도 검수
001476,,2022-05-10,,approved,medium,두 자리 연도;full_date,최종 날짜만 승인; OCR 주석 별도 검수
001477,,2022-05-10,,approved,hard,날짜 없음;반사·흐림·저대비;full_date,최종 날짜만 승인; OCR 주석 별도 검수
001478,,2022-08-27,,approved,easy,정상;full_date,최종 날짜만 승인; OCR 주석 별도 검수
001479,,2022-08-27,,approved,easy,정상;full_date,최종 날짜만 승인; OCR 주석 별도 검수
001480,,2020-12-18,,approved,easy,정상;full_date,최종 날짜만 승인; OCR 주석 별도 검수
001481,,NONE-01-31,,approved,hard,날짜 없음;반사·흐림·저대비;partial_date,최종 날짜만 승인; OCR 주석 별도 검수
001482,,NONE-01-31,,approved,hard,날짜 없음;반사·흐림·저대비;partial_date,최종 날짜만 승인; OCR 주석 별도 검수
001483,,2021-02-06,,approved,medium,두 자리 연도;다양한 구분자;full_date,최종 날짜만 승인; OCR 주석 별도 검수
001484,,2022-09-28,,approved,hard,제조일자·소비기한 동시;다양한 구분자;full_date,최종 날짜만 승인; OCR 주석 별도 검수
001485,,2022-09-28,,approved,hard,제조일자·소비기한 동시;다양한 구분자;full_date,최종 날짜만 승인; OCR 주석 별도 검수
001486,,2022-12-08,,approved,hard,제조일자·소비기한 동시;full_date,최종 날짜만 승인; OCR 주석 별도 검수
001487,,2022-12-08,,approved,hard,제조일자·소비기한 동시;full_date,최종 날짜만 승인; OCR 주석 별도 검수
001488,,2021-07-12,,approved,easy,정상;full_date,최종 날짜만 승인; OCR 주석 별도 검수
001489,,2021-07-12,,approved,easy,정상;full_date,최종 날짜만 승인; OCR 주석 별도 검수
001490,,2021-08-06,,approved,medium,제조일자·소비기한 동시;full_date,최종 날짜만 승인; OCR 주석 별도 검수
001491,,2023-07-08,,approved,hard,두 자리 연도;다양한 구분자;반사·흐림·저대비;full_date,최종 날짜만 승인; OCR 주석 별도 검수
001492,,2023-07-08,,approved,hard,두 자리 연도;다양한 구분자;반사·흐림·저대비;full_date,최종 날짜만 승인; OCR 주석 별도 검수
001493,,2023-08-17,,approved,hard,제조일자·소비기한 동시;다양한 구분자;full_date,최종 날짜만 승인; OCR 주석 별도 검수
001494,,2023-08-17,,approved,medium,제조일자·소비기한 동시;두 자리 연도;다양한 구분자;full_date,최종 날짜만 승인; OCR 주석 별도 검수
001495,,2021-11-22,,approved,easy,정상;full_date,최종 날짜만 승인; OCR 주석 별도 검수
001496,,2022-09-18,,approved,easy,정상;full_date,최종 날짜만 승인; OCR 주석 별도 검수
001497,,2022-09-18,,approved,easy,정상;full_date,최종 날짜만 승인; OCR 주석 별도 검수
001498,,2021-06-30,,approved,medium,다양한 구분자;full_date,최종 날짜만 승인; OCR 주석 별도 검수
001499,,2021-06-30,,approved,medium,다양한 구분자;full_date,최종 날짜만 승인; OCR 주석 별도 검수
001500,,2021-09-23,,approved,easy,정상;full_date,최종 날짜만 승인; OCR 주석 별도 검수
001501,,2021-09-23,,approved,easy,정상;full_date,최종 날짜만 승인; OCR 주석 별도 검수
001502,,2021-06-24,,approved,easy,정상;full_date,최종 날짜만 승인; OCR 주석 별도 검수
001503,,2021-06-24,,approved,easy,정상;full_date,최종 날짜만 승인; OCR 주석 별도 검수
001504,,2021-01-27,,approved,easy,정상;full_date,최종 날짜만 승인; OCR 주석 별도 검수
001505,,2021-01-27,,approved,easy,정상;full_date,최종 날짜만 승인; OCR 주석 별도 검수
001506,,2021-02-19,,approved,easy,정상;full_date,최종 날짜만 승인; OCR 주석 별도 검수
001507,,2021-02-19,,approved,easy,정상;full_date,최종 날짜만 승인; OCR 주석 별도 검수
001508,,2021-10-19,,approved,medium,다양한 구분자;full_date,최종 날짜만 승인; OCR 주석 별도 검수
001509,,2021-10-19,,approved,medium,다양한 구분자;full_date,최종 날짜만 승인; OCR 주석 별도 검수
001510,,2023-12-01,,approved,easy,정상;full_date,최종 날짜만 승인; OCR 주석 별도 검수
001511,,2023-12-01,,approved,easy,정상;full_date,최종 날짜만 승인; OCR 주석 별도 검수
001512,,2018-05-16,,approved,easy,정상;full_date,최종 날짜만 승인; OCR 주석 별도 검수
001513,,2018-05-16,,approved,easy,정상;full_date,최종 날짜만 승인; OCR 주석 별도 검수
001514,,2022-08-16,,approved,easy,정상;full_date,최종 날짜만 승인; OCR 주석 별도 검수
001515,,2022-08-16,,approved,easy,정상;full_date,최종 날짜만 승인; OCR 주석 별도 검수
001516,,2021-11-19,,approved,easy,정상;full_date,최종 날짜만 승인; OCR 주석 별도 검수
001517,,2021-11-19,,approved,easy,정상;full_date,최종 날짜만 승인; OCR 주석 별도 검수
001518,,2022-12-07,,approved,easy,정상;full_date,최종 날짜만 승인; OCR 주석 별도 검수
001519,,2022-12-07,,approved,easy,정상;full_date,최종 날짜만 승인; OCR 주석 별도 검수
001520,,2021-07-08,,approved,easy,정상;full_date,최종 날짜만 승인; OCR 주석 별도 검수
001521,,2021-07-08,,approved,easy,정상;full_date,최종 날짜만 승인; OCR 주석 별도 검수
001522,,2021-06-14,,approved,medium,제조일자·소비기한 동시;full_date,최종 날짜만 승인; OCR 주석 별도 검수
001523,,2021-06-14,,approved,medium,다양한 구분자;반사·흐림·저대비;full_date,최종 날짜만 승인; OCR 주석 별도 검수
001524,,2021-06-25,,approved,hard,제조일자·소비기한 동시;두 자리 연도;다양한 구분자;반사·흐림·저대비;full_date,최종 날짜만 승인; OCR 주석 별도 검수
001525,,2021-06-25,,approved,hard,제조일자·소비기한 동시;두 자리 연도;다양한 구분자;반사·흐림·저대비;full_date,최종 날짜만 승인; OCR 주석 별도 검수
001526,,2021-01-21,,approved,easy,정상;full_date,최종 날짜만 승인; OCR 주석 별도 검수
001527,,2021-01-21,,approved,easy,정상;full_date,최종 날짜만 승인; OCR 주석 별도 검수
001528,,2021-06-25,,approved,easy,정상;full_date,최종 날짜만 승인; OCR 주석 별도 검수
001529,,2021-02-11,,approved,easy,정상;full_date,최종 날짜만 승인; OCR 주석 별도 검수
001530,,2021-02-11,,approved,easy,정상;full_date,최종 날짜만 승인; OCR 주석 별도 검수
001531,,2022-06-06,,approved,easy,정상;full_date,최종 날짜만 승인; OCR 주석 별도 검수
001532,,2022-06-21,,approved,easy,정상;full_date,최종 날짜만 승인; OCR 주석 별도 검수
001533,,2022-06-21,,approved,easy,정상;full_date,최종 날짜만 승인; OCR 주석 별도 검수
001534,,2022-07-11,,approved,easy,정상;full_date,최종 날짜만 승인; OCR 주석 별도 검수
001535,,2022-07-11,,approved,medium,다양한 구분자;full_date,최종 날짜만 승인; OCR 주석 별도 검수
001536,,2021-02-19,,approved,hard,제조일자·소비기한 동시;두 자리 연도;full_date,최종 날짜만 승인; OCR 주석 별도 검수
001537,,2021-02-19,,approved,hard,제조일자·소비기한 동시;두 자리 연도;full_date,최종 날짜만 승인; OCR 주석 별도 검수
001538,,2022-01-18,,approved,medium,두 자리 연도;full_date,최종 날짜만 승인; OCR 주석 별도 검수
001539,,2022-01-18,,approved,medium,두 자리 연도;full_date,최종 날짜만 승인; OCR 주석 별도 검수
001540,,2021-06-13,,approved,medium,제조일자·소비기한 동시;두 자리 연도;full_date,최종 날짜만 승인; OCR 주석 별도 검수
001541,,2021-06-13,,approved,hard,제조일자·소비기한 동시;두 자리 연도;다양한 구분자;반사·흐림·저대비;full_date,최종 날짜만 승인; OCR 주석 별도 검수
001542,,2022-01-22,,approved,medium,두 자리 연도;full_date,최종 날짜만 승인; OCR 주석 별도 검수
001543,,2022-01-22,,approved,medium,두 자리 연도;full_date,최종 날짜만 승인; OCR 주석 별도 검수
001544,,2021-08-02,,approved,easy,정상;full_date,최종 날짜만 승인; OCR 주석 별도 검수
001545,,2021-08-02,,approved,easy,정상;full_date,최종 날짜만 승인; OCR 주석 별도 검수
001546,,2021-07-04,,approved,hard,두 자리 연도;다양한 구분자;반사·흐림·저대비;full_date,최종 날짜만 승인; OCR 주석 별도 검수
001547,,2021-07-04,,approved,medium,두 자리 연도;full_date,최종 날짜만 승인; OCR 주석 별도 검수
001548,,2020-09-29,,approved,hard,제조일자·소비기한 동시;다양한 구분자;반사·흐림·저대비;full_date,최종 날짜만 승인; OCR 주석 별도 검수
001549,,2020-09-29,,approved,hard,제조일자·소비기한 동시;다양한 구분자;반사·흐림·저대비;full_date,최종 날짜만 승인; OCR 주석 별도 검수
001550,,2021-08-25,,approved,hard,두 자리 연도;다양한 구분자;반사·흐림·저대비;full_date,최종 날짜만 승인; OCR 주석 별도 검수
001551,,2021-09-10,,approved,hard,제조일자·소비기한 동시;다양한 구분자;full_date,최종 날짜만 승인; OCR 주석 별도 검수
001552,,NONE-02-19,,approved,hard,날짜 없음;반사·흐림·저대비;partial_date,최종 날짜만 승인; OCR 주석 별도 검수
001553,,NONE-02-19,,approved,hard,날짜 없음;반사·흐림·저대비;partial_date,최종 날짜만 승인; OCR 주석 별도 검수
001554,,2020-06-03,,approved,medium,다양한 구분자;full_date,최종 날짜만 승인; OCR 주석 별도 검수
001555,,2020-06-03,,approved,medium,다양한 구분자;full_date,최종 날짜만 승인; OCR 주석 별도 검수
001556,,2022-03-16,,approved,hard,제조일자·소비기한 동시;full_date,최종 날짜만 승인; OCR 주석 별도 검수
001557,,2022-03-16,,approved,hard,제조일자·소비기한 동시;full_date,최종 날짜만 승인; OCR 주석 별도 검수
001558,,2024-12-21,,approved,medium,두 자리 연도;다양한 구분자;full_date,최종 날짜만 승인; OCR 주석 별도 검수
001559,,2024-12-21,,approved,medium,두 자리 연도;다양한 구분자;full_date,최종 날짜만 승인; OCR 주석 별도 검수
001560,,2020-11-25,,approved,medium,다양한 구분자;full_date,최종 날짜만 승인; OCR 주석 별도 검수
001561,,2022-06-11,,approved,easy,정상;full_date,최종 날짜만 승인; OCR 주석 별도 검수
001562,,2022-06-11,,approved,easy,정상;full_date,최종 날짜만 승인; OCR 주석 별도 검수
001563,,2020-08-05,,approved,hard,날짜 없음;반사·흐림·저대비;full_date,최종 날짜만 승인; OCR 주석 별도 검수
001564,,2020-08-05,,approved,hard,날짜 없음;반사·흐림·저대비;full_date,최종 날짜만 승인; OCR 주석 별도 검수
001565,,2022-01-17,,approved,medium,두 자리 연도;full_date,최종 날짜만 승인; OCR 주석 별도 검수
001566,,2020-04-23,,approved,hard,제조일자·소비기한 동시;다양한 구분자;full_date,최종 날짜만 승인; OCR 주석 별도 검수
001567,,2020-04-23,,approved,hard,제조일자·소비기한 동시;다양한 구분자;full_date,최종 날짜만 승인; OCR 주석 별도 검수
001568,,2021-03-09,,approved,easy,정상;full_date,최종 날짜만 승인; OCR 주석 별도 검수
001569,,2021-11-30,,approved,medium,두 자리 연도;full_date,최종 날짜만 승인; OCR 주석 별도 검수
001570,,2021-11-30,,approved,medium,두 자리 연도;full_date,최종 날짜만 승인; OCR 주석 별도 검수
001571,,2021-06-11,,approved,easy,정상;full_date,최종 날짜만 승인; OCR 주석 별도 검수
001572,,2021-06-11,,approved,easy,정상;full_date,최종 날짜만 승인; OCR 주석 별도 검수
001573,,2022-01-06,,approved,easy,정상;full_date,최종 날짜만 승인; OCR 주석 별도 검수
001574,,2022-01-06,,approved,easy,정상;full_date,최종 날짜만 승인; OCR 주석 별도 검수
001575,,2022-03-27,,approved,easy,정상;full_date,최종 날짜만 승인; OCR 주석 별도 검수
001576,,2022-03-27,,approved,easy,정상;full_date,최종 날짜만 승인; OCR 주석 별도 검수
001577,,2022-11-05,,approved,easy,정상;full_date,최종 날짜만 승인; OCR 주석 별도 검수
001578,,2022-11-05,,approved,easy,정상;full_date,최종 날짜만 승인; OCR 주석 별도 검수
001579,,2022-11-02,,approved,easy,정상;full_date,최종 날짜만 승인; OCR 주석 별도 검수
001580,,2022-11-02,,approved,easy,정상;full_date,최종 날짜만 승인; OCR 주석 별도 검수
001581,,2021-11-05,,approved,easy,정상;full_date,최종 날짜만 승인; OCR 주석 별도 검수
001582,,2021-11-05,,approved,easy,정상;full_date,최종 날짜만 승인; OCR 주석 별도 검수
001583,,2021-12-15,,approved,easy,정상;full_date,최종 날짜만 승인; OCR 주석 별도 검수
001584,,2021-12-15,,approved,easy,정상;full_date,최종 날짜만 승인; OCR 주석 별도 검수
001585,,2021-10-28,,approved,easy,정상;full_date,최종 날짜만 승인; OCR 주석 별도 검수
001586,,2021-04-20,,approved,easy,정상;full_date,최종 날짜만 승인; OCR 주석 별도 검수
001587,,2021-04-20,,approved,easy,정상;full_date,최종 날짜만 승인; OCR 주석 별도 검수
001588,,2023-01-09,,approved,easy,정상;full_date,최종 날짜만 승인; OCR 주석 별도 검수
001589,,2023-01-09,,approved,easy,정상;full_date,최종 날짜만 승인; OCR 주석 별도 검수
001590,,2021-02-18,,approved,medium,두 자리 연도;full_date,최종 날짜만 승인; OCR 주석 별도 검수
001591,,2021-02-18,,approved,medium,두 자리 연도;full_date,최종 날짜만 승인; OCR 주석 별도 검수
001592,,2022-01-05,,approved,medium,두 자리 연도;full_date,최종 날짜만 승인; OCR 주석 별도 검수
001593,,2022-01-05,,approved,medium,두 자리 연도;full_date,최종 날짜만 승인; OCR 주석 별도 검수
001594,,2021-12-13,,approved,easy,정상;full_date,최종 날짜만 승인; OCR 주석 별도 검수
001595,,2021-12-13,,approved,easy,정상;full_date,최종 날짜만 승인; OCR 주석 별도 검수
001596,,2021-02-25,,approved,medium,제조일자·소비기한 동시;두 자리 연도;full_date,최종 날짜만 승인; OCR 주석 별도 검수
001597,,2021-03-07,,approved,medium,두 자리 연도;full_date,최종 날짜만 승인; OCR 주석 별도 검수
001598,,2021-03-07,,approved,hard,날짜 없음;반사·흐림·저대비;full_date,최종 날짜만 승인; OCR 주석 별도 검수
001599,,2021-02-15,,approved,easy,정상;full_date,최종 날짜만 승인; OCR 주석 별도 검수
001600,,2021-02-08,,approved,easy,정상;full_date,최종 날짜만 승인; OCR 주석 별도 검수
001601,,2021-02-11,,approved,medium,두 자리 연도;full_date,최종 날짜만 승인; OCR 주석 별도 검수
001602,,2021-02-11,,approved,medium,두 자리 연도;full_date,최종 날짜만 승인; OCR 주석 별도 검수
001603,,2021-02-24,,approved,easy,정상;full_date,최종 날짜만 승인; OCR 주석 별도 검수
001604,,2021-02-24,,approved,easy,정상;full_date,최종 날짜만 승인; OCR 주석 별도 검수
001605,,2021-03-06,,approved,easy,정상;full_date,최종 날짜만 승인; OCR 주석 별도 검수
001606,,2021-04-03,,approved,easy,정상;full_date,최종 날짜만 승인; OCR 주석 별도 검수
001607,,2021-04-03,,approved,easy,정상;full_date,최종 날짜만 승인; OCR 주석 별도 검수
001608,,2021-06-29,,approved,easy,정상;full_date,최종 날짜만 승인; OCR 주석 별도 검수
001609,,2021-06-29,,approved,easy,정상;full_date,최종 날짜만 승인; OCR 주석 별도 검수
001610,,2021-02-12,,approved,easy,정상;full_date,최종 날짜만 승인; OCR 주석 별도 검수
001611,,2021-02-12,,approved,easy,정상;full_date,최종 날짜만 승인; OCR 주석 별도 검수
001612,,2022-02-25,,approved,easy,정상;full_date,최종 날짜만 승인; OCR 주석 별도 검수
001613,,2022-02-25,,approved,easy,정상;full_date,최종 날짜만 승인; OCR 주석 별도 검수
001614,,2020-09-03,,approved,easy,정상;full_date,최종 날짜만 승인; OCR 주석 별도 검수
001615,,2020-09-03,,approved,easy,정상;full_date,최종 날짜만 승인; OCR 주석 별도 검수
001616,,2021-12-15,,approved,easy,정상;full_date,최종 날짜만 승인; OCR 주석 별도 검수
001617,,2021-12-15,,approved,easy,정상;full_date,최종 날짜만 승인; OCR 주석 별도 검수
001618,,2023-10-06,,approved,hard,제조일자·소비기한 동시;두 자리 연도;다양한 구분자;반사·흐림·저대비;full_date,최종 날짜만 승인; OCR 주석 별도 검수
001619,,2023-10-06,,approved,easy,정상;full_date,최종 날짜만 승인; OCR 주석 별도 검수
001620,,2022-07-19,,approved,easy,정상;full_date,최종 날짜만 승인; OCR 주석 별도 검수
001621,,2022-07-19,,approved,easy,정상;full_date,최종 날짜만 승인; OCR 주석 별도 검수
001622,,2022-01-14,,approved,easy,정상;full_date,최종 날짜만 승인; OCR 주석 별도 검수
001623,,2022-01-14,,approved,easy,정상;full_date,최종 날짜만 승인; OCR 주석 별도 검수
001624,,2022-04-26,,approved,easy,정상;full_date,최종 날짜만 승인; OCR 주석 별도 검수
001625,,2022-04-26,,approved,easy,정상;full_date,최종 날짜만 승인; OCR 주석 별도 검수
001626,,2021-07-03,,approved,easy,정상;full_date,최종 날짜만 승인; OCR 주석 별도 검수
001627,,2021-07-03,,approved,easy,정상;full_date,최종 날짜만 승인; OCR 주석 별도 검수
001628,,2021-07-23,,approved,easy,정상;full_date,최종 날짜만 승인; OCR 주석 별도 검수
001629,,2021-07-23,,approved,easy,정상;full_date,최종 날짜만 승인; OCR 주석 별도 검수
001630,,2022-10-21,,approved,easy,정상;full_date,최종 날짜만 승인; OCR 주석 별도 검수
001631,,2022-10-21,,approved,easy,정상;full_date,최종 날짜만 승인; OCR 주석 별도 검수
001632,,2021-11-27,,approved,easy,정상;full_date,최종 날짜만 승인; OCR 주석 별도 검수
001633,,2021-05-12,,approved,easy,정상;full_date,최종 날짜만 승인; OCR 주석 별도 검수
001634,,2021-05-12,,approved,easy,정상;full_date,최종 날짜만 승인; OCR 주석 별도 검수
001635,,2021-12-22,,approved,easy,정상;full_date,최종 날짜만 승인; OCR 주석 별도 검수
001636,,2021-12-22,,approved,medium,제조일자·소비기한 동시;full_date,최종 날짜만 승인; OCR 주석 별도 검수
001637,,2021-04-12,,approved,medium,두 자리 연도;full_date,최종 날짜만 승인; OCR 주석 별도 검수
001638,,2021-04-12,,approved,medium,두 자리 연도;full_date,최종 날짜만 승인; OCR 주석 별도 검수
001639,,2021-02-28,,approved,easy,정상;full_date,최종 날짜만 승인; OCR 주석 별도 검수
001640,,2021-02-28,,approved,easy,정상;full_date,최종 날짜만 승인; OCR 주석 별도 검수
001641,,2023-01-24,,approved,easy,정상;full_date,최종 날짜만 승인; OCR 주석 별도 검수
001642,,2022-03-19,,approved,hard,제조일자·소비기한 동시;다양한 구분자;full_date,최종 날짜만 승인; OCR 주석 별도 검수
001643,,2021-10-16,,approved,hard,제조일자·소비기한 동시;full_date,최종 날짜만 승인; OCR 주석 별도 검수
001644,,2021-10-16,,approved,hard,제조일자·소비기한 동시;full_date,최종 날짜만 승인; OCR 주석 별도 검수
001645,,2021-10-12,,approved,medium,다양한 구분자;full_date,최종 날짜만 승인; OCR 주석 별도 검수
001646,,2021-10-12,,approved,medium,다양한 구분자;full_date,최종 날짜만 승인; OCR 주석 별도 검수
001647,,2021-12-14,,approved,medium,다양한 구분자;full_date,최종 날짜만 승인; OCR 주석 별도 검수
001648,,2021-12-14,,approved,medium,다양한 구분자;full_date,최종 날짜만 승인; OCR 주석 별도 검수
001649,,2019-08-18,,approved,easy,정상;full_date,최종 날짜만 승인; OCR 주석 별도 검수
001650,,2019-08-18,,approved,easy,정상;full_date,최종 날짜만 승인; OCR 주석 별도 검수
001651,,2021-03-09,,approved,easy,정상;full_date,최종 날짜만 승인; OCR 주석 별도 검수
001652,,2021-03-09,,approved,easy,정상;full_date,최종 날짜만 승인; OCR 주석 별도 검수
001653,,2019-08-19,,approved,easy,정상;full_date,최종 날짜만 승인; OCR 주석 별도 검수
001654,,2019-08-19,,approved,easy,정상;full_date,최종 날짜만 승인; OCR 주석 별도 검수
001655,,2019-09-12,,approved,easy,정상;full_date,최종 날짜만 승인; OCR 주석 별도 검수
001656,,2021-01-16,,approved,easy,정상;full_date,최종 날짜만 승인; OCR 주석 별도 검수
001657,,2021-01-16,,approved,easy,정상;full_date,최종 날짜만 승인; OCR 주석 별도 검수
001658,,2021-10-20,,approved,easy,정상;full_date,최종 날짜만 승인; OCR 주석 별도 검수
001659,,2022-10-05,,approved,easy,정상;full_date,최종 날짜만 승인; OCR 주석 별도 검수
001660,,2022-10-05,,approved,easy,정상;full_date,최종 날짜만 승인; OCR 주석 별도 검수
001661,,2022-04-26,,approved,hard,제조일자·소비기한 동시;두 자리 연도;다양한 구분자;반사·흐림·저대비;full_date,최종 날짜만 승인; OCR 주석 별도 검수
001662,,2022-04-26,,approved,easy,정상;full_date,최종 날짜만 승인; OCR 주석 별도 검수
001663,,2020-08-29,,approved,easy,정상;full_date,최종 날짜만 승인; OCR 주석 별도 검수
001664,,2020-08-29,,approved,easy,정상;full_date,최종 날짜만 승인; OCR 주석 별도 검수
001665,,2021-01-28,,approved,easy,정상;full_date,최종 날짜만 승인; OCR 주석 별도 검수
001666,,2021-01-28,,approved,easy,정상;full_date,최종 날짜만 승인; OCR 주석 별도 검수
001667,,2021-09-14,,approved,easy,정상;full_date,최종 날짜만 승인; OCR 주석 별도 검수
001668,,2021-09-14,,approved,easy,정상;full_date,최종 날짜만 승인; OCR 주석 별도 검수
001669,,2021-02-08,,approved,easy,정상;full_date,최종 날짜만 승인; OCR 주석 별도 검수
001670,,2021-10-23,,approved,medium,제조일자·소비기한 동시;두 자리 연도;full_date,최종 날짜만 승인; OCR 주석 별도 검수
001671,,2021-10-23,,approved,medium,제조일자·소비기한 동시;두 자리 연도;full_date,최종 날짜만 승인; OCR 주석 별도 검수
001672,,2021-05-19,,approved,easy,정상;full_date,최종 날짜만 승인; OCR 주석 별도 검수
001673,,2021-05-19,,approved,easy,정상;full_date,최종 날짜만 승인; OCR 주석 별도 검수
001674,,2021-07-18,,approved,easy,정상;full_date,최종 날짜만 승인; OCR 주석 별도 검수
001675,,2021-03-15,,approved,easy,정상;full_date,최종 날짜만 승인; OCR 주석 별도 검수
001676,,2021-03-15,,approved,easy,정상;full_date,최종 날짜만 승인; OCR 주석 별도 검수
001677,,2021-11-28,,approved,easy,정상;full_date,최종 날짜만 승인; OCR 주석 별도 검수
001678,,2021-11-28,,approved,easy,정상;full_date,최종 날짜만 승인; OCR 주석 별도 검수
001679,,2021-03-16,,approved,medium,제조일자·소비기한 동시;full_date,최종 날짜만 승인; OCR 주석 별도 검수
001680,,2021-03-16,,approved,medium,제조일자·소비기한 동시;full_date,최종 날짜만 승인; OCR 주석 별도 검수
001681,,2022-10-22,,approved,easy,정상;full_date,최종 날짜만 승인; OCR 주석 별도 검수
001682,,2022-10-22,,approved,easy,정상;full_date,최종 날짜만 승인; OCR 주석 별도 검수
001683,,2021-11-14,,approved,hard,제조일자·소비기한 동시;다양한 구분자;full_date,최종 날짜만 승인; OCR 주석 별도 검수
001684,,2021-11-14,,approved,hard,제조일자·소비기한 동시;다양한 구분자;full_date,최종 날짜만 승인; OCR 주석 별도 검수
001685,,2021-11-29,,approved,medium,제조일자·소비기한 동시;full_date,최종 날짜만 승인; OCR 주석 별도 검수
001686,,2020-11-27,,approved,easy,정상;full_date,최종 날짜만 승인; OCR 주석 별도 검수
001687,,2020-11-27,,approved,easy,정상;full_date,최종 날짜만 승인; OCR 주석 별도 검수
001688,,2021-06-22,,approved,hard,날짜 없음;반사·흐림·저대비;full_date,최종 날짜만 승인; OCR 주석 별도 검수
001689,,2021-06-22,,approved,hard,날짜 없음;반사·흐림·저대비;full_date,최종 날짜만 승인; OCR 주석 별도 검수
001690,,2020-08-16,,approved,medium,다양한 구분자;full_date,최종 날짜만 승인; OCR 주석 별도 검수
001691,,2020-08-16,,approved,easy,정상;full_date,최종 날짜만 승인; OCR 주석 별도 검수
001692,,2021-07-03,,approved,easy,정상;full_date,최종 날짜만 승인; OCR 주석 별도 검수
001693,,2021-07-03,,approved,hard,날짜 없음;반사·흐림·저대비;full_date,최종 날짜만 승인; OCR 주석 별도 검수
001694,,2022-07-01,,approved,easy,정상;full_date,최종 날짜만 승인; OCR 주석 별도 검수
001695,,2022-07-01,,approved,easy,정상;full_date,최종 날짜만 승인; OCR 주석 별도 검수
001696,,2022-06-23,,approved,easy,정상;full_date,최종 날짜만 승인; OCR 주석 별도 검수
001697,,2022-06-23,,approved,easy,정상;full_date,최종 날짜만 승인; OCR 주석 별도 검수
001698,,2021-12-22,,approved,medium,제조일자·소비기한 동시;full_date,최종 날짜만 승인; OCR 주석 별도 검수
001699,,2021-12-22,,approved,medium,제조일자·소비기한 동시;full_date,최종 날짜만 승인; OCR 주석 별도 검수
001700,,2021-10-27,,approved,medium,두 자리 연도;full_date,최종 날짜만 승인; OCR 주석 별도 검수
001701,,2021-10-27,,approved,medium,두 자리 연도;full_date,최종 날짜만 승인; OCR 주석 별도 검수
001702,,2021-05-17,,approved,easy,정상;full_date,최종 날짜만 승인; OCR 주석 별도 검수
001703,,2021-07-16,,approved,easy,정상;full_date,최종 날짜만 승인; OCR 주석 별도 검수
001704,,2021-07-16,,approved,easy,정상;full_date,최종 날짜만 승인; OCR 주석 별도 검수
001705,,2021-06-04,,approved,easy,정상;full_date,최종 날짜만 승인; OCR 주석 별도 검수
001706,,2021-06-04,,approved,easy,정상;full_date,최종 날짜만 승인; OCR 주석 별도 검수
001707,,2021-05-02,,approved,easy,정상;full_date,최종 날짜만 승인; OCR 주석 별도 검수
001708,,2021-05-02,,approved,easy,정상;full_date,최종 날짜만 승인; OCR 주석 별도 검수
001709,,2021-04-12,,approved,medium,두 자리 연도;full_date,최종 날짜만 승인; OCR 주석 별도 검수
001710,,2021-10-15,,approved,medium,제조일자·소비기한 동시;두 자리 연도;full_date,최종 날짜만 승인; OCR 주석 별도 검수
001711,,2021-10-15,,approved,medium,제조일자·소비기한 동시;두 자리 연도;full_date,최종 날짜만 승인; OCR 주석 별도 검수
001712,,2021-07-18,,approved,medium,제조일자·소비기한 동시;두 자리 연도;full_date,최종 날짜만 승인; OCR 주석 별도 검수
001713,,2021-09-08,,approved,hard,두 자리 연도;다양한 구분자;반사·흐림·저대비;full_date,최종 날짜만 승인; OCR 주석 별도 검수
001714,,2021-09-08,,approved,hard,두 자리 연도;다양한 구분자;반사·흐림·저대비;full_date,최종 날짜만 승인; OCR 주석 별도 검수
001715,,2021-02-07,,approved,easy,정상;full_date,최종 날짜만 승인; OCR 주석 별도 검수
001716,,2021-02-07,,approved,easy,정상;full_date,최종 날짜만 승인; OCR 주석 별도 검수
001717,,2021-02-08,,approved,medium,두 자리 연도;full_date,최종 날짜만 승인; OCR 주석 별도 검수
001718,,2021-02-08,,approved,medium,두 자리 연도;full_date,최종 날짜만 승인; OCR 주석 별도 검수
001719,,2021-03-11,,approved,medium,두 자리 연도;full_date,최종 날짜만 승인; OCR 주석 별도 검수
001720,,2021-03-11,,approved,medium,두 자리 연도;full_date,최종 날짜만 승인; OCR 주석 별도 검수
001721,,2021-07-06,,approved,medium,제조일자·소비기한 동시;full_date,최종 날짜만 승인; OCR 주석 별도 검수
001722,,2021-07-06,,approved,medium,제조일자·소비기한 동시;full_date,최종 날짜만 승인; OCR 주석 별도 검수
001723,,2021-05-13,,approved,easy,정상;full_date,최종 날짜만 승인; OCR 주석 별도 검수
001724,,2021-05-13,,approved,easy,정상;full_date,최종 날짜만 승인; OCR 주석 별도 검수
001725,,2021-02-16,,approved,easy,정상;full_date,최종 날짜만 승인; OCR 주석 별도 검수
001726,,2021-02-16,,approved,easy,정상;full_date,최종 날짜만 승인; OCR 주석 별도 검수
001727,,2021-02-08,,approved,easy,정상;full_date,최종 날짜만 승인; OCR 주석 별도 검수
001728,,2021-02-08,,approved,easy,정상;full_date,최종 날짜만 승인; OCR 주석 별도 검수
001729,,2021-03-13,,approved,easy,정상;full_date,최종 날짜만 승인; OCR 주석 별도 검수
001730,,2021-10-02,,approved,easy,정상;full_date,최종 날짜만 승인; OCR 주석 별도 검수
001731,,2021-10-02,,approved,easy,정상;full_date,최종 날짜만 승인; OCR 주석 별도 검수
001732,,2022-11-18,,approved,easy,정상;full_date,최종 날짜만 승인; OCR 주석 별도 검수
001733,,2022-11-18,,approved,easy,정상;full_date,최종 날짜만 승인; OCR 주석 별도 검수
001734,,2022-01-20,,approved,easy,정상;full_date,최종 날짜만 승인; OCR 주석 별도 검수
001735,,2022-01-20,,approved,easy,정상;full_date,최종 날짜만 승인; OCR 주석 별도 검수
001736,,2021-02-08,,approved,easy,정상;full_date,최종 날짜만 승인; OCR 주석 별도 검수
001737,,2021-02-08,,approved,easy,정상;full_date,최종 날짜만 승인; OCR 주석 별도 검수
001738,,2022-01-05,,approved,easy,정상;full_date,최종 날짜만 승인; OCR 주석 별도 검수
001739,,2022-01-05,,approved,easy,정상;full_date,최종 날짜만 승인; OCR 주석 별도 검수
001740,,2022-11-01,,approved,easy,정상;full_date,최종 날짜만 승인; OCR 주석 별도 검수
001741,,2022-11-01,,approved,easy,정상;full_date,최종 날짜만 승인; OCR 주석 별도 검수
001742,,2021-10-26,,approved,easy,정상;full_date,최종 날짜만 승인; OCR 주석 별도 검수
001743,,2021-10-26,,approved,easy,정상;full_date,최종 날짜만 승인; OCR 주석 별도 검수
001744,,2022-01-28,,approved,medium,제조일자·소비기한 동시;full_date,최종 날짜만 승인; OCR 주석 별도 검수
001745,,2022-01-28,,approved,medium,제조일자·소비기한 동시;full_date,최종 날짜만 승인; OCR 주석 별도 검수
001746,,2021-10-12,,approved,medium,제조일자·소비기한 동시;두 자리 연도;full_date,최종 날짜만 승인; OCR 주석 별도 검수
001747,,2021-10-12,,approved,medium,제조일자·소비기한 동시;두 자리 연도;full_date,최종 날짜만 승인; OCR 주석 별도 검수
001748,,2019-07-03,,approved,hard,날짜 없음;반사·흐림·저대비;full_date,최종 날짜만 승인; OCR 주석 별도 검수
001749,,2019-07-03,,approved,hard,날짜 없음;반사·흐림·저대비;full_date,최종 날짜만 승인; OCR 주석 별도 검수
001750,,2021-06-28,,approved,easy,정상;full_date,최종 날짜만 승인; OCR 주석 별도 검수
001751,,2021-06-28,,approved,easy,정상;full_date,최종 날짜만 승인; OCR 주석 별도 검수
001752,,2022-01-10,,approved,medium,두 자리 연도;full_date,최종 날짜만 승인; OCR 주석 별도 검수
001753,,2022-01-10,,approved,medium,두 자리 연도;full_date,최종 날짜만 승인; OCR 주석 별도 검수
001754,,2021-12-05,,approved,medium,다양한 구분자;full_date,최종 날짜만 승인; OCR 주석 별도 검수
001755,,2021-12-05,,approved,medium,다양한 구분자;full_date,최종 날짜만 승인; OCR 주석 별도 검수
001756,,2021-12-20,,approved,medium,제조일자·소비기한 동시;full_date,최종 날짜만 승인; OCR 주석 별도 검수
001757,,2023-03-09,,approved,hard,날짜 없음;반사·흐림·저대비;full_date,최종 날짜만 승인; OCR 주석 별도 검수
001758,,2023-03-09,,approved,hard,날짜 없음;반사·흐림·저대비;full_date,최종 날짜만 승인; OCR 주석 별도 검수
001759,,2021-04-24,,approved,easy,정상;full_date,최종 날짜만 승인; OCR 주석 별도 검수
001760,,2021-04-24,,approved,easy,정상;full_date,최종 날짜만 승인; OCR 주석 별도 검수
001761,,2021-11-22,,approved,medium,다양한 구분자;full_date,최종 날짜만 승인; OCR 주석 별도 검수
001762,,2021-11-22,,approved,medium,다양한 구분자;full_date,최종 날짜만 승인; OCR 주석 별도 검수
001763,,2021-12-23,,approved,easy,정상;full_date,최종 날짜만 승인; OCR 주석 별도 검수
001764,,2021-12-23,,approved,easy,정상;full_date,최종 날짜만 승인; OCR 주석 별도 검수
001765,,2021-09-10,,approved,medium,두 자리 연도;다양한 구분자;full_date,최종 날짜만 승인; OCR 주석 별도 검수
001766,,2021-09-10,,approved,medium,두 자리 연도;다양한 구분자;full_date,최종 날짜만 승인; OCR 주석 별도 검수
001767,,2021-06-29,,approved,medium,제조일자·소비기한 동시;full_date,최종 날짜만 승인; OCR 주석 별도 검수
001768,,2021-06-29,,approved,medium,제조일자·소비기한 동시;full_date,최종 날짜만 승인; OCR 주석 별도 검수
001769,,2021-12-22,,approved,medium,제조일자·소비기한 동시;두 자리 연도;반사·흐림·저대비;full_date,최종 날짜만 승인; OCR 주석 별도 검수
001770,,2019-10-18,,approved,hard,두 자리 연도;다양한 구분자;반사·흐림·저대비;full_date,최종 날짜만 승인; OCR 주석 별도 검수
001771,,2019-10-18,,approved,medium,제조일자·소비기한 동시;두 자리 연도;full_date,최종 날짜만 승인; OCR 주석 별도 검수
001772,,2020-08-07,,approved,medium,다양한 구분자;full_date,최종 날짜만 승인; OCR 주석 별도 검수
001773,,2020-08-07,,approved,easy,정상;full_date,최종 날짜만 승인; OCR 주석 별도 검수
001774,,2021-04-02,,approved,easy,정상;full_date,최종 날짜만 승인; OCR 주석 별도 검수
001775,,2021-04-02,,approved,easy,정상;full_date,최종 날짜만 승인; OCR 주석 별도 검수
001776,,2021-04-05,,approved,medium,다양한 구분자;full_date,최종 날짜만 승인; OCR 주석 별도 검수
001777,,2021-04-05,,approved,medium,다양한 구분자;full_date,최종 날짜만 승인; OCR 주석 별도 검수
001778,,2021-04-09,,approved,hard,두 자리 연도;다양한 구분자;반사·흐림·저대비;full_date,최종 날짜만 승인; OCR 주석 별도 검수
001779,,2021-04-09,,approved,medium,제조일자·소비기한 동시;두 자리 연도;full_date,최종 날짜만 승인; OCR 주석 별도 검수
001780,,2020-09-01,,approved,medium,제조일자·소비기한 동시;full_date,최종 날짜만 승인; OCR 주석 별도 검수
001781,,2020-09-01,,approved,medium,제조일자·소비기한 동시;full_date,최종 날짜만 승인; OCR 주석 별도 검수
001782,,2022-10-01,,approved,medium,다양한 구분자;full_date,최종 날짜만 승인; OCR 주석 별도 검수
001783,,2021-06-13,,approved,easy,정상;full_date,최종 날짜만 승인; OCR 주석 별도 검수
001784,,2021-06-13,,approved,easy,정상;full_date,최종 날짜만 승인; OCR 주석 별도 검수
001785,,2021-09-19,,approved,easy,정상;full_date,최종 날짜만 승인; OCR 주석 별도 검수
001786,,2021-09-19,,approved,easy,정상;full_date,최종 날짜만 승인; OCR 주석 별도 검수
001787,,NONE-12-20,,approved,hard,날짜 없음;반사·흐림·저대비;partial_date,최종 날짜만 승인; OCR 주석 별도 검수
001788,,NONE-12-20,,approved,hard,날짜 없음;반사·흐림·저대비;partial_date,최종 날짜만 승인; OCR 주석 별도 검수
001789,,2021-01-16,,approved,easy,정상;full_date,최종 날짜만 승인; OCR 주석 별도 검수
001790,,2021-01-16,,approved,easy,정상;full_date,최종 날짜만 승인; OCR 주석 별도 검수
001791,,2020-08-13,,approved,medium,두 자리 연도;full_date,최종 날짜만 승인; OCR 주석 별도 검수
001792,,2020-08-13,,approved,medium,두 자리 연도;full_date,최종 날짜만 승인; OCR 주석 별도 검수
001793,,2021-11-07,,approved,easy,정상;full_date,최종 날짜만 승인; OCR 주석 별도 검수
001794,,2021-11-07,,approved,hard,제조일자·소비기한 동시;두 자리 연도;다양한 구분자;반사·흐림·저대비;full_date,최종 날짜만 승인; OCR 주석 별도 검수
001795,,2021-01-27,,approved,easy,정상;full_date,최종 날짜만 승인; OCR 주석 별도 검수
001796,,2021-01-27,,approved,easy,정상;full_date,최종 날짜만 승인; OCR 주석 별도 검수
001797,,2020-05-26,,approved,hard,두 자리 연도;다양한 구분자;반사·흐림·저대비;full_date,최종 날짜만 승인; OCR 주석 별도 검수
001798,,2021-10-14,,approved,medium,다양한 구분자;full_date,최종 날짜만 승인; OCR 주석 별도 검수
001799,,2021-10-14,,approved,medium,다양한 구분자;full_date,최종 날짜만 승인; OCR 주석 별도 검수
001800,,2021-01-14,,approved,medium,다양한 구분자;full_date,최종 날짜만 승인; OCR 주석 별도 검수
001801,,2021-03-05,,approved,hard,두 자리 연도;다양한 구분자;반사·흐림·저대비;full_date,최종 날짜만 승인; OCR 주석 별도 검수
001802,,2021-03-05,,approved,hard,제조일자·소비기한 동시;full_date,최종 날짜만 승인; OCR 주석 별도 검수
001803,,2021-01-15,,approved,medium,두 자리 연도;full_date,최종 날짜만 승인; OCR 주석 별도 검수
001804,,2021-01-15,,approved,medium,두 자리 연도;full_date,최종 날짜만 승인; OCR 주석 별도 검수
001805,,2020-11-09,,approved,hard,제조일자·소비기한 동시;두 자리 연도;다양한 구분자;반사·흐림·저대비;full_date,최종 날짜만 승인; OCR 주석 별도 검수
001806,,2020-11-09,,approved,medium,제조일자·소비기한 동시;두 자리 연도;full_date,최종 날짜만 승인; OCR 주석 별도 검수
001807,,2021-02-25,,approved,medium,두 자리 연도;full_date,최종 날짜만 승인; OCR 주석 별도 검수
001808,,2020-08-13,,approved,medium,두 자리 연도;full_date,최종 날짜만 승인; OCR 주석 별도 검수
001809,,2020-08-13,,approved,medium,두 자리 연도;full_date,최종 날짜만 승인; OCR 주석 별도 검수
001810,,2023-10-22,,approved,medium,두 자리 연도;full_date,최종 날짜만 승인; OCR 주석 별도 검수
001811,,2023-10-22,,approved,medium,두 자리 연도;full_date,최종 날짜만 승인; OCR 주석 별도 검수
001812,,2021-03-26,,approved,medium,제조일자·소비기한 동시;full_date,최종 날짜만 승인; OCR 주석 별도 검수
001813,,2021-03-26,,approved,medium,제조일자·소비기한 동시;full_date,최종 날짜만 승인; OCR 주석 별도 검수
001814,,2022-06-07,,approved,easy,정상;full_date,최종 날짜만 승인; OCR 주석 별도 검수
001815,,2022-06-07,,approved,easy,정상;full_date,최종 날짜만 승인; OCR 주석 별도 검수
001816,,2021-04-14,,approved,medium,두 자리 연도;full_date,최종 날짜만 승인; OCR 주석 별도 검수
001817,,2021-04-14,,approved,medium,두 자리 연도;full_date,최종 날짜만 승인; OCR 주석 별도 검수
001818,,2022-01-18,,approved,medium,제조일자·소비기한 동시;full_date,최종 날짜만 승인; OCR 주석 별도 검수
001819,,2022-01-18,,approved,medium,제조일자·소비기한 동시;full_date,최종 날짜만 승인; OCR 주석 별도 검수
001820,,2020-09-01,,approved,easy,정상;full_date,최종 날짜만 승인; OCR 주석 별도 검수
001821,,2020-09-01,,approved,easy,정상;full_date,최종 날짜만 승인; OCR 주석 별도 검수
001822,,2021-06-09,,approved,easy,정상;full_date,최종 날짜만 승인; OCR 주석 별도 검수
001823,,2021-06-09,,approved,hard,반사·흐림·저대비;full_date,최종 날짜만 승인; OCR 주석 별도 검수
001824,,2021-09-07,,approved,hard,두 자리 연도;다양한 구분자;반사·흐림·저대비;full_date,최종 날짜만 승인; OCR 주석 별도 검수
001825,,2021-09-07,,approved,hard,두 자리 연도;다양한 구분자;반사·흐림·저대비;full_date,최종 날짜만 승인; OCR 주석 별도 검수
001826,,2021-09-19,,approved,hard,제조일자·소비기한 동시;다양한 구분자;full_date,최종 날짜만 승인; OCR 주석 별도 검수
001827,,2021-11-28,,approved,hard,제조일자·소비기한 동시;다양한 구분자;full_date,최종 날짜만 승인; OCR 주석 별도 검수
001828,,2021-11-28,,approved,hard,제조일자·소비기한 동시;다양한 구분자;full_date,최종 날짜만 승인; OCR 주석 별도 검수
001829,,2021-03-07,,approved,easy,정상;full_date,최종 날짜만 승인; OCR 주석 별도 검수
001830,,2020-12-NONE,,approved,hard,두 자리 연도;다양한 구분자;반사·흐림·저대비;partial_date,최종 날짜만 승인; OCR 주석 별도 검수
001831,,2020-12-NONE,,approved,hard,두 자리 연도;다양한 구분자;반사·흐림·저대비;partial_date,최종 날짜만 승인; OCR 주석 별도 검수
001832,,2022-09-02,,approved,medium,제조일자·소비기한 동시;full_date,최종 날짜만 승인; OCR 주석 별도 검수
001833,,2022-09-02,,approved,hard,날짜 없음;반사·흐림·저대비;full_date,최종 날짜만 승인; OCR 주석 별도 검수
001834,,2022-07-12,,approved,easy,정상;full_date,최종 날짜만 승인; OCR 주석 별도 검수
001835,,2022-07-12,,approved,hard,두 자리 연도;반사·흐림·저대비;full_date,최종 날짜만 승인; OCR 주석 별도 검수
001836,,2021-10-02,,approved,easy,정상;full_date,최종 날짜만 승인; OCR 주석 별도 검수
001837,,2021-10-02,,approved,easy,정상;full_date,최종 날짜만 승인; OCR 주석 별도 검수
001838,,2021-10-15,,approved,easy,정상;full_date,최종 날짜만 승인; OCR 주석 별도 검수
001839,,2021-10-15,,approved,easy,정상;full_date,최종 날짜만 승인; OCR 주석 별도 검수
001840,,2021-09-30,,approved,easy,정상;full_date,최종 날짜만 승인; OCR 주석 별도 검수
001841,,2021-09-30,,approved,easy,정상;full_date,최종 날짜만 승인; OCR 주석 별도 검수
001842,,2021-05-NONE,,approved,hard,두 자리 연도;다양한 구분자;반사·흐림·저대비;partial_date,최종 날짜만 승인; OCR 주석 별도 검수
001843,,2021-05-NONE,,approved,hard,두 자리 연도;다양한 구분자;반사·흐림·저대비;partial_date,최종 날짜만 승인; OCR 주석 별도 검수
001844,,2021-11-23,,approved,easy,정상;full_date,최종 날짜만 승인; OCR 주석 별도 검수
001845,,2021-11-23,,approved,easy,정상;full_date,최종 날짜만 승인; OCR 주석 별도 검수
001846,,2024-09-23,,approved,hard,제조일자·소비기한 동시;두 자리 연도;다양한 구분자;반사·흐림·저대비;full_date,최종 날짜만 승인; OCR 주석 별도 검수
001847,,2024-09-23,,approved,hard,제조일자·소비기한 동시;두 자리 연도;다양한 구분자;반사·흐림·저대비;full_date,최종 날짜만 승인; OCR 주석 별도 검수
001848,,2021-11-18,,approved,medium,다양한 구분자;full_date,최종 날짜만 승인; OCR 주석 별도 검수
001849,,2021-11-18,,approved,medium,다양한 구분자;full_date,최종 날짜만 승인; OCR 주석 별도 검수
001850,,2021-12-16,,approved,medium,다양한 구분자;full_date,최종 날짜만 승인; OCR 주석 별도 검수
001851,,2021-12-16,,approved,medium,다양한 구분자;full_date,최종 날짜만 승인; OCR 주석 별도 검수
001852,,2022-08-13,,approved,medium,다양한 구분자;full_date,최종 날짜만 승인; OCR 주석 별도 검수
001853,,2022-08-13,,approved,hard,날짜 없음;반사·흐림·저대비;full_date,최종 날짜만 승인; OCR 주석 별도 검수
001854,,2022-01-18,,approved,easy,정상;full_date,최종 날짜만 승인; OCR 주석 별도 검수
001855,,2023-10-28,,approved,hard,날짜 없음;반사·흐림·저대비;full_date,최종 날짜만 승인; OCR 주석 별도 검수
001856,,2023-10-28,,approved,hard,제조일자·소비기한 동시;다양한 구분자;full_date,최종 날짜만 승인; OCR 주석 별도 검수
001857,,2022-07-17,,approved,hard,제조일자·소비기한 동시;다양한 구분자;full_date,최종 날짜만 승인; OCR 주석 별도 검수
001858,,2022-07-17,,approved,hard,제조일자·소비기한 동시;full_date,최종 날짜만 승인; OCR 주석 별도 검수
001859,,2022-07-08,,approved,medium,두 자리 연도;다양한 구분자;반사·흐림·저대비;full_date,최종 날짜만 승인; OCR 주석 별도 검수
001860,,2022-07-08,,approved,medium,두 자리 연도;다양한 구분자;full_date,최종 날짜만 승인; OCR 주석 별도 검수
001861,,2023-06-18,,approved,hard,두 자리 연도;다양한 구분자;반사·흐림·저대비;full_date,최종 날짜만 승인; OCR 주석 별도 검수
001862,,2023-06-18,,approved,hard,두 자리 연도;다양한 구분자;반사·흐림·저대비;full_date,최종 날짜만 승인; OCR 주석 별도 검수
001863,,2023-08-04,,approved,hard,제조일자·소비기한 동시;다양한 구분자;full_date,최종 날짜만 승인; OCR 주석 별도 검수
001864,,2023-08-04,,approved,hard,두 자리 연도;다양한 구분자;반사·흐림·저대비;full_date,최종 날짜만 승인; OCR 주석 별도 검수
001865,,2021-09-17,,approved,easy,정상;full_date,최종 날짜만 승인; OCR 주석 별도 검수
001866,,2021-09-17,,approved,easy,정상;full_date,최종 날짜만 승인; OCR 주석 별도 검수
001867,,2022-07-NONE,,approved,medium,두 자리 연도;다양한 구분자;partial_date,최종 날짜만 승인; OCR 주석 별도 검수
001868,,2022-07-NONE,,approved,hard,날짜 없음;반사·흐림·저대비;partial_date,최종 날짜만 승인; OCR 주석 별도 검수
001869,,2021-09-26,,approved,hard,제조일자·소비기한 동시;다양한 구분자;full_date,최종 날짜만 승인; OCR 주석 별도 검수
001870,,2021-09-26,,approved,hard,제조일자·소비기한 동시;다양한 구분자;full_date,최종 날짜만 승인; OCR 주석 별도 검수
001871,,2022-11-10,,approved,medium,제조일자·소비기한 동시;다양한 구분자;full_date,최종 날짜만 승인; OCR 주석 별도 검수
001872,,2022-10-14,,approved,easy,정상;full_date,최종 날짜만 승인; OCR 주석 별도 검수
001873,,2022-10-14,,approved,easy,정상;full_date,최종 날짜만 승인; OCR 주석 별도 검수
001874,,2022-10-21,,approved,medium,두 자리 연도;full_date,최종 날짜만 승인; OCR 주석 별도 검수
001875,,2022-10-21,,approved,medium,두 자리 연도;full_date,최종 날짜만 승인; OCR 주석 별도 검수
001876,,2021-09-30,,approved,medium,두 자리 연도;다양한 구분자;full_date,최종 날짜만 승인; OCR 주석 별도 검수
001877,,2021-11-03,,approved,hard,제조일자·소비기한 동시;다양한 구분자;full_date,최종 날짜만 승인; OCR 주석 별도 검수
001878,,2021-11-03,,approved,hard,제조일자·소비기한 동시;다양한 구분자;full_date,최종 날짜만 승인; OCR 주석 별도 검수
001879,,2021-09-01,,approved,easy,정상;full_date,최종 날짜만 승인; OCR 주석 별도 검수
001880,,2021-09-01,,approved,hard,날짜 없음;반사·흐림·저대비;full_date,최종 날짜만 승인; OCR 주석 별도 검수
001881,,2021-06-20,,approved,medium,두 자리 연도;다양한 구분자;full_date,최종 날짜만 승인; OCR 주석 별도 검수
001882,,2021-06-20,,approved,hard,날짜 없음;반사·흐림·저대비;full_date,최종 날짜만 승인; OCR 주석 별도 검수
001883,,2021-09-09,,approved,hard,제조일자·소비기한 동시;다양한 구분자;full_date,최종 날짜만 승인; OCR 주석 별도 검수
001884,,2021-09-09,,approved,hard,제조일자·소비기한 동시;다양한 구분자;full_date,최종 날짜만 승인; OCR 주석 별도 검수
001885,,2021-12-05,,approved,medium,제조일자·소비기한 동시;full_date,최종 날짜만 승인; OCR 주석 별도 검수
001886,,2021-12-05,,approved,medium,제조일자·소비기한 동시;full_date,최종 날짜만 승인; OCR 주석 별도 검수
001887,,2023-08-22,,approved,medium,다양한 구분자;full_date,최종 날짜만 승인; OCR 주석 별도 검수
001888,,2023-08-22,,approved,medium,다양한 구분자;full_date,최종 날짜만 승인; OCR 주석 별도 검수
001889,,2021-08-31,,approved,medium,두 자리 연도;다양한 구분자;full_date,최종 날짜만 승인; OCR 주석 별도 검수
001890,,2021-08-31,,approved,medium,두 자리 연도;다양한 구분자;full_date,최종 날짜만 승인; OCR 주석 별도 검수
001891,,2022-05-22,,approved,easy,정상;full_date,최종 날짜만 승인; OCR 주석 별도 검수
001892,,2022-05-22,,approved,easy,정상;full_date,최종 날짜만 승인; OCR 주석 별도 검수
001893,,2021-03-19,,approved,easy,정상;full_date,최종 날짜만 승인; OCR 주석 별도 검수
001894,,2021-03-19,,approved,easy,정상;full_date,최종 날짜만 승인; OCR 주석 별도 검수
001895,,2021-03-17,,approved,easy,정상;full_date,최종 날짜만 승인; OCR 주석 별도 검수
001896,,2021-03-17,,approved,easy,정상;full_date,최종 날짜만 승인; OCR 주석 별도 검수
001897,,2021-05-29,,approved,medium,다양한 구분자;full_date,최종 날짜만 승인; OCR 주석 별도 검수
001898,,2021-05-29,,approved,medium,다양한 구분자;full_date,최종 날짜만 승인; OCR 주석 별도 검수
001899,,2021-11-29,,approved,hard,두 자리 연도;다양한 구분자;반사·흐림·저대비;full_date,최종 날짜만 승인; OCR 주석 별도 검수
001900,,2021-11-29,,approved,hard,날짜 없음;반사·흐림·저대비;full_date,최종 날짜만 승인; OCR 주석 별도 검수
001901,,2021-10-28,,approved,hard,제조일자·소비기한 동시;full_date,최종 날짜만 승인; OCR 주석 별도 검수
001902,,2021-10-28,,approved,hard,제조일자·소비기한 동시;full_date,최종 날짜만 승인; OCR 주석 별도 검수
001903,,2027-08-21,,approved,medium,두 자리 연도;다양한 구분자;full_date,최종 날짜만 승인; OCR 주석 별도 검수
001904,,2022-01-15,,approved,easy,정상;full_date,최종 날짜만 승인; OCR 주석 별도 검수
001905,,2022-01-15,,approved,easy,정상;full_date,최종 날짜만 승인; OCR 주석 별도 검수
001906,,2021-09-03,,approved,hard,제조일자·소비기한 동시;full_date,최종 날짜만 승인; OCR 주석 별도 검수
001907,,2021-08-16,,approved,easy,정상;full_date,최종 날짜만 승인; OCR 주석 별도 검수
001908,,2021-08-16,,approved,easy,정상;full_date,최종 날짜만 승인; OCR 주석 별도 검수
001909,,2021-12-29,,approved,easy,정상;full_date,최종 날짜만 승인; OCR 주석 별도 검수
001910,,2021-05-07,,approved,medium,제조일자·소비기한 동시;full_date,최종 날짜만 승인; OCR 주석 별도 검수
001911,,2021-05-21,,approved,hard,제조일자·소비기한 동시;다양한 구분자;full_date,최종 날짜만 승인; OCR 주석 별도 검수
001912,,2021-05-21,,approved,hard,제조일자·소비기한 동시;다양한 구분자;full_date,최종 날짜만 승인; OCR 주석 별도 검수
001913,,2021-09-14,,approved,easy,정상;full_date,최종 날짜만 승인; OCR 주석 별도 검수
001914,,2021-09-14,,approved,easy,정상;full_date,최종 날짜만 승인; OCR 주석 별도 검수
001915,,2021-06-24,,approved,medium,다양한 구분자;full_date,최종 날짜만 승인; OCR 주석 별도 검수
001916,,2021-06-24,,approved,medium,다양한 구분자;full_date,최종 날짜만 승인; OCR 주석 별도 검수
001917,,2021-05-25,,approved,hard,제조일자·소비기한 동시;full_date,최종 날짜만 승인; OCR 주석 별도 검수
001918,,2021-05-25,,approved,hard,제조일자·소비기한 동시;full_date,최종 날짜만 승인; OCR 주석 별도 검수
001919,,2023-12-20,,approved,medium,다양한 구분자;full_date,최종 날짜만 승인; OCR 주석 별도 검수
001920,,2022-10-15,,approved,easy,정상;full_date,최종 날짜만 승인; OCR 주석 별도 검수
001921,,2022-10-15,,approved,easy,정상;full_date,최종 날짜만 승인; OCR 주석 별도 검수
001922,,2022-06-14,,approved,easy,정상;full_date,최종 날짜만 승인; OCR 주석 별도 검수
001923,,2022-06-14,,approved,easy,정상;full_date,최종 날짜만 승인; OCR 주석 별도 검수
001924,,2022-01-21,,approved,easy,정상;full_date,최종 날짜만 승인; OCR 주석 별도 검수
001925,,2021-01-21,,approved,hard,날짜 없음;반사·흐림·저대비;full_date,최종 날짜만 승인; OCR 주석 별도 검수
001926,,2021-04-27,,approved,easy,정상;full_date,최종 날짜만 승인; OCR 주석 별도 검수
001927,,2021-04-27,,approved,easy,정상;full_date,최종 날짜만 승인; OCR 주석 별도 검수
001928,,2022-01-14,,approved,easy,정상;full_date,최종 날짜만 승인; OCR 주석 별도 검수
001929,,2022-01-14,,approved,easy,정상;full_date,최종 날짜만 승인; OCR 주석 별도 검수
001930,,2022-01-01,,approved,easy,정상;full_date,최종 날짜만 승인; OCR 주석 별도 검수
001931,,2022-01-01,,approved,easy,정상;full_date,최종 날짜만 승인; OCR 주석 별도 검수
001932,,2022-01-22,,approved,easy,정상;full_date,최종 날짜만 승인; OCR 주석 별도 검수
001933,,2022-01-22,,approved,easy,정상;full_date,최종 날짜만 승인; OCR 주석 별도 검수
001934,,2022-03-29,,approved,easy,정상;full_date,최종 날짜만 승인; OCR 주석 별도 검수
001935,,2022-03-29,,approved,easy,정상;full_date,최종 날짜만 승인; OCR 주석 별도 검수
001936,,2021-12-21,,approved,medium,두 자리 연도;다양한 구분자;full_date,최종 날짜만 승인; OCR 주석 별도 검수
001937,,2021-12-21,,approved,medium,두 자리 연도;다양한 구분자;full_date,최종 날짜만 승인; OCR 주석 별도 검수
001938,,2021-03-NONE,,approved,hard,두 자리 연도;다양한 구분자;반사·흐림·저대비;partial_date,최종 날짜만 승인; OCR 주석 별도 검수
001939,,2021-03-14,,approved,medium,두 자리 연도;full_date,최종 날짜만 승인; OCR 주석 별도 검수
001940,,2021-03-14,,approved,medium,두 자리 연도;full_date,최종 날짜만 승인; OCR 주석 별도 검수
001941,,2022-05-27,,approved,hard,제조일자·소비기한 동시;full_date,최종 날짜만 승인; OCR 주석 별도 검수
001942,,2022-05-27,,approved,hard,제조일자·소비기한 동시;full_date,최종 날짜만 승인; OCR 주석 별도 검수
001943,,2023-09-29,,approved,easy,정상;full_date,최종 날짜만 승인; OCR 주석 별도 검수
001944,,2023-09-29,,approved,easy,정상;full_date,최종 날짜만 승인; OCR 주석 별도 검수
001945,,2021-08-NONE,,approved,hard,날짜 없음;반사·흐림·저대비;partial_date,최종 날짜만 승인; OCR 주석 별도 검수
001946,,2021-08-NONE,,approved,hard,날짜 없음;반사·흐림·저대비;partial_date,최종 날짜만 승인; OCR 주석 별도 검수
001947,,2022-08-10,,approved,hard,제조일자·소비기한 동시;두 자리 연도;다양한 구분자;반사·흐림·저대비;full_date,최종 날짜만 승인; OCR 주석 별도 검수
001948,,2022-08-10,,approved,hard,제조일자·소비기한 동시;두 자리 연도;다양한 구분자;full_date,최종 날짜만 승인; OCR 주석 별도 검수
001949,,2023-07-16,,approved,hard,두 자리 연도;다양한 구분자;반사·흐림·저대비;full_date,최종 날짜만 승인; OCR 주석 별도 검수
001950,,2023-07-16,,approved,hard,두 자리 연도;다양한 구분자;반사·흐림·저대비;full_date,최종 날짜만 승인; OCR 주석 별도 검수
001951,,2022-09-16,,approved,hard,제조일자·소비기한 동시;full_date,최종 날짜만 승인; OCR 주석 별도 검수
001952,,2022-09-16,,approved,hard,제조일자·소비기한 동시;full_date,최종 날짜만 승인; OCR 주석 별도 검수
001953,,2021-10-NONE,,approved,medium,두 자리 연도;다양한 구분자;partial_date,최종 날짜만 승인; OCR 주석 별도 검수
001954,,2021-10-NONE,,approved,medium,두 자리 연도;다양한 구분자;partial_date,최종 날짜만 승인; OCR 주석 별도 검수
001955,,2021-10-NONE,,approved,hard,제조일자·소비기한 동시;두 자리 연도;다양한 구분자;반사·흐림·저대비;partial_date,최종 날짜만 승인; OCR 주석 별도 검수
001956,,2021-10-NONE,,approved,hard,날짜 없음;반사·흐림·저대비;partial_date,최종 날짜만 승인; OCR 주석 별도 검수
001957,,2021-10-NONE,,approved,medium,두 자리 연도;다양한 구분자;partial_date,최종 날짜만 승인; OCR 주석 별도 검수
001958,,2020-11-13,,approved,easy,정상;full_date,최종 날짜만 승인; OCR 주석 별도 검수
001959,,2020-11-13,,approved,easy,정상;full_date,최종 날짜만 승인; OCR 주석 별도 검수
001960,,2022-06-15,,approved,hard,제조일자·소비기한 동시;full_date,최종 날짜만 승인; OCR 주석 별도 검수
001961,,2021-03-27,,approved,medium,제조일자·소비기한 동시;두 자리 연도;다양한 구분자;full_date,최종 날짜만 승인; OCR 주석 별도 검수
001962,,2021-03-27,,approved,medium,제조일자·소비기한 동시;두 자리 연도;다양한 구분자;full_date,최종 날짜만 승인; OCR 주석 별도 검수
001963,,2021-10-09,,approved,medium,제조일자·소비기한 동시;두 자리 연도;full_date,최종 날짜만 승인; OCR 주석 별도 검수
001964,,2021-10-09,,approved,medium,제조일자·소비기한 동시;full_date,최종 날짜만 승인; OCR 주석 별도 검수
001965,,2023-10-12,,approved,medium,제조일자·소비기한 동시;full_date,최종 날짜만 승인; OCR 주석 별도 검수
001966,,2023-10-12,,approved,easy,정상;full_date,최종 날짜만 승인; OCR 주석 별도 검수
001967,,2022-08-24,,approved,easy,정상;full_date,최종 날짜만 승인; OCR 주석 별도 검수
001968,,2022-08-24,,approved,easy,정상;full_date,최종 날짜만 승인; OCR 주석 별도 검수
001969,,2021-08-NONE,,approved,hard,두 자리 연도;다양한 구분자;반사·흐림·저대비;partial_date,최종 날짜만 승인; OCR 주석 별도 검수
001970,,2021-06-18,,approved,hard,제조일자·소비기한 동시;full_date,최종 날짜만 승인; OCR 주석 별도 검수
001971,,2021-06-18,,approved,hard,제조일자·소비기한 동시;full_date,최종 날짜만 승인; OCR 주석 별도 검수
001972,,2023-03-15,,approved,easy,정상;full_date,최종 날짜만 승인; OCR 주석 별도 검수
001973,,2023-03-15,,approved,easy,정상;full_date,최종 날짜만 승인; OCR 주석 별도 검수
001974,,2021-09-NONE,,approved,hard,두 자리 연도;다양한 구분자;반사·흐림·저대비;partial_date,최종 날짜만 승인; OCR 주석 별도 검수
001975,,2021-02-26,,approved,medium,두 자리 연도;full_date,최종 날짜만 승인; OCR 주석 별도 검수
001976,,2021-02-26,,approved,hard,두 자리 연도;다양한 구분자;반사·흐림·저대비;full_date,최종 날짜만 승인; OCR 주석 별도 검수
001977,,2021-01-14,,approved,medium,두 자리 연도;full_date,최종 날짜만 승인; OCR 주석 별도 검수
001978,,2020-11-04,,approved,easy,정상;full_date,최종 날짜만 승인; OCR 주석 별도 검수
001979,,2020-11-04,,approved,hard,다양한 구분자;반사·흐림·저대비;full_date,최종 날짜만 승인; OCR 주석 별도 검수
001980,,2022-10-15,,approved,easy,정상;full_date,최종 날짜만 승인; OCR 주석 별도 검수
001981,,2022-10-15,,approved,easy,정상;full_date,최종 날짜만 승인; OCR 주석 별도 검수
001982,,2021-10-20,,approved,easy,정상;full_date,최종 날짜만 승인; OCR 주석 별도 검수
001983,,2021-10-20,,approved,medium,다양한 구분자;full_date,최종 날짜만 승인; OCR 주석 별도 검수
001984,,2022-01-19,,approved,easy,정상;full_date,최종 날짜만 승인; OCR 주석 별도 검수
001985,,2022-01-19,,approved,easy,정상;full_date,최종 날짜만 승인; OCR 주석 별도 검수
001986,,2023-01-04,,approved,easy,정상;full_date,최종 날짜만 승인; OCR 주석 별도 검수
001987,,2021-12-28,,approved,easy,정상;full_date,최종 날짜만 승인; OCR 주석 별도 검수
001988,,2021-12-28,,approved,easy,정상;full_date,최종 날짜만 승인; OCR 주석 별도 검수
001989,,2022-11-23,,approved,easy,정상;full_date,최종 날짜만 승인; OCR 주석 별도 검수
001990,,2022-11-23,,approved,easy,정상;full_date,최종 날짜만 승인; OCR 주석 별도 검수
001991,,2021-12-28,,approved,medium,두 자리 연도;full_date,최종 날짜만 승인; OCR 주석 별도 검수
001992,,2021-12-28,,approved,medium,두 자리 연도;full_date,최종 날짜만 승인; OCR 주석 별도 검수
001993,,2021-10-29,,approved,easy,정상;full_date,최종 날짜만 승인; OCR 주석 별도 검수
001994,,2021-10-29,,approved,easy,정상;full_date,최종 날짜만 승인; OCR 주석 별도 검수
001995,,2021-12-18,,approved,hard,제조일자·소비기한 동시;full_date,최종 날짜만 승인; OCR 주석 별도 검수
001996,,2021-12-18,,approved,hard,제조일자·소비기한 동시;full_date,최종 날짜만 승인; OCR 주석 별도 검수
001997,,2021-12-27,,approved,easy,정상;full_date,최종 날짜만 승인; OCR 주석 별도 검수
001998,,2021-12-27,,approved,easy,정상;full_date,최종 날짜만 승인; OCR 주석 별도 검수
001999,,2021-04-24,,approved,medium,두 자리 연도;full_date,최종 날짜만 승인; OCR 주석 별도 검수
002000,,2021-04-24,,approved,medium,두 자리 연도;full_date,최종 날짜만 승인; OCR 주석 별도 검수
002001,,2022-01-27,,approved,easy,정상;full_date,최종 날짜만 승인; OCR 주석 별도 검수
002002,,2022-01-27,,approved,easy,정상;full_date,최종 날짜만 승인; OCR 주석 별도 검수
002003,,2022-05-15,,approved,easy,정상;full_date,최종 날짜만 승인; OCR 주석 별도 검수
002004,,2022-05-15,,approved,easy,정상;full_date,최종 날짜만 승인; OCR 주석 별도 검수
002005,,2022-07-27,,approved,easy,정상;full_date,최종 날짜만 승인; OCR 주석 별도 검수
002006,,2022-07-27,,approved,easy,정상;full_date,최종 날짜만 승인; OCR 주석 별도 검수
002007,,2022-01-14,,approved,medium,다양한 구분자;full_date,최종 날짜만 승인; OCR 주석 별도 검수
002008,,2022-01-14,,approved,medium,다양한 구분자;full_date,최종 날짜만 승인; OCR 주석 별도 검수
002009,,2021-12-02,,approved,medium,다양한 구분자;반사·흐림·저대비;full_date,최종 날짜만 승인; OCR 주석 별도 검수
002010,,2021-12-02,,approved,medium,다양한 구분자;full_date,최종 날짜만 승인; OCR 주석 별도 검수
002011,,2020-06-30,,approved,hard,날짜 없음;반사·흐림·저대비;full_date,최종 날짜만 승인; OCR 주석 별도 검수
002012,,2020-06-30,,approved,hard,날짜 없음;반사·흐림·저대비;full_date,최종 날짜만 승인; OCR 주석 별도 검수
002013,,2022-10-01,,approved,easy,정상;full_date,최종 날짜만 승인; OCR 주석 별도 검수
002014,,2023-06-28,,approved,easy,정상;full_date,최종 날짜만 승인; OCR 주석 별도 검수
002015,,2023-06-28,,approved,easy,정상;full_date,최종 날짜만 승인; OCR 주석 별도 검수
002016,,2022-10-19,,approved,hard,날짜 없음;반사·흐림·저대비;full_date,최종 날짜만 승인; OCR 주석 별도 검수
002017,,2021-10-23,,approved,easy,정상;full_date,최종 날짜만 승인; OCR 주석 별도 검수
002018,,2021-10-23,,approved,easy,정상;full_date,최종 날짜만 승인; OCR 주석 별도 검수
002019,,2022-03-09,,approved,hard,두 자리 연도;다양한 구분자;반사·흐림·저대비;full_date,최종 날짜만 승인; OCR 주석 별도 검수
002020,,2023-05-01,,approved,hard,제조일자·소비기한 동시;다양한 구분자;full_date,최종 날짜만 승인; OCR 주석 별도 검수
002021,,2022-04-09,,approved,easy,정상;full_date,최종 날짜만 승인; OCR 주석 별도 검수
002022,,2022-04-09,,approved,easy,정상;full_date,최종 날짜만 승인; OCR 주석 별도 검수
002023,,2020-11-10,,approved,easy,정상;full_date,최종 날짜만 승인; OCR 주석 별도 검수
002024,,2020-11-10,,approved,easy,정상;full_date,최종 날짜만 승인; OCR 주석 별도 검수
002025,,2020-01-03,,approved,medium,두 자리 연도;full_date,최종 날짜만 승인; OCR 주석 별도 검수
002026,,2020-01-03,,approved,medium,두 자리 연도;full_date,최종 날짜만 승인; OCR 주석 별도 검수
002027,,2020-11-26,,approved,easy,정상;full_date,최종 날짜만 승인; OCR 주석 별도 검수
002028,,2020-11-26,,approved,easy,정상;full_date,최종 날짜만 승인; OCR 주석 별도 검수
002029,,2020-11-22,,approved,easy,정상;full_date,최종 날짜만 승인; OCR 주석 별도 검수
002030,,2019-11-18,,approved,easy,정상;full_date,최종 날짜만 승인; OCR 주석 별도 검수
002031,,2019-11-18,,approved,easy,정상;full_date,최종 날짜만 승인; OCR 주석 별도 검수
002032,,2022-03-22,,approved,easy,정상;full_date,최종 날짜만 승인; OCR 주석 별도 검수
002033,,2022-03-22,,approved,easy,정상;full_date,최종 날짜만 승인; OCR 주석 별도 검수
002034,,2017-12-20,,approved,medium,두 자리 연도;full_date,최종 날짜만 승인; OCR 주석 별도 검수
002035,,2017-12-20,,approved,medium,두 자리 연도;full_date,최종 날짜만 승인; OCR 주석 별도 검수
002036,,2022-08-20,,approved,medium,두 자리 연도;반사·흐림·저대비;full_date,최종 날짜만 승인; OCR 주석 별도 검수
002037,,2022-08-20,,approved,medium,두 자리 연도;full_date,최종 날짜만 승인; OCR 주석 별도 검수
002038,,2020-11-26,,approved,easy,정상;full_date,최종 날짜만 승인; OCR 주석 별도 검수
002039,,2021-12-03,,approved,easy,정상;full_date,최종 날짜만 승인; OCR 주석 별도 검수
002040,,2021-12-03,,approved,easy,정상;full_date,최종 날짜만 승인; OCR 주석 별도 검수
002041,,2020-08-27,,approved,easy,정상;full_date,최종 날짜만 승인; OCR 주석 별도 검수
002042,,2020-08-27,,approved,easy,정상;full_date,최종 날짜만 승인; OCR 주석 별도 검수
002043,,2019-12-20,,approved,easy,정상;full_date,최종 날짜만 승인; OCR 주석 별도 검수
002044,,2019-12-20,,approved,easy,정상;full_date,최종 날짜만 승인; OCR 주석 별도 검수
002045,,2021-12-10,,approved,easy,정상;full_date,최종 날짜만 승인; OCR 주석 별도 검수
002046,,2021-12-10,,approved,easy,정상;full_date,최종 날짜만 승인; OCR 주석 별도 검수
002047,,2021-07-31,,approved,medium,두 자리 연도;다양한 구분자;full_date,최종 날짜만 승인; OCR 주석 별도 검수
002048,,2021-07-31,,approved,medium,두 자리 연도;다양한 구분자;full_date,최종 날짜만 승인; OCR 주석 별도 검수
002049,,2021-03-25,,approved,easy,정상;full_date,최종 날짜만 승인; OCR 주석 별도 검수
002050,,2021-03-25,,approved,easy,정상;full_date,최종 날짜만 승인; OCR 주석 별도 검수
002051,,NONE-04-14,,approved,hard,날짜 없음;반사·흐림·저대비;partial_date,최종 날짜만 승인; OCR 주석 별도 검수
002052,,NONE-04-14,,approved,hard,날짜 없음;반사·흐림·저대비;partial_date,최종 날짜만 승인; OCR 주석 별도 검수
002053,,2020-08-11,,approved,easy,정상;full_date,최종 날짜만 승인; OCR 주석 별도 검수
002054,,2021-12-NONE,,approved,hard,날짜 없음;반사·흐림·저대비;partial_date,최종 날짜만 승인; OCR 주석 별도 검수
002055,,2021-12-NONE,,approved,hard,날짜 없음;반사·흐림·저대비;partial_date,최종 날짜만 승인; OCR 주석 별도 검수
002056,,2021-12-17,,approved,easy,정상;full_date,최종 날짜만 승인; OCR 주석 별도 검수
002057,,2021-12-17,,approved,easy,정상;full_date,최종 날짜만 승인; OCR 주석 별도 검수
002058,,2022-06-22,,approved,medium,다양한 구분자;full_date,최종 날짜만 승인; OCR 주석 별도 검수
002059,,2022-06-22,,approved,easy,정상;full_date,최종 날짜만 승인; OCR 주석 별도 검수
002060,,NONE-04-17,,approved,hard,두 자리 연도;다양한 구분자;반사·흐림·저대비;partial_date,최종 날짜만 승인; OCR 주석 별도 검수
002061,,NONE-04-17,,approved,hard,두 자리 연도;다양한 구분자;반사·흐림·저대비;partial_date,최종 날짜만 승인; OCR 주석 별도 검수
002062,,2023-02-NONE,,approved,hard,두 자리 연도;다양한 구분자;반사·흐림·저대비;partial_date,최종 날짜만 승인; OCR 주석 별도 검수
002063,,2023-02-NONE,,approved,hard,두 자리 연도;다양한 구분자;반사·흐림·저대비;partial_date,최종 날짜만 승인; OCR 주석 별도 검수
002064,,2021-09-03,,approved,medium,제조일자·소비기한 동시;full_date,최종 날짜만 승인; OCR 주석 별도 검수
002065,,2021-09-03,,approved,easy,정상;full_date,최종 날짜만 승인; OCR 주석 별도 검수
002066,,2020-04-30,,approved,hard,제조일자·소비기한 동시;두 자리 연도;다양한 구분자;반사·흐림·저대비;full_date,최종 날짜만 승인; OCR 주석 별도 검수
002067,,2020-04-30,,approved,hard,제조일자·소비기한 동시;두 자리 연도;다양한 구분자;반사·흐림·저대비;full_date,최종 날짜만 승인; OCR 주석 별도 검수
002068,,2022-11-09,,approved,hard,두 자리 연도;다양한 구분자;반사·흐림·저대비;full_date,최종 날짜만 승인; OCR 주석 별도 검수
002069,,2022-12-11,,approved,easy,정상;full_date,최종 날짜만 승인; OCR 주석 별도 검수
002070,,2022-03-24,,approved,easy,정상;full_date,최종 날짜만 승인; OCR 주석 별도 검수
002071,,2022-03-24,,approved,easy,정상;full_date,최종 날짜만 승인; OCR 주석 별도 검수
002072,,2021-12-24,,approved,medium,두 자리 연도;다양한 구분자;full_date,최종 날짜만 승인; OCR 주석 별도 검수
002073,,2021-12-24,,approved,medium,두 자리 연도;다양한 구분자;full_date,최종 날짜만 승인; OCR 주석 별도 검수
002074,,2020-05-28,,approved,easy,정상;full_date,최종 날짜만 승인; OCR 주석 별도 검수
002075,,2020-05-28,,approved,easy,정상;full_date,최종 날짜만 승인; OCR 주석 별도 검수
002076,,2022-03-04,,approved,easy,정상;full_date,최종 날짜만 승인; OCR 주석 별도 검수
002077,,2020-10-21,,approved,easy,정상;full_date,최종 날짜만 승인; OCR 주석 별도 검수
002078,,2020-10-21,,approved,easy,정상;full_date,최종 날짜만 승인; OCR 주석 별도 검수
002079,,2021-01-03,,approved,easy,정상;full_date,최종 날짜만 승인; OCR 주석 별도 검수
002080,,2021-01-03,,approved,easy,정상;full_date,최종 날짜만 승인; OCR 주석 별도 검수
002081,,2019-09-16,,approved,medium,제조일자·소비기한 동시;두 자리 연도;full_date,최종 날짜만 승인; OCR 주석 별도 검수
002082,,2019-07-09,,approved,medium,다양한 구분자;full_date,최종 날짜만 승인; OCR 주석 별도 검수
002083,,2020-11-06,,approved,medium,제조일자·소비기한 동시;다양한 구분자;full_date,최종 날짜만 승인; OCR 주석 별도 검수
002084,,2020-11-06,,approved,medium,제조일자·소비기한 동시;다양한 구분자;full_date,최종 날짜만 승인; OCR 주석 별도 검수
002085,,2021-11-22,,approved,easy,정상;full_date,최종 날짜만 승인; OCR 주석 별도 검수
002086,,2021-11-22,,approved,easy,정상;full_date,최종 날짜만 승인; OCR 주석 별도 검수
002087,,2021-09-03,,approved,easy,정상;full_date,최종 날짜만 승인; OCR 주석 별도 검수
002088,,2021-09-03,,approved,easy,정상;full_date,최종 날짜만 승인; OCR 주석 별도 검수
002089,,2021-11-09,,approved,easy,정상;full_date,최종 날짜만 승인; OCR 주석 별도 검수
002090,,2021-11-09,,approved,easy,정상;full_date,최종 날짜만 승인; OCR 주석 별도 검수
002091,,2021-09-21,,approved,easy,정상;full_date,최종 날짜만 승인; OCR 주석 별도 검수
002092,,2021-09-21,,approved,easy,정상;full_date,최종 날짜만 승인; OCR 주석 별도 검수
002093,,2021-11-17,,approved,easy,정상;full_date,최종 날짜만 승인; OCR 주석 별도 검수
002094,,2021-04-28,,approved,easy,정상;full_date,최종 날짜만 승인; OCR 주석 별도 검수
002095,,2021-04-28,,approved,easy,정상;full_date,최종 날짜만 승인; OCR 주석 별도 검수
002096,,2022-06-16,,approved,easy,정상;full_date,최종 날짜만 승인; OCR 주석 별도 검수
002097,,2022-06-16,,approved,easy,정상;full_date,최종 날짜만 승인; OCR 주석 별도 검수
002098,,2021-05-25,,approved,easy,정상;full_date,최종 날짜만 승인; OCR 주석 별도 검수
002099,,2021-05-25,,approved,easy,정상;full_date,최종 날짜만 승인; OCR 주석 별도 검수
002100,,2021-09-17,,approved,easy,정상;full_date,최종 날짜만 승인; OCR 주석 별도 검수
002101,,2021-09-17,,approved,easy,정상;full_date,최종 날짜만 승인; OCR 주석 별도 검수
002102,,2021-12-25,,approved,easy,정상;full_date,최종 날짜만 승인; OCR 주석 별도 검수
002103,,2021-12-25,,approved,easy,정상;full_date,최종 날짜만 승인; OCR 주석 별도 검수
002104,,2021-01-28,,approved,easy,정상;full_date,최종 날짜만 승인; OCR 주석 별도 검수
002105,,2021-01-28,,approved,easy,정상;full_date,최종 날짜만 승인; OCR 주석 별도 검수
002106,,2022-01-03,,approved,easy,정상;full_date,최종 날짜만 승인; OCR 주석 별도 검수
002107,,2020-09-01,,approved,medium,다양한 구분자;full_date,최종 날짜만 승인; OCR 주석 별도 검수
002108,,2020-09-01,,approved,medium,다양한 구분자;full_date,최종 날짜만 승인; OCR 주석 별도 검수
002109,,2022-02-24,,approved,easy,정상;full_date,최종 날짜만 승인; OCR 주석 별도 검수
002110,,2022-02-24,,approved,easy,정상;full_date,최종 날짜만 승인; OCR 주석 별도 검수
002111,,2022-08-25,,approved,medium,다양한 구분자;full_date,최종 날짜만 승인; OCR 주석 별도 검수
002112,,2022-08-25,,approved,medium,다양한 구분자;full_date,최종 날짜만 승인; OCR 주석 별도 검수
002113,,2022-03-12,,approved,medium,다양한 구분자;full_date,최종 날짜만 승인; OCR 주석 별도 검수
002114,,2020-12-01,,approved,easy,정상;full_date,최종 날짜만 승인; OCR 주석 별도 검수
002115,,2020-12-01,,approved,easy,정상;full_date,최종 날짜만 승인; OCR 주석 별도 검수
002116,,2020-07-05,,approved,easy,정상;full_date,최종 날짜만 승인; OCR 주석 별도 검수
002117,,2020-07-05,,approved,easy,정상;full_date,최종 날짜만 승인; OCR 주석 별도 검수
002118,,2021-01-03,,approved,easy,정상;full_date,최종 날짜만 승인; OCR 주석 별도 검수
002119,,2021-01-03,,approved,easy,정상;full_date,최종 날짜만 승인; OCR 주석 별도 검수
002120,,2020-07-20,,approved,easy,정상;full_date,최종 날짜만 승인; OCR 주석 별도 검수
002121,,2020-07-20,,approved,easy,정상;full_date,최종 날짜만 승인; OCR 주석 별도 검수
002122,,2021-10-09,,approved,medium,두 자리 연도;full_date,최종 날짜만 승인; OCR 주석 별도 검수
002123,,2020-11-02,,approved,medium,다양한 구분자;full_date,최종 날짜만 승인; OCR 주석 별도 검수
002124,,2020-11-02,,approved,medium,다양한 구분자;full_date,최종 날짜만 승인; OCR 주석 별도 검수
002125,,2021-04-21,,approved,medium,두 자리 연도;다양한 구분자;반사·흐림·저대비;full_date,최종 날짜만 승인; OCR 주석 별도 검수
002126,,2021-04-21,,approved,medium,두 자리 연도;다양한 구분자;반사·흐림·저대비;full_date,최종 날짜만 승인; OCR 주석 별도 검수
002127,,2021-11-04,,approved,easy,정상;full_date,최종 날짜만 승인; OCR 주석 별도 검수
002128,,2021-08-12,,approved,easy,정상;full_date,최종 날짜만 승인; OCR 주석 별도 검수
002129,,2021-08-12,,approved,easy,정상;full_date,최종 날짜만 승인; OCR 주석 별도 검수
002130,,2021-11-01,,approved,easy,정상;full_date,최종 날짜만 승인; OCR 주석 별도 검수
002131,,2021-11-01,,approved,easy,정상;full_date,최종 날짜만 승인; OCR 주석 별도 검수
002132,,2021-10-04,,approved,medium,두 자리 연도;다양한 구분자;full_date,최종 날짜만 승인; OCR 주석 별도 검수
002133,,2021-10-04,,approved,medium,두 자리 연도;다양한 구분자;full_date,최종 날짜만 승인; OCR 주석 별도 검수
002134,,2022-11-02,,approved,easy,정상;full_date,최종 날짜만 승인; OCR 주석 별도 검수
002135,,2022-11-02,,approved,easy,정상;full_date,최종 날짜만 승인; OCR 주석 별도 검수
002136,,2021-10-11,,approved,easy,정상;full_date,최종 날짜만 승인; OCR 주석 별도 검수
002137,,2021-10-11,,approved,easy,정상;full_date,최종 날짜만 승인; OCR 주석 별도 검수
002138,,2021-06-29,,approved,easy,정상;full_date,최종 날짜만 승인; OCR 주석 별도 검수
002139,,2021-06-29,,approved,easy,정상;full_date,최종 날짜만 승인; OCR 주석 별도 검수
002140,,2021-05-05,,approved,easy,정상;full_date,최종 날짜만 승인; OCR 주석 별도 검수
002141,,2021-04-11,,approved,hard,제조일자·소비기한 동시;두 자리 연도;다양한 구분자;반사·흐림·저대비;full_date,최종 날짜만 승인; OCR 주석 별도 검수
002142,,2021-04-11,,approved,hard,제조일자·소비기한 동시;두 자리 연도;다양한 구분자;반사·흐림·저대비;full_date,최종 날짜만 승인; OCR 주석 별도 검수
002143,,2021-02-08,,approved,medium,두 자리 연도;full_date,최종 날짜만 승인; OCR 주석 별도 검수
002144,,2021-07-13,,approved,easy,정상;full_date,최종 날짜만 승인; OCR 주석 별도 검수
002145,,2021-07-13,,approved,easy,정상;full_date,최종 날짜만 승인; OCR 주석 별도 검수
002146,,2022-07-26,,approved,easy,정상;full_date,최종 날짜만 승인; OCR 주석 별도 검수
002147,,2022-07-26,,approved,easy,정상;full_date,최종 날짜만 승인; OCR 주석 별도 검수
002148,,2022-01-03,,approved,easy,정상;full_date,최종 날짜만 승인; OCR 주석 별도 검수
002149,,2021-03-31,,approved,easy,정상;full_date,최종 날짜만 승인; OCR 주석 별도 검수
002150,,2021-03-31,,approved,easy,정상;full_date,최종 날짜만 승인; OCR 주석 별도 검수
002151,,2022-11-09,,approved,easy,정상;full_date,최종 날짜만 승인; OCR 주석 별도 검수
002152,,2019-07-11,,approved,hard,날짜 없음;반사·흐림·저대비;full_date,최종 날짜만 승인; OCR 주석 별도 검수
002153,,2019-07-11,,approved,medium,두 자리 연도;full_date,최종 날짜만 승인; OCR 주석 별도 검수
002154,,2021-05-21,,approved,medium,두 자리 연도;full_date,최종 날짜만 승인; OCR 주석 별도 검수
002155,,2021-05-21,,approved,medium,두 자리 연도;full_date,최종 날짜만 승인; OCR 주석 별도 검수
002156,,2021-12-25,,approved,medium,다양한 구분자;full_date,최종 날짜만 승인; OCR 주석 별도 검수
002157,,2021-12-25,,approved,medium,다양한 구분자;full_date,최종 날짜만 승인; OCR 주석 별도 검수
002158,,NONE-04-13,,approved,hard,날짜 없음;반사·흐림·저대비;partial_date,최종 날짜만 승인; OCR 주석 별도 검수
002159,,NONE-04-13,,approved,hard,날짜 없음;반사·흐림·저대비;partial_date,최종 날짜만 승인; OCR 주석 별도 검수
002160,,2021-04-08,,approved,medium,다양한 구분자;full_date,최종 날짜만 승인; OCR 주석 별도 검수
002161,,2021-04-08,,approved,medium,다양한 구분자;full_date,최종 날짜만 승인; OCR 주석 별도 검수
002162,,2023-06-18,,approved,medium,두 자리 연도;다양한 구분자;full_date,최종 날짜만 승인; OCR 주석 별도 검수
002163,,2023-06-18,,approved,hard,두 자리 연도;다양한 구분자;반사·흐림·저대비;full_date,최종 날짜만 승인; OCR 주석 별도 검수
002164,,2021-01-29,,approved,medium,두 자리 연도;full_date,최종 날짜만 승인; OCR 주석 별도 검수
002165,,2021-01-29,,approved,medium,두 자리 연도;full_date,최종 날짜만 승인; OCR 주석 별도 검수
002166,,2021-04-12,,approved,easy,정상;full_date,최종 날짜만 승인; OCR 주석 별도 검수
002167,,2021-05-28,,approved,easy,정상;full_date,최종 날짜만 승인; OCR 주석 별도 검수
002168,,2021-05-28,,approved,easy,정상;full_date,최종 날짜만 승인; OCR 주석 별도 검수
002169,,2020-01-15,,approved,easy,정상;full_date,최종 날짜만 승인; OCR 주석 별도 검수
002170,,2020-01-15,,approved,easy,정상;full_date,최종 날짜만 승인; OCR 주석 별도 검수
002171,,2020-06-24,,approved,medium,두 자리 연도;full_date,최종 날짜만 승인; OCR 주석 별도 검수
002172,,2020-06-24,,approved,medium,두 자리 연도;full_date,최종 날짜만 승인; OCR 주석 별도 검수
002173,,NONE-07-01,,approved,hard,날짜 없음;반사·흐림·저대비;partial_date,최종 날짜만 승인; OCR 주석 별도 검수
002174,,2021-09-05,,approved,easy,정상;full_date,최종 날짜만 승인; OCR 주석 별도 검수
002175,,2021-09-05,,approved,easy,정상;full_date,최종 날짜만 승인; OCR 주석 별도 검수
002176,,2021-02-11,,approved,medium,두 자리 연도;full_date,최종 날짜만 승인; OCR 주석 별도 검수
002177,,2021-02-11,,approved,medium,두 자리 연도;full_date,최종 날짜만 승인; OCR 주석 별도 검수
002178,,2022-05-19,,approved,easy,정상;full_date,최종 날짜만 승인; OCR 주석 별도 검수
002179,,2022-01-19,,approved,easy,정상;full_date,최종 날짜만 승인; OCR 주석 별도 검수
002180,,2022-01-19,,approved,easy,정상;full_date,최종 날짜만 승인; OCR 주석 별도 검수
002181,,2018-12-04,,approved,easy,정상;full_date,최종 날짜만 승인; OCR 주석 별도 검수
002182,,2019-02-20,,approved,easy,정상;full_date,최종 날짜만 승인; OCR 주석 별도 검수
002183,,2019-02-20,,approved,hard,날짜 없음;반사·흐림·저대비;full_date,최종 날짜만 승인; OCR 주석 별도 검수
002184,,2020-09-25,,approved,easy,정상;full_date,최종 날짜만 승인; OCR 주석 별도 검수
002185,,2020-09-25,,approved,easy,정상;full_date,최종 날짜만 승인; OCR 주석 별도 검수
002186,,2020-06-10,,approved,easy,정상;full_date,최종 날짜만 승인; OCR 주석 별도 검수
002187,,2020-06-10,,approved,easy,정상;full_date,최종 날짜만 승인; OCR 주석 별도 검수
002188,,2020-08-07,,approved,easy,정상;full_date,최종 날짜만 승인; OCR 주석 별도 검수
002189,,2022-02-04,,approved,hard,제조일자·소비기한 동시;두 자리 연도;다양한 구분자;반사·흐림·저대비;full_date,최종 날짜만 승인; OCR 주석 별도 검수
002190,,2022-02-04,,approved,hard,제조일자·소비기한 동시;두 자리 연도;다양한 구분자;반사·흐림·저대비;full_date,최종 날짜만 승인; OCR 주석 별도 검수
002191,,2020-10-20,,approved,easy,정상;full_date,최종 날짜만 승인; OCR 주석 별도 검수
002192,,2020-10-20,,approved,easy,정상;full_date,최종 날짜만 승인; OCR 주석 별도 검수
002193,,2020-06-10,,approved,hard,제조일자·소비기한 동시;두 자리 연도;다양한 구분자;반사·흐림·저대비;full_date,최종 날짜만 승인; OCR 주석 별도 검수
002194,,2020-06-10,,approved,easy,정상;full_date,최종 날짜만 승인; OCR 주석 별도 검수
002195,,2021-10-28,,approved,easy,정상;full_date,최종 날짜만 승인; OCR 주석 별도 검수
002196,,2021-10-28,,approved,medium,다양한 구분자;full_date,최종 날짜만 승인; OCR 주석 별도 검수
002197,,2021-01-13,,approved,easy,정상;full_date,최종 날짜만 승인; OCR 주석 별도 검수
002198,,2021-01-13,,approved,easy,정상;full_date,최종 날짜만 승인; OCR 주석 별도 검수
002199,,2021-08-05,,approved,easy,정상;full_date,최종 날짜만 승인; OCR 주석 별도 검수
002200,,2021-08-05,,approved,easy,정상;full_date,최종 날짜만 승인; OCR 주석 별도 검수
002201,,2020-10-08,,approved,medium,두 자리 연도;full_date,최종 날짜만 승인; OCR 주석 별도 검수
002202,,2020-10-08,,approved,medium,두 자리 연도;반사·흐림·저대비;full_date,최종 날짜만 승인; OCR 주석 별도 검수
002203,,2021-01-08,,approved,medium,제조일자·소비기한 동시;full_date,최종 날짜만 승인; OCR 주석 별도 검수
002204,,2021-01-08,,approved,medium,제조일자·소비기한 동시;full_date,최종 날짜만 승인; OCR 주석 별도 검수
002205,,2021-03-05,,approved,medium,두 자리 연도;full_date,최종 날짜만 승인; OCR 주석 별도 검수
002206,,2021-03-05,,approved,medium,두 자리 연도;full_date,최종 날짜만 승인; OCR 주석 별도 검수
002207,,2020-06-11,,approved,easy,정상;full_date,최종 날짜만 승인; OCR 주석 별도 검수
002208,,2022-05-31,,approved,easy,정상;full_date,최종 날짜만 승인; OCR 주석 별도 검수
002209,,2022-05-31,,approved,easy,정상;full_date,최종 날짜만 승인; OCR 주석 별도 검수
002210,,2020-09-22,,approved,medium,제조일자·소비기한 동시;두 자리 연도;full_date,최종 날짜만 승인; OCR 주석 별도 검수
002211,,2020-09-22,,approved,medium,제조일자·소비기한 동시;두 자리 연도;full_date,최종 날짜만 승인; OCR 주석 별도 검수
002212,,2020-10-30,,approved,easy,정상;full_date,최종 날짜만 승인; OCR 주석 별도 검수
002213,,2020-10-30,,approved,easy,정상;full_date,최종 날짜만 승인; OCR 주석 별도 검수
002214,,2020-10-16,,approved,medium,두 자리 연도;full_date,최종 날짜만 승인; OCR 주석 별도 검수
002215,,2020-10-16,,approved,medium,두 자리 연도;full_date,최종 날짜만 승인; OCR 주석 별도 검수
002216,,2023-06-NONE,,approved,medium,두 자리 연도;다양한 구분자;partial_date,최종 날짜만 승인; OCR 주석 별도 검수
002217,,2023-05-NONE,,approved,medium,두 자리 연도;다양한 구분자;partial_date,최종 날짜만 승인; OCR 주석 별도 검수
002218,,2023-05-NONE,,approved,medium,두 자리 연도;다양한 구분자;partial_date,최종 날짜만 승인; OCR 주석 별도 검수
002219,,2022-02-01,,approved,easy,정상;full_date,최종 날짜만 승인; OCR 주석 별도 검수
002220,,2019-09-30,,approved,medium,다양한 구분자;full_date,최종 날짜만 승인; OCR 주석 별도 검수
002221,,2022-06-03,,approved,easy,정상;full_date,최종 날짜만 승인; OCR 주석 별도 검수
002222,,2021-02-07,,approved,easy,정상;full_date,최종 날짜만 승인; OCR 주석 별도 검수
002223,,2021-02-07,,approved,easy,정상;full_date,최종 날짜만 승인; OCR 주석 별도 검수
002224,,2022-09-14,,approved,easy,정상;full_date,최종 날짜만 승인; OCR 주석 별도 검수
002225,,2022-09-14,,approved,easy,정상;full_date,최종 날짜만 승인; OCR 주석 별도 검수
002226,,2023-03-03,,approved,easy,정상;full_date,최종 날짜만 승인; OCR 주석 별도 검수
002227,,2023-03-03,,approved,easy,정상;full_date,최종 날짜만 승인; OCR 주석 별도 검수
002228,,2023-03-28,,approved,hard,두 자리 연도;다양한 구분자;반사·흐림·저대비;full_date,최종 날짜만 승인; OCR 주석 별도 검수
002229,,2023-03-28,,approved,medium,두 자리 연도;다양한 구분자;full_date,최종 날짜만 승인; OCR 주석 별도 검수
002230,,2022-07-21,,approved,easy,정상;full_date,최종 날짜만 승인; OCR 주석 별도 검수
002231,,2022-07-21,,approved,easy,정상;full_date,최종 날짜만 승인; OCR 주석 별도 검수
002232,,2022-12-20,,approved,easy,정상;full_date,최종 날짜만 승인; OCR 주석 별도 검수
002233,,2023-01-21,,approved,medium,다양한 구분자;full_date,최종 날짜만 승인; OCR 주석 별도 검수
002234,,2023-01-21,,approved,medium,다양한 구분자;full_date,최종 날짜만 승인; OCR 주석 별도 검수
002235,,2022-02-22,,approved,medium,다양한 구분자;full_date,최종 날짜만 승인; OCR 주석 별도 검수
002236,,2021-06-08,,approved,easy,정상;full_date,최종 날짜만 승인; OCR 주석 별도 검수
002237,,2021-06-08,,approved,easy,정상;full_date,최종 날짜만 승인; OCR 주석 별도 검수
002238,,2022-06-30,,approved,hard,다양한 구분자;반사·흐림·저대비;full_date,최종 날짜만 승인; OCR 주석 별도 검수
002239,,2022-06-30,,approved,medium,다양한 구분자;full_date,최종 날짜만 승인; OCR 주석 별도 검수
002240,,2021-05-26,,approved,medium,두 자리 연도;다양한 구분자;full_date,최종 날짜만 승인; OCR 주석 별도 검수
002241,,2021-05-26,,approved,hard,날짜 없음;반사·흐림·저대비;full_date,최종 날짜만 승인; OCR 주석 별도 검수
002242,,2022-03-13,,approved,easy,정상;full_date,최종 날짜만 승인; OCR 주석 별도 검수
002243,,2022-03-13,,approved,easy,정상;full_date,최종 날짜만 승인; OCR 주석 별도 검수
002244,,2021-05-21,,approved,hard,날짜 없음;반사·흐림·저대비;full_date,최종 날짜만 승인; OCR 주석 별도 검수
002245,,2021-05-21,,approved,medium,두 자리 연도;다양한 구분자;full_date,최종 날짜만 승인; OCR 주석 별도 검수
002246,,2021-07-22,,approved,easy,정상;full_date,최종 날짜만 승인; OCR 주석 별도 검수
002247,,2021-09-07,,approved,easy,정상;full_date,최종 날짜만 승인; OCR 주석 별도 검수
002248,,2021-09-07,,approved,medium,두 자리 연도;full_date,최종 날짜만 승인; OCR 주석 별도 검수
002249,,2021-10-20,,approved,easy,정상;full_date,최종 날짜만 승인; OCR 주석 별도 검수
002250,,2021-05-09,,approved,hard,날짜 없음;반사·흐림·저대비;full_date,최종 날짜만 승인; OCR 주석 별도 검수
002251,,2021-05-09,,approved,hard,날짜 없음;반사·흐림·저대비;full_date,최종 날짜만 승인; OCR 주석 별도 검수
002252,,2022-01-04,,approved,easy,정상;full_date,최종 날짜만 승인; OCR 주석 별도 검수
002253,,2022-01-04,,approved,easy,정상;full_date,최종 날짜만 승인; OCR 주석 별도 검수
002254,,2021-10-26,,approved,medium,제조일자·소비기한 동시;full_date,최종 날짜만 승인; OCR 주석 별도 검수
002255,,2021-10-26,,approved,medium,제조일자·소비기한 동시;full_date,최종 날짜만 승인; OCR 주석 별도 검수
002256,,2021-04-30,,approved,easy,정상;full_date,최종 날짜만 승인; OCR 주석 별도 검수
002257,,2021-04-30,,approved,easy,정상;full_date,최종 날짜만 승인; OCR 주석 별도 검수
002258,,2022-01-24,,approved,easy,정상;full_date,최종 날짜만 승인; OCR 주석 별도 검수
002259,,2022-12-15,,approved,easy,정상;full_date,최종 날짜만 승인; OCR 주석 별도 검수
002260,,2022-12-15,,approved,easy,정상;full_date,최종 날짜만 승인; OCR 주석 별도 검수
002261,,2022-01-11,,approved,easy,정상;full_date,최종 날짜만 승인; OCR 주석 별도 검수
002262,,2022-01-11,,approved,easy,정상;full_date,최종 날짜만 승인; OCR 주석 별도 검수
002263,,2021-12-01,,approved,easy,정상;full_date,최종 날짜만 승인; OCR 주석 별도 검수
002264,,2021-12-01,,approved,hard,날짜 없음;반사·흐림·저대비;full_date,최종 날짜만 승인; OCR 주석 별도 검수
002265,,NONE-03-05,,approved,hard,날짜 없음;반사·흐림·저대비;partial_date,최종 날짜만 승인; OCR 주석 별도 검수
002266,,NONE-03-05,,approved,hard,날짜 없음;반사·흐림·저대비;partial_date,최종 날짜만 승인; OCR 주석 별도 검수
002267,,2022-09-NONE,,approved,medium,두 자리 연도;다양한 구분자;partial_date,최종 날짜만 승인; OCR 주석 별도 검수
002268,,2022-09-NONE,,approved,medium,두 자리 연도;다양한 구분자;partial_date,최종 날짜만 승인; OCR 주석 별도 검수
002269,,2021-03-16,,approved,medium,두 자리 연도;다양한 구분자;full_date,최종 날짜만 승인; OCR 주석 별도 검수
002270,,2021-03-16,,approved,medium,두 자리 연도;다양한 구분자;full_date,최종 날짜만 승인; OCR 주석 별도 검수
002271,,2021-08-02,,approved,easy,정상;full_date,최종 날짜만 승인; OCR 주석 별도 검수
002272,,2021-08-02,,approved,easy,정상;full_date,최종 날짜만 승인; OCR 주석 별도 검수
002273,,2021-08-09,,approved,easy,정상;full_date,최종 날짜만 승인; OCR 주석 별도 검수
002274,,2021-08-09,,approved,medium,제조일자·소비기한 동시;full_date,최종 날짜만 승인; OCR 주석 별도 검수
002275,,2023-12-22,,approved,medium,제조일자·소비기한 동시;full_date,최종 날짜만 승인; OCR 주석 별도 검수
002276,,2023-12-22,,approved,medium,제조일자·소비기한 동시;full_date,최종 날짜만 승인; OCR 주석 별도 검수
002277,,2023-07-NONE,,approved,medium,두 자리 연도;다양한 구분자;partial_date,최종 날짜만 승인; OCR 주석 별도 검수
002278,,2023-07-NONE,,approved,medium,두 자리 연도;다양한 구분자;partial_date,최종 날짜만 승인; OCR 주석 별도 검수
002279,,2021-01-03,,approved,easy,정상;full_date,최종 날짜만 승인; OCR 주석 별도 검수
002280,,2021-01-03,,approved,easy,정상;full_date,최종 날짜만 승인; OCR 주석 별도 검수
002281,,2022-07-NONE,,approved,hard,두 자리 연도;다양한 구분자;반사·흐림·저대비;partial_date,최종 날짜만 승인; OCR 주석 별도 검수
002282,,2022-07-NONE,,approved,hard,두 자리 연도;다양한 구분자;반사·흐림·저대비;partial_date,최종 날짜만 승인; OCR 주석 별도 검수
002283,,2022-01-20,,approved,medium,제조일자·소비기한 동시;full_date,최종 날짜만 승인; OCR 주석 별도 검수
002284,,2022-01-06,,approved,medium,두 자리 연도;full_date,최종 날짜만 승인; OCR 주석 별도 검수
002285,,2022-01-06,,approved,medium,제조일자·소비기한 동시;두 자리 연도;full_date,최종 날짜만 승인; OCR 주석 별도 검수
002286,,2021-12-31,,approved,medium,두 자리 연도;full_date,최종 날짜만 승인; OCR 주석 별도 검수
002287,,2021-12-31,,approved,medium,두 자리 연도;full_date,최종 날짜만 승인; OCR 주석 별도 검수
002288,,2021-12-18,,approved,hard,제조일자·소비기한 동시;full_date,최종 날짜만 승인; OCR 주석 별도 검수
002289,,2021-12-18,,approved,hard,제조일자·소비기한 동시;full_date,최종 날짜만 승인; OCR 주석 별도 검수
002290,,2021-09-10,,approved,easy,정상;full_date,최종 날짜만 승인; OCR 주석 별도 검수
002291,,2021-09-10,,approved,easy,정상;full_date,최종 날짜만 승인; OCR 주석 별도 검수
002292,,2021-07-03,,approved,easy,정상;full_date,최종 날짜만 승인; OCR 주석 별도 검수
002293,,2021-07-03,,approved,easy,정상;full_date,최종 날짜만 승인; OCR 주석 별도 검수
002294,,2022-09-22,,approved,easy,정상;full_date,최종 날짜만 승인; OCR 주석 별도 검수
002295,,2022-09-22,,approved,easy,정상;full_date,최종 날짜만 승인; OCR 주석 별도 검수
002296,,2022-06-06,,approved,easy,정상;full_date,최종 날짜만 승인; OCR 주석 별도 검수
002297,,2022-06-06,,approved,easy,정상;full_date,최종 날짜만 승인; OCR 주석 별도 검수
002298,,2021-10-15,,approved,easy,정상;full_date,최종 날짜만 승인; OCR 주석 별도 검수
002299,,2021-10-15,,approved,easy,정상;full_date,최종 날짜만 승인; OCR 주석 별도 검수
002300,,2022-01-31,,approved,easy,정상;full_date,최종 날짜만 승인; OCR 주석 별도 검수
002301,,2022-01-31,,approved,easy,정상;full_date,최종 날짜만 승인; OCR 주석 별도 검수
002302,,2022-02-03,,approved,easy,정상;full_date,최종 날짜만 승인; OCR 주석 별도 검수
002303,,2022-02-03,,approved,easy,정상;full_date,최종 날짜만 승인; OCR 주석 별도 검수
002304,,2022-07-31,,approved,easy,정상;full_date,최종 날짜만 승인; OCR 주석 별도 검수
002305,,2022-07-31,,approved,easy,정상;full_date,최종 날짜만 승인; OCR 주석 별도 검수
002306,,2021-11-23,,approved,medium,두 자리 연도;full_date,최종 날짜만 승인; OCR 주석 별도 검수
002307,,2021-11-15,,approved,hard,제조일자·소비기한 동시;full_date,최종 날짜만 승인; OCR 주석 별도 검수
002308,,2021-11-15,,approved,hard,제조일자·소비기한 동시;full_date,최종 날짜만 승인; OCR 주석 별도 검수
002309,,NONE-03-13,,approved,hard,날짜 없음;반사·흐림·저대비;partial_date,최종 날짜만 승인; OCR 주석 별도 검수
002310,,NONE-03-13,,approved,hard,날짜 없음;반사·흐림·저대비;partial_date,최종 날짜만 승인; OCR 주석 별도 검수
002311,,2020-08-17,,approved,easy,정상;full_date,최종 날짜만 승인; OCR 주석 별도 검수
002312,,2020-08-17,,approved,hard,반사·흐림·저대비;full_date,최종 날짜만 승인; OCR 주석 별도 검수
002313,,2020-10-17,,approved,hard,제조일자·소비기한 동시;full_date,최종 날짜만 승인; OCR 주석 별도 검수
002314,,2020-10-17,,approved,hard,제조일자·소비기한 동시;full_date,최종 날짜만 승인; OCR 주석 별도 검수
002315,,2022-06-15,,approved,hard,제조일자·소비기한 동시;full_date,최종 날짜만 승인; OCR 주석 별도 검수
002316,,2022-06-15,,approved,hard,제조일자·소비기한 동시;full_date,최종 날짜만 승인; OCR 주석 별도 검수
002317,,2020-12-03,,approved,easy,정상;full_date,최종 날짜만 승인; OCR 주석 별도 검수
002318,,2020-12-03,,approved,easy,정상;full_date,최종 날짜만 승인; OCR 주석 별도 검수
002319,,2020-10-29,,approved,easy,정상;full_date,최종 날짜만 승인; OCR 주석 별도 검수
002320,,2020-10-29,,approved,easy,정상;full_date,최종 날짜만 승인; OCR 주석 별도 검수
002321,,2022-11-04,,approved,easy,정상;full_date,최종 날짜만 승인; OCR 주석 별도 검수
002322,,NONE-04-15,,approved,hard,날짜 없음;반사·흐림·저대비;partial_date,최종 날짜만 승인; OCR 주석 별도 검수
002323,,NONE-04-15,,approved,hard,날짜 없음;반사·흐림·저대비;partial_date,최종 날짜만 승인; OCR 주석 별도 검수
002324,,2020-09-06,,approved,easy,정상;full_date,최종 날짜만 승인; OCR 주석 별도 검수
002325,,2020-09-06,,approved,easy,정상;full_date,최종 날짜만 승인; OCR 주석 별도 검수
002326,,2022-10-23,,approved,medium,제조일자·소비기한 동시;full_date,최종 날짜만 승인; OCR 주석 별도 검수
002327,,2022-10-23,,approved,medium,제조일자·소비기한 동시;full_date,최종 날짜만 승인; OCR 주석 별도 검수
002328,,2021-10-20,,approved,easy,정상;full_date,최종 날짜만 승인; OCR 주석 별도 검수
002329,,2020-11-30,,approved,easy,정상;full_date,최종 날짜만 승인; OCR 주석 별도 검수
002330,,2020-11-30,,approved,easy,정상;full_date,최종 날짜만 승인; OCR 주석 별도 검수
002331,,2021-12-16,,approved,easy,정상;full_date,최종 날짜만 승인; OCR 주석 별도 검수
002332,,2021-12-16,,approved,easy,정상;full_date,최종 날짜만 승인; OCR 주석 별도 검수
002333,,2021-10-04,,approved,medium,두 자리 연도;full_date,최종 날짜만 승인; OCR 주석 별도 검수
002334,,2021-10-04,,approved,medium,두 자리 연도;full_date,최종 날짜만 승인; OCR 주석 별도 검수
002335,,2021-11-19,,approved,easy,정상;full_date,최종 날짜만 승인; OCR 주석 별도 검수
002336,,2021-11-19,,approved,easy,정상;full_date,최종 날짜만 승인; OCR 주석 별도 검수
002337,,2023-01-05,,approved,easy,정상;full_date,최종 날짜만 승인; OCR 주석 별도 검수
002338,,2023-01-05,,approved,easy,정상;full_date,최종 날짜만 승인; OCR 주석 별도 검수
002339,,2021-12-28,,approved,medium,두 자리 연도;full_date,최종 날짜만 승인; OCR 주석 별도 검수
002340,,2021-12-28,,approved,medium,두 자리 연도;full_date,최종 날짜만 승인; OCR 주석 별도 검수
002341,,2021-12-15,,approved,medium,제조일자·소비기한 동시;full_date,최종 날짜만 승인; OCR 주석 별도 검수
002342,,2021-12-15,,approved,medium,제조일자·소비기한 동시;full_date,최종 날짜만 승인; OCR 주석 별도 검수
002343,,2022-04-09,,approved,easy,정상;full_date,최종 날짜만 승인; OCR 주석 별도 검수
002344,,2022-04-09,,approved,easy,정상;full_date,최종 날짜만 승인; OCR 주석 별도 검수
002345,,NONE-02-12,,approved,hard,두 자리 연도;다양한 구분자;반사·흐림·저대비;partial_date,최종 날짜만 승인; OCR 주석 별도 검수
002346,,NONE-02-12,,approved,hard,두 자리 연도;다양한 구분자;반사·흐림·저대비;partial_date,최종 날짜만 승인; OCR 주석 별도 검수
002347,,2021-10-04,,approved,easy,정상;full_date,최종 날짜만 승인; OCR 주석 별도 검수
002348,,2021-10-04,,approved,easy,정상;full_date,최종 날짜만 승인; OCR 주석 별도 검수
002349,,2019-09-11,,approved,hard,두 자리 연도;다양한 구분자;반사·흐림·저대비;full_date,최종 날짜만 승인; OCR 주석 별도 검수
002350,,2019-09-11,,approved,hard,두 자리 연도;다양한 구분자;반사·흐림·저대비;full_date,최종 날짜만 승인; OCR 주석 별도 검수
002351,,2021-09-13,,approved,hard,반사·흐림·저대비;full_date,최종 날짜만 승인; OCR 주석 별도 검수
002352,,2021-09-13,,approved,hard,반사·흐림·저대비;full_date,최종 날짜만 승인; OCR 주석 별도 검수
002353,,2021-10-22,,approved,medium,두 자리 연도;full_date,최종 날짜만 승인; OCR 주석 별도 검수
002354,,2021-10-22,,approved,medium,두 자리 연도;full_date,최종 날짜만 승인; OCR 주석 별도 검수
002355,,2021-02-12,,approved,easy,정상;full_date,최종 날짜만 승인; OCR 주석 별도 검수
002356,,2021-02-12,,approved,easy,정상;full_date,최종 날짜만 승인; OCR 주석 별도 검수
002357,,2021-10-10,,approved,easy,정상;full_date,최종 날짜만 승인; OCR 주석 별도 검수
002358,,2021-10-10,,approved,easy,정상;full_date,최종 날짜만 승인; OCR 주석 별도 검수
002359,,2021-06-10,,approved,easy,정상;full_date,최종 날짜만 승인; OCR 주석 별도 검수
002360,,2021-06-10,,approved,easy,정상;full_date,최종 날짜만 승인; OCR 주석 별도 검수
002361,,2019-12-10,,approved,easy,정상;full_date,최종 날짜만 승인; OCR 주석 별도 검수
002362,,2019-12-10,,approved,easy,정상;full_date,최종 날짜만 승인; OCR 주석 별도 검수
002363,,2021-08-04,,approved,easy,정상;full_date,최종 날짜만 승인; OCR 주석 별도 검수
002364,,2021-08-04,,approved,easy,정상;full_date,최종 날짜만 승인; OCR 주석 별도 검수
002365,,2021-12-22,,approved,easy,정상;full_date,최종 날짜만 승인; OCR 주석 별도 검수
002366,,2020-10-01,,approved,hard,제조일자·소비기한 동시;full_date,최종 날짜만 승인; OCR 주석 별도 검수
002367,,2020-10-01,,approved,hard,제조일자·소비기한 동시;full_date,최종 날짜만 승인; OCR 주석 별도 검수
002368,,2022-01-16,,approved,easy,정상;full_date,최종 날짜만 승인; OCR 주석 별도 검수
002369,,2022-01-16,,approved,easy,정상;full_date,최종 날짜만 승인; OCR 주석 별도 검수
002370,,2022-05-12,,approved,easy,정상;full_date,최종 날짜만 승인; OCR 주석 별도 검수
002371,,2022-11-12,,approved,easy,정상;full_date,최종 날짜만 승인; OCR 주석 별도 검수
002372,,2022-11-12,,approved,easy,정상;full_date,최종 날짜만 승인; OCR 주석 별도 검수
002373,,2021-12-27,,approved,hard,날짜 없음;반사·흐림·저대비;full_date,최종 날짜만 승인; OCR 주석 별도 검수
002374,,2021-12-27,,approved,medium,다양한 구분자;full_date,최종 날짜만 승인; OCR 주석 별도 검수
002375,,2019-10-28,,approved,easy,정상;full_date,최종 날짜만 승인; OCR 주석 별도 검수
002376,,2019-10-28,,approved,easy,정상;full_date,최종 날짜만 승인; OCR 주석 별도 검수
002377,,2022-12-21,,approved,easy,정상;full_date,최종 날짜만 승인; OCR 주석 별도 검수
002378,,2022-12-21,,approved,easy,정상;full_date,최종 날짜만 승인; OCR 주석 별도 검수
002379,,2022-10-20,,approved,easy,정상;full_date,최종 날짜만 승인; OCR 주석 별도 검수
002380,,2022-10-20,,approved,easy,정상;full_date,최종 날짜만 승인; OCR 주석 별도 검수
002381,,2021-08-17,,approved,easy,정상;full_date,최종 날짜만 승인; OCR 주석 별도 검수
002382,,2021-08-17,,approved,easy,정상;full_date,최종 날짜만 승인; OCR 주석 별도 검수
002383,,2020-10-08,,approved,easy,정상;full_date,최종 날짜만 승인; OCR 주석 별도 검수
002384,,2020-10-08,,approved,easy,정상;full_date,최종 날짜만 승인; OCR 주석 별도 검수
002385,,2019-08-18,,approved,medium,제조일자·소비기한 동시;두 자리 연도;full_date,최종 날짜만 승인; OCR 주석 별도 검수
002386,,2019-08-18,,approved,medium,제조일자·소비기한 동시;두 자리 연도;full_date,최종 날짜만 승인; OCR 주석 별도 검수
002387,,2021-01-14,,approved,easy,정상;full_date,최종 날짜만 승인; OCR 주석 별도 검수
002388,,2021-01-14,,approved,medium,두 자리 연도;full_date,최종 날짜만 승인; OCR 주석 별도 검수
002389,,2021-08-04,,approved,easy,정상;full_date,최종 날짜만 승인; OCR 주석 별도 검수
002390,,2021-03-18,,approved,hard,날짜 없음;반사·흐림·저대비;full_date,최종 날짜만 승인; OCR 주석 별도 검수
002391,,2021-03-18,,approved,easy,정상;full_date,최종 날짜만 승인; OCR 주석 별도 검수
002392,,2021-07-21,,approved,easy,정상;full_date,최종 날짜만 승인; OCR 주석 별도 검수
002393,,2020-07-01,,approved,hard,제조일자·소비기한 동시;다양한 구분자;full_date,최종 날짜만 승인; OCR 주석 별도 검수
002394,,2020-07-01,,approved,hard,날짜 없음;반사·흐림·저대비;full_date,최종 날짜만 승인; OCR 주석 별도 검수
002395,,2023-11-11,,approved,medium,다양한 구분자;full_date,최종 날짜만 승인; OCR 주석 별도 검수
002396,,2022-01-25,,approved,hard,날짜 없음;반사·흐림·저대비;full_date,최종 날짜만 승인; OCR 주석 별도 검수
002397,,2022-01-25,,approved,medium,두 자리 연도;full_date,최종 날짜만 승인; OCR 주석 별도 검수
002398,,2021-09-18,,approved,hard,날짜 없음;반사·흐림·저대비;full_date,최종 날짜만 승인; OCR 주석 별도 검수
002399,,2021-09-18,,approved,medium,다양한 구분자;full_date,최종 날짜만 승인; OCR 주석 별도 검수
002400,,2023-01-05,,approved,easy,정상;full_date,최종 날짜만 승인; OCR 주석 별도 검수
002401,,2022-11-04,,approved,hard,날짜 없음;반사·흐림·저대비;full_date,최종 날짜만 승인; OCR 주석 별도 검수
002402,,2022-11-04,,approved,hard,날짜 없음;반사·흐림·저대비;full_date,최종 날짜만 승인; OCR 주석 별도 검수
002403,,2022-10-02,,approved,hard,날짜 없음;반사·흐림·저대비;full_date,최종 날짜만 승인; OCR 주석 별도 검수
002404,,2022-10-02,,approved,hard,날짜 없음;반사·흐림·저대비;full_date,최종 날짜만 승인; OCR 주석 별도 검수
002405,,2021-11-01,,approved,easy,정상;full_date,최종 날짜만 승인; OCR 주석 별도 검수
002406,,2021-11-01,,approved,easy,정상;full_date,최종 날짜만 승인; OCR 주석 별도 검수
002407,,2022-03-08,,approved,easy,정상;full_date,최종 날짜만 승인; OCR 주석 별도 검수
002408,,2022-10-29,,approved,hard,제조일자·소비기한 동시;full_date,최종 날짜만 승인; OCR 주석 별도 검수
002409,,2022-10-29,,approved,hard,제조일자·소비기한 동시;full_date,최종 날짜만 승인; OCR 주석 별도 검수
002410,,2022-04-NONE,,approved,hard,두 자리 연도;다양한 구분자;반사·흐림·저대비;partial_date,최종 날짜만 승인; OCR 주석 별도 검수
002411,,2023-01-12,,approved,medium,다양한 구분자;full_date,최종 날짜만 승인; OCR 주석 별도 검수
002412,,2023-01-18,,approved,easy,정상;full_date,최종 날짜만 승인; OCR 주석 별도 검수
002413,,2022-07-20,,approved,easy,정상;full_date,최종 날짜만 승인; OCR 주석 별도 검수
002414,,2021-11-01,,approved,easy,정상;full_date,최종 날짜만 승인; OCR 주석 별도 검수
002415,,2021-11-01,,approved,easy,정상;full_date,최종 날짜만 승인; OCR 주석 별도 검수
002416,,2021-12-25,,approved,easy,정상;full_date,최종 날짜만 승인; OCR 주석 별도 검수
002417,,2021-12-25,,approved,easy,정상;full_date,최종 날짜만 승인; OCR 주석 별도 검수
002418,,2023-05-10,,approved,easy,정상;full_date,최종 날짜만 승인; OCR 주석 별도 검수
002419,,2023-05-10,,approved,easy,정상;full_date,최종 날짜만 승인; OCR 주석 별도 검수
002420,,2020-10-23,,approved,hard,제조일자·소비기한 동시;full_date,최종 날짜만 승인; OCR 주석 별도 검수
002421,,2020-10-23,,approved,hard,두 자리 연도;다양한 구분자;반사·흐림·저대비;full_date,최종 날짜만 승인; OCR 주석 별도 검수
002422,,2023-02-07,,approved,easy,정상;full_date,최종 날짜만 승인; OCR 주석 별도 검수
002423,,2023-02-07,,approved,easy,정상;full_date,최종 날짜만 승인; OCR 주석 별도 검수
002424,,2022-06-09,,approved,medium,다양한 구분자;full_date,최종 날짜만 승인; OCR 주석 별도 검수
002425,,2022-06-09,,approved,medium,다양한 구분자;full_date,최종 날짜만 승인; OCR 주석 별도 검수
002426,,2021-01-18,,approved,easy,정상;full_date,최종 날짜만 승인; OCR 주석 별도 검수
002427,,2021-01-18,,approved,easy,정상;full_date,최종 날짜만 승인; OCR 주석 별도 검수
002428,,2020-12-23,,approved,medium,두 자리 연도;full_date,최종 날짜만 승인; OCR 주석 별도 검수
002429,,2022-07-03,,approved,easy,정상;full_date,최종 날짜만 승인; OCR 주석 별도 검수
002430,,2021-06-11,,approved,hard,날짜 없음;반사·흐림·저대비;full_date,최종 날짜만 승인; OCR 주석 별도 검수
002431,,2021-06-11,,approved,medium,다양한 구분자;full_date,최종 날짜만 승인; OCR 주석 별도 검수
002432,,NONE,,approved,medium,두 자리 연도;no_expiry,최종 날짜만 승인; OCR 주석 별도 검수
002433,,NONE,,approved,medium,두 자리 연도;no_expiry,최종 날짜만 승인; OCR 주석 별도 검수
002434,,2023-01-07,,approved,easy,정상;full_date,최종 날짜만 승인; OCR 주석 별도 검수
002435,,2021-06-03,,approved,hard,제조일자·소비기한 동시;반사·흐림·저대비;full_date,최종 날짜만 승인; OCR 주석 별도 검수
002436,,2021-06-03,,approved,hard,제조일자·소비기한 동시;full_date,최종 날짜만 승인; OCR 주석 별도 검수
002437,,2020-09-13,,approved,hard,제조일자·소비기한 동시;다양한 구분자;full_date,최종 날짜만 승인; OCR 주석 별도 검수
002438,,2020-09-13,,approved,hard,제조일자·소비기한 동시;다양한 구분자;full_date,최종 날짜만 승인; OCR 주석 별도 검수
002439,,2022-01-26,,approved,easy,정상;full_date,최종 날짜만 승인; OCR 주석 별도 검수
002440,,2022-01-26,,approved,easy,정상;full_date,최종 날짜만 승인; OCR 주석 별도 검수
002441,,2021-08-03,,approved,easy,정상;full_date,최종 날짜만 승인; OCR 주석 별도 검수
002442,,2021-08-03,,approved,easy,정상;full_date,최종 날짜만 승인; OCR 주석 별도 검수
002443,,2021-11-11,,approved,medium,두 자리 연도;full_date,최종 날짜만 승인; OCR 주석 별도 검수
002444,,2021-11-11,,approved,hard,날짜 없음;반사·흐림·저대비;full_date,최종 날짜만 승인; OCR 주석 별도 검수
002445,,2021-01-16,,approved,easy,정상;full_date,최종 날짜만 승인; OCR 주석 별도 검수
002446,,2021-01-16,,approved,easy,정상;full_date,최종 날짜만 승인; OCR 주석 별도 검수
002447,,2021-02-04,,approved,easy,정상;full_date,최종 날짜만 승인; OCR 주석 별도 검수
002448,,2021-02-04,,approved,easy,정상;full_date,최종 날짜만 승인; OCR 주석 별도 검수
002449,,2021-06-09,,approved,medium,제조일자·소비기한 동시;full_date,최종 날짜만 승인; OCR 주석 별도 검수
002450,,2021-06-09,,approved,easy,정상;full_date,최종 날짜만 승인; OCR 주석 별도 검수
002451,,2021-08-14,,approved,easy,정상;full_date,최종 날짜만 승인; OCR 주석 별도 검수
002452,,2021-12-22,,approved,hard,날짜 없음;반사·흐림·저대비;full_date,최종 날짜만 승인; OCR 주석 별도 검수
002453,,2021-12-22,,approved,medium,두 자리 연도;full_date,최종 날짜만 승인; OCR 주석 별도 검수
002454,,2023-02-NONE,,approved,hard,두 자리 연도;다양한 구분자;반사·흐림·저대비;partial_date,최종 날짜만 승인; OCR 주석 별도 검수
002455,,2023-02-NONE,,approved,hard,두 자리 연도;다양한 구분자;반사·흐림·저대비;partial_date,최종 날짜만 승인; OCR 주석 별도 검수
002456,,2024-09-15,,approved,hard,제조일자·소비기한 동시;full_date,최종 날짜만 승인; OCR 주석 별도 검수
002457,,2024-09-15,,approved,hard,제조일자·소비기한 동시;full_date,최종 날짜만 승인; OCR 주석 별도 검수
002458,,2022-04-NONE,,approved,hard,날짜 없음;반사·흐림·저대비;partial_date,최종 날짜만 승인; OCR 주석 별도 검수
002459,,2021-11-30,,approved,hard,반사·흐림·저대비;full_date,최종 날짜만 승인; OCR 주석 별도 검수
002460,,2021-11-30,,approved,easy,정상;full_date,최종 날짜만 승인; OCR 주석 별도 검수
002461,,2021-10-31,,approved,easy,정상;full_date,최종 날짜만 승인; OCR 주석 별도 검수
002462,,2020-12-21,,approved,easy,정상;full_date,최종 날짜만 승인; OCR 주석 별도 검수
002463,,2020-12-21,,approved,easy,정상;full_date,최종 날짜만 승인; OCR 주석 별도 검수
002464,,2022-05-NONE,,approved,hard,두 자리 연도;다양한 구분자;반사·흐림·저대비;partial_date,최종 날짜만 승인; OCR 주석 별도 검수
002465,,2022-01-20,,approved,medium,제조일자·소비기한 동시;full_date,최종 날짜만 승인; OCR 주석 별도 검수
002466,,2022-01-20,,approved,easy,정상;full_date,최종 날짜만 승인; OCR 주석 별도 검수
002467,,2021-05-18,,approved,hard,제조일자·소비기한 동시;다양한 구분자;full_date,최종 날짜만 승인; OCR 주석 별도 검수
002468,,2021-05-18,,approved,hard,제조일자·소비기한 동시;다양한 구분자;full_date,최종 날짜만 승인; OCR 주석 별도 검수
002469,,2023-06-22,,approved,hard,제조일자·소비기한 동시;full_date,최종 날짜만 승인; OCR 주석 별도 검수
002470,,2023-06-22,,approved,hard,제조일자·소비기한 동시;full_date,최종 날짜만 승인; OCR 주석 별도 검수
002471,,2021-03-18,,approved,hard,제조일자·소비기한 동시;두 자리 연도;full_date,최종 날짜만 승인; OCR 주석 별도 검수
002472,,2021-03-18,,approved,medium,두 자리 연도;full_date,최종 날짜만 승인; OCR 주석 별도 검수
002473,,2021-03-16,,approved,medium,두 자리 연도;반사·흐림·저대비;full_date,최종 날짜만 승인; OCR 주석 별도 검수
002474,,2021-03-16,,approved,hard,제조일자·소비기한 동시;두 자리 연도;full_date,최종 날짜만 승인; OCR 주석 별도 검수
002475,,2021-03-13,,approved,easy,정상;full_date,최종 날짜만 승인; OCR 주석 별도 검수
002476,,2021-03-13,,approved,easy,정상;full_date,최종 날짜만 승인; OCR 주석 별도 검수
002477,,2023-03-15,,approved,easy,정상;full_date,최종 날짜만 승인; OCR 주석 별도 검수
002478,,2023-03-15,,approved,easy,정상;full_date,최종 날짜만 승인; OCR 주석 별도 검수
002479,,2022-07-NONE,,approved,hard,날짜 없음;반사·흐림·저대비;partial_date,최종 날짜만 승인; OCR 주석 별도 검수
002480,,2022-07-NONE,,approved,hard,날짜 없음;반사·흐림·저대비;partial_date,최종 날짜만 승인; OCR 주석 별도 검수
002481,,2021-03-28,,approved,easy,정상;full_date,최종 날짜만 승인; OCR 주석 별도 검수
002482,,2021-03-28,,approved,easy,정상;full_date,최종 날짜만 승인; OCR 주석 별도 검수
002483,,2021-05-05,,approved,medium,반사·흐림·저대비;full_date,최종 날짜만 승인; OCR 주석 별도 검수
002484,,2021-05-05,,approved,medium,두 자리 연도;full_date,최종 날짜만 승인; OCR 주석 별도 검수
002485,,2022-08-03,,approved,easy,정상;full_date,최종 날짜만 승인; OCR 주석 별도 검수
002486,,2022-08-03,,approved,easy,정상;full_date,최종 날짜만 승인; OCR 주석 별도 검수
002487,,2021-02-06,,approved,easy,정상;full_date,최종 날짜만 승인; OCR 주석 별도 검수
002488,,2021-02-06,,approved,easy,정상;full_date,최종 날짜만 승인; OCR 주석 별도 검수
002489,,2021-04-18,,approved,easy,정상;full_date,최종 날짜만 승인; OCR 주석 별도 검수
002490,,2021-04-18,,approved,easy,정상;full_date,최종 날짜만 승인; OCR 주석 별도 검수
002491,,2022-09-08,,approved,medium,두 자리 연도;full_date,최종 날짜만 승인; OCR 주석 별도 검수
002492,,2022-09-08,,approved,hard,날짜 없음;반사·흐림·저대비;full_date,최종 날짜만 승인; OCR 주석 별도 검수
002493,,2022-02-10,,approved,hard,제조일자·소비기한 동시;full_date,최종 날짜만 승인; OCR 주석 별도 검수
002494,,2022-02-10,,approved,hard,제조일자·소비기한 동시;full_date,최종 날짜만 승인; OCR 주석 별도 검수
002495,,2021-01-27,,approved,easy,정상;full_date,최종 날짜만 승인; OCR 주석 별도 검수
002496,,2021-01-27,,approved,easy,정상;full_date,최종 날짜만 승인; OCR 주석 별도 검수
002497,,2023-01-24,,approved,easy,정상;full_date,최종 날짜만 승인; OCR 주석 별도 검수
002498,,2021-05-07,,approved,easy,정상;full_date,최종 날짜만 승인; OCR 주석 별도 검수
002499,,2021-05-07,,approved,easy,정상;full_date,최종 날짜만 승인; OCR 주석 별도 검수
002500,,2021-08-21,,approved,hard,반사·흐림·저대비;full_date,최종 날짜만 승인; OCR 주석 별도 검수
002501,,2021-08-21,,approved,easy,정상;full_date,최종 날짜만 승인; OCR 주석 별도 검수
002502,,2022-01-24,,approved,easy,정상;full_date,최종 날짜만 승인; OCR 주석 별도 검수
002503,,2022-01-24,,approved,easy,정상;full_date,최종 날짜만 승인; OCR 주석 별도 검수
002504,,2022-01-06,,approved,easy,정상;full_date,최종 날짜만 승인; OCR 주석 별도 검수
002505,,2022-01-06,,approved,easy,정상;full_date,최종 날짜만 승인; OCR 주석 별도 검수
002506,,2021-08-08,,approved,hard,반사·흐림·저대비;full_date,최종 날짜만 승인; OCR 주석 별도 검수
002507,,2021-08-08,,approved,easy,정상;full_date,최종 날짜만 승인; OCR 주석 별도 검수
002508,,2021-11-09,,approved,easy,정상;full_date,최종 날짜만 승인; OCR 주석 별도 검수
002509,,2021-11-09,,approved,easy,정상;full_date,최종 날짜만 승인; OCR 주석 별도 검수
002510,,2022-03-09,,approved,easy,정상;full_date,최종 날짜만 승인; OCR 주석 별도 검수
002511,,2022-03-09,,approved,easy,정상;full_date,최종 날짜만 승인; OCR 주석 별도 검수
002512,,2021-11-04,,approved,easy,정상;full_date,최종 날짜만 승인; OCR 주석 별도 검수
002513,,2021-11-04,,approved,easy,정상;full_date,최종 날짜만 승인; OCR 주석 별도 검수
002514,,2022-02-16,,approved,easy,정상;full_date,최종 날짜만 승인; OCR 주석 별도 검수
002515,,2022-02-16,,approved,easy,정상;full_date,최종 날짜만 승인; OCR 주석 별도 검수
002516,,2022-07-20,,approved,easy,정상;full_date,최종 날짜만 승인; OCR 주석 별도 검수
002517,,2022-07-20,,approved,easy,정상;full_date,최종 날짜만 승인; OCR 주석 별도 검수
002518,,2023-01-25,,approved,easy,정상;full_date,최종 날짜만 승인; OCR 주석 별도 검수
002519,,2023-01-25,,approved,easy,정상;full_date,최종 날짜만 승인; OCR 주석 별도 검수
002520,,2023-10-02,,approved,hard,제조일자·소비기한 동시;다양한 구분자;full_date,최종 날짜만 승인; OCR 주석 별도 검수
002521,,2023-10-02,,approved,hard,제조일자·소비기한 동시;다양한 구분자;full_date,최종 날짜만 승인; OCR 주석 별도 검수
002522,,2022-09-14,,approved,easy,정상;full_date,최종 날짜만 승인; OCR 주석 별도 검수
002523,,2022-09-14,,approved,easy,정상;full_date,최종 날짜만 승인; OCR 주석 별도 검수
002524,,2023-01-25,,approved,easy,정상;full_date,최종 날짜만 승인; OCR 주석 별도 검수
002525,,2023-01-25,,approved,easy,정상;full_date,최종 날짜만 승인; OCR 주석 별도 검수
002526,,2023-02-15,,approved,easy,정상;full_date,최종 날짜만 승인; OCR 주석 별도 검수
002527,,2023-02-15,,approved,easy,정상;full_date,최종 날짜만 승인; OCR 주석 별도 검수
002528,,2021-10-19,,approved,easy,정상;full_date,최종 날짜만 승인; OCR 주석 별도 검수
002529,,2021-10-19,,approved,easy,정상;full_date,최종 날짜만 승인; OCR 주석 별도 검수
002530,,2022-01-19,,approved,easy,정상;full_date,최종 날짜만 승인; OCR 주석 별도 검수
002531,,2022-01-19,,approved,easy,정상;full_date,최종 날짜만 승인; OCR 주석 별도 검수
002532,,2022-06-30,,approved,easy,정상;full_date,최종 날짜만 승인; OCR 주석 별도 검수
002533,,2022-06-30,,approved,easy,정상;full_date,최종 날짜만 승인; OCR 주석 별도 검수
002534,,2021-12-04,,approved,easy,정상;full_date,최종 날짜만 승인; OCR 주석 별도 검수
002535,,2021-12-04,,approved,easy,정상;full_date,최종 날짜만 승인; OCR 주석 별도 검수
002536,,2021-09-22,,approved,hard,제조일자·소비기한 동시;두 자리 연도;다양한 구분자;반사·흐림·저대비;full_date,최종 날짜만 승인; OCR 주석 별도 검수
002537,,2021-09-22,,approved,hard,제조일자·소비기한 동시;두 자리 연도;다양한 구분자;반사·흐림·저대비;full_date,최종 날짜만 승인; OCR 주석 별도 검수
002538,,2021-08-05,,approved,medium,다양한 구분자;full_date,최종 날짜만 승인; OCR 주석 별도 검수
002539,,2021-08-05,,approved,medium,다양한 구분자;full_date,최종 날짜만 승인; OCR 주석 별도 검수
002540,,2021-12-19,,approved,hard,제조일자·소비기한 동시;다양한 구분자;full_date,최종 날짜만 승인; OCR 주석 별도 검수
002541,,2021-12-19,,approved,hard,제조일자·소비기한 동시;다양한 구분자;full_date,최종 날짜만 승인; OCR 주석 별도 검수
002542,,2021-10-17,,approved,medium,다양한 구분자;full_date,최종 날짜만 승인; OCR 주석 별도 검수
002543,,2021-10-17,,approved,medium,다양한 구분자;full_date,최종 날짜만 승인; OCR 주석 별도 검수
002544,,2021-03-21,,approved,easy,정상;full_date,최종 날짜만 승인; OCR 주석 별도 검수
002545,,2021-03-21,,approved,medium,다양한 구분자;full_date,최종 날짜만 승인; OCR 주석 별도 검수
002546,,2022-04-01,,approved,hard,두 자리 연도;다양한 구분자;반사·흐림·저대비;full_date,최종 날짜만 승인; OCR 주석 별도 검수
002547,,2022-04-01,,approved,hard,두 자리 연도;다양한 구분자;반사·흐림·저대비;full_date,최종 날짜만 승인; OCR 주석 별도 검수
002548,,2021-04-02,,approved,medium,두 자리 연도;full_date,최종 날짜만 승인; OCR 주석 별도 검수
002549,,2021-04-02,,approved,medium,두 자리 연도;full_date,최종 날짜만 승인; OCR 주석 별도 검수
002550,,2021-09-30,,approved,hard,제조일자·소비기한 동시;full_date,최종 날짜만 승인; OCR 주석 별도 검수
002551,,2021-09-30,,approved,hard,제조일자·소비기한 동시;full_date,최종 날짜만 승인; OCR 주석 별도 검수
002552,,2021-01-22,,approved,medium,두 자리 연도;full_date,최종 날짜만 승인; OCR 주석 별도 검수
002553,,2021-01-22,,approved,medium,두 자리 연도;full_date,최종 날짜만 승인; OCR 주석 별도 검수
002554,,2021-11-18,,approved,hard,제조일자·소비기한 동시;다양한 구분자;full_date,최종 날짜만 승인; OCR 주석 별도 검수
002555,,2021-11-18,,approved,hard,제조일자·소비기한 동시;다양한 구분자;full_date,최종 날짜만 승인; OCR 주석 별도 검수
002556,,2021-11-17,,approved,easy,정상;full_date,최종 날짜만 승인; OCR 주석 별도 검수
002557,,2021-11-17,,approved,medium,다양한 구분자;full_date,최종 날짜만 승인; OCR 주석 별도 검수
002558,,2022-04-01,,approved,easy,정상;full_date,최종 날짜만 승인; OCR 주석 별도 검수
002559,,2022-04-01,,approved,easy,정상;full_date,최종 날짜만 승인; OCR 주석 별도 검수
002560,,2022-10-21,,approved,easy,정상;full_date,최종 날짜만 승인; OCR 주석 별도 검수
002561,,2022-10-21,,approved,easy,정상;full_date,최종 날짜만 승인; OCR 주석 별도 검수
002562,,2021-08-29,,approved,hard,제조일자·소비기한 동시;다양한 구분자;full_date,최종 날짜만 승인; OCR 주석 별도 검수
002563,,2021-08-29,,approved,hard,제조일자·소비기한 동시;다양한 구분자;full_date,최종 날짜만 승인; OCR 주석 별도 검수
002564,,2021-09-25,,approved,medium,다양한 구분자;full_date,최종 날짜만 승인; OCR 주석 별도 검수
002565,,2021-09-25,,approved,medium,다양한 구분자;full_date,최종 날짜만 승인; OCR 주석 별도 검수
002566,,2021-10-15,,approved,hard,제조일자·소비기한 동시;full_date,최종 날짜만 승인; OCR 주석 별도 검수
002567,,2021-10-15,,approved,hard,제조일자·소비기한 동시;full_date,최종 날짜만 승인; OCR 주석 별도 검수
002568,,2022-04-04,,approved,hard,제조일자·소비기한 동시;다양한 구분자;full_date,최종 날짜만 승인; OCR 주석 별도 검수
002569,,2022-04-04,,approved,hard,제조일자·소비기한 동시;다양한 구분자;full_date,최종 날짜만 승인; OCR 주석 별도 검수
002570,,2021-05-07,,approved,medium,제조일자·소비기한 동시;full_date,최종 날짜만 승인; OCR 주석 별도 검수
002571,,2021-05-07,,approved,medium,제조일자·소비기한 동시;full_date,최종 날짜만 승인; OCR 주석 별도 검수
002572,,2021-12-29,,approved,easy,정상;full_date,최종 날짜만 승인; OCR 주석 별도 검수
002573,,2021-12-29,,approved,easy,정상;full_date,최종 날짜만 승인; OCR 주석 별도 검수
002574,,2021-12-16,,approved,easy,정상;full_date,최종 날짜만 승인; OCR 주석 별도 검수
002575,,2021-12-16,,approved,medium,다양한 구분자;full_date,최종 날짜만 승인; OCR 주석 별도 검수
002576,,2020-02-18,,approved,easy,정상;full_date,최종 날짜만 승인; OCR 주석 별도 검수
002577,,2020-02-18,,approved,easy,정상;full_date,최종 날짜만 승인; OCR 주석 별도 검수
002578,,2024-01-14,,approved,easy,정상;full_date,최종 날짜만 승인; OCR 주석 별도 검수
002579,,2024-01-14,,approved,easy,정상;full_date,최종 날짜만 승인; OCR 주석 별도 검수
002580,,2021-11-17,,approved,easy,정상;full_date,최종 날짜만 승인; OCR 주석 별도 검수
002581,,2021-11-17,,approved,easy,정상;full_date,최종 날짜만 승인; OCR 주석 별도 검수
002582,,2021-01-07,,approved,easy,정상;full_date,최종 날짜만 승인; OCR 주석 별도 검수
002583,,2021-01-07,,approved,easy,정상;full_date,최종 날짜만 승인; OCR 주석 별도 검수
002584,,2023-11-04,,approved,medium,두 자리 연도;full_date,최종 날짜만 승인; OCR 주석 별도 검수
002585,,2023-11-04,,approved,medium,두 자리 연도;full_date,최종 날짜만 승인; OCR 주석 별도 검수
002586,,2022-12-NONE,,approved,hard,날짜 없음;반사·흐림·저대비;partial_date,최종 날짜만 승인; OCR 주석 별도 검수
002587,,2022-12-NONE,,approved,hard,날짜 없음;반사·흐림·저대비;partial_date,최종 날짜만 승인; OCR 주석 별도 검수
002588,,2023-10-15,,approved,medium,제조일자·소비기한 동시;full_date,최종 날짜만 승인; OCR 주석 별도 검수
002589,,2023-10-15,,approved,medium,제조일자·소비기한 동시;full_date,최종 날짜만 승인; OCR 주석 별도 검수
002590,,2023-10-27,,approved,hard,제조일자·소비기한 동시;full_date,최종 날짜만 승인; OCR 주석 별도 검수
002591,,2023-10-27,,approved,hard,제조일자·소비기한 동시;full_date,최종 날짜만 승인; OCR 주석 별도 검수
002592,,2023-08-11,,approved,medium,두 자리 연도;다양한 구분자;full_date,최종 날짜만 승인; OCR 주석 별도 검수
002593,,2023-08-11,,approved,medium,두 자리 연도;다양한 구분자;full_date,최종 날짜만 승인; OCR 주석 별도 검수
002594,,2022-08-05,,approved,hard,제조일자·소비기한 동시;full_date,최종 날짜만 승인; OCR 주석 별도 검수
002595,,2022-08-05,,approved,hard,제조일자·소비기한 동시;full_date,최종 날짜만 승인; OCR 주석 별도 검수
002596,,2022-10-22,,approved,medium,다양한 구분자;full_date,최종 날짜만 승인; OCR 주석 별도 검수
002597,,2022-10-22,,approved,medium,다양한 구분자;full_date,최종 날짜만 승인; OCR 주석 별도 검수
002598,,2021-12-NONE,,approved,hard,두 자리 연도;다양한 구분자;반사·흐림·저대비;partial_date,최종 날짜만 승인; OCR 주석 별도 검수
002599,,2021-12-NONE,,approved,hard,두 자리 연도;다양한 구분자;반사·흐림·저대비;partial_date,최종 날짜만 승인; OCR 주석 별도 검수
002600,,2020-10-21,,approved,easy,정상;full_date,최종 날짜만 승인; OCR 주석 별도 검수
002601,,2020-10-21,,approved,easy,정상;full_date,최종 날짜만 승인; OCR 주석 별도 검수
002602,,2022-07-07,,approved,easy,정상;full_date,최종 날짜만 승인; OCR 주석 별도 검수
002603,,2022-07-07,,approved,easy,정상;full_date,최종 날짜만 승인; OCR 주석 별도 검수
002604,,2023-11-17,,approved,hard,두 자리 연도;다양한 구분자;반사·흐림·저대비;full_date,최종 날짜만 승인; OCR 주석 별도 검수
002605,,2023-11-17,,approved,hard,두 자리 연도;다양한 구분자;반사·흐림·저대비;full_date,최종 날짜만 승인; OCR 주석 별도 검수
002606,,2022-04-02,,approved,medium,제조일자·소비기한 동시;full_date,최종 날짜만 승인; OCR 주석 별도 검수
002607,,2022-04-02,,approved,medium,제조일자·소비기한 동시;full_date,최종 날짜만 승인; OCR 주석 별도 검수
002608,,2022-01-17,,approved,medium,제조일자·소비기한 동시;full_date,최종 날짜만 승인; OCR 주석 별도 검수
002609,,2022-01-17,,approved,easy,정상;full_date,최종 날짜만 승인; OCR 주석 별도 검수
002610,,2021-07-11,,approved,hard,제조일자·소비기한 동시;full_date,최종 날짜만 승인; OCR 주석 별도 검수
002611,,2021-12-01,,approved,easy,정상;full_date,최종 날짜만 승인; OCR 주석 별도 검수
002612,,2021-12-01,,approved,easy,정상;full_date,최종 날짜만 승인; OCR 주석 별도 검수
002613,,2023-04-NONE,,approved,hard,두 자리 연도;다양한 구분자;반사·흐림·저대비;partial_date,최종 날짜만 승인; OCR 주석 별도 검수
002614,,2023-04-NONE,,approved,hard,두 자리 연도;다양한 구분자;반사·흐림·저대비;partial_date,최종 날짜만 승인; OCR 주석 별도 검수
002615,,2022-12-21,,approved,easy,정상;full_date,최종 날짜만 승인; OCR 주석 별도 검수
002616,,2022-12-21,,approved,easy,정상;full_date,최종 날짜만 승인; OCR 주석 별도 검수
002617,,2022-05-04,,approved,easy,정상;full_date,최종 날짜만 승인; OCR 주석 별도 검수
002618,,2022-05-04,,approved,easy,정상;full_date,최종 날짜만 승인; OCR 주석 별도 검수
002619,,2022-03-31,,approved,hard,제조일자·소비기한 동시;full_date,최종 날짜만 승인; OCR 주석 별도 검수
002620,,2022-03-31,,approved,hard,제조일자·소비기한 동시;full_date,최종 날짜만 승인; OCR 주석 별도 검수
002621,,2023-12-21,,approved,easy,정상;full_date,최종 날짜만 승인; OCR 주석 별도 검수
002622,,2023-12-21,,approved,easy,정상;full_date,최종 날짜만 승인; OCR 주석 별도 검수
002623,,2022-12-19,,approved,easy,정상;full_date,최종 날짜만 승인; OCR 주석 별도 검수
002624,,2022-12-19,,approved,easy,정상;full_date,최종 날짜만 승인; OCR 주석 별도 검수
002625,,2021-06-22,,approved,easy,정상;full_date,최종 날짜만 승인; OCR 주석 별도 검수
002626,,2021-06-22,,approved,easy,정상;full_date,최종 날짜만 승인; OCR 주석 별도 검수
002627,,2021-12-08,,approved,easy,정상;full_date,최종 날짜만 승인; OCR 주석 별도 검수
002628,,2021-12-08,,approved,easy,정상;full_date,최종 날짜만 승인; OCR 주석 별도 검수
002629,,2023-05-NONE,,approved,hard,두 자리 연도;다양한 구분자;반사·흐림·저대비;partial_date,최종 날짜만 승인; OCR 주석 별도 검수
002630,,2023-05-NONE,,approved,hard,두 자리 연도;다양한 구분자;반사·흐림·저대비;partial_date,최종 날짜만 승인; OCR 주석 별도 검수
002631,,2022-01-20,,approved,easy,정상;full_date,최종 날짜만 승인; OCR 주석 별도 검수
002632,,2022-01-20,,approved,easy,정상;full_date,최종 날짜만 승인; OCR 주석 별도 검수
002633,,2022-02-03,,approved,easy,정상;full_date,최종 날짜만 승인; OCR 주석 별도 검수
002634,,2022-02-03,,approved,easy,정상;full_date,최종 날짜만 승인; OCR 주석 별도 검수
002635,,2022-10-09,,approved,hard,제조일자·소비기한 동시;full_date,최종 날짜만 승인; OCR 주석 별도 검수
002636,,2022-10-09,,approved,hard,제조일자·소비기한 동시;full_date,최종 날짜만 승인; OCR 주석 별도 검수
002637,,2022-11-01,,approved,easy,정상;full_date,최종 날짜만 승인; OCR 주석 별도 검수
002638,,2022-11-01,,approved,easy,정상;full_date,최종 날짜만 승인; OCR 주석 별도 검수
002639,,2021-12-04,,approved,easy,정상;full_date,최종 날짜만 승인; OCR 주석 별도 검수
002640,,2021-12-04,,approved,easy,정상;full_date,최종 날짜만 승인; OCR 주석 별도 검수
002641,,2021-10-31,,approved,medium,다양한 구분자;full_date,최종 날짜만 승인; OCR 주석 별도 검수
002642,,2021-10-31,,approved,medium,다양한 구분자;full_date,최종 날짜만 승인; OCR 주석 별도 검수
002643,,2022-11-NONE,,approved,hard,두 자리 연도;다양한 구분자;반사·흐림·저대비;partial_date,최종 날짜만 승인; OCR 주석 별도 검수
002644,,2022-11-NONE,,approved,hard,두 자리 연도;다양한 구분자;반사·흐림·저대비;partial_date,최종 날짜만 승인; OCR 주석 별도 검수
002645,,2021-12-14,,approved,easy,정상;full_date,최종 날짜만 승인; OCR 주석 별도 검수
002646,,2021-12-14,,approved,easy,정상;full_date,최종 날짜만 승인; OCR 주석 별도 검수
002647,,2022-01-24,,approved,easy,정상;full_date,최종 날짜만 승인; OCR 주석 별도 검수
002648,,2022-01-24,,approved,easy,정상;full_date,최종 날짜만 승인; OCR 주석 별도 검수
002649,,2021-01-07,,approved,hard,제조일자·소비기한 동시;두 자리 연도;다양한 구분자;반사·흐림·저대비;full_date,최종 날짜만 승인; OCR 주석 별도 검수
002650,,2021-01-07,,approved,hard,제조일자·소비기한 동시;다양한 구분자;full_date,최종 날짜만 승인; OCR 주석 별도 검수
002651,,2021-08-18,,approved,easy,정상;full_date,최종 날짜만 승인; OCR 주석 별도 검수
002652,,2021-08-18,,approved,easy,정상;full_date,최종 날짜만 승인; OCR 주석 별도 검수
002653,,2025-11-30,,approved,medium,제조일자·소비기한 동시;full_date,최종 날짜만 승인; OCR 주석 별도 검수
002654,,2025-11-30,,approved,medium,제조일자·소비기한 동시;full_date,최종 날짜만 승인; OCR 주석 별도 검수
002655,,2021-03-25,,approved,medium,두 자리 연도;full_date,최종 날짜만 승인; OCR 주석 별도 검수
002656,,2021-03-25,,approved,medium,두 자리 연도;full_date,최종 날짜만 승인; OCR 주석 별도 검수
002657,,2021-07-01,,approved,medium,두 자리 연도;다양한 구분자;full_date,최종 날짜만 승인; OCR 주석 별도 검수
002658,,2021-07-01,,approved,medium,두 자리 연도;다양한 구분자;full_date,최종 날짜만 승인; OCR 주석 별도 검수
002659,,2022-06-11,,approved,easy,정상;full_date,최종 날짜만 승인; OCR 주석 별도 검수
002660,,2022-06-11,,approved,easy,정상;full_date,최종 날짜만 승인; OCR 주석 별도 검수
002661,,2022-01-11,,approved,medium,제조일자·소비기한 동시;full_date,최종 날짜만 승인; OCR 주석 별도 검수
002662,,2022-01-11,,approved,medium,제조일자·소비기한 동시;full_date,최종 날짜만 승인; OCR 주석 별도 검수
002663,,2021-08-18,,approved,medium,제조일자·소비기한 동시;full_date,최종 날짜만 승인; OCR 주석 별도 검수
002664,,2021-08-18,,approved,medium,제조일자·소비기한 동시;full_date,최종 날짜만 승인; OCR 주석 별도 검수
002665,,2021-03-26,,approved,hard,제조일자·소비기한 동시;다양한 구분자;full_date,최종 날짜만 승인; OCR 주석 별도 검수
002666,,2021-03-26,,approved,hard,제조일자·소비기한 동시;다양한 구분자;full_date,최종 날짜만 승인; OCR 주석 별도 검수
002667,,2021-09-09,,approved,hard,제조일자·소비기한 동시;다양한 구분자;full_date,최종 날짜만 승인; OCR 주석 별도 검수
002668,,2021-09-09,,approved,hard,제조일자·소비기한 동시;다양한 구분자;full_date,최종 날짜만 승인; OCR 주석 별도 검수
002669,,2022-04-18,,approved,easy,정상;full_date,최종 날짜만 승인; OCR 주석 별도 검수
002670,,2023-04-30,,approved,hard,제조일자·소비기한 동시;full_date,최종 날짜만 승인; OCR 주석 별도 검수
002671,,2021-04-05,,approved,easy,정상;full_date,최종 날짜만 승인; OCR 주석 별도 검수
002672,,2021-04-05,,approved,easy,정상;full_date,최종 날짜만 승인; OCR 주석 별도 검수
002673,,2021-04-25,,approved,easy,정상;full_date,최종 날짜만 승인; OCR 주석 별도 검수
002674,,2021-04-25,,approved,easy,정상;full_date,최종 날짜만 승인; OCR 주석 별도 검수
002675,,2021-03-23,,approved,easy,정상;full_date,최종 날짜만 승인; OCR 주석 별도 검수
002676,,2021-03-23,,approved,easy,정상;full_date,최종 날짜만 승인; OCR 주석 별도 검수
002677,,2021-08-04,,approved,easy,정상;full_date,최종 날짜만 승인; OCR 주석 별도 검수
002678,,2021-08-04,,approved,easy,정상;full_date,최종 날짜만 승인; OCR 주석 별도 검수
002679,,2021-07-17,,approved,easy,정상;full_date,최종 날짜만 승인; OCR 주석 별도 검수
002680,,2021-10-29,,approved,hard,날짜 없음;반사·흐림·저대비;full_date,최종 날짜만 승인; OCR 주석 별도 검수
002681,,2021-09-10,,approved,hard,제조일자·소비기한 동시;두 자리 연도;다양한 구분자;full_date,최종 날짜만 승인; OCR 주석 별도 검수
002682,,2021-09-10,,approved,medium,두 자리 연도;다양한 구분자;full_date,최종 날짜만 승인; OCR 주석 별도 검수
002683,,2021-12-03,,approved,hard,제조일자·소비기한 동시;다양한 구분자;full_date,최종 날짜만 승인; OCR 주석 별도 검수
002684,,2021-12-03,,approved,hard,제조일자·소비기한 동시;다양한 구분자;full_date,최종 날짜만 승인; OCR 주석 별도 검수
002685,,2021-07-28,,approved,hard,제조일자·소비기한 동시;full_date,최종 날짜만 승인; OCR 주석 별도 검수
002686,,2021-11-05,,approved,easy,정상;full_date,최종 날짜만 승인; OCR 주석 별도 검수
002687,,2021-02-02,,approved,easy,정상;full_date,최종 날짜만 승인; OCR 주석 별도 검수
002688,,2021-06-11,,approved,hard,제조일자·소비기한 동시;full_date,최종 날짜만 승인; OCR 주석 별도 검수
002689,,2021-03-15,,approved,easy,정상;full_date,최종 날짜만 승인; OCR 주석 별도 검수
002690,,NONE-03-11,,approved,hard,날짜 없음;반사·흐림·저대비;partial_date,최종 날짜만 승인; OCR 주석 별도 검수
002691,,2021-03-10,,approved,easy,정상;full_date,최종 날짜만 승인; OCR 주석 별도 검수
002692,,2021-03-10,,approved,easy,정상;full_date,최종 날짜만 승인; OCR 주석 별도 검수
002693,,2021-04-19,,approved,easy,정상;full_date,최종 날짜만 승인; OCR 주석 별도 검수
002694,,2021-04-19,,approved,easy,정상;full_date,최종 날짜만 승인; OCR 주석 별도 검수
002695,,2022-01-14,,approved,easy,정상;full_date,최종 날짜만 승인; OCR 주석 별도 검수
002696,,2021-07-23,,approved,easy,정상;full_date,최종 날짜만 승인; OCR 주석 별도 검수
002697,,2021-06-06,,approved,easy,정상;full_date,최종 날짜만 승인; OCR 주석 별도 검수
002698,,2021-11-29,,approved,easy,정상;full_date,최종 날짜만 승인; OCR 주석 별도 검수
002699,,2021-08-23,,approved,easy,정상;full_date,최종 날짜만 승인; OCR 주석 별도 검수
002700,,2021-08-23,,approved,easy,정상;full_date,최종 날짜만 승인; OCR 주석 별도 검수
002701,,2022-12-16,,approved,easy,정상;full_date,최종 날짜만 승인; OCR 주석 별도 검수
002702,,2022-12-16,,approved,easy,정상;full_date,최종 날짜만 승인; OCR 주석 별도 검수
002703,,2022-10-29,,approved,medium,다양한 구분자;full_date,최종 날짜만 승인; OCR 주석 별도 검수
002704,,2022-10-29,,approved,medium,다양한 구분자;full_date,최종 날짜만 승인; OCR 주석 별도 검수
002705,,2021-12-07,,approved,hard,두 자리 연도;다양한 구분자;반사·흐림·저대비;full_date,최종 날짜만 승인; OCR 주석 별도 검수
002706,,2021-12-07,,approved,hard,두 자리 연도;다양한 구분자;반사·흐림·저대비;full_date,최종 날짜만 승인; OCR 주석 별도 검수
002707,,2022-01-22,,approved,hard,날짜 없음;반사·흐림·저대비;full_date,최종 날짜만 승인; OCR 주석 별도 검수
002708,,2022-01-22,,approved,hard,날짜 없음;반사·흐림·저대비;full_date,최종 날짜만 승인; OCR 주석 별도 검수
002709,,2021-10-28,,approved,medium,두 자리 연도;full_date,최종 날짜만 승인; OCR 주석 별도 검수
002710,,2021-10-28,,approved,medium,두 자리 연도;full_date,최종 날짜만 승인; OCR 주석 별도 검수
002711,,2022-01-11,,approved,medium,두 자리 연도;full_date,최종 날짜만 승인; OCR 주석 별도 검수
002712,,2022-01-11,,approved,medium,두 자리 연도;full_date,최종 날짜만 승인; OCR 주석 별도 검수
002713,,2021-10-22,,approved,hard,제조일자·소비기한 동시;다양한 구분자;full_date,최종 날짜만 승인; OCR 주석 별도 검수
002714,,2021-10-22,,approved,medium,제조일자·소비기한 동시;다양한 구분자;full_date,최종 날짜만 승인; OCR 주석 별도 검수
002715,,2021-12-15,,approved,medium,다양한 구분자;full_date,최종 날짜만 승인; OCR 주석 별도 검수
002716,,2021-12-15,,approved,medium,제조일자·소비기한 동시;다양한 구분자;full_date,최종 날짜만 승인; OCR 주석 별도 검수
002717,,2022-03-01,,approved,easy,정상;full_date,최종 날짜만 승인; OCR 주석 별도 검수
002718,,2022-02-23,,approved,hard,제조일자·소비기한 동시;full_date,최종 날짜만 승인; OCR 주석 별도 검수
002719,,2026-01-09,,approved,medium,다양한 구분자;full_date,최종 날짜만 승인; OCR 주석 별도 검수
002720,,2026-01-09,,approved,easy,정상;full_date,최종 날짜만 승인; OCR 주석 별도 검수
002721,,2022-12-30,,approved,medium,다양한 구분자;full_date,최종 날짜만 승인; OCR 주석 별도 검수
002722,,2022-12-30,,approved,medium,다양한 구분자;full_date,최종 날짜만 승인; OCR 주석 별도 검수
002723,,2020-12-19,,approved,hard,제조일자·소비기한 동시;두 자리 연도;다양한 구분자;반사·흐림·저대비;full_date,최종 날짜만 승인; OCR 주석 별도 검수
002724,,2020-12-19,,approved,hard,제조일자·소비기한 동시;두 자리 연도;다양한 구분자;반사·흐림·저대비;full_date,최종 날짜만 승인; OCR 주석 별도 검수
002725,,2021-10-28,,approved,hard,두 자리 연도;다양한 구분자;반사·흐림·저대비;full_date,최종 날짜만 승인; OCR 주석 별도 검수
002726,,2022-03-17,,approved,medium,두 자리 연도;full_date,최종 날짜만 승인; OCR 주석 별도 검수
002727,,2022-03-17,,approved,medium,두 자리 연도;full_date,최종 날짜만 승인; OCR 주석 별도 검수
002728,,2021-11-04,,approved,hard,제조일자·소비기한 동시;다양한 구분자;full_date,최종 날짜만 승인; OCR 주석 별도 검수
002729,,2021-11-04,,approved,hard,제조일자·소비기한 동시;다양한 구분자;full_date,최종 날짜만 승인; OCR 주석 별도 검수
002730,,2021-06-25,,approved,hard,제조일자·소비기한 동시;full_date,최종 날짜만 승인; OCR 주석 별도 검수
002731,,2021-04-18,,approved,hard,제조일자·소비기한 동시;full_date,최종 날짜만 승인; OCR 주석 별도 검수
002732,,2021-12-25,,approved,medium,다양한 구분자;full_date,최종 날짜만 승인; OCR 주석 별도 검수
002733,,2021-12-25,,approved,easy,정상;full_date,최종 날짜만 승인; OCR 주석 별도 검수
002734,,2022-02-04,,approved,easy,정상;full_date,최종 날짜만 승인; OCR 주석 별도 검수
002735,,2022-02-04,,approved,easy,정상;full_date,최종 날짜만 승인; OCR 주석 별도 검수
002736,,2021-04-28,,approved,hard,제조일자·소비기한 동시;full_date,최종 날짜만 승인; OCR 주석 별도 검수
002737,,2021-06-12,,approved,hard,제조일자·소비기한 동시;full_date,최종 날짜만 승인; OCR 주석 별도 검수
002738,,2021-06-05,,approved,hard,두 자리 연도;다양한 구분자;반사·흐림·저대비;full_date,최종 날짜만 승인; OCR 주석 별도 검수
002739,,2021-09-26,,approved,hard,제조일자·소비기한 동시;다양한 구분자;full_date,최종 날짜만 승인; OCR 주석 별도 검수
002740,,2021-12-18,,approved,easy,정상;full_date,최종 날짜만 승인; OCR 주석 별도 검수
002741,,2021-12-18,,approved,easy,정상;full_date,최종 날짜만 승인; OCR 주석 별도 검수
002742,,2021-08-13,,approved,medium,제조일자·소비기한 동시;두 자리 연도;다양한 구분자;full_date,최종 날짜만 승인; OCR 주석 별도 검수
002743,,2021-08-13,,approved,medium,다양한 구분자;full_date,최종 날짜만 승인; OCR 주석 별도 검수
002744,,2021-01-10,,approved,medium,제조일자·소비기한 동시;두 자리 연도;full_date,최종 날짜만 승인; OCR 주석 별도 검수
002745,,2024-04-06,,approved,hard,제조일자·소비기한 동시;두 자리 연도;다양한 구분자;반사·흐림·저대비;full_date,최종 날짜만 승인; OCR 주석 별도 검수
002746,,2022-01-08,,approved,easy,정상;full_date,최종 날짜만 승인; OCR 주석 별도 검수
002747,,2022-01-08,,approved,easy,정상;full_date,최종 날짜만 승인; OCR 주석 별도 검수
002748,,2022-11-12,,approved,easy,정상;full_date,최종 날짜만 승인; OCR 주석 별도 검수
002749,,2020-12-NONE,,approved,hard,두 자리 연도;다양한 구분자;반사·흐림·저대비;partial_date,최종 날짜만 승인; OCR 주석 별도 검수
002750,,2022-06-15,,approved,easy,정상;full_date,최종 날짜만 승인; OCR 주석 별도 검수
002751,,2022-02-20,,approved,medium,제조일자·소비기한 동시;다양한 구분자;full_date,최종 날짜만 승인; OCR 주석 별도 검수
002752,,2022-01-NONE,,approved,hard,두 자리 연도;다양한 구분자;반사·흐림·저대비;partial_date,최종 날짜만 승인; OCR 주석 별도 검수
002753,,2022-01-NONE,,approved,hard,두 자리 연도;다양한 구분자;반사·흐림·저대비;partial_date,최종 날짜만 승인; OCR 주석 별도 검수
002754,,2021-05-29,,approved,hard,제조일자·소비기한 동시;다양한 구분자;full_date,최종 날짜만 승인; OCR 주석 별도 검수
002755,,2021-05-16,,approved,easy,정상;full_date,최종 날짜만 승인; OCR 주석 별도 검수
002756,,2021-05-16,,approved,easy,정상;full_date,최종 날짜만 승인; OCR 주석 별도 검수
002757,,2022-09-10,,approved,easy,정상;full_date,최종 날짜만 승인; OCR 주석 별도 검수
002758,,2022-09-10,,approved,easy,정상;full_date,최종 날짜만 승인; OCR 주석 별도 검수
002759,,2021-05-12,,approved,easy,정상;full_date,최종 날짜만 승인; OCR 주석 별도 검수
002760,,2021-05-12,,approved,easy,정상;full_date,최종 날짜만 승인; OCR 주석 별도 검수
002761,,2023-06-01,,approved,medium,제조일자·소비기한 동시;다양한 구분자;full_date,최종 날짜만 승인; OCR 주석 별도 검수
002762,,2023-06-01,,approved,medium,제조일자·소비기한 동시;다양한 구분자;full_date,최종 날짜만 승인; OCR 주석 별도 검수
002763,,2021-11-06,,approved,medium,두 자리 연도;full_date,최종 날짜만 승인; OCR 주석 별도 검수
002764,,2021-11-06,,approved,medium,두 자리 연도;full_date,최종 날짜만 승인; OCR 주석 별도 검수
002765,,2021-03-16,,approved,hard,제조일자·소비기한 동시;full_date,최종 날짜만 승인; OCR 주석 별도 검수
002766,,2021-03-16,,approved,hard,두 자리 연도;다양한 구분자;반사·흐림·저대비;full_date,최종 날짜만 승인; OCR 주석 별도 검수
002767,,2021-12-01,,approved,medium,다양한 구분자;full_date,최종 날짜만 승인; OCR 주석 별도 검수
002768,,2021-12-01,,approved,hard,제조일자·소비기한 동시;다양한 구분자;full_date,최종 날짜만 승인; OCR 주석 별도 검수
002769,,2021-12-08,,approved,hard,제조일자·소비기한 동시;full_date,최종 날짜만 승인; OCR 주석 별도 검수
002770,,2021-10-11,,approved,easy,정상;full_date,최종 날짜만 승인; OCR 주석 별도 검수
002771,,2021-10-11,,approved,easy,정상;full_date,최종 날짜만 승인; OCR 주석 별도 검수
002772,,2024-05-NONE,,approved,hard,두 자리 연도;다양한 구분자;반사·흐림·저대비;partial_date,최종 날짜만 승인; OCR 주석 별도 검수
002773,,2024-05-NONE,,approved,hard,두 자리 연도;다양한 구분자;반사·흐림·저대비;partial_date,최종 날짜만 승인; OCR 주석 별도 검수
002774,,2021-10-08,,approved,easy,정상;full_date,최종 날짜만 승인; OCR 주석 별도 검수
002775,,2021-10-08,,approved,easy,정상;full_date,최종 날짜만 승인; OCR 주석 별도 검수
002776,,2021-09-15,,approved,easy,정상;full_date,최종 날짜만 승인; OCR 주석 별도 검수
002777,,2021-09-15,,approved,easy,정상;full_date,최종 날짜만 승인; OCR 주석 별도 검수
002778,,2021-10-02,,approved,medium,두 자리 연도;full_date,최종 날짜만 승인; OCR 주석 별도 검수
002779,,2021-10-02,,approved,medium,두 자리 연도;full_date,최종 날짜만 승인; OCR 주석 별도 검수
002780,,2021-04-06,,approved,medium,두 자리 연도;다양한 구분자;full_date,최종 날짜만 승인; OCR 주석 별도 검수
002781,,2021-04-06,,approved,medium,두 자리 연도;다양한 구분자;full_date,최종 날짜만 승인; OCR 주석 별도 검수
002782,,2021-04-22,,approved,hard,제조일자·소비기한 동시;다양한 구분자;full_date,최종 날짜만 승인; OCR 주석 별도 검수
002783,,2021-04-22,,approved,hard,제조일자·소비기한 동시;다양한 구분자;full_date,최종 날짜만 승인; OCR 주석 별도 검수
002784,,2021-04-18,,approved,hard,제조일자·소비기한 동시;full_date,최종 날짜만 승인; OCR 주석 별도 검수
002785,,2021-04-18,,approved,hard,제조일자·소비기한 동시;full_date,최종 날짜만 승인; OCR 주석 별도 검수
002786,,2022-06-22,,approved,medium,제조일자·소비기한 동시;다양한 구분자;full_date,최종 날짜만 승인; OCR 주석 별도 검수
002787,,2022-06-22,,approved,medium,제조일자·소비기한 동시;다양한 구분자;full_date,최종 날짜만 승인; OCR 주석 별도 검수
002788,,2021-04-03,,approved,medium,다양한 구분자;full_date,최종 날짜만 승인; OCR 주석 별도 검수
002789,,2021-04-03,,approved,medium,다양한 구분자;full_date,최종 날짜만 승인; OCR 주석 별도 검수
002790,,2021-12-06,,approved,hard,제조일자·소비기한 동시;다양한 구분자;full_date,최종 날짜만 승인; OCR 주석 별도 검수
002791,,2021-12-06,,approved,hard,제조일자·소비기한 동시;다양한 구분자;full_date,최종 날짜만 승인; OCR 주석 별도 검수
002792,,2023-04-28,,approved,medium,다양한 구분자;full_date,최종 날짜만 승인; OCR 주석 별도 검수
002793,,2022-10-05,,approved,medium,다양한 구분자;full_date,최종 날짜만 승인; OCR 주석 별도 검수
002794,,2022-10-05,,approved,medium,다양한 구분자;full_date,최종 날짜만 승인; OCR 주석 별도 검수
002795,,2021-03-18,,approved,easy,정상;full_date,최종 날짜만 승인; OCR 주석 별도 검수
002796,,2021-03-18,,approved,easy,정상;full_date,최종 날짜만 승인; OCR 주석 별도 검수
002797,,2021-04-28,,approved,medium,제조일자·소비기한 동시;full_date,최종 날짜만 승인; OCR 주석 별도 검수
002798,,2021-04-28,,approved,medium,제조일자·소비기한 동시;full_date,최종 날짜만 승인; OCR 주석 별도 검수
002799,,2021-12-27,,approved,medium,제조일자·소비기한 동시;full_date,최종 날짜만 승인; OCR 주석 별도 검수
002800,,2021-12-27,,approved,medium,제조일자·소비기한 동시;full_date,최종 날짜만 승인; OCR 주석 별도 검수
002801,,2021-09-29,,approved,easy,정상;full_date,최종 날짜만 승인; OCR 주석 별도 검수
002802,,2021-09-29,,approved,easy,정상;full_date,최종 날짜만 승인; OCR 주석 별도 검수
002803,,2021-04-19,,approved,easy,정상;full_date,최종 날짜만 승인; OCR 주석 별도 검수
002804,,2021-04-19,,approved,easy,정상;full_date,최종 날짜만 승인; OCR 주석 별도 검수
002805,,2023-01-13,,approved,hard,날짜 없음;반사·흐림·저대비;full_date,최종 날짜만 승인; OCR 주석 별도 검수
002806,,2023-01-13,,approved,hard,날짜 없음;반사·흐림·저대비;full_date,최종 날짜만 승인; OCR 주석 별도 검수
002807,,2021-12-29,,approved,easy,정상;full_date,최종 날짜만 승인; OCR 주석 별도 검수
002808,,2021-12-29,,approved,easy,정상;full_date,최종 날짜만 승인; OCR 주석 별도 검수
002809,,2023-01-20,,approved,easy,정상;full_date,최종 날짜만 승인; OCR 주석 별도 검수
002810,,2023-01-20,,approved,easy,정상;full_date,최종 날짜만 승인; OCR 주석 별도 검수
002811,,2023-01-13,,approved,easy,정상;full_date,최종 날짜만 승인; OCR 주석 별도 검수
002812,,2023-01-13,,approved,easy,정상;full_date,최종 날짜만 승인; OCR 주석 별도 검수
002813,,2021-04-02,,approved,easy,정상;full_date,최종 날짜만 승인; OCR 주석 별도 검수
002814,,2021-04-02,,approved,hard,날짜 없음;반사·흐림·저대비;full_date,최종 날짜만 승인; OCR 주석 별도 검수
002815,,2021-06-28,,approved,medium,제조일자·소비기한 동시;full_date,최종 날짜만 승인; OCR 주석 별도 검수
002816,,2021-06-28,,approved,medium,다양한 구분자;반사·흐림·저대비;full_date,최종 날짜만 승인; OCR 주석 별도 검수
002817,,2022-01-04,,approved,hard,반사·흐림·저대비;full_date,최종 날짜만 승인; OCR 주석 별도 검수
002818,,2022-12-01,,approved,easy,정상;full_date,최종 날짜만 승인; OCR 주석 별도 검수
002819,,2022-12-01,,approved,easy,정상;full_date,최종 날짜만 승인; OCR 주석 별도 검수
002820,,2021-11-19,,approved,easy,정상;full_date,최종 날짜만 승인; OCR 주석 별도 검수
002821,,2021-11-19,,approved,easy,정상;full_date,최종 날짜만 승인; OCR 주석 별도 검수
002822,,2021-10-07,,approved,easy,정상;full_date,최종 날짜만 승인; OCR 주석 별도 검수
002823,,2021-10-07,,approved,easy,정상;full_date,최종 날짜만 승인; OCR 주석 별도 검수
002824,,2022-11-08,,approved,easy,정상;full_date,최종 날짜만 승인; OCR 주석 별도 검수
002825,,2022-11-08,,approved,easy,정상;full_date,최종 날짜만 승인; OCR 주석 별도 검수
002826,,2021-07-03,,approved,hard,날짜 없음;반사·흐림·저대비;full_date,최종 날짜만 승인; OCR 주석 별도 검수
002827,,2021-07-03,,approved,hard,날짜 없음;반사·흐림·저대비;full_date,최종 날짜만 승인; OCR 주석 별도 검수
002828,,2022-01-02,,approved,hard,제조일자·소비기한 동시;full_date,최종 날짜만 승인; OCR 주석 별도 검수
002829,,2022-01-02,,approved,hard,제조일자·소비기한 동시;full_date,최종 날짜만 승인; OCR 주석 별도 검수
002830,,2022-05-21,,approved,easy,정상;full_date,최종 날짜만 승인; OCR 주석 별도 검수
002831,,2022-05-21,,approved,easy,정상;full_date,최종 날짜만 승인; OCR 주석 별도 검수
002832,,2021-08-30,,approved,easy,정상;full_date,최종 날짜만 승인; OCR 주석 별도 검수
002833,,2021-08-30,,approved,easy,정상;full_date,최종 날짜만 승인; OCR 주석 별도 검수
002834,,2021-06-30,,approved,medium,다양한 구분자;full_date,최종 날짜만 승인; OCR 주석 별도 검수
002835,,2021-06-30,,approved,medium,다양한 구분자;full_date,최종 날짜만 승인; OCR 주석 별도 검수
002836,,2021-08-01,,approved,hard,제조일자·소비기한 동시;다양한 구분자;full_date,최종 날짜만 승인; OCR 주석 별도 검수
002837,,2022-08-02,,approved,hard,제조일자·소비기한 동시;다양한 구분자;full_date,최종 날짜만 승인; OCR 주석 별도 검수
002838,,2022-08-02,,approved,hard,제조일자·소비기한 동시;다양한 구분자;full_date,최종 날짜만 승인; OCR 주석 별도 검수
002839,,2021-05-24,,approved,easy,정상;full_date,최종 날짜만 승인; OCR 주석 별도 검수
002840,,2021-05-24,,approved,easy,정상;full_date,최종 날짜만 승인; OCR 주석 별도 검수
002841,,2023-09-22,,approved,hard,제조일자·소비기한 동시;full_date,최종 날짜만 승인; OCR 주석 별도 검수
002842,,2023-09-22,,approved,hard,제조일자·소비기한 동시;full_date,최종 날짜만 승인; OCR 주석 별도 검수
002843,,2023-06-NONE,,approved,hard,두 자리 연도;다양한 구분자;반사·흐림·저대비;partial_date,최종 날짜만 승인; OCR 주석 별도 검수
002844,,2023-06-NONE,,approved,hard,두 자리 연도;다양한 구분자;반사·흐림·저대비;partial_date,최종 날짜만 승인; OCR 주석 별도 검수
002845,,2020-03-09,,approved,hard,제조일자·소비기한 동시;full_date,최종 날짜만 승인; OCR 주석 별도 검수
002846,,2020-03-09,,approved,hard,제조일자·소비기한 동시;full_date,최종 날짜만 승인; OCR 주석 별도 검수
002847,,2021-12-30,,approved,hard,제조일자·소비기한 동시;두 자리 연도;다양한 구분자;반사·흐림·저대비;full_date,최종 날짜만 승인; OCR 주석 별도 검수
002848,,2021-12-30,,approved,hard,제조일자·소비기한 동시;두 자리 연도;다양한 구분자;반사·흐림·저대비;full_date,최종 날짜만 승인; OCR 주석 별도 검수
002849,,2021-08-15,,approved,easy,정상;full_date,최종 날짜만 승인; OCR 주석 별도 검수
002850,,2021-08-15,,approved,easy,정상;full_date,최종 날짜만 승인; OCR 주석 별도 검수
002851,,2021-08-02,,approved,medium,두 자리 연도;full_date,최종 날짜만 승인; OCR 주석 별도 검수
002852,,2021-08-02,,approved,medium,두 자리 연도;full_date,최종 날짜만 승인; OCR 주석 별도 검수
002853,,2021-08-11,,approved,hard,제조일자·소비기한 동시;full_date,최종 날짜만 승인; OCR 주석 별도 검수
002854,,2021-08-11,,approved,hard,제조일자·소비기한 동시;full_date,최종 날짜만 승인; OCR 주석 별도 검수
002855,,2022-09-13,,approved,hard,반사·흐림·저대비;full_date,최종 날짜만 승인; OCR 주석 별도 검수
002856,,2022-09-13,,approved,easy,정상;full_date,최종 날짜만 승인; OCR 주석 별도 검수
002857,,2023-06-02,,approved,hard,두 자리 연도;다양한 구분자;반사·흐림·저대비;full_date,최종 날짜만 승인; OCR 주석 별도 검수
002858,,2023-06-02,,approved,hard,두 자리 연도;다양한 구분자;반사·흐림·저대비;full_date,최종 날짜만 승인; OCR 주석 별도 검수
002859,,2022-06-15,,approved,easy,정상;full_date,최종 날짜만 승인; OCR 주석 별도 검수
002860,,2022-06-15,,approved,easy,정상;full_date,최종 날짜만 승인; OCR 주석 별도 검수
002861,,2021-03-25,,approved,hard,제조일자·소비기한 동시;다양한 구분자;full_date,최종 날짜만 승인; OCR 주석 별도 검수
002862,,2021-08-30,,approved,easy,정상;full_date,최종 날짜만 승인; OCR 주석 별도 검수
002863,,2021-08-30,,approved,medium,다양한 구분자;full_date,최종 날짜만 승인; OCR 주석 별도 검수
002864,,2023-03-02,,approved,hard,제조일자·소비기한 동시;다양한 구분자;full_date,최종 날짜만 승인; OCR 주석 별도 검수
002865,,2023-03-02,,approved,hard,날짜 없음;반사·흐림·저대비;full_date,최종 날짜만 승인; OCR 주석 별도 검수
002866,,2022-02-28,,approved,medium,두 자리 연도;다양한 구분자;full_date,최종 날짜만 승인; OCR 주석 별도 검수
002867,,2022-02-28,,approved,hard,날짜 없음;반사·흐림·저대비;full_date,최종 날짜만 승인; OCR 주석 별도 검수
002868,,2021-08-04,,approved,easy,정상;full_date,최종 날짜만 승인; OCR 주석 별도 검수
002869,,2021-08-04,,approved,easy,정상;full_date,최종 날짜만 승인; OCR 주석 별도 검수
002870,,2021-02-25,,approved,easy,정상;full_date,최종 날짜만 승인; OCR 주석 별도 검수
002871,,2021-02-25,,approved,medium,다양한 구분자;full_date,최종 날짜만 승인; OCR 주석 별도 검수
002872,,2021-04-07,,approved,easy,정상;full_date,최종 날짜만 승인; OCR 주석 별도 검수
002873,,2021-04-07,,approved,easy,정상;full_date,최종 날짜만 승인; OCR 주석 별도 검수
002874,,2021-04-11,,approved,easy,정상;full_date,최종 날짜만 승인; OCR 주석 별도 검수
002875,,2021-04-11,,approved,easy,정상;full_date,최종 날짜만 승인; OCR 주석 별도 검수
002876,,2022-12-04,,approved,easy,정상;full_date,최종 날짜만 승인; OCR 주석 별도 검수
002877,,2022-12-04,,approved,easy,정상;full_date,최종 날짜만 승인; OCR 주석 별도 검수
002878,,2021-06-21,,approved,easy,정상;full_date,최종 날짜만 승인; OCR 주석 별도 검수
002879,,2021-06-21,,approved,easy,정상;full_date,최종 날짜만 승인; OCR 주석 별도 검수
002880,,2021-04-13,,approved,medium,제조일자·소비기한 동시;full_date,최종 날짜만 승인; OCR 주석 별도 검수
002881,,2021-04-13,,approved,medium,제조일자·소비기한 동시;full_date,최종 날짜만 승인; OCR 주석 별도 검수
002882,,2023-12-08,,approved,easy,정상;full_date,최종 날짜만 승인; OCR 주석 별도 검수
002883,,2023-12-08,,approved,easy,정상;full_date,최종 날짜만 승인; OCR 주석 별도 검수
002884,,2022-07-20,,approved,easy,정상;full_date,최종 날짜만 승인; OCR 주석 별도 검수
002885,,2022-07-20,,approved,easy,정상;full_date,최종 날짜만 승인; OCR 주석 별도 검수
002886,,2022-01-04,,approved,easy,정상;full_date,최종 날짜만 승인; OCR 주석 별도 검수
002887,,2022-01-04,,approved,easy,정상;full_date,최종 날짜만 승인; OCR 주석 별도 검수
002888,,2021-07-15,,approved,easy,정상;full_date,최종 날짜만 승인; OCR 주석 별도 검수
002889,,2021-07-15,,approved,easy,정상;full_date,최종 날짜만 승인; OCR 주석 별도 검수
002890,,2021-11-11,,approved,easy,정상;full_date,최종 날짜만 승인; OCR 주석 별도 검수
002891,,2021-11-11,,approved,easy,정상;full_date,최종 날짜만 승인; OCR 주석 별도 검수
002892,,2021-03-31,,approved,easy,정상;full_date,최종 날짜만 승인; OCR 주석 별도 검수
002893,,2021-03-31,,approved,medium,다양한 구분자;full_date,최종 날짜만 승인; OCR 주석 별도 검수
002894,,2024-02-13,,approved,easy,정상;full_date,최종 날짜만 승인; OCR 주석 별도 검수
002895,,2024-02-13,,approved,easy,정상;full_date,최종 날짜만 승인; OCR 주석 별도 검수
002896,,2021-07-20,,approved,easy,정상;full_date,최종 날짜만 승인; OCR 주석 별도 검수
002897,,2021-07-20,,approved,easy,정상;full_date,최종 날짜만 승인; OCR 주석 별도 검수
002898,,2021-11-09,,approved,easy,정상;full_date,최종 날짜만 승인; OCR 주석 별도 검수
002899,,2021-11-09,,approved,easy,정상;full_date,최종 날짜만 승인; OCR 주석 별도 검수
002900,,2022-08-03,,approved,medium,다양한 구분자;full_date,최종 날짜만 승인; OCR 주석 별도 검수
002901,,2022-08-03,,approved,medium,다양한 구분자;full_date,최종 날짜만 승인; OCR 주석 별도 검수
002902,,2020-07-22,,approved,hard,두 자리 연도;다양한 구분자;반사·흐림·저대비;full_date,최종 날짜만 승인; OCR 주석 별도 검수
002903,,2020-07-22,,approved,easy,정상;full_date,최종 날짜만 승인; OCR 주석 별도 검수
002904,,2023-03-NONE,,approved,hard,제조일자·소비기한 동시;두 자리 연도;다양한 구분자;반사·흐림·저대비;partial_date,최종 날짜만 승인; OCR 주석 별도 검수
002905,,2021-05-19,,approved,easy,정상;full_date,최종 날짜만 승인; OCR 주석 별도 검수
002906,,2021-05-19,,approved,easy,정상;full_date,최종 날짜만 승인; OCR 주석 별도 검수
002907,,2021-10-30,,approved,medium,제조일자·소비기한 동시;다양한 구분자;full_date,최종 날짜만 승인; OCR 주석 별도 검수
002908,,2021-10-30,,approved,medium,제조일자·소비기한 동시;다양한 구분자;full_date,최종 날짜만 승인; OCR 주석 별도 검수
002909,,2021-07-21,,approved,hard,제조일자·소비기한 동시;full_date,최종 날짜만 승인; OCR 주석 별도 검수
002910,,2021-07-21,,approved,hard,제조일자·소비기한 동시;full_date,최종 날짜만 승인; OCR 주석 별도 검수
002911,,2021-06-30,,approved,medium,두 자리 연도;다양한 구분자;full_date,최종 날짜만 승인; OCR 주석 별도 검수
002912,,2021-06-30,,approved,hard,제조일자·소비기한 동시;다양한 구분자;full_date,최종 날짜만 승인; OCR 주석 별도 검수
002913,,2020-11-18,,approved,easy,정상;full_date,최종 날짜만 승인; OCR 주석 별도 검수
002914,,2020-11-18,,approved,easy,정상;full_date,최종 날짜만 승인; OCR 주석 별도 검수
002915,,2022-09-15,,approved,easy,정상;full_date,최종 날짜만 승인; OCR 주석 별도 검수
002916,,2022-09-15,,approved,easy,정상;full_date,최종 날짜만 승인; OCR 주석 별도 검수
002917,,2021-04-30,,approved,medium,두 자리 연도;다양한 구분자;full_date,최종 날짜만 승인; OCR 주석 별도 검수
002918,,2021-04-30,,approved,medium,두 자리 연도;다양한 구분자;full_date,최종 날짜만 승인; OCR 주석 별도 검수
002919,,2021-09-11,,approved,hard,제조일자·소비기한 동시;full_date,최종 날짜만 승인; OCR 주석 별도 검수
002920,,2021-09-11,,approved,hard,제조일자·소비기한 동시;full_date,최종 날짜만 승인; OCR 주석 별도 검수
002921,,2021-09-12,,approved,hard,제조일자·소비기한 동시;full_date,최종 날짜만 승인; OCR 주석 별도 검수
002922,,2021-09-12,,approved,hard,제조일자·소비기한 동시;full_date,최종 날짜만 승인; OCR 주석 별도 검수
002923,,2021-06-13,,approved,medium,다양한 구분자;full_date,최종 날짜만 승인; OCR 주석 별도 검수
002924,,2021-06-13,,approved,easy,정상;full_date,최종 날짜만 승인; OCR 주석 별도 검수
002925,,2021-11-06,,approved,easy,정상;full_date,최종 날짜만 승인; OCR 주석 별도 검수
002926,,2021-11-06,,approved,easy,정상;full_date,최종 날짜만 승인; OCR 주석 별도 검수
002927,,NONE-04-08,,approved,hard,날짜 없음;반사·흐림·저대비;partial_date,최종 날짜만 승인; OCR 주석 별도 검수
002928,,NONE-04-08,,approved,hard,날짜 없음;반사·흐림·저대비;partial_date,최종 날짜만 승인; OCR 주석 별도 검수
002929,,2022-09-27,,approved,easy,정상;full_date,최종 날짜만 승인; OCR 주석 별도 검수
002930,,2022-09-27,,approved,easy,정상;full_date,최종 날짜만 승인; OCR 주석 별도 검수
002931,,2022-06-30,,approved,medium,두 자리 연도;반사·흐림·저대비;full_date,최종 날짜만 승인; OCR 주석 별도 검수
002932,,2022-02-01,,approved,medium,두 자리 연도;full_date,최종 날짜만 승인; OCR 주석 별도 검수
002933,,2022-02-01,,approved,hard,제조일자·소비기한 동시;두 자리 연도;다양한 구분자;반사·흐림·저대비;full_date,최종 날짜만 승인; OCR 주석 별도 검수
002934,,2022-02-02,,approved,medium,두 자리 연도;full_date,최종 날짜만 승인; OCR 주석 별도 검수
002935,,2022-02-02,,approved,hard,두 자리 연도;다양한 구분자;반사·흐림·저대비;full_date,최종 날짜만 승인; OCR 주석 별도 검수
002936,,2021-11-11,,approved,medium,두 자리 연도;full_date,최종 날짜만 승인; OCR 주석 별도 검수
002937,,2021-11-11,,approved,medium,두 자리 연도;full_date,최종 날짜만 승인; OCR 주석 별도 검수
002938,,2021-10-NONE,,approved,hard,두 자리 연도;다양한 구분자;반사·흐림·저대비;partial_date,최종 날짜만 승인; OCR 주석 별도 검수
002939,,2022-07-29,,approved,medium,다양한 구분자;full_date,최종 날짜만 승인; OCR 주석 별도 검수
002940,,2022-07-29,,approved,medium,다양한 구분자;full_date,최종 날짜만 승인; OCR 주석 별도 검수
002941,,2021-07-05,,approved,medium,다양한 구분자;full_date,최종 날짜만 승인; OCR 주석 별도 검수
002942,,2021-07-05,,approved,medium,다양한 구분자;full_date,최종 날짜만 승인; OCR 주석 별도 검수
002943,,2020-06-23,,approved,easy,정상;full_date,최종 날짜만 승인; OCR 주석 별도 검수
002944,,2020-06-23,,approved,easy,정상;full_date,최종 날짜만 승인; OCR 주석 별도 검수
002945,,2023-08-27,,approved,hard,제조일자·소비기한 동시;다양한 구분자;full_date,최종 날짜만 승인; OCR 주석 별도 검수
002946,,2021-09-25,,approved,medium,다양한 구분자;full_date,최종 날짜만 승인; OCR 주석 별도 검수
002947,,2021-09-25,,approved,medium,다양한 구분자;full_date,최종 날짜만 승인; OCR 주석 별도 검수
002948,,2021-08-12,,approved,hard,제조일자·소비기한 동시;full_date,최종 날짜만 승인; OCR 주석 별도 검수
002949,,2021-08-12,,approved,hard,제조일자·소비기한 동시;full_date,최종 날짜만 승인; OCR 주석 별도 검수
002950,,2021-04-30,,approved,easy,정상;full_date,최종 날짜만 승인; OCR 주석 별도 검수
002951,,2021-04-30,,approved,easy,정상;full_date,최종 날짜만 승인; OCR 주석 별도 검수
002952,,2021-11-03,,approved,medium,두 자리 연도;full_date,최종 날짜만 승인; OCR 주석 별도 검수
002953,,2020-05-28,,approved,medium,다양한 구분자;full_date,최종 날짜만 승인; OCR 주석 별도 검수
002954,,2021-02-28,,approved,easy,정상;full_date,최종 날짜만 승인; OCR 주석 별도 검수
002955,,2022-11-04,,approved,easy,정상;full_date,최종 날짜만 승인; OCR 주석 별도 검수
002956,,2021-01-02,,approved,easy,정상;full_date,최종 날짜만 승인; OCR 주석 별도 검수
002957,,2021-01-02,,approved,easy,정상;full_date,최종 날짜만 승인; OCR 주석 별도 검수
002958,,2022-07-27,,approved,hard,제조일자·소비기한 동시;두 자리 연도;다양한 구분자;반사·흐림·저대비;full_date,최종 날짜만 승인; OCR 주석 별도 검수
002959,,2022-07-27,,approved,easy,정상;full_date,최종 날짜만 승인; OCR 주석 별도 검수
002960,,2021-10-08,,approved,medium,다양한 구분자;반사·흐림·저대비;full_date,최종 날짜만 승인; OCR 주석 별도 검수
002961,,2021-11-21,,approved,easy,정상;full_date,최종 날짜만 승인; OCR 주석 별도 검수
002962,,2020-03-13,,approved,hard,반사·흐림·저대비;full_date,최종 날짜만 승인; OCR 주석 별도 검수
002963,,2020-11-06,,approved,easy,정상;full_date,최종 날짜만 승인; OCR 주석 별도 검수
002964,,2022-09-03,,approved,easy,정상;full_date,최종 날짜만 승인; OCR 주석 별도 검수
002965,,2022-09-03,,approved,hard,제조일자·소비기한 동시;두 자리 연도;다양한 구분자;반사·흐림·저대비;full_date,최종 날짜만 승인; OCR 주석 별도 검수
002966,,2021-09-03,,approved,medium,두 자리 연도;다양한 구분자;full_date,최종 날짜만 승인; OCR 주석 별도 검수
002967,,2021-09-03,,approved,medium,두 자리 연도;다양한 구분자;full_date,최종 날짜만 승인; OCR 주석 별도 검수
002968,,2021-05-28,,approved,easy,정상;full_date,최종 날짜만 승인; OCR 주석 별도 검수
002969,,2021-07-07,,approved,easy,정상;full_date,최종 날짜만 승인; OCR 주석 별도 검수
002970,,2022-11-14,,approved,easy,정상;full_date,최종 날짜만 승인; OCR 주석 별도 검수
002971,,2022-11-14,,approved,easy,정상;full_date,최종 날짜만 승인; OCR 주석 별도 검수
002972,,2022-03-20,,approved,easy,정상;full_date,최종 날짜만 승인; OCR 주석 별도 검수
002973,,2022-03-20,,approved,easy,정상;full_date,최종 날짜만 승인; OCR 주석 별도 검수
002974,,2022-03-15,,approved,hard,제조일자·소비기한 동시;다양한 구분자;full_date,최종 날짜만 승인; OCR 주석 별도 검수
002975,,2022-03-15,,approved,hard,제조일자·소비기한 동시;다양한 구분자;full_date,최종 날짜만 승인; OCR 주석 별도 검수
002976,,2020-05-12,,approved,easy,정상;full_date,최종 날짜만 승인; OCR 주석 별도 검수
002977,,2020-05-12,,approved,easy,정상;full_date,최종 날짜만 승인; OCR 주석 별도 검수
002978,,2020-07-20,,approved,medium,두 자리 연도;full_date,최종 날짜만 승인; OCR 주석 별도 검수
002979,,2020-07-20,,approved,medium,두 자리 연도;full_date,최종 날짜만 승인; OCR 주석 별도 검수
002980,,2021-12-17,,approved,easy,정상;full_date,최종 날짜만 승인; OCR 주석 별도 검수
002981,,2021-12-17,,approved,easy,정상;full_date,최종 날짜만 승인; OCR 주석 별도 검수
002982,,2021-09-14,,approved,easy,정상;full_date,최종 날짜만 승인; OCR 주석 별도 검수
002983,,2021-09-14,,approved,easy,정상;full_date,최종 날짜만 승인; OCR 주석 별도 검수
002984,,2021-05-01,,approved,easy,정상;full_date,최종 날짜만 승인; OCR 주석 별도 검수
002985,,2021-05-01,,approved,easy,정상;full_date,최종 날짜만 승인; OCR 주석 별도 검수
002986,,2022-04-01,,approved,easy,정상;full_date,최종 날짜만 승인; OCR 주석 별도 검수
002987,,2022-04-01,,approved,easy,정상;full_date,최종 날짜만 승인; OCR 주석 별도 검수
002988,,2021-07-20,,approved,easy,정상;full_date,최종 날짜만 승인; OCR 주석 별도 검수
002989,,2021-07-20,,approved,easy,정상;full_date,최종 날짜만 승인; OCR 주석 별도 검수
002990,,2021-03-20,,approved,easy,정상;full_date,최종 날짜만 승인; OCR 주석 별도 검수
002991,,2021-03-20,,approved,easy,정상;full_date,최종 날짜만 승인; OCR 주석 별도 검수
002992,,2021-02-21,,approved,easy,정상;full_date,최종 날짜만 승인; OCR 주석 별도 검수
002993,,2021-11-22,,approved,easy,정상;full_date,최종 날짜만 승인; OCR 주석 별도 검수
002994,,2022-07-13,,approved,easy,정상;full_date,최종 날짜만 승인; OCR 주석 별도 검수
002995,,2022-07-13,,approved,easy,정상;full_date,최종 날짜만 승인; OCR 주석 별도 검수
002996,,2022-10-15,,approved,easy,정상;full_date,최종 날짜만 승인; OCR 주석 별도 검수
002997,,2022-10-15,,approved,easy,정상;full_date,최종 날짜만 승인; OCR 주석 별도 검수
002998,,2021-10-07,,approved,easy,정상;full_date,최종 날짜만 승인; OCR 주석 별도 검수
002999,,2021-10-07,,approved,medium,제조일자·소비기한 동시;full_date,최종 날짜만 승인; OCR 주석 별도 검수
003000,,2021-10-12,,approved,easy,정상;full_date,최종 날짜만 승인; OCR 주석 별도 검수
003001,,2021-12-05,,approved,easy,정상;full_date,최종 날짜만 승인; OCR 주석 별도 검수
003002,,2022-06-18,,approved,easy,정상;full_date,최종 날짜만 승인; OCR 주석 별도 검수
003003,,2022-11-26,,approved,easy,정상;full_date,최종 날짜만 승인; OCR 주석 별도 검수
003004,,2023-05-NONE,,approved,hard,두 자리 연도;다양한 구분자;반사·흐림·저대비;partial_date,최종 날짜만 승인; OCR 주석 별도 검수
003005,,2023-05-NONE,,approved,hard,두 자리 연도;다양한 구분자;반사·흐림·저대비;partial_date,최종 날짜만 승인; OCR 주석 별도 검수
003006,,2022-05-26,,approved,easy,정상;full_date,최종 날짜만 승인; OCR 주석 별도 검수
003007,,2021-11-30,,approved,easy,정상;full_date,최종 날짜만 승인; OCR 주석 별도 검수
003008,,2021-10-05,,approved,hard,제조일자·소비기한 동시;두 자리 연도;full_date,최종 날짜만 승인; OCR 주석 별도 검수
003009,,2021-10-05,,approved,hard,두 자리 연도;다양한 구분자;반사·흐림·저대비;full_date,최종 날짜만 승인; OCR 주석 별도 검수
003010,,2021-12-11,,approved,medium,다양한 구분자;full_date,최종 날짜만 승인; OCR 주석 별도 검수
003011,,2021-12-11,,approved,medium,다양한 구분자;full_date,최종 날짜만 승인; OCR 주석 별도 검수
003012,,2024-01-29,,approved,hard,제조일자·소비기한 동시;다양한 구분자;full_date,최종 날짜만 승인; OCR 주석 별도 검수
003013,,2024-01-29,,approved,hard,제조일자·소비기한 동시;다양한 구분자;full_date,최종 날짜만 승인; OCR 주석 별도 검수
003014,,2021-06-12,,approved,hard,날짜 없음;반사·흐림·저대비;full_date,최종 날짜만 승인; OCR 주석 별도 검수
003015,,2022-07-01,,approved,easy,정상;full_date,최종 날짜만 승인; OCR 주석 별도 검수
003016,,2022-07-01,,approved,hard,날짜 없음;반사·흐림·저대비;full_date,최종 날짜만 승인; OCR 주석 별도 검수
003017,,2022-02-23,,approved,easy,정상;full_date,최종 날짜만 승인; OCR 주석 별도 검수
003018,,2023-01-04,,approved,easy,정상;full_date,최종 날짜만 승인; OCR 주석 별도 검수
003019,,2021-11-13,,approved,medium,두 자리 연도;full_date,최종 날짜만 승인; OCR 주석 별도 검수
003020,,2021-03-23,,approved,easy,정상;full_date,최종 날짜만 승인; OCR 주석 별도 검수
003021,,2021-03-23,,approved,easy,정상;full_date,최종 날짜만 승인; OCR 주석 별도 검수
003022,,2021-11-01,,approved,easy,정상;full_date,최종 날짜만 승인; OCR 주석 별도 검수
003023,,2021-11-01,,approved,easy,정상;full_date,최종 날짜만 승인; OCR 주석 별도 검수
003024,,2021-09-13,,approved,hard,제조일자·소비기한 동시;full_date,최종 날짜만 승인; OCR 주석 별도 검수
003025,,2021-09-13,,approved,hard,제조일자·소비기한 동시;full_date,최종 날짜만 승인; OCR 주석 별도 검수
003026,,2021-04-10,,approved,medium,두 자리 연도;full_date,최종 날짜만 승인; OCR 주석 별도 검수
003027,,2021-09-28,,approved,medium,다양한 구분자;full_date,최종 날짜만 승인; OCR 주석 별도 검수
003028,,2021-09-28,,approved,medium,다양한 구분자;full_date,최종 날짜만 승인; OCR 주석 별도 검수
003029,,2021-11-02,,approved,hard,제조일자·소비기한 동시;full_date,최종 날짜만 승인; OCR 주석 별도 검수
003030,,2021-11-02,,approved,hard,제조일자·소비기한 동시;full_date,최종 날짜만 승인; OCR 주석 별도 검수
003031,,2020-07-14,,approved,easy,정상;full_date,최종 날짜만 승인; OCR 주석 별도 검수
003032,,2021-04-12,,approved,hard,제조일자·소비기한 동시;두 자리 연도;다양한 구분자;반사·흐림·저대비;full_date,최종 날짜만 승인; OCR 주석 별도 검수
003033,,2022-11-21,,approved,medium,다양한 구분자;full_date,최종 날짜만 승인; OCR 주석 별도 검수
003034,,2022-11-21,,approved,medium,다양한 구분자;full_date,최종 날짜만 승인; OCR 주석 별도 검수
003035,,2022-08-28,,approved,medium,다양한 구분자;full_date,최종 날짜만 승인; OCR 주석 별도 검수
003036,,2022-08-28,,approved,medium,다양한 구분자;full_date,최종 날짜만 승인; OCR 주석 별도 검수
003037,,2021-02-18,,approved,easy,정상;full_date,최종 날짜만 승인; OCR 주석 별도 검수
003038,,2021-02-18,,approved,easy,정상;full_date,최종 날짜만 승인; OCR 주석 별도 검수
003039,,2021-03-01,,approved,easy,정상;full_date,최종 날짜만 승인; OCR 주석 별도 검수
003040,,2021-03-01,,approved,easy,정상;full_date,최종 날짜만 승인; OCR 주석 별도 검수
003041,,2022-01-17,,approved,hard,날짜 없음;반사·흐림·저대비;full_date,최종 날짜만 승인; OCR 주석 별도 검수
003042,,2022-01-17,,approved,hard,제조일자·소비기한 동시;다양한 구분자;full_date,최종 날짜만 승인; OCR 주석 별도 검수
003043,,2020-07-13,,approved,easy,정상;full_date,최종 날짜만 승인; OCR 주석 별도 검수
003044,,2022-05-02,,approved,easy,정상;full_date,최종 날짜만 승인; OCR 주석 별도 검수
003045,,2022-05-02,,approved,easy,정상;full_date,최종 날짜만 승인; OCR 주석 별도 검수
003046,,2021-10-20,,approved,easy,정상;full_date,최종 날짜만 승인; OCR 주석 별도 검수
003047,,2021-04-07,,approved,hard,제조일자·소비기한 동시;다양한 구분자;full_date,최종 날짜만 승인; OCR 주석 별도 검수
003048,,2021-04-07,,approved,hard,제조일자·소비기한 동시;다양한 구분자;full_date,최종 날짜만 승인; OCR 주석 별도 검수
003049,,2021-02-16,,approved,medium,두 자리 연도;full_date,최종 날짜만 승인; OCR 주석 별도 검수
003050,,2021-02-16,,approved,medium,두 자리 연도;full_date,최종 날짜만 승인; OCR 주석 별도 검수
003051,,2020-12-19,,approved,easy,정상;full_date,최종 날짜만 승인; OCR 주석 별도 검수
003052,,2020-12-19,,approved,easy,정상;full_date,최종 날짜만 승인; OCR 주석 별도 검수
003053,,2021-10-28,,approved,hard,제조일자·소비기한 동시;다양한 구분자;full_date,최종 날짜만 승인; OCR 주석 별도 검수
003054,,2021-10-28,,approved,hard,제조일자·소비기한 동시;다양한 구분자;full_date,최종 날짜만 승인; OCR 주석 별도 검수
003055,,2021-03-06,,approved,medium,제조일자·소비기한 동시;다양한 구분자;full_date,최종 날짜만 승인; OCR 주석 별도 검수
003056,,2021-03-06,,approved,easy,정상;full_date,최종 날짜만 승인; OCR 주석 별도 검수
003057,,2022-02-19,,approved,easy,정상;full_date,최종 날짜만 승인; OCR 주석 별도 검수
003058,,2022-02-19,,approved,easy,정상;full_date,최종 날짜만 승인; OCR 주석 별도 검수
003059,,2021-10-04,,approved,easy,정상;full_date,최종 날짜만 승인; OCR 주석 별도 검수
003060,,2021-10-04,,approved,hard,날짜 없음;반사·흐림·저대비;full_date,최종 날짜만 승인; OCR 주석 별도 검수
003061,,2022-03-05,,approved,medium,제조일자·소비기한 동시;full_date,최종 날짜만 승인; OCR 주석 별도 검수
003062,,2022-03-05,,approved,medium,제조일자·소비기한 동시;다양한 구분자;full_date,최종 날짜만 승인; OCR 주석 별도 검수
003063,,2021-10-18,,approved,medium,다양한 구분자;full_date,최종 날짜만 승인; OCR 주석 별도 검수
003064,,2021-10-18,,approved,medium,다양한 구분자;full_date,최종 날짜만 승인; OCR 주석 별도 검수
003065,,2021-11-12,,approved,medium,제조일자·소비기한 동시;full_date,최종 날짜만 승인; OCR 주석 별도 검수
003066,,2021-11-12,,approved,medium,제조일자·소비기한 동시;full_date,최종 날짜만 승인; OCR 주석 별도 검수
003067,,2021-06-15,,approved,medium,두 자리 연도;full_date,최종 날짜만 승인; OCR 주석 별도 검수
003068,,2021-06-15,,approved,medium,두 자리 연도;full_date,최종 날짜만 승인; OCR 주석 별도 검수
003069,,2020-08-09,,approved,medium,제조일자·소비기한 동시;두 자리 연도;full_date,최종 날짜만 승인; OCR 주석 별도 검수
003070,,2020-08-09,,approved,medium,제조일자·소비기한 동시;두 자리 연도;full_date,최종 날짜만 승인; OCR 주석 별도 검수
003071,,2021-08-19,,approved,easy,정상;full_date,최종 날짜만 승인; OCR 주석 별도 검수
003072,,2021-08-19,,approved,easy,정상;full_date,최종 날짜만 승인; OCR 주석 별도 검수
003073,,2021-08-25,,approved,easy,정상;full_date,최종 날짜만 승인; OCR 주석 별도 검수
003074,,2021-08-25,,approved,easy,정상;full_date,최종 날짜만 승인; OCR 주석 별도 검수
003075,,2021-01-16,,approved,easy,정상;full_date,최종 날짜만 승인; OCR 주석 별도 검수
003076,,2021-01-16,,approved,easy,정상;full_date,최종 날짜만 승인; OCR 주석 별도 검수
003077,,2021-12-13,,approved,medium,두 자리 연도;full_date,최종 날짜만 승인; OCR 주석 별도 검수
003078,,2021-12-13,,approved,medium,두 자리 연도;full_date,최종 날짜만 승인; OCR 주석 별도 검수
003079,,2021-11-01,,approved,easy,정상;full_date,최종 날짜만 승인; OCR 주석 별도 검수
003080,,2021-11-01,,approved,easy,정상;full_date,최종 날짜만 승인; OCR 주석 별도 검수
003081,,2021-12-02,,approved,medium,제조일자·소비기한 동시;full_date,최종 날짜만 승인; OCR 주석 별도 검수
003082,,2021-12-02,,approved,medium,제조일자·소비기한 동시;full_date,최종 날짜만 승인; OCR 주석 별도 검수
003083,,2021-12-02,,approved,medium,두 자리 연도;full_date,최종 날짜만 승인; OCR 주석 별도 검수
003084,,2021-12-02,,approved,medium,두 자리 연도;full_date,최종 날짜만 승인; OCR 주석 별도 검수
003085,,2021-06-27,,approved,easy,정상;full_date,최종 날짜만 승인; OCR 주석 별도 검수
003086,,2021-06-27,,approved,easy,정상;full_date,최종 날짜만 승인; OCR 주석 별도 검수
003087,,2021-06-30,,approved,hard,제조일자·소비기한 동시;full_date,최종 날짜만 승인; OCR 주석 별도 검수
003088,,2021-06-30,,approved,hard,제조일자·소비기한 동시;full_date,최종 날짜만 승인; OCR 주석 별도 검수
003089,,2021-09-15,,approved,hard,제조일자·소비기한 동시;full_date,최종 날짜만 승인; OCR 주석 별도 검수
003090,,2021-09-15,,approved,hard,제조일자·소비기한 동시;full_date,최종 날짜만 승인; OCR 주석 별도 검수
003091,,2021-09-17,,approved,hard,제조일자·소비기한 동시;full_date,최종 날짜만 승인; OCR 주석 별도 검수
003092,,2021-09-17,,approved,hard,제조일자·소비기한 동시;full_date,최종 날짜만 승인; OCR 주석 별도 검수
003093,,2023-01-03,,approved,easy,정상;full_date,최종 날짜만 승인; OCR 주석 별도 검수
003094,,2023-01-03,,approved,easy,정상;full_date,최종 날짜만 승인; OCR 주석 별도 검수
003095,,2022-10-12,,approved,easy,정상;full_date,최종 날짜만 승인; OCR 주석 별도 검수
003096,,2022-10-12,,approved,easy,정상;full_date,최종 날짜만 승인; OCR 주석 별도 검수
003097,,2021-04-12,,approved,easy,정상;full_date,최종 날짜만 승인; OCR 주석 별도 검수
003098,,2021-04-12,,approved,easy,정상;full_date,최종 날짜만 승인; OCR 주석 별도 검수
003099,,2022-08-07,,approved,easy,정상;full_date,최종 날짜만 승인; OCR 주석 별도 검수
003100,,2022-11-21,,approved,easy,정상;full_date,최종 날짜만 승인; OCR 주석 별도 검수
003101,,2022-11-21,,approved,easy,정상;full_date,최종 날짜만 승인; OCR 주석 별도 검수
003102,,2022-03-29,,approved,easy,정상;full_date,최종 날짜만 승인; OCR 주석 별도 검수
003103,,2022-03-29,,approved,easy,정상;full_date,최종 날짜만 승인; OCR 주석 별도 검수
003104,,2023-12-06,,approved,easy,정상;full_date,최종 날짜만 승인; OCR 주석 별도 검수
003105,,2023-12-06,,approved,easy,정상;full_date,최종 날짜만 승인; OCR 주석 별도 검수
003106,,2021-01-11,,approved,easy,정상;full_date,최종 날짜만 승인; OCR 주석 별도 검수
003107,,2021-01-11,,approved,easy,정상;full_date,최종 날짜만 승인; OCR 주석 별도 검수
003108,,2022-07-16,,approved,hard,제조일자·소비기한 동시;다양한 구분자;full_date,최종 날짜만 승인; OCR 주석 별도 검수
003109,,2022-07-16,,approved,hard,제조일자·소비기한 동시;다양한 구분자;full_date,최종 날짜만 승인; OCR 주석 별도 검수
003110,,2021-06-09,,approved,easy,정상;full_date,최종 날짜만 승인; OCR 주석 별도 검수
003111,,2021-06-09,,approved,easy,정상;full_date,최종 날짜만 승인; OCR 주석 별도 검수
003112,,2021-03-28,,approved,easy,정상;full_date,최종 날짜만 승인; OCR 주석 별도 검수
003113,,2021-03-28,,approved,easy,정상;full_date,최종 날짜만 승인; OCR 주석 별도 검수
003114,,2021-09-25,,approved,medium,제조일자·소비기한 동시;full_date,최종 날짜만 승인; OCR 주석 별도 검수
003115,,2021-09-25,,approved,medium,제조일자·소비기한 동시;full_date,최종 날짜만 승인; OCR 주석 별도 검수
003116,,2021-12-29,,approved,easy,정상;full_date,최종 날짜만 승인; OCR 주석 별도 검수
003117,,2021-12-29,,approved,easy,정상;full_date,최종 날짜만 승인; OCR 주석 별도 검수
003118,,2021-07-10,,approved,easy,정상;full_date,최종 날짜만 승인; OCR 주석 별도 검수
003119,,2021-07-10,,approved,easy,정상;full_date,최종 날짜만 승인; OCR 주석 별도 검수
003120,,2021-09-30,,approved,easy,정상;full_date,최종 날짜만 승인; OCR 주석 별도 검수
003121,,2021-09-30,,approved,easy,정상;full_date,최종 날짜만 승인; OCR 주석 별도 검수
003122,,2021-09-15,,approved,hard,제조일자·소비기한 동시;full_date,최종 날짜만 승인; OCR 주석 별도 검수
003123,,2021-09-15,,approved,hard,두 자리 연도;다양한 구분자;반사·흐림·저대비;full_date,최종 날짜만 승인; OCR 주석 별도 검수
003124,,2021-03-07,,approved,easy,정상;full_date,최종 날짜만 승인; OCR 주석 별도 검수
003125,,2021-03-07,,approved,easy,정상;full_date,최종 날짜만 승인; OCR 주석 별도 검수
003126,,2021-02-16,,approved,easy,정상;full_date,최종 날짜만 승인; OCR 주석 별도 검수
003127,,2021-02-16,,approved,hard,제조일자·소비기한 동시;반사·흐림·저대비;full_date,최종 날짜만 승인; OCR 주석 별도 검수
003128,,2022-08-25,,approved,easy,정상;full_date,최종 날짜만 승인; OCR 주석 별도 검수
003129,,2022-08-25,,approved,easy,정상;full_date,최종 날짜만 승인; OCR 주석 별도 검수
003130,,2022-03-30,,approved,easy,정상;full_date,최종 날짜만 승인; OCR 주석 별도 검수
003131,,2022-03-30,,approved,easy,정상;full_date,최종 날짜만 승인; OCR 주석 별도 검수
003132,,2021-05-22,,approved,easy,정상;full_date,최종 날짜만 승인; OCR 주석 별도 검수
003133,,2021-05-22,,approved,easy,정상;full_date,최종 날짜만 승인; OCR 주석 별도 검수
003134,,2021-10-14,,approved,easy,정상;full_date,최종 날짜만 승인; OCR 주석 별도 검수
003135,,2021-10-14,,approved,easy,정상;full_date,최종 날짜만 승인; OCR 주석 별도 검수
003136,,2022-11-09,,approved,easy,정상;full_date,최종 날짜만 승인; OCR 주석 별도 검수
003137,,2022-11-09,,approved,easy,정상;full_date,최종 날짜만 승인; OCR 주석 별도 검수
003138,,2022-01-09,,approved,easy,정상;full_date,최종 날짜만 승인; OCR 주석 별도 검수
003139,,2022-01-09,,approved,easy,정상;full_date,최종 날짜만 승인; OCR 주석 별도 검수
003140,,2021-07-12,,approved,medium,제조일자·소비기한 동시;full_date,최종 날짜만 승인; OCR 주석 별도 검수
003141,,2021-07-12,,approved,medium,제조일자·소비기한 동시;full_date,최종 날짜만 승인; OCR 주석 별도 검수
003142,,2021-12-11,,approved,medium,제조일자·소비기한 동시;full_date,최종 날짜만 승인; OCR 주석 별도 검수
003143,,2021-12-11,,approved,medium,제조일자·소비기한 동시;full_date,최종 날짜만 승인; OCR 주석 별도 검수
003144,,2022-01-11,,approved,hard,두 자리 연도;다양한 구분자;반사·흐림·저대비;full_date,최종 날짜만 승인; OCR 주석 별도 검수
003145,,2022-01-11,,approved,hard,두 자리 연도;다양한 구분자;반사·흐림·저대비;full_date,최종 날짜만 승인; OCR 주석 별도 검수
003146,,2021-04-22,,approved,easy,정상;full_date,최종 날짜만 승인; OCR 주석 별도 검수
003147,,2021-04-22,,approved,easy,정상;full_date,최종 날짜만 승인; OCR 주석 별도 검수
003148,,2022-01-14,,approved,easy,정상;full_date,최종 날짜만 승인; OCR 주석 별도 검수
003149,,2022-01-14,,approved,easy,정상;full_date,최종 날짜만 승인; OCR 주석 별도 검수
003150,,2021-12-10,,approved,easy,정상;full_date,최종 날짜만 승인; OCR 주석 별도 검수
003151,,2021-12-10,,approved,easy,정상;full_date,최종 날짜만 승인; OCR 주석 별도 검수
003152,,2021-06-30,,approved,easy,정상;full_date,최종 날짜만 승인; OCR 주석 별도 검수
003153,,2021-06-30,,approved,easy,정상;full_date,최종 날짜만 승인; OCR 주석 별도 검수
003154,,2021-07-11,,approved,easy,정상;full_date,최종 날짜만 승인; OCR 주석 별도 검수
003155,,2021-07-11,,approved,easy,정상;full_date,최종 날짜만 승인; OCR 주석 별도 검수
003156,,2021-10-26,,approved,easy,정상;full_date,최종 날짜만 승인; OCR 주석 별도 검수
003157,,2021-10-26,,approved,easy,정상;full_date,최종 날짜만 승인; OCR 주석 별도 검수
003158,,2021-04-25,,approved,easy,정상;full_date,최종 날짜만 승인; OCR 주석 별도 검수
003159,,2020-04-23,,approved,easy,정상;full_date,최종 날짜만 승인; OCR 주석 별도 검수
003160,,2021-06-13,,approved,easy,정상;full_date,최종 날짜만 승인; OCR 주석 별도 검수
003161,,2021-10-NONE,,approved,hard,날짜 없음;반사·흐림·저대비;partial_date,최종 날짜만 승인; OCR 주석 별도 검수
003162,,2021-09-20,,approved,easy,정상;full_date,최종 날짜만 승인; OCR 주석 별도 검수
003163,,2021-02-16,,approved,medium,제조일자·소비기한 동시;두 자리 연도;full_date,최종 날짜만 승인; OCR 주석 별도 검수
003164,,2021-02-09,,approved,medium,다양한 구분자;full_date,최종 날짜만 승인; OCR 주석 별도 검수
003165,,2021-09-17,,approved,medium,두 자리 연도;full_date,최종 날짜만 승인; OCR 주석 별도 검수
003166,,2021-07-NONE,,approved,hard,두 자리 연도;다양한 구분자;반사·흐림·저대비;partial_date,최종 날짜만 승인; OCR 주석 별도 검수
003167,,2021-10-10,,approved,medium,두 자리 연도;full_date,최종 날짜만 승인; OCR 주석 별도 검수
003168,,2021-09-18,,approved,hard,제조일자·소비기한 동시;full_date,최종 날짜만 승인; OCR 주석 별도 검수
003169,,2021-04-18,,approved,medium,두 자리 연도;다양한 구분자;full_date,최종 날짜만 승인; OCR 주석 별도 검수
003170,,2020-04-20,,approved,medium,두 자리 연도;full_date,최종 날짜만 승인; OCR 주석 별도 검수
003171,,2021-11-11,,approved,easy,정상;full_date,최종 날짜만 승인; OCR 주석 별도 검수
003172,,2020-06-21,,approved,medium,제조일자·소비기한 동시;두 자리 연도;full_date,최종 날짜만 승인; OCR 주석 별도 검수
003173,,2022-05-NONE,,approved,hard,두 자리 연도;다양한 구분자;반사·흐림·저대비;partial_date,최종 날짜만 승인; OCR 주석 별도 검수
003174,,2022-08-13,,approved,medium,제조일자·소비기한 동시;다양한 구분자;full_date,최종 날짜만 승인; OCR 주석 별도 검수
003175,,2021-03-18,,approved,easy,정상;full_date,최종 날짜만 승인; OCR 주석 별도 검수
003176,,2021-04-30,,approved,easy,정상;full_date,최종 날짜만 승인; OCR 주석 별도 검수
003177,,2021-03-25,,approved,easy,정상;full_date,최종 날짜만 승인; OCR 주석 별도 검수
003178,,2021-03-25,,approved,easy,정상;full_date,최종 날짜만 승인; OCR 주석 별도 검수
003179,,2021-07-08,,approved,easy,정상;full_date,최종 날짜만 승인; OCR 주석 별도 검수
003180,,2021-07-08,,approved,easy,정상;full_date,최종 날짜만 승인; OCR 주석 별도 검수
003181,,2021-06-14,,approved,hard,제조일자·소비기한 동시;full_date,최종 날짜만 승인; OCR 주석 별도 검수
003182,,2021-06-14,,approved,hard,제조일자·소비기한 동시;full_date,최종 날짜만 승인; OCR 주석 별도 검수
003183,,2021-03-26,,approved,easy,정상;full_date,최종 날짜만 승인; OCR 주석 별도 검수
003184,,2021-06-28,,approved,medium,다양한 구분자;full_date,최종 날짜만 승인; OCR 주석 별도 검수
003185,,2021-06-28,,approved,medium,다양한 구분자;full_date,최종 날짜만 승인; OCR 주석 별도 검수
003186,,2021-10-21,,approved,medium,제조일자·소비기한 동시;다양한 구분자;full_date,최종 날짜만 승인; OCR 주석 별도 검수
003187,,2022-01-17,,approved,easy,정상;full_date,최종 날짜만 승인; OCR 주석 별도 검수
003188,,2022-01-17,,approved,easy,정상;full_date,최종 날짜만 승인; OCR 주석 별도 검수
003189,,2022-08-16,,approved,medium,다양한 구분자;full_date,최종 날짜만 승인; OCR 주석 별도 검수
003190,,2022-08-16,,approved,medium,다양한 구분자;full_date,최종 날짜만 승인; OCR 주석 별도 검수
003191,,2021-11-19,,approved,medium,제조일자·소비기한 동시;두 자리 연도;full_date,최종 날짜만 승인; OCR 주석 별도 검수
003192,,2021-11-19,,approved,medium,제조일자·소비기한 동시;두 자리 연도;full_date,최종 날짜만 승인; OCR 주석 별도 검수
003193,,2021-07-13,,approved,medium,두 자리 연도;full_date,최종 날짜만 승인; OCR 주석 별도 검수
003194,,2021-07-13,,approved,medium,두 자리 연도;full_date,최종 날짜만 승인; OCR 주석 별도 검수
003195,,2021-12-13,,approved,easy,정상;full_date,최종 날짜만 승인; OCR 주석 별도 검수
003196,,2022-11-05,,approved,hard,두 자리 연도;다양한 구분자;반사·흐림·저대비;full_date,최종 날짜만 승인; OCR 주석 별도 검수
003197,,2022-11-05,,approved,hard,두 자리 연도;다양한 구분자;반사·흐림·저대비;full_date,최종 날짜만 승인; OCR 주석 별도 검수
003198,,2025-10-12,,approved,hard,제조일자·소비기한 동시;full_date,최종 날짜만 승인; OCR 주석 별도 검수
003199,,2025-10-12,,approved,hard,제조일자·소비기한 동시;full_date,최종 날짜만 승인; OCR 주석 별도 검수
003200,,2022-09-21,,approved,hard,제조일자·소비기한 동시;full_date,최종 날짜만 승인; OCR 주석 별도 검수
003201,,2022-09-21,,approved,hard,제조일자·소비기한 동시;full_date,최종 날짜만 승인; OCR 주석 별도 검수
003202,,2021-10-NONE,,approved,hard,두 자리 연도;다양한 구분자;반사·흐림·저대비;partial_date,최종 날짜만 승인; OCR 주석 별도 검수
003203,,2021-10-NONE,,approved,hard,두 자리 연도;다양한 구분자;반사·흐림·저대비;partial_date,최종 날짜만 승인; OCR 주석 별도 검수
003204,,2023-06-26,,approved,medium,다양한 구분자;full_date,최종 날짜만 승인; OCR 주석 별도 검수
003205,,2023-06-26,,approved,medium,다양한 구분자;full_date,최종 날짜만 승인; OCR 주석 별도 검수
003206,,2021-04-13,,approved,medium,다양한 구분자;full_date,최종 날짜만 승인; OCR 주석 별도 검수
003207,,2021-07-20,,approved,easy,정상;full_date,최종 날짜만 승인; OCR 주석 별도 검수
003208,,2021-07-20,,approved,easy,정상;full_date,최종 날짜만 승인; OCR 주석 별도 검수
003209,,2022-12-02,,approved,medium,다양한 구분자;full_date,최종 날짜만 승인; OCR 주석 별도 검수
003210,,2022-12-02,,approved,medium,다양한 구분자;full_date,최종 날짜만 승인; OCR 주석 별도 검수
003211,,2021-08-11,,approved,hard,날짜 없음;반사·흐림·저대비;full_date,최종 날짜만 승인; OCR 주석 별도 검수
003212,,2022-08-25,,approved,medium,다양한 구분자;full_date,최종 날짜만 승인; OCR 주석 별도 검수
003213,,2024-01-12,,approved,hard,날짜 없음;반사·흐림·저대비;full_date,최종 날짜만 승인; OCR 주석 별도 검수
003214,,2024-01-12,,approved,hard,날짜 없음;반사·흐림·저대비;full_date,최종 날짜만 승인; OCR 주석 별도 검수
003215,,2022-10-13,,approved,easy,정상;full_date,최종 날짜만 승인; OCR 주석 별도 검수
003216,,2022-01-15,,approved,easy,정상;full_date,최종 날짜만 승인; OCR 주석 별도 검수
003217,,2022-01-15,,approved,easy,정상;full_date,최종 날짜만 승인; OCR 주석 별도 검수
003218,,2021-03-16,,approved,hard,제조일자·소비기한 동시;full_date,최종 날짜만 승인; OCR 주석 별도 검수
003219,,2021-03-16,,approved,hard,제조일자·소비기한 동시;full_date,최종 날짜만 승인; OCR 주석 별도 검수
003220,,2021-09-13,,approved,medium,다양한 구분자;full_date,최종 날짜만 승인; OCR 주석 별도 검수
003221,,2021-03-08,,approved,medium,다양한 구분자;full_date,최종 날짜만 승인; OCR 주석 별도 검수
003222,,2022-06-14,,approved,hard,날짜 없음;반사·흐림·저대비;full_date,최종 날짜만 승인; OCR 주석 별도 검수
003223,,2022-06-14,,approved,hard,날짜 없음;반사·흐림·저대비;full_date,최종 날짜만 승인; OCR 주석 별도 검수
003224,,2021-08-21,,approved,medium,제조일자·소비기한 동시;full_date,최종 날짜만 승인; OCR 주석 별도 검수
003225,,2021-08-21,,approved,medium,제조일자·소비기한 동시;full_date,최종 날짜만 승인; OCR 주석 별도 검수
003226,,2022-01-29,,approved,easy,정상;full_date,최종 날짜만 승인; OCR 주석 별도 검수
003227,,2022-01-29,,approved,easy,정상;full_date,최종 날짜만 승인; OCR 주석 별도 검수
003228,,2022-04-26,,approved,hard,제조일자·소비기한 동시;다양한 구분자;full_date,최종 날짜만 승인; OCR 주석 별도 검수
003229,,2022-07-NONE,,approved,hard,두 자리 연도;다양한 구분자;반사·흐림·저대비;partial_date,최종 날짜만 승인; OCR 주석 별도 검수
003230,,2022-03-28,,approved,hard,제조일자·소비기한 동시;다양한 구분자;full_date,최종 날짜만 승인; OCR 주석 별도 검수
003231,,2021-04-04,,approved,medium,두 자리 연도;full_date,최종 날짜만 승인; OCR 주석 별도 검수
003232,,2021-09-21,,approved,medium,두 자리 연도;full_date,최종 날짜만 승인; OCR 주석 별도 검수
003233,,2021-09-21,,approved,medium,두 자리 연도;full_date,최종 날짜만 승인; OCR 주석 별도 검수
003234,,2022-11-NONE,,approved,hard,두 자리 연도;다양한 구분자;반사·흐림·저대비;partial_date,최종 날짜만 승인; OCR 주석 별도 검수
003235,,2022-11-NONE,,approved,hard,두 자리 연도;다양한 구분자;반사·흐림·저대비;partial_date,최종 날짜만 승인; OCR 주석 별도 검수
003236,,2021-03-30,,approved,easy,정상;full_date,최종 날짜만 승인; OCR 주석 별도 검수
003237,,2021-03-30,,approved,easy,정상;full_date,최종 날짜만 승인; OCR 주석 별도 검수
003238,,2021-10-16,,approved,hard,제조일자·소비기한 동시;full_date,최종 날짜만 승인; OCR 주석 별도 검수
003239,,2021-11-06,,approved,hard,제조일자·소비기한 동시;full_date,최종 날짜만 승인; OCR 주석 별도 검수
003240,,2021-11-06,,approved,hard,제조일자·소비기한 동시;full_date,최종 날짜만 승인; OCR 주석 별도 검수
003241,,2022-01-28,,approved,hard,제조일자·소비기한 동시;full_date,최종 날짜만 승인; OCR 주석 별도 검수
003242,,2022-01-28,,approved,hard,제조일자·소비기한 동시;반사·흐림·저대비;full_date,최종 날짜만 승인; OCR 주석 별도 검수
003243,,2021-07-NONE,,approved,hard,날짜 없음;반사·흐림·저대비;partial_date,최종 날짜만 승인; OCR 주석 별도 검수
003244,,2021-07-NONE,,approved,hard,날짜 없음;반사·흐림·저대비;partial_date,최종 날짜만 승인; OCR 주석 별도 검수
003245,,2021-09-20,,approved,medium,제조일자·소비기한 동시;full_date,최종 날짜만 승인; OCR 주석 별도 검수
003246,,2021-08-15,,approved,easy,정상;full_date,최종 날짜만 승인; OCR 주석 별도 검수
003247,,2023-01-17,,approved,easy,정상;full_date,최종 날짜만 승인; OCR 주석 별도 검수
003248,,2023-01-17,,approved,easy,정상;full_date,최종 날짜만 승인; OCR 주석 별도 검수
003249,,2023-02-01,,approved,easy,정상;full_date,최종 날짜만 승인; OCR 주석 별도 검수
003250,,2023-02-01,,approved,easy,정상;full_date,최종 날짜만 승인; OCR 주석 별도 검수
003251,,2023-04-NONE,,approved,hard,두 자리 연도;다양한 구분자;반사·흐림·저대비;partial_date,최종 날짜만 승인; OCR 주석 별도 검수
003252,,2023-04-NONE,,approved,hard,두 자리 연도;다양한 구분자;반사·흐림·저대비;partial_date,최종 날짜만 승인; OCR 주석 별도 검수
003253,,2020-10-20,,approved,medium,다양한 구분자;full_date,최종 날짜만 승인; OCR 주석 별도 검수
003254,,2021-11-05,,approved,easy,정상;full_date,최종 날짜만 승인; OCR 주석 별도 검수
003255,,2021-11-05,,approved,easy,정상;full_date,최종 날짜만 승인; OCR 주석 별도 검수
003256,,2022-04-01,,approved,easy,정상;full_date,최종 날짜만 승인; OCR 주석 별도 검수
003257,,2022-04-01,,approved,easy,정상;full_date,최종 날짜만 승인; OCR 주석 별도 검수
003258,,2021-07-28,,approved,medium,다양한 구분자;full_date,최종 날짜만 승인; OCR 주석 별도 검수
003259,,2022-02-10,,approved,hard,날짜 없음;반사·흐림·저대비;full_date,최종 날짜만 승인; OCR 주석 별도 검수
003260,,2022-07-29,,approved,easy,정상;full_date,최종 날짜만 승인; OCR 주석 별도 검수
003261,,2022-07-29,,approved,easy,정상;full_date,최종 날짜만 승인; OCR 주석 별도 검수
003262,,2021-06-10,,approved,hard,날짜 없음;반사·흐림·저대비;full_date,최종 날짜만 승인; OCR 주석 별도 검수
003263,,2021-05-27,,approved,easy,정상;full_date,최종 날짜만 승인; OCR 주석 별도 검수
003264,,2021-09-13,,approved,medium,다양한 구분자;full_date,최종 날짜만 승인; OCR 주석 별도 검수
003265,,2021-10-06,,approved,easy,정상;full_date,최종 날짜만 승인; OCR 주석 별도 검수
003266,,2021-09-12,,approved,medium,제조일자·소비기한 동시;다양한 구분자;full_date,최종 날짜만 승인; OCR 주석 별도 검수
003267,,2022-05-05,,approved,hard,제조일자·소비기한 동시;다양한 구분자;full_date,최종 날짜만 승인; OCR 주석 별도 검수
003268,,2022-05-05,,approved,hard,제조일자·소비기한 동시;다양한 구분자;full_date,최종 날짜만 승인; OCR 주석 별도 검수
003269,,2022-01-28,,approved,hard,제조일자·소비기한 동시;full_date,최종 날짜만 승인; OCR 주석 별도 검수
003270,,2021-10-31,,approved,medium,다양한 구분자;full_date,최종 날짜만 승인; OCR 주석 별도 검수
003271,,2021-07-07,,approved,hard,제조일자·소비기한 동시;full_date,최종 날짜만 승인; OCR 주석 별도 검수
003272,,2021-05-03,,approved,easy,정상;full_date,최종 날짜만 승인; OCR 주석 별도 검수
003273,,2021-05-03,,approved,easy,정상;full_date,최종 날짜만 승인; OCR 주석 별도 검수
003274,,2021-08-20,,approved,medium,다양한 구분자;full_date,최종 날짜만 승인; OCR 주석 별도 검수
003275,,2021-10-10,,approved,medium,두 자리 연도;full_date,최종 날짜만 승인; OCR 주석 별도 검수
003276,,NONE-04-10,,approved,hard,날짜 없음;반사·흐림·저대비;partial_date,최종 날짜만 승인; OCR 주석 별도 검수
003277,,NONE-04-05,,approved,hard,날짜 없음;반사·흐림·저대비;partial_date,최종 날짜만 승인; OCR 주석 별도 검수
003278,,2023-10-02,,approved,medium,두 자리 연도;다양한 구분자;full_date,최종 날짜만 승인; OCR 주석 별도 검수
003279,,2023-10-02,,approved,medium,두 자리 연도;다양한 구분자;full_date,최종 날짜만 승인; OCR 주석 별도 검수
003280,,2023-07-31,,approved,hard,제조일자·소비기한 동시;다양한 구분자;full_date,최종 날짜만 승인; OCR 주석 별도 검수
003281,,2021-10-15,,approved,easy,정상;full_date,최종 날짜만 승인; OCR 주석 별도 검수
003282,,2022-12-21,,approved,easy,정상;full_date,최종 날짜만 승인; OCR 주석 별도 검수
003283,,2021-09-10,,approved,hard,제조일자·소비기한 동시;두 자리 연도;다양한 구분자;반사·흐림·저대비;full_date,최종 날짜만 승인; OCR 주석 별도 검수
003284,,2021-09-10,,approved,hard,제조일자·소비기한 동시;두 자리 연도;다양한 구분자;반사·흐림·저대비;full_date,최종 날짜만 승인; OCR 주석 별도 검수
003285,,2021-08-06,,approved,medium,제조일자·소비기한 동시;두 자리 연도;full_date,최종 날짜만 승인; OCR 주석 별도 검수
003286,,2021-08-06,,approved,medium,제조일자·소비기한 동시;두 자리 연도;full_date,최종 날짜만 승인; OCR 주석 별도 검수
003287,,2021-09-25,,approved,medium,제조일자·소비기한 동시;full_date,최종 날짜만 승인; OCR 주석 별도 검수
003288,,2021-09-25,,approved,medium,제조일자·소비기한 동시;full_date,최종 날짜만 승인; OCR 주석 별도 검수
003289,,2022-01-31,,approved,medium,제조일자·소비기한 동시;full_date,최종 날짜만 승인; OCR 주석 별도 검수
003290,,2022-12-22,,approved,easy,정상;full_date,최종 날짜만 승인; OCR 주석 별도 검수
003291,,2022-12-22,,approved,easy,정상;full_date,최종 날짜만 승인; OCR 주석 별도 검수
003292,,2022-12-02,,approved,medium,다양한 구분자;full_date,최종 날짜만 승인; OCR 주석 별도 검수
003293,,2022-12-02,,approved,medium,다양한 구분자;full_date,최종 날짜만 승인; OCR 주석 별도 검수
003294,,2021-07-26,,approved,hard,날짜 없음;반사·흐림·저대비;full_date,최종 날짜만 승인; OCR 주석 별도 검수
003295,,2021-11-26,,approved,hard,제조일자·소비기한 동시;full_date,최종 날짜만 승인; OCR 주석 별도 검수
003296,,2021-11-26,,approved,hard,제조일자·소비기한 동시;다양한 구분자;full_date,최종 날짜만 승인; OCR 주석 별도 검수
003297,,2021-10-21,,approved,easy,정상;full_date,최종 날짜만 승인; OCR 주석 별도 검수
003298,,2021-10-21,,approved,easy,정상;full_date,최종 날짜만 승인; OCR 주석 별도 검수
003299,,2022-10-NONE,,approved,medium,두 자리 연도;다양한 구분자;partial_date,최종 날짜만 승인; OCR 주석 별도 검수
003300,,2023-06-11,,approved,medium,다양한 구분자;full_date,최종 날짜만 승인; OCR 주석 별도 검수
003301,,2023-04-21,,approved,hard,제조일자·소비기한 동시;full_date,최종 날짜만 승인; OCR 주석 별도 검수
003302,,2023-02-06,,approved,easy,정상;full_date,최종 날짜만 승인; OCR 주석 별도 검수
003303,,2023-02-06,,approved,hard,날짜 없음;반사·흐림·저대비;full_date,최종 날짜만 승인; OCR 주석 별도 검수
003304,,2025-03-NONE,,approved,hard,두 자리 연도;다양한 구분자;반사·흐림·저대비;partial_date,최종 날짜만 승인; OCR 주석 별도 검수
003305,,2025-03-NONE,,approved,hard,두 자리 연도;다양한 구분자;반사·흐림·저대비;partial_date,최종 날짜만 승인; OCR 주석 별도 검수
003306,,2020-09-01,,approved,easy,정상;full_date,최종 날짜만 승인; OCR 주석 별도 검수
003307,,2020-09-01,,approved,easy,정상;full_date,최종 날짜만 승인; OCR 주석 별도 검수
003308,,2019-09-03,,approved,medium,제조일자·소비기한 동시;full_date,최종 날짜만 승인; OCR 주석 별도 검수
003309,,2020-08-29,,approved,medium,다양한 구분자;full_date,최종 날짜만 승인; OCR 주석 별도 검수
003310,,2020-08-29,,approved,medium,다양한 구분자;full_date,최종 날짜만 승인; OCR 주석 별도 검수
003311,,2021-03-11,,approved,hard,제조일자·소비기한 동시;full_date,최종 날짜만 승인; OCR 주석 별도 검수
003312,,2021-03-11,,approved,hard,제조일자·소비기한 동시;full_date,최종 날짜만 승인; OCR 주석 별도 검수
003313,,2021-07-05,,approved,hard,날짜 없음;반사·흐림·저대비;full_date,최종 날짜만 승인; OCR 주석 별도 검수
003314,,2021-07-05,,approved,medium,반사·흐림·저대비;full_date,최종 날짜만 승인; OCR 주석 별도 검수
003315,,2021-08-03,,approved,easy,정상;full_date,최종 날짜만 승인; OCR 주석 별도 검수
003316,,2022-02-07,,approved,easy,정상;full_date,최종 날짜만 승인; OCR 주석 별도 검수
003317,,2022-02-07,,approved,hard,반사·흐림·저대비;full_date,최종 날짜만 승인; OCR 주석 별도 검수
003318,,2021-10-20,,approved,easy,정상;full_date,최종 날짜만 승인; OCR 주석 별도 검수
003319,,2021-10-20,,approved,easy,정상;full_date,최종 날짜만 승인; OCR 주석 별도 검수
003320,,2021-04-27,,approved,hard,제조일자·소비기한 동시;두 자리 연도;다양한 구분자;반사·흐림·저대비;full_date,최종 날짜만 승인; OCR 주석 별도 검수
003321,,2021-09-01,,approved,easy,정상;full_date,최종 날짜만 승인; OCR 주석 별도 검수
003322,,2021-09-01,,approved,easy,정상;full_date,최종 날짜만 승인; OCR 주석 별도 검수
003323,,2021-05-24,,approved,medium,두 자리 연도;다양한 구분자;full_date,최종 날짜만 승인; OCR 주석 별도 검수
003324,,2021-06-01,,approved,easy,정상;full_date,최종 날짜만 승인; OCR 주석 별도 검수
003325,,2021-06-01,,approved,medium,제조일자·소비기한 동시;반사·흐림·저대비;full_date,최종 날짜만 승인; OCR 주석 별도 검수
003326,,2021-06-05,,approved,hard,날짜 없음;반사·흐림·저대비;full_date,최종 날짜만 승인; OCR 주석 별도 검수
003327,,2021-06-05,,approved,hard,날짜 없음;반사·흐림·저대비;full_date,최종 날짜만 승인; OCR 주석 별도 검수
003328,,2021-12-26,,approved,easy,정상;full_date,최종 날짜만 승인; OCR 주석 별도 검수
003329,,2021-12-26,,approved,easy,정상;full_date,최종 날짜만 승인; OCR 주석 별도 검수
003330,,2021-11-03,,approved,easy,정상;full_date,최종 날짜만 승인; OCR 주석 별도 검수
003331,,2021-11-03,,approved,easy,정상;full_date,최종 날짜만 승인; OCR 주석 별도 검수
003332,,2021-04-29,,approved,medium,두 자리 연도;다양한 구분자;full_date,최종 날짜만 승인; OCR 주석 별도 검수
003333,,2021-10-30,,approved,hard,제조일자·소비기한 동시;full_date,최종 날짜만 승인; OCR 주석 별도 검수
003334,,2021-10-30,,approved,hard,제조일자·소비기한 동시;full_date,최종 날짜만 승인; OCR 주석 별도 검수
003335,,2021-07-02,,approved,medium,다양한 구분자;full_date,최종 날짜만 승인; OCR 주석 별도 검수
003336,,2021-07-02,,approved,medium,다양한 구분자;full_date,최종 날짜만 승인; OCR 주석 별도 검수
003337,,2020-06-01,,approved,medium,다양한 구분자;full_date,최종 날짜만 승인; OCR 주석 별도 검수
003338,,2021-06-01,,approved,hard,날짜 없음;반사·흐림·저대비;full_date,최종 날짜만 승인; OCR 주석 별도 검수
003339,,2022-01-24,,approved,hard,제조일자·소비기한 동시;다양한 구분자;full_date,최종 날짜만 승인; OCR 주석 별도 검수
003340,,2022-09-29,,approved,hard,제조일자·소비기한 동시;다양한 구분자;반사·흐림·저대비;full_date,최종 날짜만 승인; OCR 주석 별도 검수
003341,,2022-09-29,,approved,hard,제조일자·소비기한 동시;다양한 구분자;full_date,최종 날짜만 승인; OCR 주석 별도 검수
003342,,2023-12-30,,approved,hard,두 자리 연도;다양한 구분자;반사·흐림·저대비;full_date,최종 날짜만 승인; OCR 주석 별도 검수
003343,,2023-12-30,,approved,hard,두 자리 연도;다양한 구분자;반사·흐림·저대비;full_date,최종 날짜만 승인; OCR 주석 별도 검수
003344,,2026-09-11,,approved,easy,정상;full_date,최종 날짜만 승인; OCR 주석 별도 검수
003345,,2026-08-19,,approved,medium,두 자리 연도;full_date,최종 날짜만 승인; OCR 주석 별도 검수
003346,,2026-09-10,,approved,medium,다양한 구분자;full_date,최종 날짜만 승인; OCR 주석 별도 검수
003347,,2027-09-01,,approved,hard,제조일자·소비기한 동시;두 자리 연도;다양한 구분자;반사·흐림·저대비;full_date,최종 날짜만 승인; OCR 주석 별도 검수
003348,,2027-07-13,,approved,medium,두 자리 연도;반사·흐림·저대비;full_date,최종 날짜만 승인; OCR 주석 별도 검수
003349,,2025-12-10,,approved,medium,두 자리 연도;full_date,최종 날짜만 승인; OCR 주석 별도 검수
003350,,2025-12-10,,approved,hard,두 자리 연도;다양한 구분자;반사·흐림·저대비;full_date,최종 날짜만 승인; OCR 주석 별도 검수
003351,,2025-12-10,,approved,hard,날짜 없음;반사·흐림·저대비;full_date,최종 날짜만 승인; OCR 주석 별도 검수
003352,,2025-12-10,,approved,hard,두 자리 연도;다양한 구분자;반사·흐림·저대비;full_date,최종 날짜만 승인; OCR 주석 별도 검수
