image_id,추출한 날짜,정답 날짜,True/False,라벨 상태,난이도,오류 유형,비고
AMLC000001,,2027-06-26,,approved,medium,점자형·잉크젯형 인쇄;full_date,최종 날짜만 승인; OCR 주석 별도 검수
AMLC000002,,2025-12-11,,approved,easy,정상;full_date,최종 날짜만 승인; OCR 주석 별도 검수
AMLC000003,,2026-05-12,,approved,easy,정상;full_date,최종 날짜만 승인; OCR 주석 별도 검수
AMLC000004,,2027-02-14,,approved,hard,반사·흐림·저대비;full_date,최종 날짜만 승인; OCR 주석 별도 검수
AMLC000005,,2026-07-02,,approved,medium,점자형·잉크젯형 인쇄;full_date,최종 날짜만 승인; OCR 주석 별도 검수
AMLC000006,,2026-02-17,,approved,easy,정상;full_date,최종 날짜만 승인; OCR 주석 별도 검수
AMLC000007,,2026-06-25,,approved,medium,제조일자·소비기한 동시;두 자리 연도;점자형·잉크젯형 인쇄;full_date,최종 날짜만 승인; OCR 주석 별도 검수
AMLC000008,,2027-06-29,,approved,medium,점자형·잉크젯형 인쇄;full_date,최종 날짜만 승인; OCR 주석 별도 검수
AMLC000009,,2026-10-29,,approved,easy,정상;full_date,최종 날짜만 승인; OCR 주석 별도 검수
AMLC000010,,2026-06-08,,approved,medium,점자형·잉크젯형 인쇄;full_date,최종 날짜만 승인; OCR 주석 별도 검수
AMLC000011,,2026-02-05,,approved,medium,점자형·잉크젯형 인쇄;full_date,최종 날짜만 승인; OCR 주석 별도 검수
AMLC000012,,2026-03-23,,approved,medium,다양한 구분자;full_date,최종 날짜만 승인; OCR 주석 별도 검수
AMLC000013,,2026-03-20,,approved,easy,정상;full_date,최종 날짜만 승인; OCR 주석 별도 검수
AMLC000014,,2026-01-31,,approved,medium,두 자리 연도;점자형·잉크젯형 인쇄;full_date,최종 날짜만 승인; OCR 주석 별도 검수
AMLC000015,,2026-03-01,,approved,medium,제조일자·소비기한 동시;full_date,최종 날짜만 승인; OCR 주석 별도 검수
AMLC000016,,2026-01-22,,approved,easy,정상;full_date,최종 날짜만 승인; OCR 주석 별도 검수
AMLC000017,,2026-11-25,,approved,medium,점자형·잉크젯형 인쇄;full_date,최종 날짜만 승인; OCR 주석 별도 검수
AMLC000018,,2026-04-24,,approved,medium,두 자리 연도;점자형·잉크젯형 인쇄;full_date,최종 날짜만 승인; OCR 주석 별도 검수
AMLC000019,,2026-04-09,,approved,medium,제조일자·소비기한 동시;full_date,최종 날짜만 승인; OCR 주석 별도 검수
AMLC000020,,2025-10-09,,approved,medium,두 자리 연도;full_date,최종 날짜만 승인; OCR 주석 별도 검수
AMLC000021,,2025-10-10,,approved,medium,두 자리 연도;full_date,최종 날짜만 승인; OCR 주석 별도 검수
AMLC000022,,2025-10-14,,approved,medium,두 자리 연도;full_date,최종 날짜만 승인; OCR 주석 별도 검수
AMLC000023,,2025-10-10,,approved,medium,두 자리 연도;full_date,최종 날짜만 승인; OCR 주석 별도 검수
AMLC000024,,2025-10-11,,approved,hard,두 자리 연도;반사·흐림·저대비;회전·기울어짐;점자형·잉크젯형 인쇄;full_date,최종 날짜만 승인; OCR 주석 별도 검수
AMLC000025,,2026-06-11,,approved,easy,정상;full_date,최종 날짜만 승인; OCR 주석 별도 검수
AMLC000026,,2025-11-13,,approved,easy,정상;full_date,최종 날짜만 승인; OCR 주석 별도 검수
AMLC000027,,2026-04-27,,approved,medium,제조일자·소비기한 동시;다양한 구분자;full_date,최종 날짜만 승인; OCR 주석 별도 검수
AMLC000028,,2026-02-10,,approved,hard,날짜 없음;비소비기한 날짜 오인 위험;전화번호·바코드 오인 위험;full_date,최종 날짜만 승인; OCR 주석 별도 검수
AMLC000029,,2026-08-02,,approved,easy,정상;full_date,최종 날짜만 승인; OCR 주석 별도 검수
AMLC000030,,2028-08-17,,approved,medium,두 자리 연도;다양한 구분자;full_date,최종 날짜만 승인; OCR 주석 별도 검수
AMLC000031,,2026-02-14,,approved,medium,점자형·잉크젯형 인쇄;full_date,최종 날짜만 승인; OCR 주석 별도 검수
AMLC000032,,2026-03-22,,approved,hard,반사·흐림·저대비;점자형·잉크젯형 인쇄;full_date,최종 날짜만 승인; OCR 주석 별도 검수
AMLC000033,,2026-06-17,,approved,medium,두 자리 연도;점자형·잉크젯형 인쇄;full_date,최종 날짜만 승인; OCR 주석 별도 검수
AMLC000034,,2026-06-30,,approved,medium,두 자리 연도;점자형·잉크젯형 인쇄;full_date,최종 날짜만 승인; OCR 주석 별도 검수
AMLC000035,,2026-08-17,,approved,medium,점자형·잉크젯형 인쇄;full_date,최종 날짜만 승인; OCR 주석 별도 검수
AMLC000036,,2026-08-26,,approved,medium,점자형·잉크젯형 인쇄;full_date,최종 날짜만 승인; OCR 주석 별도 검수
AMLC000037,,2026-07-17,,approved,medium,점자형·잉크젯형 인쇄;full_date,최종 날짜만 승인; OCR 주석 별도 검수
AMLC000038,,2027-02-12,,approved,easy,정상;full_date,최종 날짜만 승인; OCR 주석 별도 검수
AMLC000039,,2026-05-26,,approved,medium,점자형·잉크젯형 인쇄;full_date,최종 날짜만 승인; OCR 주석 별도 검수
AMLC000040,,2025-10-11,,approved,medium,점자형·잉크젯형 인쇄;full_date,최종 날짜만 승인; OCR 주석 별도 검수
AMLC000041,,2025-10-11,,approved,medium,점자형·잉크젯형 인쇄;full_date,최종 날짜만 승인; OCR 주석 별도 검수
AMLC000042,,2025-10-12,,approved,medium,점자형·잉크젯형 인쇄;full_date,최종 날짜만 승인; OCR 주석 별도 검수
AMLC000043,,NONE-10-14,,approved,hard,연도 없음;반사·흐림·저대비;partial_date,최종 날짜만 승인; OCR 주석 별도 검수
AMLC000044,,2026-02-07,,approved,medium,두 자리 연도;점자형·잉크젯형 인쇄;full_date,최종 날짜만 승인; OCR 주석 별도 검수
AMLC000045,,2027-04-21,,approved,medium,다양한 구분자;full_date,최종 날짜만 승인; OCR 주석 별도 검수
AMLC000046,,2025-10-10,,approved,easy,정상;full_date,최종 날짜만 승인; OCR 주석 별도 검수
AMLC000047,,2027-04-14,,approved,medium,점자형·잉크젯형 인쇄;full_date,최종 날짜만 승인; OCR 주석 별도 검수
AMLC000048,,2026-06-12,,approved,medium,두 자리 연도;점자형·잉크젯형 인쇄;full_date,최종 날짜만 승인; OCR 주석 별도 검수
AMLC000049,,2026-03-01,,approved,medium,제조일자·소비기한 동시;full_date,최종 날짜만 승인; OCR 주석 별도 검수
AMLC000050,,2025-09-30,,approved,medium,전화번호·바코드 오인 위험;full_date,최종 날짜만 승인; OCR 주석 별도 검수
AMLC000051,,2026-01-12,,approved,medium,점자형·잉크젯형 인쇄;full_date,최종 날짜만 승인; OCR 주석 별도 검수
AMLC000052,,2025-11-19,,approved,medium,점자형·잉크젯형 인쇄;full_date,최종 날짜만 승인; OCR 주석 별도 검수
AMLC000053,,2025-12-20,,approved,medium,다양한 구분자;점자형·잉크젯형 인쇄;full_date,최종 날짜만 승인; OCR 주석 별도 검수
AMLC000054,,2025-10-08,,approved,medium,두 자리 연도;full_date,최종 날짜만 승인; OCR 주석 별도 검수
AMLC000055,,2026-08-04,,approved,easy,정상;full_date,최종 날짜만 승인; OCR 주석 별도 검수
AMLC000056,,2026-07-11,,approved,medium,제조일자·소비기한 동시;full_date,최종 날짜만 승인; OCR 주석 별도 검수
AMLC000057,,2026-06-24,,approved,medium,점자형·잉크젯형 인쇄;전화번호·바코드 오인 위험;full_date,최종 날짜만 승인; OCR 주석 별도 검수
AMLC000058,,2027-03-27,,approved,medium,점자형·잉크젯형 인쇄;full_date,최종 날짜만 승인; OCR 주석 별도 검수
AMLC000059,,2027-06-22,,approved,easy,정상;full_date,최종 날짜만 승인; OCR 주석 별도 검수
AMLC000060,,2026-04-30,,approved,medium,다양한 구분자;점자형·잉크젯형 인쇄;full_date,최종 날짜만 승인; OCR 주석 별도 검수
AMLC000061,,2026-06-04,,approved,medium,두 자리 연도;점자형·잉크젯형 인쇄;full_date,최종 날짜만 승인; OCR 주석 별도 검수
AMLC000062,,2026-05-26,,approved,medium,두 자리 연도;점자형·잉크젯형 인쇄;full_date,최종 날짜만 승인; OCR 주석 별도 검수
AMLC000063,,2026-06-16,,approved,medium,제조일자·소비기한 동시;full_date,최종 날짜만 승인; OCR 주석 별도 검수
AMLC000064,,2026-08-03,,approved,medium,점자형·잉크젯형 인쇄;full_date,최종 날짜만 승인; OCR 주석 별도 검수
AMLC000065,,2026-01-12,,approved,medium,점자형·잉크젯형 인쇄;full_date,최종 날짜만 승인; OCR 주석 별도 검수
AMLC000066,,2026-08-17,,approved,medium,점자형·잉크젯형 인쇄;full_date,최종 날짜만 승인; OCR 주석 별도 검수
AMLC000067,,2025-12-19,,approved,medium,점자형·잉크젯형 인쇄;full_date,최종 날짜만 승인; OCR 주석 별도 검수
AMLC000068,,2026-06-17,,approved,medium,점자형·잉크젯형 인쇄;full_date,최종 날짜만 승인; OCR 주석 별도 검수
AMLC000069,,2026-06-24,,approved,medium,점자형·잉크젯형 인쇄;full_date,최종 날짜만 승인; OCR 주석 별도 검수
AMLC000070,,2026-10-08,,approved,easy,정상;full_date,최종 날짜만 승인; OCR 주석 별도 검수
AMLC000071,,2027-07-20,,approved,medium,제조일자·소비기한 동시;full_date,최종 날짜만 승인; OCR 주석 별도 검수
AMLC000072,,2026-04-25,,approved,medium,점자형·잉크젯형 인쇄;전화번호·바코드 오인 위험;full_date,최종 날짜만 승인; OCR 주석 별도 검수
AMLC000073,,2026-03-12,,approved,medium,점자형·잉크젯형 인쇄;전화번호·바코드 오인 위험;full_date,최종 날짜만 승인; OCR 주석 별도 검수
AMLC000074,,2026-08-28,,approved,easy,정상;full_date,최종 날짜만 승인; OCR 주석 별도 검수
AMLC000075,,2026-01-06,,approved,medium,점자형·잉크젯형 인쇄;full_date,최종 날짜만 승인; OCR 주석 별도 검수
AMLC000076,,2026-08-17,,approved,easy,정상;full_date,최종 날짜만 승인; OCR 주석 별도 검수
AMLC000077,,2026-03-07,,approved,medium,다양한 구분자;점자형·잉크젯형 인쇄;full_date,최종 날짜만 승인; OCR 주석 별도 검수
AMLC000078,,NONE,,approved,hard,제조일자만 존재;no_expiry,최종 날짜만 승인; OCR 주석 별도 검수
AMLC000079,,2026-01-31,,approved,easy,정상;full_date,최종 날짜만 승인; OCR 주석 별도 검수
AMLC000080,,2026-09-16,,approved,medium,제조일자·소비기한 동시;full_date,최종 날짜만 승인; OCR 주석 별도 검수
AMLC000081,,2026-05-18,,approved,medium,제조일자·소비기한 동시;full_date,최종 날짜만 승인; OCR 주석 별도 검수
AMLC000082,,2026-08-24,,approved,medium,제조일자·소비기한 동시;full_date,최종 날짜만 승인; OCR 주석 별도 검수
AMLC000083,,2026-07-01,,approved,medium,점자형·잉크젯형 인쇄;full_date,최종 날짜만 승인; OCR 주석 별도 검수
AMLC000084,,2026-03-31,,approved,medium,제조일자·소비기한 동시;full_date,최종 날짜만 승인; OCR 주석 별도 검수
AMLC000085,,2026-03-30,,approved,medium,반사·흐림·저대비;점자형·잉크젯형 인쇄;전화번호·바코드 오인 위험;full_date,최종 날짜만 승인; OCR 주석 별도 검수
AMLC000086,,2026-03-14,,approved,medium,제조일자·소비기한 동시;두 자리 연도;full_date,최종 날짜만 승인; OCR 주석 별도 검수
AMLC000087,,2026-08-10,,approved,medium,제조일자·소비기한 동시;두 자리 연도;full_date,최종 날짜만 승인; OCR 주석 별도 검수
AMLC000088,,2026-09-03,,approved,medium,제조일자·소비기한 동시;두 자리 연도;full_date,최종 날짜만 승인; OCR 주석 별도 검수
AMLC000089,,2026-09-11,,approved,medium,여러 날짜·다른 상품;점자형·잉크젯형 인쇄;full_date,최종 날짜만 승인; OCR 주석 별도 검수
AMLC000090,,2026-09-01,,approved,medium,반사·흐림·저대비;점자형·잉크젯형 인쇄;full_date,최종 날짜만 승인; OCR 주석 별도 검수
AMLC000091,,2027-05-22,,approved,medium,점자형·잉크젯형 인쇄;full_date,최종 날짜만 승인; OCR 주석 별도 검수
AMLC000092,,2026-12-05,,approved,medium,점자형·잉크젯형 인쇄;full_date,최종 날짜만 승인; OCR 주석 별도 검수
AMLC000093,,2026-04-23,,approved,medium,점자형·잉크젯형 인쇄;full_date,최종 날짜만 승인; OCR 주석 별도 검수
AMLC000094,,2027-06-30,,approved,medium,반사·흐림·저대비;점자형·잉크젯형 인쇄;full_date,최종 날짜만 승인; OCR 주석 별도 검수
AMLC000095,,2026-07-29,,approved,medium,반사·흐림·저대비;점자형·잉크젯형 인쇄;full_date,최종 날짜만 승인; OCR 주석 별도 검수
AMLC000096,,2026-05-26,,approved,easy,정상;full_date,최종 날짜만 승인; OCR 주석 별도 검수
AMLC000097,,2025-11-19,,approved,easy,정상;full_date,최종 날짜만 승인; OCR 주석 별도 검수
AMLC000098,,2026-03-11,,approved,medium,여러 날짜·다른 상품;full_date,최종 날짜만 승인; OCR 주석 별도 검수
AMLC000099,,2026-03-07,,approved,easy,정상;full_date,최종 날짜만 승인; OCR 주석 별도 검수
AMLC000100,,2026-02-11,,approved,medium,점자형·잉크젯형 인쇄;full_date,최종 날짜만 승인; OCR 주석 별도 검수
AMLC000101,,2026-04-08,,approved,medium,점자형·잉크젯형 인쇄;full_date,최종 날짜만 승인; OCR 주석 별도 검수
AMLC000102,,2025-11-13,,approved,medium,점자형·잉크젯형 인쇄;full_date,최종 날짜만 승인; OCR 주석 별도 검수
AMLC000103,,2025-12-18,,approved,easy,정상;full_date,최종 날짜만 승인; OCR 주석 별도 검수
AMLC000104,,2026-04-01,,approved,easy,정상;full_date,최종 날짜만 승인; OCR 주석 별도 검수
AMLC000105,,2025-11-09,,approved,easy,정상;full_date,최종 날짜만 승인; OCR 주석 별도 검수
AMLC000106,,NONE-10-20,,approved,hard,반사·흐림·저대비;회전·기울어짐;점자형·잉크젯형 인쇄;partial_date,최종 날짜만 승인; OCR 주석 별도 검수
AMLC000107,,2025-12-25,,approved,medium,점자형·잉크젯형 인쇄;full_date,최종 날짜만 승인; OCR 주석 별도 검수
AMLC000108,,2025-10-24,,approved,medium,두 자리 연도;full_date,최종 날짜만 승인; OCR 주석 별도 검수
AMLC000109,,2025-12-12,,approved,medium,점자형·잉크젯형 인쇄;full_date,최종 날짜만 승인; OCR 주석 별도 검수
AMLC000110,,2025-10-29,,approved,medium,두 자리 연도;full_date,최종 날짜만 승인; OCR 주석 별도 검수
AMLC000111,,2025-10-25,,approved,medium,두 자리 연도;점자형·잉크젯형 인쇄;full_date,최종 날짜만 승인; OCR 주석 별도 검수
AMLC000112,,2025-10-17,,approved,medium,두 자리 연도;점자형·잉크젯형 인쇄;full_date,최종 날짜만 승인; OCR 주석 별도 검수
AMLC000113,,2026-01-16,,approved,easy,정상;full_date,최종 날짜만 승인; OCR 주석 별도 검수
AMLC000114,,2026-02-28,,approved,easy,정상;full_date,최종 날짜만 승인; OCR 주석 별도 검수
AMLC000115,,2025-12-08,,approved,medium,반사·흐림·저대비;회전·기울어짐;full_date,최종 날짜만 승인; OCR 주석 별도 검수
AMLC000116,,2026-03-27,,approved,easy,정상;full_date,최종 날짜만 승인; OCR 주석 별도 검수
AMLC000117,,2025-11-28,,approved,medium,점자형·잉크젯형 인쇄;full_date,최종 날짜만 승인; OCR 주석 별도 검수
AMLC000118,,2026-03-23,,approved,hard,여러 날짜·다른 상품;점자형·잉크젯형 인쇄;full_date,최종 날짜만 승인; OCR 주석 별도 검수
AMLC000119,,2026-08-24,,approved,medium,점자형·잉크젯형 인쇄;full_date,최종 날짜만 승인; OCR 주석 별도 검수
AMLC000120,,2026-08-25,,approved,hard,여러 날짜·다른 상품;점자형·잉크젯형 인쇄;full_date,최종 날짜만 승인; OCR 주석 별도 검수
AMLC000121,,2027-04-13,,approved,medium,점자형·잉크젯형 인쇄;full_date,최종 날짜만 승인; OCR 주석 별도 검수
AMLC000122,,2027-04-28,,approved,medium,반사·흐림·저대비;점자형·잉크젯형 인쇄;full_date,최종 날짜만 승인; OCR 주석 별도 검수
AMLC000123,,2026-06-04,,approved,medium,점자형·잉크젯형 인쇄;전화번호·바코드 오인 위험;full_date,최종 날짜만 승인; OCR 주석 별도 검수
AMLC000124,,2026-01-02,,approved,easy,정상;full_date,최종 날짜만 승인; OCR 주석 별도 검수
AMLC000125,,2026-04-07,,approved,easy,정상;full_date,최종 날짜만 승인; OCR 주석 별도 검수
AMLC000126,,2026-06-12,,approved,easy,정상;full_date,최종 날짜만 승인; OCR 주석 별도 검수
AMLC000127,,2026-04-27,,approved,easy,정상;full_date,최종 날짜만 승인; OCR 주석 별도 검수
AMLC000128,,2026-05-28,,approved,medium,두 자리 연도;반사·흐림·저대비;점자형·잉크젯형 인쇄;전화번호·바코드 오인 위험;full_date,최종 날짜만 승인; OCR 주석 별도 검수
AMLC000129,,2026-01-09,,approved,medium,반사·흐림·저대비;점자형·잉크젯형 인쇄;full_date,최종 날짜만 승인; OCR 주석 별도 검수
AMLC000130,,2027-02-05,,approved,medium,두 자리 연도;full_date,최종 날짜만 승인; OCR 주석 별도 검수
AMLC000131,,2026-08-05,,approved,medium,점자형·잉크젯형 인쇄;full_date,최종 날짜만 승인; OCR 주석 별도 검수
AMLC000132,,2026-08-21,,approved,medium,점자형·잉크젯형 인쇄;full_date,최종 날짜만 승인; OCR 주석 별도 검수
AMLC000133,,2025-11-25,,approved,medium,다양한 구분자;full_date,최종 날짜만 승인; OCR 주석 별도 검수
AMLC000134,,2026-09-23,,approved,easy,정상;full_date,최종 날짜만 승인; OCR 주석 별도 검수
AMLC000135,,2026-04-18,,approved,medium,다양한 구분자;full_date,최종 날짜만 승인; OCR 주석 별도 검수
AMLC000136,,2025-12-02,,approved,easy,정상;full_date,최종 날짜만 승인; OCR 주석 별도 검수
AMLC000137,,2026-03-26,,approved,easy,정상;full_date,최종 날짜만 승인; OCR 주석 별도 검수
AMLC000138,,2026-05-14,,approved,medium,다양한 구분자;전화번호·바코드 오인 위험;full_date,최종 날짜만 승인; OCR 주석 별도 검수
AMLC000139,,2026-07-26,,approved,medium,다양한 구분자;점자형·잉크젯형 인쇄;full_date,최종 날짜만 승인; OCR 주석 별도 검수
AMLC000140,,2026-07-14,,approved,medium,다양한 구분자;점자형·잉크젯형 인쇄;full_date,최종 날짜만 승인; OCR 주석 별도 검수
AMLC000141,,2026-09-17,,approved,easy,정상;full_date,최종 날짜만 승인; OCR 주석 별도 검수
AMLC000142,,2026-05-14,,approved,easy,정상;full_date,최종 날짜만 승인; OCR 주석 별도 검수
AMLC000143,,2027-03-06,,approved,hard,다양한 구분자;점자형·잉크젯형 인쇄;full_date,최종 날짜만 승인; OCR 주석 별도 검수
AMLC000144,,2027-03-25,,approved,easy,정상;full_date,최종 날짜만 승인; OCR 주석 별도 검수
AMLC000145,,2027-03-24,,approved,medium,여러 날짜·다른 상품;반사·흐림·저대비;full_date,최종 날짜만 승인; OCR 주석 별도 검수
AMLC000146,,2026-04-03,,approved,easy,정상;full_date,최종 날짜만 승인; OCR 주석 별도 검수
AMLC000147,,2026-03-21,,approved,easy,정상;full_date,최종 날짜만 승인; OCR 주석 별도 검수
AMLC000148,,2026-02-26,,approved,medium,제조일자·소비기한 동시;두 자리 연도;다양한 구분자;full_date,최종 날짜만 승인; OCR 주석 별도 검수
AMLC000149,,2026-04-28,,approved,medium,전화번호·바코드 오인 위험;full_date,최종 날짜만 승인; OCR 주석 별도 검수
AMLC000150,,2026-08-12,,approved,medium,전화번호·바코드 오인 위험;full_date,최종 날짜만 승인; OCR 주석 별도 검수
AMLC000151,,2026-09-07,,approved,medium,반사·흐림·저대비;점자형·잉크젯형 인쇄;full_date,최종 날짜만 승인; OCR 주석 별도 검수
AMLC000152,,2026-07-31,,approved,easy,정상;full_date,최종 날짜만 승인; OCR 주석 별도 검수
AMLC000153,,2026-10-12,,approved,medium,다양한 구분자;점자형·잉크젯형 인쇄;full_date,최종 날짜만 승인; OCR 주석 별도 검수
AMLC000154,,2027-08-13,,approved,easy,정상;full_date,최종 날짜만 승인; OCR 주석 별도 검수
AMLC000155,,2026-06-22,,approved,medium,점자형·잉크젯형 인쇄;full_date,최종 날짜만 승인; OCR 주석 별도 검수
AMLC000156,,2026-07-29,,approved,easy,정상;full_date,최종 날짜만 승인; OCR 주석 별도 검수
AMLC000157,,2027-07-08,,approved,hard,다양한 구분자;반사·흐림·저대비;회전·기울어짐;점자형·잉크젯형 인쇄;full_date,최종 날짜만 승인; OCR 주석 별도 검수; 사용자 확정 2027-07-08
AMLC000158,,2028-07-20,,approved,easy,정상;full_date,최종 날짜만 승인; OCR 주석 별도 검수
AMLC000159,,2027-01-08,,approved,medium,반사·흐림·저대비;점자형·잉크젯형 인쇄;full_date,최종 날짜만 승인; OCR 주석 별도 검수
AMLC000160,,2026-10-27,,approved,medium,제조일자·소비기한 동시;다양한 구분자;점자형·잉크젯형 인쇄;full_date,최종 날짜만 승인; OCR 주석 별도 검수
AMLC000161,,2027-05-10,,approved,medium,반사·흐림·저대비;점자형·잉크젯형 인쇄;full_date,최종 날짜만 승인; OCR 주석 별도 검수
AMLC000162,,2027-06-12,,approved,medium,점자형·잉크젯형 인쇄;full_date,최종 날짜만 승인; OCR 주석 별도 검수
AMLC000163,,2026-11-20,,approved,medium,점자형·잉크젯형 인쇄;full_date,최종 날짜만 승인; OCR 주석 별도 검수
AMLC000164,,2026-04-27,,approved,easy,정상;full_date,최종 날짜만 승인; OCR 주석 별도 검수
AMLC000165,,2027-01-13,,approved,easy,정상;full_date,최종 날짜만 승인; OCR 주석 별도 검수
AMLC000166,,2027-08-18,,approved,medium,반사·흐림·저대비;점자형·잉크젯형 인쇄;full_date,최종 날짜만 승인; OCR 주석 별도 검수
AMLC000167,,2026-08-07,,approved,easy,정상;full_date,최종 날짜만 승인; OCR 주석 별도 검수
AMLC000168,,2026-02-16,,approved,easy,정상;full_date,최종 날짜만 승인; OCR 주석 별도 검수
AMLC000169,,2026-03-18,,approved,easy,정상;full_date,최종 날짜만 승인; OCR 주석 별도 검수
AMLC000170,,2026-09-07,,approved,medium,반사·흐림·저대비;점자형·잉크젯형 인쇄;full_date,최종 날짜만 승인; OCR 주석 별도 검수
AMLC000171,,2026-05-27,,approved,medium,제조일자·소비기한 동시;full_date,최종 날짜만 승인; OCR 주석 별도 검수
AMLC000172,,2026-06-10,,approved,medium,제조일자·소비기한 동시;full_date,최종 날짜만 승인; OCR 주석 별도 검수
AMLC000173,,2026-09-17,,approved,easy,정상;full_date,최종 날짜만 승인; OCR 주석 별도 검수
AMLC000174,,2026-09-05,,approved,medium,제조일자·소비기한 동시;full_date,최종 날짜만 승인; OCR 주석 별도 검수
AMLC000175,,2026-06-28,,approved,medium,제조일자·소비기한 동시;full_date,최종 날짜만 승인; OCR 주석 별도 검수
AMLC000176,,2026-09-22,,approved,medium,제조일자·소비기한 동시;full_date,최종 날짜만 승인; OCR 주석 별도 검수
AMLC000177,,2026-08-18,,approved,medium,제조일자·소비기한 동시;full_date,최종 날짜만 승인; OCR 주석 별도 검수
AMLC000178,,2026-06-25,,approved,medium,제조일자·소비기한 동시;full_date,최종 날짜만 승인; OCR 주석 별도 검수
AMLC000179,,2026-06-29,,approved,medium,제조일자·소비기한 동시;full_date,최종 날짜만 승인; OCR 주석 별도 검수
AMLC000180,,2026-06-25,,approved,medium,제조일자·소비기한 동시;반사·흐림·저대비;점자형·잉크젯형 인쇄;full_date,최종 날짜만 승인; OCR 주석 별도 검수
AMLC000181,,2026-09-08,,approved,medium,제조일자·소비기한 동시;full_date,최종 날짜만 승인; OCR 주석 별도 검수
AMLC000182,,2026-10-01,,approved,medium,다양한 구분자;회전·기울어짐;점자형·잉크젯형 인쇄;full_date,최종 날짜만 승인; OCR 주석 별도 검수
AMLC000183,,2027-07-28,,approved,medium,제조일자·소비기한 동시;점자형·잉크젯형 인쇄;full_date,최종 날짜만 승인; OCR 주석 별도 검수
AMLC000184,,2027-11-19,,approved,medium,다양한 구분자;점자형·잉크젯형 인쇄;full_date,최종 날짜만 승인; OCR 주석 별도 검수
AMLC000185,,2028-03-15,,approved,medium,다양한 구분자;full_date,최종 날짜만 승인; OCR 주석 별도 검수
AMLC000186,,2028-04-14,,approved,medium,다양한 구분자;점자형·잉크젯형 인쇄;full_date,최종 날짜만 승인; OCR 주석 별도 검수
AMLC000187,,2028-02-05,,approved,medium,다양한 구분자;점자형·잉크젯형 인쇄;full_date,최종 날짜만 승인; OCR 주석 별도 검수
AMLC000188,,2027-09-30,,approved,medium,다양한 구분자;점자형·잉크젯형 인쇄;full_date,최종 날짜만 승인; OCR 주석 별도 검수
AMLC000189,,2026-08-25,,approved,easy,정상;full_date,최종 날짜만 승인; OCR 주석 별도 검수
AMLC000190,,2022-11-26,,approved,hard,제조일자·소비기한 동시;두 자리 연도;다양한 구분자;점자형·잉크젯형 인쇄;full_date,최종 날짜만 승인; OCR 주석 별도 검수
AMLC000191,,2026-06-15,,approved,medium,반사·흐림·저대비;회전·기울어짐;점자형·잉크젯형 인쇄;full_date,최종 날짜만 승인; OCR 주석 별도 검수
AMLC000192,,2026-06-24,,approved,medium,반사·흐림·저대비;회전·기울어짐;점자형·잉크젯형 인쇄;full_date,최종 날짜만 승인; OCR 주석 별도 검수
AMLC000193,,2026-03-06,,approved,medium,점자형·잉크젯형 인쇄;full_date,최종 날짜만 승인; OCR 주석 별도 검수
AMLC000194,,2027-04-23,,approved,medium,전화번호·바코드 오인 위험;full_date,최종 날짜만 승인; OCR 주석 별도 검수
AMLC000195,,2027-07-01,,approved,medium,전화번호·바코드 오인 위험;full_date,최종 날짜만 승인; OCR 주석 별도 검수
AMLC000196,,2027-02-27,,approved,easy,정상;full_date,최종 날짜만 승인; OCR 주석 별도 검수
AMLC000197,,2026-07-30,,approved,easy,정상;full_date,최종 날짜만 승인; OCR 주석 별도 검수
AMLC000198,,2026-05-03,,approved,medium,반사·흐림·저대비;점자형·잉크젯형 인쇄;full_date,최종 날짜만 승인; OCR 주석 별도 검수
AMLC000199,,2027-09-07,,approved,medium,전화번호·바코드 오인 위험;full_date,최종 날짜만 승인; OCR 주석 별도 검수
AMLC000200,,2027-07-14,,approved,medium,점자형·잉크젯형 인쇄;full_date,최종 날짜만 승인; OCR 주석 별도 검수
AMLC000201,,2027-03-30,,approved,medium,점자형·잉크젯형 인쇄;full_date,최종 날짜만 승인; OCR 주석 별도 검수
AMLC000202,,2027-02-06,,approved,medium,점자형·잉크젯형 인쇄;full_date,최종 날짜만 승인; OCR 주석 별도 검수
AMLC000203,,2026-07-01,,approved,medium,반사·흐림·저대비;점자형·잉크젯형 인쇄;전화번호·바코드 오인 위험;full_date,최종 날짜만 승인; OCR 주석 별도 검수
AMLC000204,,2026-06-18,,approved,medium,점자형·잉크젯형 인쇄;전화번호·바코드 오인 위험;full_date,최종 날짜만 승인; OCR 주석 별도 검수
AMLC000205,,2027-05-18,,approved,medium,다양한 구분자;full_date,최종 날짜만 승인; OCR 주석 별도 검수
AMLC000206,,2026-05-08,,approved,easy,정상;full_date,최종 날짜만 승인; OCR 주석 별도 검수
AMLC000207,,2026-09-24,,approved,easy,정상;full_date,최종 날짜만 승인; OCR 주석 별도 검수
AMLC000208,,2026-04-13,,approved,medium,다양한 구분자;full_date,최종 날짜만 승인; OCR 주석 별도 검수
AMLC000209,,2027-06-11,,approved,medium,반사·흐림·저대비;점자형·잉크젯형 인쇄;full_date,최종 날짜만 승인; OCR 주석 별도 검수
AMLC000210,,2027-05-20,,approved,medium,점자형·잉크젯형 인쇄;full_date,최종 날짜만 승인; OCR 주석 별도 검수
AMLC000211,,2026-02-12,,approved,medium,반사·흐림·저대비;점자형·잉크젯형 인쇄;full_date,최종 날짜만 승인; OCR 주석 별도 검수
AMLC000212,,2026-12-16,,approved,medium,점자형·잉크젯형 인쇄;full_date,최종 날짜만 승인; OCR 주석 별도 검수
AMLC000213,,2026-03-20,,approved,easy,정상;full_date,최종 날짜만 승인; OCR 주석 별도 검수
AMLC000214,,2026-08-13,,approved,medium,반사·흐림·저대비;점자형·잉크젯형 인쇄;full_date,최종 날짜만 승인; OCR 주석 별도 검수
AMLC000215,,2026-10-14,,approved,medium,점자형·잉크젯형 인쇄;full_date,최종 날짜만 승인; OCR 주석 별도 검수
AMLC000216,,2026-03-16,,approved,easy,정상;full_date,최종 날짜만 승인; OCR 주석 별도 검수
AMLC000217,,2027-03-08,,approved,medium,두 자리 연도;다양한 구분자;점자형·잉크젯형 인쇄;full_date,최종 날짜만 승인; OCR 주석 별도 검수
AMLC000218,,2026-05-03,,approved,medium,반사·흐림·저대비;full_date,최종 날짜만 승인; OCR 주석 별도 검수
AMLC000219,,2026-09-07,,approved,easy,정상;full_date,최종 날짜만 승인; OCR 주석 별도 검수
AMLC000220,,2026-02-23,,approved,medium,전화번호·바코드 오인 위험;full_date,최종 날짜만 승인; OCR 주석 별도 검수
AMLC000221,,2026-07-15,,approved,medium,여러 날짜·다른 상품;전화번호·바코드 오인 위험;full_date,최종 날짜만 승인; OCR 주석 별도 검수
AMLC000222,,2026-03-25,,approved,medium,반사·흐림·저대비;점자형·잉크젯형 인쇄;full_date,최종 날짜만 승인; OCR 주석 별도 검수
AMLC000223,,2026-08-13,,approved,medium,반사·흐림·저대비;점자형·잉크젯형 인쇄;full_date,최종 날짜만 승인; OCR 주석 별도 검수
AMLC000224,,2026-06-15,,approved,easy,정상;full_date,최종 날짜만 승인; OCR 주석 별도 검수
AMLC000225,,2026-04-06,,approved,easy,정상;full_date,최종 날짜만 승인; OCR 주석 별도 검수
AMLC000226,,2027-03-15,,approved,medium,두 자리 연도;반사·흐림·저대비;점자형·잉크젯형 인쇄;full_date,최종 날짜만 승인; OCR 주석 별도 검수
AMLC000227,,2028-09-17,,approved,medium,다양한 구분자;반사·흐림·저대비;회전·기울어짐;점자형·잉크젯형 인쇄;전화번호·바코드 오인 위험;full_date,최종 날짜만 승인; OCR 주석 별도 검수
AMLC000228,,2025-10-20,,approved,medium,점자형·잉크젯형 인쇄;full_date,최종 날짜만 승인; OCR 주석 별도 검수
AMLC000229,,2025-10-28,,approved,easy,정상;full_date,최종 날짜만 승인; OCR 주석 별도 검수
AMLC000230,,2026-03-28,,approved,medium,다양한 구분자;점자형·잉크젯형 인쇄;full_date,최종 날짜만 승인; OCR 주석 별도 검수
AMLC000231,,2028-05-27,,approved,medium,다양한 구분자;반사·흐림·저대비;점자형·잉크젯형 인쇄;full_date,최종 날짜만 승인; OCR 주석 별도 검수
AMLC000232,,2027-11-26,,approved,hard,날짜 없음;full_date,최종 날짜만 승인; OCR 주석 별도 검수
AMLC000233,,2028-01-18,,approved,medium,다양한 구분자;반사·흐림·저대비;점자형·잉크젯형 인쇄;full_date,최종 날짜만 승인; OCR 주석 별도 검수
AMLC000234,,2026-10-27,,approved,medium,다양한 구분자;반사·흐림·저대비;점자형·잉크젯형 인쇄;full_date,최종 날짜만 승인; OCR 주석 별도 검수
AMLC000235,,2026-03-08,,approved,medium,반사·흐림·저대비;점자형·잉크젯형 인쇄;full_date,최종 날짜만 승인; OCR 주석 별도 검수
AMLC000236,,2026-04-08,,approved,medium,반사·흐림·저대비;점자형·잉크젯형 인쇄;full_date,최종 날짜만 승인; OCR 주석 별도 검수
AMLC000237,,2026-06-05,,approved,medium,다양한 구분자;반사·흐림·저대비;점자형·잉크젯형 인쇄;full_date,최종 날짜만 승인; OCR 주석 별도 검수
AMLC000238,,2026-09-10,,approved,medium,제조일자·소비기한 동시;full_date,최종 날짜만 승인; OCR 주석 별도 검수
AMLC000239,,2026-07-10,,approved,medium,전화번호·바코드 오인 위험;full_date,최종 날짜만 승인; OCR 주석 별도 검수
AMLC000240,,2027-05-20,,approved,medium,점자형·잉크젯형 인쇄;전화번호·바코드 오인 위험;full_date,최종 날짜만 승인; OCR 주석 별도 검수
AMLC000241,,2027-08-10,,approved,medium,점자형·잉크젯형 인쇄;full_date,최종 날짜만 승인; OCR 주석 별도 검수
AMLC000242,,2026-05-21,,approved,medium,제조일자·소비기한 동시;full_date,최종 날짜만 승인; OCR 주석 별도 검수
AMLC000243,,2026-08-17,,approved,medium,반사·흐림·저대비;점자형·잉크젯형 인쇄;full_date,최종 날짜만 승인; OCR 주석 별도 검수
AMLC000244,,2026-06-21,,approved,medium,제조일자·소비기한 동시;full_date,최종 날짜만 승인; OCR 주석 별도 검수
AMLC000245,,2026-02-24,,approved,medium,제조일자·소비기한 동시;두 자리 연도;반사·흐림·저대비;점자형·잉크젯형 인쇄;full_date,최종 날짜만 승인; OCR 주석 별도 검수
AMLC000246,,2026-02-04,,approved,medium,제조일자·소비기한 동시;두 자리 연도;full_date,최종 날짜만 승인; OCR 주석 별도 검수
AMLC000247,,2026-05-20,,approved,medium,다양한 구분자;full_date,최종 날짜만 승인; OCR 주석 별도 검수
AMLC000248,,2026-04-21,,approved,medium,전화번호·바코드 오인 위험;full_date,최종 날짜만 승인; OCR 주석 별도 검수
AMLC000249,,2026-02-16,,approved,medium,제조일자·소비기한 동시;full_date,최종 날짜만 승인; OCR 주석 별도 검수
AMLC000250,,2026-03-04,,approved,medium,제조일자·소비기한 동시;두 자리 연도;full_date,최종 날짜만 승인; OCR 주석 별도 검수
AMLC000251,,2026-02-24,,approved,medium,제조일자·소비기한 동시;두 자리 연도;full_date,최종 날짜만 승인; OCR 주석 별도 검수
AMLC000252,,2026-07-09,,approved,medium,점자형·잉크젯형 인쇄;full_date,최종 날짜만 승인; OCR 주석 별도 검수
AMLC000253,,2026-06-20,,approved,easy,정상;full_date,최종 날짜만 승인; OCR 주석 별도 검수
AMLC000254,,2026-08-12,,approved,medium,제조일자·소비기한 동시;두 자리 연도;full_date,최종 날짜만 승인; OCR 주석 별도 검수
AMLC000255,,2026-08-20,,approved,medium,두 자리 연도;반사·흐림·저대비;점자형·잉크젯형 인쇄;full_date,최종 날짜만 승인; OCR 주석 별도 검수
AMLC000256,,2027-01-02,,approved,medium,두 자리 연도;점자형·잉크젯형 인쇄;full_date,최종 날짜만 승인; OCR 주석 별도 검수
AMLC000257,,2025-12-10,,approved,easy,정상;full_date,최종 날짜만 승인; OCR 주석 별도 검수
AMLC000258,,2026-05-30,,approved,easy,정상;full_date,최종 날짜만 승인; OCR 주석 별도 검수
AMLC000259,,2025-11-09,,approved,easy,정상;full_date,최종 날짜만 승인; OCR 주석 별도 검수
AMLC000260,,2027-04-01,,approved,medium,두 자리 연도;반사·흐림·저대비;점자형·잉크젯형 인쇄;full_date,최종 날짜만 승인; OCR 주석 별도 검수
AMLC000261,,2026-03-07,,approved,medium,제조일자·소비기한 동시;두 자리 연도;full_date,최종 날짜만 승인; OCR 주석 별도 검수
AMLC000262,,2027-01-10,,approved,medium,다양한 구분자;full_date,최종 날짜만 승인; OCR 주석 별도 검수
AMLC000263,,2028-01-22,,approved,hard,반사·흐림·저대비;회전·기울어짐;점자형·잉크젯형 인쇄;full_date,최종 날짜만 승인; OCR 주석 별도 검수
AMLC000264,,2026-06-06,,approved,medium,두 자리 연도;반사·흐림·저대비;점자형·잉크젯형 인쇄;full_date,최종 날짜만 승인; OCR 주석 별도 검수
AMLC000265,,2026-11-26,,approved,easy,정상;full_date,최종 날짜만 승인; OCR 주석 별도 검수
AMLC000266,,2025-12-04,,approved,easy,정상;full_date,최종 날짜만 승인; OCR 주석 별도 검수
AMLC000267,,2026-06-02,,approved,medium,두 자리 연도;반사·흐림·저대비;점자형·잉크젯형 인쇄;full_date,최종 날짜만 승인; OCR 주석 별도 검수
AMLC000268,,2026-07-14,,approved,medium,두 자리 연도;반사·흐림·저대비;점자형·잉크젯형 인쇄;full_date,최종 날짜만 승인; OCR 주석 별도 검수
AMLC000269,,2026-05-15,,approved,easy,정상;full_date,최종 날짜만 승인; OCR 주석 별도 검수
AMLC000270,,2026-09-03,,approved,medium,전화번호·바코드 오인 위험;full_date,최종 날짜만 승인; OCR 주석 별도 검수
AMLC000271,,2026-03-24,,approved,easy,정상;full_date,최종 날짜만 승인; OCR 주석 별도 검수
AMLC000272,,2026-05-10,,approved,easy,정상;full_date,최종 날짜만 승인; OCR 주석 별도 검수
AMLC000273,,2026-03-13,,approved,medium,전화번호·바코드 오인 위험;full_date,최종 날짜만 승인; OCR 주석 별도 검수
AMLC000274,,2026-03-02,,approved,medium,제조일자·소비기한 동시;두 자리 연도;full_date,최종 날짜만 승인; OCR 주석 별도 검수
AMLC000275,,2026-04-23,,approved,medium,전화번호·바코드 오인 위험;full_date,최종 날짜만 승인; OCR 주석 별도 검수
AMLC000276,,2026-03-25,,approved,medium,제조일자·소비기한 동시;두 자리 연도;full_date,최종 날짜만 승인; OCR 주석 별도 검수
AMLC000277,,2026-07-15,,approved,medium,제조일자·소비기한 동시;두 자리 연도;full_date,최종 날짜만 승인; OCR 주석 별도 검수
AMLC000278,,2026-06-22,,approved,medium,제조일자·소비기한 동시;두 자리 연도;반사·흐림·저대비;full_date,최종 날짜만 승인; OCR 주석 별도 검수
AMLC000279,,2026-06-02,,approved,medium,제조일자·소비기한 동시;두 자리 연도;반사·흐림·저대비;점자형·잉크젯형 인쇄;full_date,최종 날짜만 승인; OCR 주석 별도 검수
AMLC000280,,2026-03-23,,approved,easy,정상;full_date,최종 날짜만 승인; OCR 주석 별도 검수
AMLC000281,,2026-07-15,,approved,medium,두 자리 연도;점자형·잉크젯형 인쇄;full_date,최종 날짜만 승인; OCR 주석 별도 검수
AMLC000282,,2026-09-10,,approved,easy,정상;full_date,최종 날짜만 승인; OCR 주석 별도 검수
AMLC000283,,2027-09-17,,approved,medium,두 자리 연도;다양한 구분자;점자형·잉크젯형 인쇄;full_date,최종 날짜만 승인; OCR 주석 별도 검수
AMLC000284,,2026-08-20,,approved,easy,정상;full_date,최종 날짜만 승인; OCR 주석 별도 검수
AMLC000285,,2027-07-02,,approved,easy,정상;full_date,최종 날짜만 승인; OCR 주석 별도 검수
AMLC000286,,2027-03-11,,approved,easy,정상;full_date,최종 날짜만 승인; OCR 주석 별도 검수
AMLC000287,,2027-02-18,,approved,medium,두 자리 연도;점자형·잉크젯형 인쇄;full_date,최종 날짜만 승인; OCR 주석 별도 검수
AMLC000288,,2028-07-25,,approved,medium,반사·흐림·저대비;회전·기울어짐;점자형·잉크젯형 인쇄;full_date,최종 날짜만 승인; OCR 주석 별도 검수
AMLC000289,,2030-07-23,,approved,medium,다양한 구분자;반사·흐림·저대비;회전·기울어짐;점자형·잉크젯형 인쇄;full_date,최종 날짜만 승인; OCR 주석 별도 검수
AMLC000290,,2027-03-02,,approved,medium,두 자리 연도;다양한 구분자;반사·흐림·저대비;점자형·잉크젯형 인쇄;full_date,최종 날짜만 승인; OCR 주석 별도 검수
AMLC000291,,2027-07-21,,approved,easy,정상;full_date,최종 날짜만 승인; OCR 주석 별도 검수
AMLC000292,,2026-02-13,,approved,medium,다양한 구분자;점자형·잉크젯형 인쇄;full_date,최종 날짜만 승인; OCR 주석 별도 검수
AMLC000293,,2025-10-24,,approved,medium,두 자리 연도;full_date,최종 날짜만 승인; OCR 주석 별도 검수
AMLC000294,,2026-09-08,,approved,medium,제조일자·소비기한 동시;full_date,최종 날짜만 승인; OCR 주석 별도 검수
AMLC000295,,2025-11-08,,approved,medium,반사·흐림·저대비;점자형·잉크젯형 인쇄;full_date,최종 날짜만 승인; OCR 주석 별도 검수
AMLC000296,,2026-07-28,,approved,easy,정상;full_date,최종 날짜만 승인; OCR 주석 별도 검수
AMLC000297,,2026-04-08,,approved,easy,정상;full_date,최종 날짜만 승인; OCR 주석 별도 검수
AMLC000298,,2026-09-11,,approved,medium,반사·흐림·저대비;점자형·잉크젯형 인쇄;full_date,최종 날짜만 승인; OCR 주석 별도 검수
AMLC000299,,2026-05-13,,approved,easy,정상;full_date,최종 날짜만 승인; OCR 주석 별도 검수
AMLC000300,,2026-05-21,,approved,easy,정상;full_date,최종 날짜만 승인; OCR 주석 별도 검수
AMLC000301,,2027-04-09,,approved,easy,정상;full_date,최종 날짜만 승인; OCR 주석 별도 검수
AMLC000302,,2026-03-15,,approved,easy,정상;full_date,최종 날짜만 승인; OCR 주석 별도 검수
AMLC000303,,2026-07-31,,approved,medium,두 자리 연도;다양한 구분자;반사·흐림·저대비;점자형·잉크젯형 인쇄;full_date,최종 날짜만 승인; OCR 주석 별도 검수
AMLC000304,,2026-06-01,,approved,medium,반사·흐림·저대비;점자형·잉크젯형 인쇄;full_date,최종 날짜만 승인; OCR 주석 별도 검수
AMLC000305,,2026-02-24,,approved,medium,반사·흐림·저대비;점자형·잉크젯형 인쇄;full_date,최종 날짜만 승인; OCR 주석 별도 검수
AMLC000306,,2026-09-16,,approved,easy,정상;full_date,최종 날짜만 승인; OCR 주석 별도 검수
AMLC000307,,2025-11-14,,approved,medium,두 자리 연도;full_date,최종 날짜만 승인; OCR 주석 별도 검수
AMLC000308,,2025-12-04,,approved,easy,정상;full_date,최종 날짜만 승인; OCR 주석 별도 검수
AMLC000309,,2027-04-01,,approved,medium,반사·흐림·저대비;회전·기울어짐;점자형·잉크젯형 인쇄;전화번호·바코드 오인 위험;full_date,최종 날짜만 승인; OCR 주석 별도 검수
AMLC000310,,2026-09-28,,approved,medium,점자형·잉크젯형 인쇄;full_date,최종 날짜만 승인; OCR 주석 별도 검수
AMLC000311,,2026-08-09,,approved,medium,반사·흐림·저대비;점자형·잉크젯형 인쇄;full_date,최종 날짜만 승인; OCR 주석 별도 검수
AMLC000312,,2026-08-26,,approved,medium,반사·흐림·저대비;점자형·잉크젯형 인쇄;full_date,최종 날짜만 승인; OCR 주석 별도 검수
AMLC000313,,2026-03-17,,approved,medium,다양한 구분자;반사·흐림·저대비;점자형·잉크젯형 인쇄;full_date,최종 날짜만 승인; OCR 주석 별도 검수
AMLC000314,,2026-09-01,,approved,medium,반사·흐림·저대비;점자형·잉크젯형 인쇄;full_date,최종 날짜만 승인; OCR 주석 별도 검수
AMLC000315,,2026-07-19,,approved,medium,반사·흐림·저대비;점자형·잉크젯형 인쇄;full_date,최종 날짜만 승인; OCR 주석 별도 검수
AMLC000316,,2027-03-01,,approved,medium,반사·흐림·저대비;점자형·잉크젯형 인쇄;full_date,최종 날짜만 승인; OCR 주석 별도 검수
AMLC000317,,2025-11-15,,approved,medium,반사·흐림·저대비;점자형·잉크젯형 인쇄;full_date,최종 날짜만 승인; OCR 주석 별도 검수
AMLC000318,,2025-11-09,,approved,medium,반사·흐림·저대비;점자형·잉크젯형 인쇄;full_date,최종 날짜만 승인; OCR 주석 별도 검수
AMLC000319,,2026-02-14,,approved,medium,반사·흐림·저대비;점자형·잉크젯형 인쇄;full_date,최종 날짜만 승인; OCR 주석 별도 검수
AMLC000320,,2025-11-12,,approved,medium,제조일자·소비기한 동시;full_date,최종 날짜만 승인; OCR 주석 별도 검수
AMLC000321,,2025-10-29,,approved,medium,점자형·잉크젯형 인쇄;full_date,최종 날짜만 승인; OCR 주석 별도 검수
AMLC000322,,2025-10-29,,approved,medium,점자형·잉크젯형 인쇄;full_date,최종 날짜만 승인; OCR 주석 별도 검수
AMLC000323,,2025-12-21,,approved,medium,제조일자·소비기한 동시;full_date,최종 날짜만 승인; OCR 주석 별도 검수
AMLC000324,,2027-05-15,,approved,easy,정상;full_date,최종 날짜만 승인; OCR 주석 별도 검수
AMLC000325,,2025-11-03,,approved,medium,두 자리 연도;full_date,최종 날짜만 승인; OCR 주석 별도 검수
AMLC000326,,2025-10-18,,approved,medium,두 자리 연도;full_date,최종 날짜만 승인; OCR 주석 별도 검수
AMLC000327,,2025-10-21,,approved,medium,두 자리 연도;반사·흐림·저대비;full_date,최종 날짜만 승인; OCR 주석 별도 검수
AMLC000328,,2025-12-25,,approved,easy,정상;full_date,최종 날짜만 승인; OCR 주석 별도 검수
AMLC000329,,2025-12-25,,approved,easy,정상;full_date,최종 날짜만 승인; OCR 주석 별도 검수
AMLC000330,,2025-11-02,,approved,medium,제조일자·소비기한 동시;두 자리 연도;full_date,최종 날짜만 승인; OCR 주석 별도 검수
AMLC000331,,2025-10-31,,approved,easy,정상;full_date,최종 날짜만 승인; OCR 주석 별도 검수
AMLC000332,,2025-10-22,,approved,medium,반사·흐림·저대비;점자형·잉크젯형 인쇄;full_date,최종 날짜만 승인; OCR 주석 별도 검수
AMLC000333,,2025-11-07,,approved,easy,정상;full_date,최종 날짜만 승인; OCR 주석 별도 검수
AMLC000334,,2026-03-15,,approved,medium,반사·흐림·저대비;점자형·잉크젯형 인쇄;full_date,최종 날짜만 승인; OCR 주석 별도 검수
AMLC000335,,2025-11-28,,approved,easy,정상;full_date,최종 날짜만 승인; OCR 주석 별도 검수
AMLC000336,,2025-11-20,,approved,medium,두 자리 연도;반사·흐림·저대비;점자형·잉크젯형 인쇄;full_date,최종 날짜만 승인; OCR 주석 별도 검수
AMLC000337,,2025-12-09,,approved,easy,정상;full_date,최종 날짜만 승인; OCR 주석 별도 검수
AMLC000338,,2026-05-28,,approved,easy,정상;full_date,최종 날짜만 승인; OCR 주석 별도 검수
AMLC000339,,2026-08-18,,approved,easy,정상;full_date,최종 날짜만 승인; OCR 주석 별도 검수
AMLC000340,,2026-08-11,,approved,medium,두 자리 연도;반사·흐림·저대비;full_date,최종 날짜만 승인; OCR 주석 별도 검수
AMLC000341,,2026-04-29,,approved,easy,정상;full_date,최종 날짜만 승인; OCR 주석 별도 검수
AMLC000342,,2026-06-22,,approved,easy,정상;full_date,최종 날짜만 승인; OCR 주석 별도 검수
AMLC000343,,2025-12-30,,approved,medium,반사·흐림·저대비;full_date,최종 날짜만 승인; OCR 주석 별도 검수
AMLC000344,,2026-08-04,,approved,medium,반사·흐림·저대비;점자형·잉크젯형 인쇄;full_date,최종 날짜만 승인; OCR 주석 별도 검수
AMLC000345,,2026-04-09,,approved,medium,반사·흐림·저대비;회전·기울어짐;점자형·잉크젯형 인쇄;full_date,최종 날짜만 승인; OCR 주석 별도 검수
AMLC000346,,2026-05-15,,approved,easy,정상;full_date,최종 날짜만 승인; OCR 주석 별도 검수
AMLC000347,,2027-05-26,,approved,medium,전화번호·바코드 오인 위험;full_date,최종 날짜만 승인; OCR 주석 별도 검수
AMLC000348,,2026-04-02,,approved,medium,전화번호·바코드 오인 위험;full_date,최종 날짜만 승인; OCR 주석 별도 검수
AMLC000349,,2025-12-07,,approved,medium,반사·흐림·저대비;점자형·잉크젯형 인쇄;full_date,최종 날짜만 승인; OCR 주석 별도 검수
AMLC000350,,2027-05-15,,approved,medium,다양한 구분자;점자형·잉크젯형 인쇄;full_date,최종 날짜만 승인; OCR 주석 별도 검수
AMLC000351,,2026-05-03,,approved,easy,정상;full_date,최종 날짜만 승인; OCR 주석 별도 검수
AMLC000352,,2026-08-27,,approved,medium,점자형·잉크젯형 인쇄;full_date,최종 날짜만 승인; OCR 주석 별도 검수
AMLC000353,,2026-03-08,,approved,easy,정상;full_date,최종 날짜만 승인; OCR 주석 별도 검수
AMLC000354,,2027-07-06,,approved,easy,정상;full_date,최종 날짜만 승인; OCR 주석 별도 검수
AMLC000355,,2026-06-17,,approved,hard,제조일자·소비기한 동시;반사·흐림·저대비;full_date,최종 날짜만 승인; OCR 주석 별도 검수
AMLC000356,,2027-03-17,,approved,easy,정상;full_date,최종 날짜만 승인; OCR 주석 별도 검수
AMLC000357,,2027-08-11,,approved,easy,정상;full_date,최종 날짜만 승인; OCR 주석 별도 검수
AMLC000358,,2027-09-16,,approved,easy,정상;full_date,최종 날짜만 승인; OCR 주석 별도 검수
AMLC000359,,2026-06-16,,approved,medium,다양한 구분자;반사·흐림·저대비;full_date,최종 날짜만 승인; OCR 주석 별도 검수
AMLC000360,,2026-02-18,,approved,hard,두 자리 연도;다양한 구분자;반사·흐림·저대비;full_date,최종 날짜만 승인; OCR 주석 별도 검수
AMLC000361,,2026-12-19,,approved,hard,날짜 없음;반사·흐림·저대비;full_date,최종 날짜만 승인; OCR 주석 별도 검수
AMLC000362,,2026-08-11,,approved,easy,정상;full_date,최종 날짜만 승인; OCR 주석 별도 검수
AMLC000363,,2026-04-21,,approved,hard,날짜 없음;반사·흐림·저대비;full_date,최종 날짜만 승인; OCR 주석 별도 검수
AMLC000364,,2026-06-04,,approved,hard,반사·흐림·저대비;full_date,최종 날짜만 승인; OCR 주석 별도 검수
AMLC000365,,2026-03-11,,approved,easy,정상;full_date,최종 날짜만 승인; OCR 주석 별도 검수
AMLC000366,,2026-09-05,,approved,easy,정상;full_date,최종 날짜만 승인; OCR 주석 별도 검수
AMLC000367,,2026-05-18,,approved,easy,정상;full_date,최종 날짜만 승인; OCR 주석 별도 검수
AMLC000368,,2026-09-22,,approved,hard,두 자리 연도;다양한 구분자;반사·흐림·저대비;full_date,최종 날짜만 승인; OCR 주석 별도 검수
AMLC000369,,2027-06-25,,approved,hard,제조일자·소비기한 동시;반사·흐림·저대비;full_date,최종 날짜만 승인; OCR 주석 별도 검수
AMLC000370,,2026-09-02,,approved,hard,두 자리 연도;다양한 구분자;반사·흐림·저대비;full_date,최종 날짜만 승인; OCR 주석 별도 검수
AMLC000371,,2026-02-15,,approved,easy,정상;full_date,최종 날짜만 승인; OCR 주석 별도 검수
AMLC000372,,2026-09-15,,approved,easy,정상;full_date,최종 날짜만 승인; OCR 주석 별도 검수
AMLC000373,,2026-09-18,,approved,hard,날짜 없음;반사·흐림·저대비;full_date,최종 날짜만 승인; OCR 주석 별도 검수
AMLC000374,,2026-08-28,,approved,hard,날짜 없음;반사·흐림·저대비;full_date,최종 날짜만 승인; OCR 주석 별도 검수
AMLC000375,,2026-05-31,,approved,medium,두 자리 연도;full_date,최종 날짜만 승인; OCR 주석 별도 검수
AMLC000376,,2025-10-07,,approved,easy,정상;full_date,최종 날짜만 승인; OCR 주석 별도 검수
AMLC000377,,2026-07-01,,approved,easy,정상;full_date,최종 날짜만 승인; OCR 주석 별도 검수
AMLC000378,,2026-05-29,,approved,medium,다양한 구분자;full_date,최종 날짜만 승인; OCR 주석 별도 검수
AMLC000379,,2026-09-05,,approved,hard,두 자리 연도;다양한 구분자;반사·흐림·저대비;full_date,최종 날짜만 승인; OCR 주석 별도 검수
AMLC000380,,2026-09-02,,approved,easy,정상;full_date,최종 날짜만 승인; OCR 주석 별도 검수
AMLC000381,,2027-01-20,,approved,medium,다양한 구분자;full_date,최종 날짜만 승인; OCR 주석 별도 검수
AMLC000382,,2026-08-18,,approved,easy,정상;full_date,최종 날짜만 승인; OCR 주석 별도 검수
AMLC000383,,2026-04-03,,approved,easy,정상;full_date,최종 날짜만 승인; OCR 주석 별도 검수
AMLC000384,,2026-07-08,,approved,medium,제조일자·소비기한 동시;full_date,최종 날짜만 승인; OCR 주석 별도 검수
AMLC000385,,2026-09-14,,approved,medium,제조일자·소비기한 동시;full_date,최종 날짜만 승인; OCR 주석 별도 검수
AMLC000386,,2026-06-10,,approved,medium,제조일자·소비기한 동시;full_date,최종 날짜만 승인; OCR 주석 별도 검수
AMLC000387,,2027-01-21,,approved,easy,정상;full_date,최종 날짜만 승인; OCR 주석 별도 검수
AMLC000388,,2026-01-15,,approved,easy,정상;full_date,최종 날짜만 승인; OCR 주석 별도 검수
AMLC000389,,2026-02-27,,approved,medium,제조일자·소비기한 동시;full_date,최종 날짜만 승인; OCR 주석 별도 검수
AMLC000390,,2028-05-19,,approved,medium,다양한 구분자;full_date,최종 날짜만 승인; OCR 주석 별도 검수
AMLC000391,,2026-12-10,,approved,medium,제조일자·소비기한 동시;full_date,최종 날짜만 승인; OCR 주석 별도 검수
AMLC000392,,2026-08-28,,approved,medium,두 자리 연도;full_date,최종 날짜만 승인; OCR 주석 별도 검수
AMLC000393,,2027-08-02,,approved,easy,정상;full_date,최종 날짜만 승인; OCR 주석 별도 검수
AMLC000394,,2026-04-14,,approved,easy,정상;full_date,최종 날짜만 승인; OCR 주석 별도 검수
AMLC000395,,2026-03-15,,approved,medium,반사·흐림·저대비;full_date,최종 날짜만 승인; OCR 주석 별도 검수
AMLC000396,,2026-02-27,,approved,easy,정상;full_date,최종 날짜만 승인; OCR 주석 별도 검수
AMLC000397,,2026-02-19,,approved,easy,정상;full_date,최종 날짜만 승인; OCR 주석 별도 검수
AMLC000398,,2027-07-30,,approved,easy,정상;full_date,최종 날짜만 승인; OCR 주석 별도 검수
AMLC000399,,2027-01-31,,approved,easy,정상;full_date,최종 날짜만 승인; OCR 주석 별도 검수
AMLC000400,,2026-01-11,,approved,medium,제조일자·소비기한 동시;두 자리 연도;full_date,최종 날짜만 승인; OCR 주석 별도 검수
AMLC000401,,2027-04-12,,approved,medium,두 자리 연도;full_date,최종 날짜만 승인; OCR 주석 별도 검수
AMLC000402,,2028-04-19,,approved,medium,두 자리 연도;full_date,최종 날짜만 승인; OCR 주석 별도 검수
AMLC000403,,2027-04-01,,approved,hard,날짜 없음;반사·흐림·저대비;full_date,최종 날짜만 승인; OCR 주석 별도 검수
AMLC000404,,2026-06-10,,approved,easy,정상;full_date,최종 날짜만 승인; OCR 주석 별도 검수
AMLC000405,,2027-10-15,,approved,hard,날짜 없음;반사·흐림·저대비;full_date,최종 날짜만 승인; OCR 주석 별도 검수
AMLC000406,,2026-08-27,,approved,easy,정상;full_date,최종 날짜만 승인; OCR 주석 별도 검수
AMLC000407,,2025-12-01,,approved,medium,제조일자·소비기한 동시;full_date,최종 날짜만 승인; OCR 주석 별도 검수
AMLC000408,,2025-10-09,,approved,hard,제조일자·소비기한 동시;full_date,최종 날짜만 승인; OCR 주석 별도 검수
AMLC000409,,2027-03-26,,approved,easy,정상;full_date,최종 날짜만 승인; OCR 주석 별도 검수
AMLC000410,,2027-04-13,,approved,easy,정상;full_date,최종 날짜만 승인; OCR 주석 별도 검수
AMLC000411,,2026-09-09,,approved,medium,제조일자·소비기한 동시;full_date,최종 날짜만 승인; OCR 주석 별도 검수
AMLC000412,,2026-01-19,,approved,easy,정상;full_date,최종 날짜만 승인; OCR 주석 별도 검수
AMLC000413,,2027-04-23,,approved,easy,정상;full_date,최종 날짜만 승인; OCR 주석 별도 검수
AMLC000414,,2026-04-07,,approved,easy,정상;full_date,최종 날짜만 승인; OCR 주석 별도 검수
AMLC000415,,2026-05-27,,approved,hard,날짜 없음;반사·흐림·저대비;full_date,최종 날짜만 승인; OCR 주석 별도 검수
AMLC000416,,2026-04-07,,approved,easy,정상;full_date,최종 날짜만 승인; OCR 주석 별도 검수
AMLC000417,,2026-03-15,,approved,easy,정상;full_date,최종 날짜만 승인; OCR 주석 별도 검수
AMLC000418,,2026-09-08,,approved,easy,정상;full_date,최종 날짜만 승인; OCR 주석 별도 검수
AMLC000419,,2026-08-05,,approved,easy,정상;full_date,최종 날짜만 승인; OCR 주석 별도 검수
AMLC000420,,2025-12-04,,approved,easy,정상;full_date,최종 날짜만 승인; OCR 주석 별도 검수
AMLC000421,,2026-07-17,,approved,medium,두 자리 연도;full_date,최종 날짜만 승인; OCR 주석 별도 검수
AMLC000422,,2026-06-09,,approved,medium,제조일자·소비기한 동시;full_date,최종 날짜만 승인; OCR 주석 별도 검수
AMLC000423,,2026-06-04,,approved,easy,정상;full_date,최종 날짜만 승인; OCR 주석 별도 검수
AMLC000424,,2026-03-28,,approved,easy,정상;full_date,최종 날짜만 승인; OCR 주석 별도 검수
AMLC000425,,2025-11-05,,approved,easy,정상;full_date,최종 날짜만 승인; OCR 주석 별도 검수
AMLC000426,,2026-12-26,,approved,easy,정상;full_date,최종 날짜만 승인; OCR 주석 별도 검수
AMLC000427,,2027-04-01,,approved,easy,정상;full_date,최종 날짜만 승인; OCR 주석 별도 검수
AMLC000428,,2026-04-23,,approved,hard,두 자리 연도;다양한 구분자;반사·흐림·저대비;full_date,최종 날짜만 승인; OCR 주석 별도 검수
AMLC000429,,2026-01-04,,approved,hard,날짜 없음;반사·흐림·저대비;full_date,최종 날짜만 승인; OCR 주석 별도 검수
AMLC000430,,2028-02-01,,approved,easy,정상;full_date,최종 날짜만 승인; OCR 주석 별도 검수
AMLC000431,,2026-03-17,,approved,medium,제조일자·소비기한 동시;full_date,최종 날짜만 승인; OCR 주석 별도 검수
AMLC000432,,2027-04-29,,approved,easy,정상;full_date,최종 날짜만 승인; OCR 주석 별도 검수
AMLC000433,,2026-08-05,,approved,easy,정상;full_date,최종 날짜만 승인; OCR 주석 별도 검수
AMLC000434,,2026-10-28,,approved,easy,정상;full_date,최종 날짜만 승인; OCR 주석 별도 검수
AMLC000435,,2026-07-14,,approved,medium,다양한 구분자;full_date,최종 날짜만 승인; OCR 주석 별도 검수
AMLC000436,,2026-02-12,,approved,easy,정상;full_date,최종 날짜만 승인; OCR 주석 별도 검수
AMLC000437,,2025-11-19,,approved,medium,두 자리 연도;full_date,최종 날짜만 승인; OCR 주석 별도 검수
AMLC000438,,2026-03-19,,approved,hard,날짜 없음;반사·흐림·저대비;full_date,최종 날짜만 승인; OCR 주석 별도 검수
AMLC000439,,2026-03-18,,approved,easy,정상;full_date,최종 날짜만 승인; OCR 주석 별도 검수
AMLC000440,,2025-08-13,,approved,medium,두 자리 연도;다양한 구분자;반사·흐림·저대비;full_date,최종 날짜만 승인; OCR 주석 별도 검수
AMLC000441,,2025-12-18,,approved,hard,날짜 없음;반사·흐림·저대비;full_date,최종 날짜만 승인; OCR 주석 별도 검수
AMLC000442,,2025-11-30,,approved,easy,정상;full_date,최종 날짜만 승인; OCR 주석 별도 검수
AMLC000443,,2026-04-06,,approved,easy,정상;full_date,최종 날짜만 승인; OCR 주석 별도 검수
AMLC000444,,2026-07-01,,approved,easy,정상;full_date,최종 날짜만 승인; OCR 주석 별도 검수
AMLC000445,,2026-07-17,,approved,easy,정상;full_date,최종 날짜만 승인; OCR 주석 별도 검수
AMLC000446,,2026-04-11,,approved,easy,정상;full_date,최종 날짜만 승인; OCR 주석 별도 검수
AMLC000447,,2025-11-22,,approved,easy,정상;full_date,최종 날짜만 승인; OCR 주석 별도 검수
AMLC000448,,2026-08-20,,approved,easy,정상;full_date,최종 날짜만 승인; OCR 주석 별도 검수
AMLC000449,,2026-01-28,,approved,hard,제조일자·소비기한 동시;full_date,최종 날짜만 승인; OCR 주석 별도 검수
AMLC000450,,2026-03-11,,approved,medium,제조일자·소비기한 동시;full_date,최종 날짜만 승인; OCR 주석 별도 검수
AMLC000451,,2026-02-27,,approved,medium,제조일자·소비기한 동시;두 자리 연도;full_date,최종 날짜만 승인; OCR 주석 별도 검수
AMLC000452,,2026-03-25,,approved,medium,다양한 구분자;full_date,최종 날짜만 승인; OCR 주석 별도 검수
AMLC000453,,2026-01-26,,approved,medium,제조일자·소비기한 동시;두 자리 연도;full_date,최종 날짜만 승인; OCR 주석 별도 검수
AMLC000454,,2025-07-15,,approved,easy,정상;full_date,최종 날짜만 승인; OCR 주석 별도 검수
AMLC000455,,2026-02-10,,approved,medium,제조일자·소비기한 동시;full_date,최종 날짜만 승인; OCR 주석 별도 검수
AMLC000456,,2025-12-26,,approved,hard,제조일자·소비기한 동시;반사·흐림·저대비;full_date,최종 날짜만 승인; OCR 주석 별도 검수
AMLC000457,,2026-06-18,,approved,easy,정상;full_date,최종 날짜만 승인; OCR 주석 별도 검수
AMLC000458,,2026-07-01,,approved,medium,제조일자·소비기한 동시;full_date,최종 날짜만 승인; OCR 주석 별도 검수
AMLC000459,,2026-04-19,,approved,hard,날짜 없음;반사·흐림·저대비;full_date,최종 날짜만 승인; OCR 주석 별도 검수
AMLC000460,,2025-12-03,,approved,easy,정상;full_date,최종 날짜만 승인; OCR 주석 별도 검수
AMLC000461,,2026-11-28,,approved,easy,정상;full_date,최종 날짜만 승인; OCR 주석 별도 검수
AMLC000462,,2027-05-27,,approved,easy,정상;full_date,최종 날짜만 승인; OCR 주석 별도 검수
AMLC000463,,2027-02-14,,approved,easy,정상;full_date,최종 날짜만 승인; OCR 주석 별도 검수
AMLC000464,,2026-03-19,,approved,easy,정상;full_date,최종 날짜만 승인; OCR 주석 별도 검수
AMLC000465,,2027-07-30,,approved,medium,다양한 구분자;full_date,최종 날짜만 승인; OCR 주석 별도 검수
AMLC000466,,2027-06-07,,approved,easy,정상;full_date,최종 날짜만 승인; OCR 주석 별도 검수
AMLC000467,,2025-03-31,,approved,medium,두 자리 연도;반사·흐림·저대비;full_date,최종 날짜만 승인; OCR 주석 별도 검수
AMLC000468,,2025-06-10,,approved,medium,제조일자·소비기한 동시;다양한 구분자;full_date,최종 날짜만 승인; OCR 주석 별도 검수
AMLC000469,,2026-07-21,,approved,easy,정상;full_date,최종 날짜만 승인; OCR 주석 별도 검수
AMLC000470,,2026-08-06,,approved,medium,두 자리 연도;full_date,최종 날짜만 승인; OCR 주석 별도 검수
AMLC000471,,2027-04-08,,approved,easy,정상;full_date,최종 날짜만 승인; OCR 주석 별도 검수
AMLC000472,,2026-01-17,,approved,easy,정상;full_date,최종 날짜만 승인; OCR 주석 별도 검수
AMLC000473,,2026-03-01,,approved,easy,정상;full_date,최종 날짜만 승인; OCR 주석 별도 검수
AMLC000474,,2025-06-26,,approved,medium,두 자리 연도;반사·흐림·저대비;full_date,최종 날짜만 승인; OCR 주석 별도 검수
AMLC000475,,2022-11-25,,approved,hard,두 자리 연도;다양한 구분자;반사·흐림·저대비;full_date,최종 날짜만 승인; OCR 주석 별도 검수
AMLC000476,,2026-07-06,,approved,easy,정상;full_date,최종 날짜만 승인; OCR 주석 별도 검수
AMLC000477,,2026-07-21,,approved,easy,정상;full_date,최종 날짜만 승인; OCR 주석 별도 검수
AMLC000478,,2026-06-11,,approved,hard,날짜 없음;반사·흐림·저대비;full_date,최종 날짜만 승인; OCR 주석 별도 검수
AMLC000479,,2026-05-22,,approved,easy,정상;full_date,최종 날짜만 승인; OCR 주석 별도 검수
AMLC000480,,2026-06-04,,approved,hard,제조일자·소비기한 동시;반사·흐림·저대비;full_date,최종 날짜만 승인; OCR 주석 별도 검수
AMLC000481,,2026-03-09,,approved,easy,정상;full_date,최종 날짜만 승인; OCR 주석 별도 검수
AMLC000482,,2025-07-31,,approved,hard,두 자리 연도;다양한 구분자;반사·흐림·저대비;full_date,최종 날짜만 승인; OCR 주석 별도 검수
AMLC000483,,2027-04-15,,approved,easy,정상;full_date,최종 날짜만 승인; OCR 주석 별도 검수
AMLC000484,,2027-11-14,,approved,easy,정상;full_date,최종 날짜만 승인; OCR 주석 별도 검수
AMLC000485,,2027-09-17,,approved,easy,정상;full_date,최종 날짜만 승인; OCR 주석 별도 검수
AMLC000486,,NONE,,approved,hard,날짜 없음;반사·흐림·저대비;no_expiry,최종 날짜만 승인; OCR 주석 별도 검수
AMLC000487,,2027-12-11,,approved,easy,정상;full_date,최종 날짜만 승인; OCR 주석 별도 검수
AMLC000488,,2026-02-27,,approved,easy,정상;full_date,최종 날짜만 승인; OCR 주석 별도 검수
AMLC000489,,2025-05-08,,approved,hard,날짜 없음;반사·흐림·저대비;full_date,최종 날짜만 승인; OCR 주석 별도 검수
AMLC000490,,2025-11-27,,approved,medium,두 자리 연도;반사·흐림·저대비;full_date,최종 날짜만 승인; OCR 주석 별도 검수
AMLC000491,,2026-09-19,,approved,easy,정상;full_date,최종 날짜만 승인; OCR 주석 별도 검수
AMLC000492,,2026-03-12,,approved,easy,정상;full_date,최종 날짜만 승인; OCR 주석 별도 검수
AMLC000493,,2025-06-17,,approved,hard,반사·흐림·저대비;full_date,최종 날짜만 승인; OCR 주석 별도 검수
AMLC000494,,2025-12-12,,approved,medium,제조일자·소비기한 동시;full_date,최종 날짜만 승인; OCR 주석 별도 검수
AMLC000495,,2026-02-19,,approved,medium,제조일자·소비기한 동시;full_date,최종 날짜만 승인; OCR 주석 별도 검수
AMLC000496,,2027-03-05,,approved,easy,정상;full_date,최종 날짜만 승인; OCR 주석 별도 검수
AMLC000497,,2026-08-31,,approved,medium,두 자리 연도;full_date,최종 날짜만 승인; OCR 주석 별도 검수
AMLC000498,,2026-03-07,,approved,easy,정상;full_date,최종 날짜만 승인; OCR 주석 별도 검수
AMLC000499,,2026-05-13,,approved,easy,정상;full_date,최종 날짜만 승인; OCR 주석 별도 검수
AMLC000500,,2026-12-17,,approved,medium,제조일자·소비기한 동시;full_date,최종 날짜만 승인; OCR 주석 별도 검수
AMLC000501,,2026-02-24,,approved,medium,두 자리 연도;full_date,최종 날짜만 승인; OCR 주석 별도 검수
AMLC000502,,2026-06-20,,approved,medium,다양한 구분자;full_date,최종 날짜만 승인; OCR 주석 별도 검수
AMLC000503,,2026-02-18,,approved,hard,두 자리 연도;반사·흐림·저대비;full_date,최종 날짜만 승인; OCR 주석 별도 검수
AMLC000504,,2026-02-28,,approved,medium,두 자리 연도;full_date,최종 날짜만 승인; OCR 주석 별도 검수
AMLC000505,,2026-03-02,,approved,medium,두 자리 연도;full_date,최종 날짜만 승인; OCR 주석 별도 검수
AMLC000506,,2026-06-18,,approved,medium,제조일자·소비기한 동시;full_date,최종 날짜만 승인; OCR 주석 별도 검수
AMLC000507,,2026-05-19,,approved,medium,제조일자·소비기한 동시;두 자리 연도;full_date,최종 날짜만 승인; OCR 주석 별도 검수
AMLC000508,,2026-08-25,,approved,medium,두 자리 연도;full_date,최종 날짜만 승인; OCR 주석 별도 검수
AMLC000509,,2026-09-01,,approved,medium,제조일자·소비기한 동시;두 자리 연도;full_date,최종 날짜만 승인; OCR 주석 별도 검수
AMLC000510,,2026-09-03,,approved,easy,정상;full_date,최종 날짜만 승인; OCR 주석 별도 검수
AMLC000511,,2026-03-24,,approved,medium,두 자리 연도;full_date,최종 날짜만 승인; OCR 주석 별도 검수
AMLC000512,,2026-02-17,,approved,easy,정상;full_date,최종 날짜만 승인; OCR 주석 별도 검수
AMLC000513,,2026-09-03,,approved,easy,정상;full_date,최종 날짜만 승인; OCR 주석 별도 검수
AMLC000514,,2026-07-13,,approved,easy,정상;full_date,최종 날짜만 승인; OCR 주석 별도 검수
AMLC000515,,NONE,,approved,hard,날짜 없음;반사·흐림·저대비;no_expiry,최종 날짜만 승인; OCR 주석 별도 검수
AMLC000516,,2026-07-16,,approved,hard,제조일자·소비기한 동시;다양한 구분자;full_date,최종 날짜만 승인; OCR 주석 별도 검수
AMLC000517,,2026-09-25,,approved,medium,두 자리 연도;full_date,최종 날짜만 승인; OCR 주석 별도 검수
AMLC000518,,2026-09-14,,approved,medium,두 자리 연도;full_date,최종 날짜만 승인; OCR 주석 별도 검수
AMLC000519,,2026-08-10,,approved,medium,제조일자·소비기한 동시;두 자리 연도;full_date,최종 날짜만 승인; OCR 주석 별도 검수
AMLC000520,,2026-09-15,,approved,easy,정상;full_date,최종 날짜만 승인; OCR 주석 별도 검수
AMLC000521,,2026-03-10,,approved,medium,제조일자·소비기한 동시;full_date,최종 날짜만 승인; OCR 주석 별도 검수
AMLC000522,,2026-02-21,,approved,medium,두 자리 연도;full_date,최종 날짜만 승인; OCR 주석 별도 검수
AMLC000523,,2026-03-23,,approved,medium,제조일자·소비기한 동시;full_date,최종 날짜만 승인; OCR 주석 별도 검수
AMLC000524,,2026-06-18,,approved,hard,제조일자·소비기한 동시;다양한 구분자;full_date,최종 날짜만 승인; OCR 주석 별도 검수
AMLC000525,,2027-09-08,,approved,easy,정상;full_date,최종 날짜만 승인; OCR 주석 별도 검수
AMLC000526,,2026-07-04,,approved,easy,정상;full_date,최종 날짜만 승인; OCR 주석 별도 검수
AMLC000527,,2025-10-12,,approved,easy,정상;full_date,최종 날짜만 승인; OCR 주석 별도 검수
AMLC000528,,2026-03-11,,approved,easy,정상;full_date,최종 날짜만 승인; OCR 주석 별도 검수
AMLC000529,,2026-01-12,,approved,medium,다양한 구분자;full_date,최종 날짜만 승인; OCR 주석 별도 검수
AMLC000530,,2026-06-24,,approved,hard,날짜 없음;반사·흐림·저대비;full_date,최종 날짜만 승인; OCR 주석 별도 검수
AMLC000531,,2026-02-28,,approved,easy,정상;full_date,최종 날짜만 승인; OCR 주석 별도 검수
AMLC000532,,2026-02-28,,approved,easy,정상;full_date,최종 날짜만 승인; OCR 주석 별도 검수
AMLC000533,,2026-03-26,,approved,easy,정상;full_date,최종 날짜만 승인; OCR 주석 별도 검수
AMLC000534,,2027-01-29,,approved,hard,날짜 없음;반사·흐림·저대비;full_date,최종 날짜만 승인; OCR 주석 별도 검수
AMLC000535,,2026-02-04,,approved,easy,정상;full_date,최종 날짜만 승인; OCR 주석 별도 검수
AMLC000536,,2026-01-01,,approved,easy,정상;full_date,최종 날짜만 승인; OCR 주석 별도 검수
AMLC000537,,2025-05-08,,approved,hard,날짜 없음;반사·흐림·저대비;full_date,최종 날짜만 승인; OCR 주석 별도 검수
AMLC000538,,2026-02-06,,approved,easy,정상;full_date,최종 날짜만 승인; OCR 주석 별도 검수
AMLC000539,,2027-08-11,,approved,hard,날짜 없음;반사·흐림·저대비;full_date,최종 날짜만 승인; OCR 주석 별도 검수
AMLC000540,,2026-03-24,,approved,easy,정상;full_date,최종 날짜만 승인; OCR 주석 별도 검수
AMLC000541,,2026-03-22,,approved,easy,정상;full_date,최종 날짜만 승인; OCR 주석 별도 검수
AMLC000542,,2027-07-22,,approved,easy,정상;full_date,최종 날짜만 승인; OCR 주석 별도 검수
AMLC000543,,2026-06-28,,approved,hard,날짜 없음;반사·흐림·저대비;full_date,최종 날짜만 승인; OCR 주석 별도 검수
AMLC000544,,NONE,,approved,hard,날짜 없음;반사·흐림·저대비;no_expiry,최종 날짜만 승인; OCR 주석 별도 검수
AMLC000545,,2027-07-09,,approved,easy,정상;full_date,최종 날짜만 승인; OCR 주석 별도 검수
AMLC000546,,2026-08-10,,approved,medium,제조일자·소비기한 동시;full_date,최종 날짜만 승인; OCR 주석 별도 검수
AMLC000547,,2026-05-28,,approved,easy,정상;full_date,최종 날짜만 승인; OCR 주석 별도 검수
AMLC000548,,2026-05-26,,approved,easy,정상;full_date,최종 날짜만 승인; OCR 주석 별도 검수
AMLC000549,,2027-01-16,,approved,easy,정상;full_date,최종 날짜만 승인; OCR 주석 별도 검수
AMLC000550,,2026-05-29,,approved,easy,정상;full_date,최종 날짜만 승인; OCR 주석 별도 검수
AMLC000551,,2026-12-19,,approved,easy,정상;full_date,최종 날짜만 승인; OCR 주석 별도 검수
AMLC000552,,2026-09-07,,approved,easy,정상;full_date,최종 날짜만 승인; OCR 주석 별도 검수
AMLC000553,,2022-10-24,,approved,hard,날짜 없음;반사·흐림·저대비;full_date,최종 날짜만 승인; OCR 주석 별도 검수
AMLC000554,,2027-09-17,,approved,easy,정상;full_date,최종 날짜만 승인; OCR 주석 별도 검수
AMLC000555,,2027-04-16,,approved,easy,정상;full_date,최종 날짜만 승인; OCR 주석 별도 검수
AMLC000556,,2026-08-07,,approved,easy,정상;full_date,최종 날짜만 승인; OCR 주석 별도 검수
AMLC000557,,2026-08-12,,approved,easy,정상;full_date,최종 날짜만 승인; OCR 주석 별도 검수
AMLC000558,,2025-05-16,,approved,easy,정상;full_date,최종 날짜만 승인; OCR 주석 별도 검수
AMLC000559,,2027-04-21,,approved,medium,다양한 구분자;full_date,최종 날짜만 승인; OCR 주석 별도 검수
AMLC000560,,2027-07-13,,approved,easy,정상;full_date,최종 날짜만 승인; OCR 주석 별도 검수
AMLC000561,,2028-08-07,,approved,easy,정상;full_date,최종 날짜만 승인; OCR 주석 별도 검수
AMLC000562,,2025-12-30,,approved,easy,정상;full_date,최종 날짜만 승인; OCR 주석 별도 검수
AMLC000563,,2026-01-10,,approved,medium,두 자리 연도;full_date,최종 날짜만 승인; OCR 주석 별도 검수
AMLC000564,,2026-06-25,,approved,easy,정상;full_date,최종 날짜만 승인; OCR 주석 별도 검수
AMLC000565,,2025-12-05,,approved,easy,정상;full_date,최종 날짜만 승인; OCR 주석 별도 검수
AMLC000566,,2026-09-17,,approved,easy,정상;full_date,최종 날짜만 승인; OCR 주석 별도 검수
AMLC000567,,2025-10-29,,approved,medium,두 자리 연도;full_date,최종 날짜만 승인; OCR 주석 별도 검수
AMLC000568,,2026-02-23,,approved,easy,정상;full_date,최종 날짜만 승인; OCR 주석 별도 검수
AMLC000569,,2025-11-02,,approved,easy,정상;full_date,최종 날짜만 승인; OCR 주석 별도 검수
AMLC000570,,2026-05-20,,approved,easy,정상;full_date,최종 날짜만 승인; OCR 주석 별도 검수
AMLC000571,,2024-11-18,,approved,hard,두 자리 연도;다양한 구분자;반사·흐림·저대비;full_date,최종 날짜만 승인; OCR 주석 별도 검수
AMLC000572,,NONE-10-15,,approved,hard,날짜 없음;반사·흐림·저대비;partial_date,최종 날짜만 승인; OCR 주석 별도 검수
AMLC000573,,NONE-10-22,,approved,hard,날짜 없음;반사·흐림·저대비;partial_date,최종 날짜만 승인; OCR 주석 별도 검수
AMLC000574,,2026-02-24,,approved,easy,정상;full_date,최종 날짜만 승인; OCR 주석 별도 검수
AMLC000575,,NONE-10-14,,approved,hard,날짜 없음;반사·흐림·저대비;partial_date,최종 날짜만 승인; OCR 주석 별도 검수
AMLC000576,,2026-05-21,,approved,medium,제조일자·소비기한 동시;full_date,최종 날짜만 승인; OCR 주석 별도 검수
AMLC000577,,2026-04-20,,approved,easy,정상;full_date,최종 날짜만 승인; OCR 주석 별도 검수
AMLC000578,,2026-03-04,,approved,easy,정상;full_date,최종 날짜만 승인; OCR 주석 별도 검수
AMLC000579,,2026-07-10,,approved,medium,다양한 구분자;full_date,최종 날짜만 승인; OCR 주석 별도 검수
AMLC000580,,2026-02-28,,approved,easy,정상;full_date,최종 날짜만 승인; OCR 주석 별도 검수
AMLC000581,,2026-02-25,,approved,easy,정상;full_date,최종 날짜만 승인; OCR 주석 별도 검수
AMLC000582,,2025-11-21,,approved,easy,정상;full_date,최종 날짜만 승인; OCR 주석 별도 검수
AMLC000583,,2025-11-23,,approved,medium,두 자리 연도;full_date,최종 날짜만 승인; OCR 주석 별도 검수
AMLC000584,,2026-07-15,,approved,medium,제조일자·소비기한 동시;full_date,최종 날짜만 승인; OCR 주석 별도 검수
AMLC000585,,2026-05-16,,approved,easy,정상;full_date,최종 날짜만 승인; OCR 주석 별도 검수
AMLC000586,,2026-03-14,,approved,hard,날짜 없음;반사·흐림·저대비;full_date,최종 날짜만 승인; OCR 주석 별도 검수
AMLC000587,,2026-02-07,,approved,easy,정상;full_date,최종 날짜만 승인; OCR 주석 별도 검수
AMLC000588,,2025-11-28,,approved,easy,정상;full_date,최종 날짜만 승인; OCR 주석 별도 검수
AMLC000589,,2026-04-02,,approved,easy,정상;full_date,최종 날짜만 승인; OCR 주석 별도 검수
AMLC000590,,2025-12-05,,approved,easy,정상;full_date,최종 날짜만 승인; OCR 주석 별도 검수
AMLC000591,,2026-07-27,,approved,medium,두 자리 연도;full_date,최종 날짜만 승인; OCR 주석 별도 검수
AMLC000592,,2023-03-26,,approved,hard,제조일자·소비기한 동시;full_date,최종 날짜만 승인; OCR 주석 별도 검수
AMLC000593,,2022-07-06,,approved,medium,두 자리 연도;full_date,최종 날짜만 승인; OCR 주석 별도 검수
AMLC000594,,2026-08-25,,approved,medium,제조일자·소비기한 동시;full_date,최종 날짜만 승인; OCR 주석 별도 검수
AMLC000595,,2026-05-01,,approved,easy,정상;full_date,최종 날짜만 승인; OCR 주석 별도 검수
AMLC000596,,2026-08-13,,approved,hard,날짜 없음;반사·흐림·저대비;full_date,최종 날짜만 승인; OCR 주석 별도 검수
AMLC000597,,2026-09-02,,approved,medium,제조일자·소비기한 동시;full_date,최종 날짜만 승인; OCR 주석 별도 검수
AMLC000598,,2026-03-09,,approved,medium,제조일자·소비기한 동시;두 자리 연도;full_date,최종 날짜만 승인; OCR 주석 별도 검수
AMLC000599,,2026-09-04,,approved,easy,정상;full_date,최종 날짜만 승인; OCR 주석 별도 검수
AMLC000600,,2026-08-31,,approved,medium,제조일자·소비기한 동시;full_date,최종 날짜만 승인; OCR 주석 별도 검수
AMLC000601,,2026-01-27,,approved,medium,제조일자·소비기한 동시;full_date,최종 날짜만 승인; OCR 주석 별도 검수
AMLC000602,,2026-09-22,,approved,medium,제조일자·소비기한 동시;full_date,최종 날짜만 승인; OCR 주석 별도 검수
AMLC000603,,2026-09-24,,approved,medium,두 자리 연도;full_date,최종 날짜만 승인; OCR 주석 별도 검수
AMLC000604,,2026-09-15,,approved,easy,정상;full_date,최종 날짜만 승인; OCR 주석 별도 검수
AMLC000605,,2028-07-01,,approved,medium,반사·흐림·저대비;full_date,최종 날짜만 승인; OCR 주석 별도 검수
AMLC000606,,2026-10-01,,approved,hard,날짜 없음;반사·흐림·저대비;full_date,최종 날짜만 승인; OCR 주석 별도 검수
AMLC000607,,2028-06-23,,approved,easy,정상;full_date,최종 날짜만 승인; OCR 주석 별도 검수
AMLC000608,,2026-08-13,,approved,easy,정상;full_date,최종 날짜만 승인; OCR 주석 별도 검수
AMLC000609,,2027-06-11,,approved,easy,정상;full_date,최종 날짜만 승인; OCR 주석 별도 검수
AMLC000610,,2026-06-04,,approved,easy,정상;full_date,최종 날짜만 승인; OCR 주석 별도 검수
AMLC000611,,2026-07-20,,approved,easy,정상;full_date,최종 날짜만 승인; OCR 주석 별도 검수
AMLC000612,,2026-05-07,,approved,easy,정상;full_date,최종 날짜만 승인; OCR 주석 별도 검수
AMLC000613,,2026-05-28,,approved,easy,정상;full_date,최종 날짜만 승인; OCR 주석 별도 검수
AMLC000614,,2026-03-07,,approved,easy,정상;full_date,최종 날짜만 승인; OCR 주석 별도 검수
AMLC000615,,2026-03-24,,approved,easy,정상;full_date,최종 날짜만 승인; OCR 주석 별도 검수
AMLC000616,,2026-09-10,,approved,easy,정상;full_date,최종 날짜만 승인; OCR 주석 별도 검수
AMLC000617,,2026-07-11,,approved,easy,정상;full_date,최종 날짜만 승인; OCR 주석 별도 검수
AMLC000618,,2026-08-26,,approved,easy,정상;full_date,최종 날짜만 승인; OCR 주석 별도 검수
AMLC000619,,2026-09-15,,approved,easy,정상;full_date,최종 날짜만 승인; OCR 주석 별도 검수
AMLC000620,,2026-07-06,,approved,easy,정상;full_date,최종 날짜만 승인; OCR 주석 별도 검수
AMLC000621,,2026-08-25,,approved,easy,정상;full_date,최종 날짜만 승인; OCR 주석 별도 검수
AMLC000622,,2027-01-22,,approved,easy,정상;full_date,최종 날짜만 승인; OCR 주석 별도 검수
AMLC000623,,2027-03-10,,approved,easy,정상;full_date,최종 날짜만 승인; OCR 주석 별도 검수
AMLC000624,,2027-06-15,,approved,easy,정상;full_date,최종 날짜만 승인; OCR 주석 별도 검수
AMLC000625,,2027-04-01,,approved,easy,정상;full_date,최종 날짜만 승인; OCR 주석 별도 검수
AMLC000626,,2026-07-01,,approved,medium,두 자리 연도;full_date,최종 날짜만 승인; OCR 주석 별도 검수
AMLC000627,,2026-10-06,,approved,hard,날짜 없음;반사·흐림·저대비;full_date,최종 날짜만 승인; OCR 주석 별도 검수
AMLC000628,,2025-02-03,,approved,medium,두 자리 연도;full_date,최종 날짜만 승인; OCR 주석 별도 검수
AMLC000629,,2025-09-22,,approved,medium,두 자리 연도;full_date,최종 날짜만 승인; OCR 주석 별도 검수
AMLC000630,,2026-03-31,,approved,easy,정상;full_date,최종 날짜만 승인; OCR 주석 별도 검수
AMLC000631,,2025-11-15,,approved,medium,두 자리 연도;full_date,최종 날짜만 승인; OCR 주석 별도 검수
AMLC000632,,2025-12-28,,approved,easy,정상;full_date,최종 날짜만 승인; OCR 주석 별도 검수
AMLC000633,,2025-12-24,,approved,easy,정상;full_date,최종 날짜만 승인; OCR 주석 별도 검수
AMLC000634,,2026-02-05,,approved,easy,정상;full_date,최종 날짜만 승인; OCR 주석 별도 검수
AMLC000635,,2026-02-21,,approved,medium,제조일자·소비기한 동시;full_date,최종 날짜만 승인; OCR 주석 별도 검수
AMLC000636,,2026-03-09,,approved,easy,정상;full_date,최종 날짜만 승인; OCR 주석 별도 검수
AMLC000637,,2026-06-17,,approved,medium,제조일자·소비기한 동시;full_date,최종 날짜만 승인; OCR 주석 별도 검수
AMLC000638,,2026-06-16,,approved,easy,정상;full_date,최종 날짜만 승인; OCR 주석 별도 검수
AMLC000639,,2026-02-02,,approved,easy,정상;full_date,최종 날짜만 승인; OCR 주석 별도 검수
AMLC000640,,2026-02-08,,approved,easy,정상;full_date,최종 날짜만 승인; OCR 주석 별도 검수
AMLC000641,,2026-09-02,,approved,easy,정상;full_date,최종 날짜만 승인; OCR 주석 별도 검수
AMLC000642,,2025-03-01,,approved,easy,정상;full_date,최종 날짜만 승인; OCR 주석 별도 검수
AMLC000643,,2026-01-21,,approved,easy,정상;full_date,최종 날짜만 승인; OCR 주석 별도 검수
AMLC000644,,2027-03-11,,approved,medium,두 자리 연도;full_date,최종 날짜만 승인; OCR 주석 별도 검수
AMLC000645,,2026-05-13,,approved,easy,정상;full_date,최종 날짜만 승인; OCR 주석 별도 검수
AMLC000646,,2027-01-15,,approved,hard,제조일자·소비기한 동시;다양한 구분자;full_date,최종 날짜만 승인; OCR 주석 별도 검수
AMLC000647,,2026-08-19,,approved,medium,다양한 구분자;full_date,최종 날짜만 승인; OCR 주석 별도 검수
AMLC000648,,2026-08-25,,approved,hard,날짜 없음;반사·흐림·저대비;full_date,최종 날짜만 승인; OCR 주석 별도 검수
AMLC000649,,2027-04-07,,approved,hard,두 자리 연도;다양한 구분자;반사·흐림·저대비;full_date,최종 날짜만 승인; OCR 주석 별도 검수
AMLC000650,,2026-08-05,,approved,easy,정상;full_date,최종 날짜만 승인; OCR 주석 별도 검수
AMLC000651,,2026-06-25,,approved,easy,정상;full_date,최종 날짜만 승인; OCR 주석 별도 검수
AMLC000652,,2027-03-31,,approved,easy,정상;full_date,최종 날짜만 승인; OCR 주석 별도 검수
AMLC000653,,2027-01-19,,approved,easy,정상;full_date,최종 날짜만 승인; OCR 주석 별도 검수
AMLC000654,,2028-07-02,,approved,medium,제조일자·소비기한 동시;full_date,최종 날짜만 승인; OCR 주석 별도 검수
AMLC000655,,2026-08-27,,approved,easy,정상;full_date,최종 날짜만 승인; OCR 주석 별도 검수
AMLC000656,,2026-09-04,,approved,easy,정상;full_date,최종 날짜만 승인; OCR 주석 별도 검수
AMLC000657,,2026-07-27,,approved,easy,정상;full_date,최종 날짜만 승인; OCR 주석 별도 검수
AMLC000658,,2026-01-16,,approved,easy,정상;full_date,최종 날짜만 승인; OCR 주석 별도 검수
AMLC000659,,2026-08-24,,approved,easy,정상;full_date,최종 날짜만 승인; OCR 주석 별도 검수
AMLC000660,,2026-02-28,,approved,easy,정상;full_date,최종 날짜만 승인; OCR 주석 별도 검수
AMLC000661,,2026-04-17,,approved,easy,정상;full_date,최종 날짜만 승인; OCR 주석 별도 검수
AMLC000662,,2026-03-11,,approved,easy,정상;full_date,최종 날짜만 승인; OCR 주석 별도 검수
AMLC000663,,2026-02-10,,approved,medium,제조일자·소비기한 동시;두 자리 연도;full_date,최종 날짜만 승인; OCR 주석 별도 검수
AMLC000664,,2026-02-20,,approved,easy,정상;full_date,최종 날짜만 승인; OCR 주석 별도 검수
AMLC000665,,2026-03-25,,approved,easy,정상;full_date,최종 날짜만 승인; OCR 주석 별도 검수
AMLC000666,,2026-09-01,,approved,hard,두 자리 연도;다양한 구분자;반사·흐림·저대비;full_date,최종 날짜만 승인; OCR 주석 별도 검수
AMLC000667,,2026-06-22,,approved,medium,제조일자·소비기한 동시;full_date,최종 날짜만 승인; OCR 주석 별도 검수
AMLC000668,,2026-04-30,,approved,easy,정상;full_date,최종 날짜만 승인; OCR 주석 별도 검수
AMLC000669,,2026-09-02,,approved,medium,제조일자·소비기한 동시;full_date,최종 날짜만 승인; OCR 주석 별도 검수
AMLC000670,,2026-06-24,,approved,hard,날짜 없음;반사·흐림·저대비;full_date,최종 날짜만 승인; OCR 주석 별도 검수
AMLC000671,,2026-03-31,,approved,medium,제조일자·소비기한 동시;full_date,최종 날짜만 승인; OCR 주석 별도 검수
AMLC000672,,2026-02-08,,approved,medium,두 자리 연도;full_date,최종 날짜만 승인; OCR 주석 별도 검수
AMLC000673,,2026-06-02,,approved,hard,날짜 없음;반사·흐림·저대비;full_date,최종 날짜만 승인; OCR 주석 별도 검수
AMLC000674,,2026-06-02,,approved,medium,두 자리 연도;full_date,최종 날짜만 승인; OCR 주석 별도 검수
AMLC000675,,2028-06-03,,approved,hard,제조일자·소비기한 동시;full_date,최종 날짜만 승인; OCR 주석 별도 검수
AMLC000676,,2026-06-10,,approved,easy,정상;full_date,최종 날짜만 승인; OCR 주석 별도 검수
AMLC000677,,2027-08-17,,approved,easy,정상;full_date,최종 날짜만 승인; OCR 주석 별도 검수
AMLC000678,,2026-07-24,,approved,easy,정상;full_date,최종 날짜만 승인; OCR 주석 별도 검수
AMLC000679,,2027-09-17,,approved,medium,제조일자·소비기한 동시;full_date,최종 날짜만 승인; OCR 주석 별도 검수
AMLC000680,,2025-10-15,,approved,easy,정상;full_date,최종 날짜만 승인; OCR 주석 별도 검수
AMLC000681,,2026-01-09,,approved,easy,정상;full_date,최종 날짜만 승인; OCR 주석 별도 검수
AMLC000682,,2026-01-25,,approved,easy,정상;full_date,최종 날짜만 승인; OCR 주석 별도 검수
AMLC000683,,2026-03-11,,approved,easy,정상;full_date,최종 날짜만 승인; OCR 주석 별도 검수
AMLC000684,,2026-03-23,,approved,easy,정상;full_date,최종 날짜만 승인; OCR 주석 별도 검수
AMLC000685,,2026-05-28,,approved,easy,정상;full_date,최종 날짜만 승인; OCR 주석 별도 검수
AMLC000686,,2025-10-03,,approved,easy,정상;full_date,최종 날짜만 승인; OCR 주석 별도 검수
AMLC000687,,2025-10-17,,approved,medium,다양한 구분자;full_date,최종 날짜만 승인; OCR 주석 별도 검수
AMLC000688,,2025-11-10,,approved,easy,정상;full_date,최종 날짜만 승인; OCR 주석 별도 검수
AMLC000689,,2025-10-27,,approved,medium,두 자리 연도;full_date,최종 날짜만 승인; OCR 주석 별도 검수
AMLC000690,,2025-10-11,,approved,hard,제조일자·소비기한 동시;full_date,최종 날짜만 승인; OCR 주석 별도 검수
AMLC000691,,2026-09-22,,approved,medium,제조일자·소비기한 동시;두 자리 연도;full_date,최종 날짜만 승인; OCR 주석 별도 검수
AMLC000692,,2026-08-21,,approved,medium,두 자리 연도;full_date,최종 날짜만 승인; OCR 주석 별도 검수
AMLC000693,,2026-09-01,,approved,medium,제조일자·소비기한 동시;두 자리 연도;full_date,최종 날짜만 승인; OCR 주석 별도 검수
AMLC000694,,2026-09-01,,approved,hard,날짜 없음;반사·흐림·저대비;full_date,최종 날짜만 승인; OCR 주석 별도 검수
AMLC000695,,2027-09-09,,approved,easy,정상;full_date,최종 날짜만 승인; OCR 주석 별도 검수
AMLC000696,,2025-10-28,,approved,easy,정상;full_date,최종 날짜만 승인; OCR 주석 별도 검수
AMLC000697,,2025-10-07,,approved,easy,정상;full_date,최종 날짜만 승인; OCR 주석 별도 검수
AMLC000698,,NONE-10-12,,approved,hard,날짜 없음;반사·흐림·저대비;partial_date,최종 날짜만 승인; OCR 주석 별도 검수
AMLC000699,,2025-10-27,,approved,hard,날짜 없음;반사·흐림·저대비;full_date,최종 날짜만 승인; OCR 주석 별도 검수
AMLC000700,,2025-10-24,,approved,easy,정상;full_date,최종 날짜만 승인; OCR 주석 별도 검수
AMLC000701,,2025-10-05,,approved,medium,두 자리 연도;full_date,최종 날짜만 승인; OCR 주석 별도 검수
AMLC000702,,2025-10-09,,approved,medium,두 자리 연도;full_date,최종 날짜만 승인; OCR 주석 별도 검수
AMLC000703,,2026-01-25,,approved,hard,반사·흐림·저대비;full_date,최종 날짜만 승인; OCR 주석 별도 검수
AMLC000704,,2026-07-29,,approved,easy,정상;full_date,최종 날짜만 승인; OCR 주석 별도 검수
AMLC000705,,2026-06-29,,approved,easy,정상;full_date,최종 날짜만 승인; OCR 주석 별도 검수
AMLC000706,,2026-03-11,,approved,easy,정상;full_date,최종 날짜만 승인; OCR 주석 별도 검수
AMLC000707,,2026-08-19,,approved,easy,정상;full_date,최종 날짜만 승인; OCR 주석 별도 검수
AMLC000708,,2025-09-18,,approved,easy,정상;full_date,최종 날짜만 승인; OCR 주석 별도 검수
AMLC000709,,2025-10-14,,approved,medium,두 자리 연도;full_date,최종 날짜만 승인; OCR 주석 별도 검수
AMLC000710,,2025-10-14,,approved,easy,정상;full_date,최종 날짜만 승인; OCR 주석 별도 검수
AMLC000711,,2025-10-09,,approved,easy,정상;full_date,최종 날짜만 승인; OCR 주석 별도 검수
AMLC000712,,2025-11-20,,approved,easy,정상;full_date,최종 날짜만 승인; OCR 주석 별도 검수
AMLC000713,,2025-10-23,,approved,easy,정상;full_date,최종 날짜만 승인; OCR 주석 별도 검수
AMLC000714,,2026-03-12,,approved,hard,제조일자·소비기한 동시;full_date,최종 날짜만 승인; OCR 주석 별도 검수
AMLC000715,,2026-06-26,,approved,hard,날짜 없음;반사·흐림·저대비;full_date,최종 날짜만 승인; OCR 주석 별도 검수
AMLC000716,,2025-11-07,,approved,medium,다양한 구분자;full_date,최종 날짜만 승인; OCR 주석 별도 검수
AMLC000717,,2025-10-12,,approved,easy,정상;full_date,최종 날짜만 승인; OCR 주석 별도 검수
AMLC000718,,2026-01-17,,approved,easy,정상;full_date,최종 날짜만 승인; OCR 주석 별도 검수
AMLC000719,,2026-04-04,,approved,easy,정상;full_date,최종 날짜만 승인; OCR 주석 별도 검수
AMLC000720,,2026-02-28,,approved,easy,정상;full_date,최종 날짜만 승인; OCR 주석 별도 검수
AMLC000721,,2026-12-17,,approved,easy,정상;full_date,최종 날짜만 승인; OCR 주석 별도 검수
AMLC000722,,2026-08-04,,approved,hard,날짜 없음;반사·흐림·저대비;full_date,최종 날짜만 승인; OCR 주석 별도 검수
AMLC000723,,2026-05-10,,approved,hard,날짜 없음;반사·흐림·저대비;full_date,최종 날짜만 승인; OCR 주석 별도 검수
AMLC000724,,2026-05-20,,approved,medium,두 자리 연도;full_date,최종 날짜만 승인; OCR 주석 별도 검수
AMLC000725,,2026-04-16,,approved,hard,두 자리 연도;다양한 구분자;반사·흐림·저대비;full_date,최종 날짜만 승인; OCR 주석 별도 검수
AMLC000726,,2026-09-16,,approved,easy,정상;full_date,최종 날짜만 승인; OCR 주석 별도 검수
AMLC000727,,2026-06-22,,approved,hard,날짜 없음;반사·흐림·저대비;full_date,최종 날짜만 승인; OCR 주석 별도 검수
AMLC000728,,2026-06-24,,approved,easy,정상;full_date,최종 날짜만 승인; OCR 주석 별도 검수
AMLC000729,,2026-01-07,,approved,easy,정상;full_date,최종 날짜만 승인; OCR 주석 별도 검수
AMLC000730,,2026-02-26,,approved,easy,정상;full_date,최종 날짜만 승인; OCR 주석 별도 검수
AMLC000731,,2026-03-08,,approved,easy,정상;full_date,최종 날짜만 승인; OCR 주석 별도 검수
AMLC000732,,2026-03-16,,approved,hard,날짜 없음;반사·흐림·저대비;full_date,최종 날짜만 승인; OCR 주석 별도 검수
AMLC000733,,2026-03-24,,approved,easy,정상;full_date,최종 날짜만 승인; OCR 주석 별도 검수
AMLC000734,,2025-10-28,,approved,easy,정상;full_date,최종 날짜만 승인; OCR 주석 별도 검수
AMLC000735,,2027-01-12,,approved,easy,정상;full_date,최종 날짜만 승인; OCR 주석 별도 검수
AMLC000736,,2026-12-17,,approved,easy,정상;full_date,최종 날짜만 승인; OCR 주석 별도 검수
AMLC000737,,2026-03-04,,approved,hard,반사·흐림·저대비;full_date,최종 날짜만 승인; OCR 주석 별도 검수
AMLC000738,,2026-02-12,,approved,easy,정상;full_date,최종 날짜만 승인; OCR 주석 별도 검수
AMLC000739,,2024-08-07,,approved,easy,정상;full_date,최종 날짜만 승인; OCR 주석 별도 검수
AMLC000740,,2026-07-23,,approved,easy,정상;full_date,최종 날짜만 승인; OCR 주석 별도 검수
AMLC000741,,2025-12-03,,approved,medium,제조일자·소비기한 동시;두 자리 연도;full_date,최종 날짜만 승인; OCR 주석 별도 검수
AMLC000742,,2026-05-01,,approved,hard,날짜 없음;반사·흐림·저대비;full_date,최종 날짜만 승인; OCR 주석 별도 검수
AMLC000743,,2026-11-16,,approved,easy,정상;full_date,최종 날짜만 승인; OCR 주석 별도 검수
AMLC000744,,2027-08-18,,approved,easy,정상;full_date,최종 날짜만 승인; OCR 주석 별도 검수
AMLC000745,,2026-01-10,,approved,medium,두 자리 연도;full_date,최종 날짜만 승인; OCR 주석 별도 검수
AMLC000746,,2026-06-23,,approved,easy,정상;full_date,최종 날짜만 승인; OCR 주석 별도 검수
AMLC000747,,2026-06-22,,approved,easy,정상;full_date,최종 날짜만 승인; OCR 주석 별도 검수
AMLC000748,,2027-01-22,,approved,easy,정상;full_date,최종 날짜만 승인; OCR 주석 별도 검수
AMLC000749,,2026-01-21,,approved,hard,날짜 없음;반사·흐림·저대비;full_date,최종 날짜만 승인; OCR 주석 별도 검수
AMLC000750,,2026-01-06,,approved,easy,정상;full_date,최종 날짜만 승인; OCR 주석 별도 검수
AMLC000751,,2025-05-08,,approved,easy,정상;full_date,최종 날짜만 승인; OCR 주석 별도 검수
AMLC000752,,2026-07-09,,approved,medium,두 자리 연도;full_date,최종 날짜만 승인; OCR 주석 별도 검수
AMLC000753,,2026-03-18,,approved,hard,날짜 없음;반사·흐림·저대비;full_date,최종 날짜만 승인; OCR 주석 별도 검수
AMLC000754,,2026-05-24,,approved,easy,정상;full_date,최종 날짜만 승인; OCR 주석 별도 검수
AMLC000755,,2026-04-30,,approved,easy,정상;full_date,최종 날짜만 승인; OCR 주석 별도 검수
AMLC000756,,2027-02-24,,approved,easy,정상;full_date,최종 날짜만 승인; OCR 주석 별도 검수
AMLC000757,,NONE-10-22,,approved,hard,날짜 없음;반사·흐림·저대비;partial_date,최종 날짜만 승인; OCR 주석 별도 검수
AMLC000758,,2026-03-11,,approved,easy,정상;full_date,최종 날짜만 승인; OCR 주석 별도 검수
AMLC000759,,2026-05-14,,approved,medium,다양한 구분자;full_date,최종 날짜만 승인; OCR 주석 별도 검수
AMLC000760,,NONE-11-20,,approved,hard,날짜 없음;반사·흐림·저대비;partial_date,최종 날짜만 승인; OCR 주석 별도 검수
AMLC000761,,NONE-11-11,,approved,hard,날짜 없음;반사·흐림·저대비;partial_date,최종 날짜만 승인; OCR 주석 별도 검수
AMLC000762,,2026-08-02,,approved,medium,다양한 구분자;full_date,최종 날짜만 승인; OCR 주석 별도 검수
AMLC000763,,NONE-11-12,,approved,hard,날짜 없음;반사·흐림·저대비;partial_date,최종 날짜만 승인; OCR 주석 별도 검수
AMLC000764,,2026-03-12,,approved,hard,날짜 없음;반사·흐림·저대비;full_date,최종 날짜만 승인; OCR 주석 별도 검수
AMLC000765,,2025-11-21,,approved,hard,날짜 없음;반사·흐림·저대비;full_date,최종 날짜만 승인; OCR 주석 별도 검수
AMLC000766,,2024-09-26,,approved,hard,두 자리 연도;다양한 구분자;반사·흐림·저대비;full_date,최종 날짜만 승인; OCR 주석 별도 검수
AMLC000767,,2026-03-12,,approved,hard,날짜 없음;반사·흐림·저대비;full_date,최종 날짜만 승인; OCR 주석 별도 검수
AMLC000768,,2026-06-26,,approved,medium,다양한 구분자;full_date,최종 날짜만 승인; OCR 주석 별도 검수
AMLC000769,,2026-12-10,,approved,easy,정상;full_date,최종 날짜만 승인; OCR 주석 별도 검수
AMLC000770,,2030-04-NONE,,approved,hard,두 자리 연도;다양한 구분자;반사·흐림·저대비;partial_date,최종 날짜만 승인; OCR 주석 별도 검수
AMLC000771,,2026-11-19,,approved,hard,두 자리 연도;다양한 구분자;반사·흐림·저대비;full_date,최종 날짜만 승인; OCR 주석 별도 검수
AMLC000772,,NONE-12-20,,approved,hard,날짜 없음;반사·흐림·저대비;partial_date,최종 날짜만 승인; OCR 주석 별도 검수
AMLC000773,,NONE-12-10,,approved,medium,두 자리 연도;partial_date,최종 날짜만 승인; OCR 주석 별도 검수
AMLC000774,,2026-02-08,,approved,medium,두 자리 연도;full_date,최종 날짜만 승인; OCR 주석 별도 검수
AMLC000775,,2025-12-17,,approved,medium,두 자리 연도;full_date,최종 날짜만 승인; OCR 주석 별도 검수
AMLC000776,,2026-01-09,,approved,easy,정상;full_date,최종 날짜만 승인; OCR 주석 별도 검수
AMLC000777,,2026-03-NONE,,approved,hard,날짜 없음;반사·흐림·저대비;partial_date,최종 날짜만 승인; OCR 주석 별도 검수
AMLC000778,,2026-06-22,,approved,medium,다양한 구분자;full_date,최종 날짜만 승인; OCR 주석 별도 검수
AMLC000779,,2026-06-03,,approved,medium,다양한 구분자;full_date,최종 날짜만 승인; OCR 주석 별도 검수
AMLC000780,,2026-04-27,,approved,easy,정상;full_date,최종 날짜만 승인; OCR 주석 별도 검수
AMLC000781,,2026-10-02,,approved,easy,정상;full_date,최종 날짜만 승인; OCR 주석 별도 검수
AMLC000782,,NONE-12-19,,approved,hard,날짜 없음;반사·흐림·저대비;partial_date,최종 날짜만 승인; OCR 주석 별도 검수
AMLC000783,,2025-12-21,,approved,hard,두 자리 연도;다양한 구분자;반사·흐림·저대비;full_date,최종 날짜만 승인; OCR 주석 별도 검수
AMLC000784,,2027-05-22,,approved,easy,정상;full_date,최종 날짜만 승인; OCR 주석 별도 검수
AMLC000785,,2026-10-15,,approved,hard,반사·흐림·저대비;full_date,최종 날짜만 승인; OCR 주석 별도 검수
AMLC000786,,NONE-12-17,,approved,hard,날짜 없음;반사·흐림·저대비;partial_date,최종 날짜만 승인; OCR 주석 별도 검수
AMLC000787,,2026-04-09,,approved,easy,정상;full_date,최종 날짜만 승인; OCR 주석 별도 검수
AMLC000788,,NONE-12-21,,approved,hard,날짜 없음;반사·흐림·저대비;partial_date,최종 날짜만 승인; OCR 주석 별도 검수
AMLC000789,,NONE-12-19,,approved,hard,날짜 없음;반사·흐림·저대비;partial_date,최종 날짜만 승인; OCR 주석 별도 검수
AMLC000790,,2027-07-NONE,,approved,hard,날짜 없음;반사·흐림·저대비;partial_date,최종 날짜만 승인; OCR 주석 별도 검수
AMLC000791,,2026-06-30,,approved,hard,두 자리 연도;다양한 구분자;반사·흐림·저대비;full_date,최종 날짜만 승인; OCR 주석 별도 검수
AMLC000792,,2026-04-05,,approved,easy,정상;full_date,최종 날짜만 승인; OCR 주석 별도 검수
AMLC000793,,2026-05-06,,approved,easy,정상;full_date,최종 날짜만 승인; OCR 주석 별도 검수
AMLC000794,,2026-10-27,,approved,easy,정상;full_date,최종 날짜만 승인; OCR 주석 별도 검수
AMLC000795,,2026-07-14,,approved,hard,날짜 없음;반사·흐림·저대비;full_date,최종 날짜만 승인; OCR 주석 별도 검수
AMLC000796,,2026-07-14,,approved,hard,날짜 없음;반사·흐림·저대비;full_date,최종 날짜만 승인; OCR 주석 별도 검수
AMLC000797,,2026-08-25,,approved,medium,제조일자·소비기한 동시;다양한 구분자;full_date,최종 날짜만 승인; OCR 주석 별도 검수
AMLC000798,,NONE-12-20,,approved,hard,날짜 없음;반사·흐림·저대비;partial_date,최종 날짜만 승인; OCR 주석 별도 검수
AMLC000799,,NONE-12-20,,approved,hard,날짜 없음;반사·흐림·저대비;partial_date,최종 날짜만 승인; OCR 주석 별도 검수
AMLC000800,,2026-08-12,,approved,easy,정상;full_date,최종 날짜만 승인; OCR 주석 별도 검수
AMLC000801,,2026-03-25,,approved,hard,날짜 없음;반사·흐림·저대비;full_date,최종 날짜만 승인; OCR 주석 별도 검수
AMLC000802,,2026-07-03,,approved,easy,정상;full_date,최종 날짜만 승인; OCR 주석 별도 검수
AMLC000803,,2026-09-13,,approved,medium,다양한 구분자;full_date,최종 날짜만 승인; OCR 주석 별도 검수
AMLC000804,,2027-09-01,,approved,hard,제조일자·소비기한 동시;두 자리 연도;다양한 구분자;반사·흐림·저대비;full_date,최종 날짜만 승인; OCR 주석 별도 검수
AMLC000805,,2027-07-NONE,,approved,hard,날짜 없음;반사·흐림·저대비;partial_date,최종 날짜만 승인; OCR 주석 별도 검수
AMLC000806,,2026-10-02,,approved,medium,다양한 구분자;full_date,최종 날짜만 승인; OCR 주석 별도 검수
AMLC000807,,2026-05-29,,approved,hard,제조일자·소비기한 동시;다양한 구분자;full_date,최종 날짜만 승인; OCR 주석 별도 검수
AMLC000808,,2026-06-12,,approved,easy,정상;full_date,최종 날짜만 승인; OCR 주석 별도 검수
AMLC000809,,2026-08-30,,approved,hard,날짜 없음;반사·흐림·저대비;full_date,최종 날짜만 승인; OCR 주석 별도 검수
AMLC000810,,2026-03-31,,approved,medium,두 자리 연도;full_date,최종 날짜만 승인; OCR 주석 별도 검수
AMLC000811,,2026-03-31,,approved,medium,두 자리 연도;full_date,최종 날짜만 승인; OCR 주석 별도 검수
AMLC000812,,2026-05-29,,approved,hard,제조일자·소비기한 동시;다양한 구분자;full_date,최종 날짜만 승인; OCR 주석 별도 검수
AMLC000813,,2026-08-24,,approved,medium,다양한 구분자;full_date,최종 날짜만 승인; OCR 주석 별도 검수
AMLC000814,,2026-06-22,,approved,hard,날짜 없음;반사·흐림·저대비;full_date,최종 날짜만 승인; OCR 주석 별도 검수
AMLC000815,,2026-06-22,,approved,hard,날짜 없음;반사·흐림·저대비;full_date,최종 날짜만 승인; OCR 주석 별도 검수
AMLC000816,,2026-10-09,,approved,hard,날짜 없음;반사·흐림·저대비;full_date,최종 날짜만 승인; OCR 주석 별도 검수
AMLC000817,,2026-12-05,,approved,hard,날짜 없음;반사·흐림·저대비;full_date,최종 날짜만 승인; OCR 주석 별도 검수
AMLC000818,,2026-12-05,,approved,hard,날짜 없음;반사·흐림·저대비;full_date,최종 날짜만 승인; OCR 주석 별도 검수
AMLC000819,,2026-05-18,,approved,easy,정상;full_date,최종 날짜만 승인; OCR 주석 별도 검수
AMLC000820,,2026-05-18,,approved,hard,제조일자·소비기한 동시;full_date,최종 날짜만 승인; OCR 주석 별도 검수
AMLC000821,,2026-02-02,,approved,hard,날짜 없음;반사·흐림·저대비;full_date,최종 날짜만 승인; OCR 주석 별도 검수
AMLC000822,,2026-02-02,,approved,hard,날짜 없음;반사·흐림·저대비;full_date,최종 날짜만 승인; OCR 주석 별도 검수
AMLC000823,,2027-02-23,,approved,medium,다양한 구분자;full_date,최종 날짜만 승인; OCR 주석 별도 검수
AMLC000824,,NONE-12-18,,approved,hard,날짜 없음;반사·흐림·저대비;partial_date,최종 날짜만 승인; OCR 주석 별도 검수
AMLC000825,,2026-06-22,,approved,easy,정상;full_date,최종 날짜만 승인; OCR 주석 별도 검수
AMLC000826,,2026-06-22,,approved,easy,정상;full_date,최종 날짜만 승인; OCR 주석 별도 검수
AMLC000827,,2026-08-09,,approved,hard,날짜 없음;반사·흐림·저대비;full_date,최종 날짜만 승인; OCR 주석 별도 검수
AMLC000828,,NONE-12-21,,approved,hard,날짜 없음;반사·흐림·저대비;partial_date,최종 날짜만 승인; OCR 주석 별도 검수
AMLC000829,,2026-03-20,,approved,easy,정상;full_date,최종 날짜만 승인; OCR 주석 별도 검수
AMLC000830,,2025-12-20,,approved,medium,두 자리 연도;full_date,최종 날짜만 승인; OCR 주석 별도 검수
AMLC000831,,2025-07-20,,approved,hard,제조일자·소비기한 동시;두 자리 연도;다양한 구분자;반사·흐림·저대비;full_date,최종 날짜만 승인; OCR 주석 별도 검수
AMLC000832,,2026-07-16,,approved,hard,날짜 없음;반사·흐림·저대비;full_date,최종 날짜만 승인; OCR 주석 별도 검수
AMLC000833,,2026-04-27,,approved,easy,정상;full_date,최종 날짜만 승인; OCR 주석 별도 검수
AMLC000834,,2026-02-02,,approved,hard,날짜 없음;반사·흐림·저대비;full_date,최종 날짜만 승인; OCR 주석 별도 검수
AMLC000835,,2026-02-02,,approved,medium,두 자리 연도;다양한 구분자;full_date,최종 날짜만 승인; OCR 주석 별도 검수
AMLC000836,,2026-05-18,,approved,easy,정상;full_date,최종 날짜만 승인; OCR 주석 별도 검수
AMLC000837,,2026-02-21,,approved,medium,두 자리 연도;다양한 구분자;full_date,최종 날짜만 승인; OCR 주석 별도 검수
AMLC000838,,2026-02-21,,approved,medium,두 자리 연도;다양한 구분자;full_date,최종 날짜만 승인; OCR 주석 별도 검수
AMLC000839,,2026-01-03,,approved,medium,제조일자·소비기한 동시;full_date,최종 날짜만 승인; OCR 주석 별도 검수
AMLC000840,,2026-01-01,,approved,medium,두 자리 연도;full_date,최종 날짜만 승인; OCR 주석 별도 검수
AMLC000841,,2025-12-22,,approved,easy,정상;full_date,최종 날짜만 승인; OCR 주석 별도 검수
AMLC000842,,2026-07-03,,approved,hard,제조일자·소비기한 동시;full_date,최종 날짜만 승인; OCR 주석 별도 검수
AMLC000843,,2026-06-17,,approved,hard,제조일자·소비기한 동시;full_date,최종 날짜만 승인; OCR 주석 별도 검수
AMLC000844,,2026-07-03,,approved,medium,다양한 구분자;full_date,최종 날짜만 승인; OCR 주석 별도 검수
AMLC000845,,2026-06-17,,approved,hard,제조일자·소비기한 동시;full_date,최종 날짜만 승인; OCR 주석 별도 검수
AMLC000846,,2026-05-28,,approved,hard,제조일자·소비기한 동시;full_date,최종 날짜만 승인; OCR 주석 별도 검수
AMLC000847,,2026-05-28,,approved,hard,제조일자·소비기한 동시;full_date,최종 날짜만 승인; OCR 주석 별도 검수
AMLC000848,,2026-05-21,,approved,medium,다양한 구분자;full_date,최종 날짜만 승인; OCR 주석 별도 검수
AMLC000849,,2026-05-21,,approved,medium,다양한 구분자;full_date,최종 날짜만 승인; OCR 주석 별도 검수
AMLC000850,,2026-08-09,,approved,medium,제조일자·소비기한 동시;다양한 구분자;full_date,최종 날짜만 승인; OCR 주석 별도 검수
AMLC000851,,2026-06-30,,approved,medium,다양한 구분자;full_date,최종 날짜만 승인; OCR 주석 별도 검수
AMLC000852,,2026-08-14,,approved,hard,날짜 없음;반사·흐림·저대비;full_date,최종 날짜만 승인; OCR 주석 별도 검수
AMLC000853,,2026-09-24,,approved,medium,제조일자·소비기한 동시;두 자리 연도;반사·흐림·저대비;full_date,최종 날짜만 승인; OCR 주석 별도 검수
AMLC000854,,2026-09-04,,approved,medium,제조일자·소비기한 동시;full_date,최종 날짜만 승인; OCR 주석 별도 검수
AMLC000855,,2026-08-25,,approved,medium,제조일자·소비기한 동시;다양한 구분자;full_date,최종 날짜만 승인; OCR 주석 별도 검수
AMLC000856,,2026-06-03,,approved,medium,다양한 구분자;full_date,최종 날짜만 승인; OCR 주석 별도 검수
AMLC000857,,2025-01-28,,approved,medium,다양한 구분자;full_date,최종 날짜만 승인; OCR 주석 별도 검수
AMLC000858,,2021-10-28,,approved,medium,다양한 구분자;full_date,최종 날짜만 승인; OCR 주석 별도 검수
AMLC000859,,2022-07-23,,approved,hard,제조일자·소비기한 동시;full_date,최종 날짜만 승인; OCR 주석 별도 검수
AMLC000860,,2021-10-22,,approved,hard,두 자리 연도;다양한 구분자;반사·흐림·저대비;full_date,최종 날짜만 승인; OCR 주석 별도 검수
AMLC000861,,2023-03-04,,approved,hard,제조일자·소비기한 동시;다양한 구분자;full_date,최종 날짜만 승인; OCR 주석 별도 검수
AMLC000862,,2021-09-25,,approved,hard,날짜 없음;반사·흐림·저대비;full_date,최종 날짜만 승인; OCR 주석 별도 검수
AMLC000863,,2021-10-23,,approved,hard,날짜 없음;반사·흐림·저대비;full_date,최종 날짜만 승인; OCR 주석 별도 검수
AMLC000864,,2021-09-15,,approved,hard,제조일자·소비기한 동시;full_date,최종 날짜만 승인; OCR 주석 별도 검수
AMLC000865,,2021-10-15,,approved,hard,제조일자·소비기한 동시;full_date,최종 날짜만 승인; OCR 주석 별도 검수
AMLC000866,,2021-02-26,,approved,medium,두 자리 연도;다양한 구분자;full_date,최종 날짜만 승인; OCR 주석 별도 검수
AMLC000867,,2021-03-22,,approved,medium,두 자리 연도;다양한 구분자;full_date,최종 날짜만 승인; OCR 주석 별도 검수
AMLC000868,,2021-07-01,,approved,easy,정상;full_date,최종 날짜만 승인; OCR 주석 별도 검수
AMLC000869,,2023-04-03,,approved,hard,날짜 없음;반사·흐림·저대비;full_date,최종 날짜만 승인; OCR 주석 별도 검수
AMLC000870,,2021-05-11,,approved,hard,제조일자·소비기한 동시;다양한 구분자;full_date,최종 날짜만 승인; OCR 주석 별도 검수
AMLC000871,,2021-06-08,,approved,easy,정상;full_date,최종 날짜만 승인; OCR 주석 별도 검수
AMLC000872,,2021-07-03,,approved,medium,제조일자·소비기한 동시;full_date,최종 날짜만 승인; OCR 주석 별도 검수
AMLC000873,,2021-07-09,,approved,hard,두 자리 연도;다양한 구분자;반사·흐림·저대비;full_date,최종 날짜만 승인; OCR 주석 별도 검수
AMLC000874,,2021-12-04,,approved,hard,날짜 없음;반사·흐림·저대비;full_date,최종 날짜만 승인; OCR 주석 별도 검수
AMLC000875,,2021-05-27,,approved,medium,다양한 구분자;full_date,최종 날짜만 승인; OCR 주석 별도 검수
AMLC000876,,2021-04-05,,approved,easy,정상;full_date,최종 날짜만 승인; OCR 주석 별도 검수
AMLC000877,,2022-02-07,,approved,hard,제조일자·소비기한 동시;다양한 구분자;full_date,최종 날짜만 승인; OCR 주석 별도 검수
AMLC000878,,2021-06-02,,approved,easy,정상;full_date,최종 날짜만 승인; OCR 주석 별도 검수
AMLC000879,,2025-05-19,,approved,medium,다양한 구분자;full_date,최종 날짜만 승인; OCR 주석 별도 검수
AMLC000880,,2022-09-02,,approved,easy,정상;full_date,최종 날짜만 승인; OCR 주석 별도 검수
AMLC000881,,2022-09-02,,approved,hard,제조일자·소비기한 동시;다양한 구분자;full_date,최종 날짜만 승인; OCR 주석 별도 검수
AMLC000882,,2021-11-01,,approved,hard,두 자리 연도;다양한 구분자;반사·흐림·저대비;full_date,최종 날짜만 승인; OCR 주석 별도 검수
AMLC000883,,2021-08-31,,approved,hard,두 자리 연도;다양한 구분자;반사·흐림·저대비;full_date,최종 날짜만 승인; OCR 주석 별도 검수
AMLC000884,,2022-01-NONE,,approved,hard,두 자리 연도;다양한 구분자;반사·흐림·저대비;partial_date,최종 날짜만 승인; OCR 주석 별도 검수
AMLC000885,,2022-01-NONE,,approved,easy,정상;partial_date,최종 날짜만 승인; OCR 주석 별도 검수
AMLC000886,,2021-09-20,,approved,easy,정상;full_date,최종 날짜만 승인; OCR 주석 별도 검수
AMLC000887,,2022-05-05,,approved,easy,정상;full_date,최종 날짜만 승인; OCR 주석 별도 검수
AMLC000888,,2021-10-19,,approved,easy,정상;full_date,최종 날짜만 승인; OCR 주석 별도 검수
AMLC000889,,2021-07-21,,approved,easy,정상;full_date,최종 날짜만 승인; OCR 주석 별도 검수
AMLC000890,,2022-06-06,,approved,easy,정상;full_date,최종 날짜만 승인; OCR 주석 별도 검수
AMLC000891,,2021-09-17,,approved,easy,정상;full_date,최종 날짜만 승인; OCR 주석 별도 검수
AMLC000892,,2022-03-11,,approved,medium,다양한 구분자;full_date,최종 날짜만 승인; OCR 주석 별도 검수
AMLC000893,,2022-02-26,,approved,medium,두 자리 연도;full_date,최종 날짜만 승인; OCR 주석 별도 검수
AMLC000894,,NONE-02-01,,approved,medium,두 자리 연도;partial_date,최종 날짜만 승인; OCR 주석 별도 검수
AMLC000895,,NONE-02-02,,approved,easy,정상;partial_date,최종 날짜만 승인; OCR 주석 별도 검수
AMLC000896,,2021-06-10,,approved,easy,정상;full_date,최종 날짜만 승인; OCR 주석 별도 검수
AMLC000897,,2021-08-23,,approved,medium,두 자리 연도;다양한 구분자;full_date,최종 날짜만 승인; OCR 주석 별도 검수
AMLC000898,,2022-03-13,,approved,medium,반사·흐림·저대비;full_date,최종 날짜만 승인; OCR 주석 별도 검수
AMLC000899,,2021-07-29,,approved,easy,정상;full_date,최종 날짜만 승인; OCR 주석 별도 검수
AMLC000900,,2021-05-26,,approved,hard,제조일자·소비기한 동시;두 자리 연도;full_date,최종 날짜만 승인; OCR 주석 별도 검수
AMLC000901,,2021-02-10,,approved,medium,제조일자·소비기한 동시;full_date,최종 날짜만 승인; OCR 주석 별도 검수
AMLC000902,,2021-10-19,,approved,easy,정상;full_date,최종 날짜만 승인; OCR 주석 별도 검수
AMLC000903,,2022-06-11,,approved,medium,다양한 구분자;full_date,최종 날짜만 승인; OCR 주석 별도 검수
AMLC000904,,2021-10-28,,approved,medium,다양한 구분자;full_date,최종 날짜만 승인; OCR 주석 별도 검수
AMLC000905,,2021-07-02,,approved,medium,제조일자·소비기한 동시;다양한 구분자;full_date,최종 날짜만 승인; OCR 주석 별도 검수
AMLC000906,,2021-05-29,,approved,hard,제조일자·소비기한 동시;다양한 구분자;반사·흐림·저대비;full_date,최종 날짜만 승인; OCR 주석 별도 검수
AMLC000907,,2021-07-03,,approved,easy,정상;full_date,최종 날짜만 승인; OCR 주석 별도 검수
AMLC000908,,2021-09-30,,approved,hard,제조일자·소비기한 동시;다양한 구분자;full_date,최종 날짜만 승인; OCR 주석 별도 검수
AMLC000909,,2021-10-24,,approved,easy,정상;full_date,최종 날짜만 승인; OCR 주석 별도 검수
AMLC000910,,2022-09-16,,approved,easy,정상;full_date,최종 날짜만 승인; OCR 주석 별도 검수
AMLC000911,,2021-04-05,,approved,hard,제조일자·소비기한 동시;두 자리 연도;full_date,최종 날짜만 승인; OCR 주석 별도 검수
AMLC000912,,2021-02-05,,approved,medium,두 자리 연도;full_date,최종 날짜만 승인; OCR 주석 별도 검수
AMLC000913,,2022-01-25,,approved,hard,제조일자·소비기한 동시;두 자리 연도;full_date,최종 날짜만 승인; OCR 주석 별도 검수
AMLC000914,,2021-02-22,,approved,medium,다양한 구분자;full_date,최종 날짜만 승인; OCR 주석 별도 검수
AMLC000915,,2022-07-19,,approved,medium,다양한 구분자;full_date,최종 날짜만 승인; OCR 주석 별도 검수
AMLC000916,,2023-10-21,,approved,medium,다양한 구분자;full_date,최종 날짜만 승인; OCR 주석 별도 검수
AMLC000917,,2023-11-14,,approved,hard,제조일자·소비기한 동시;full_date,최종 날짜만 승인; OCR 주석 별도 검수
AMLC000918,,2021-07-23,,approved,hard,제조일자·소비기한 동시;다양한 구분자;full_date,최종 날짜만 승인; OCR 주석 별도 검수
AMLC000919,,2021-08-10,,approved,easy,정상;full_date,최종 날짜만 승인; OCR 주석 별도 검수
AMLC000920,,2022-10-17,,approved,medium,다양한 구분자;full_date,최종 날짜만 승인; OCR 주석 별도 검수
AMLC000921,,2022-06-30,,approved,easy,정상;full_date,최종 날짜만 승인; OCR 주석 별도 검수
AMLC000922,,2021-11-11,,approved,easy,정상;full_date,최종 날짜만 승인; OCR 주석 별도 검수
AMLC000923,,2021-06-25,,approved,hard,날짜 없음;반사·흐림·저대비;full_date,최종 날짜만 승인; OCR 주석 별도 검수
AMLC000924,,2022-02-12,,approved,medium,다양한 구분자;full_date,최종 날짜만 승인; OCR 주석 별도 검수
AMLC000925,,2023-08-03,,approved,medium,제조일자·소비기한 동시;다양한 구분자;full_date,최종 날짜만 승인; OCR 주석 별도 검수
AMLC000926,,2021-11-03,,approved,easy,정상;full_date,최종 날짜만 승인; OCR 주석 별도 검수
AMLC000927,,2021-06-14,,approved,medium,다양한 구분자;full_date,최종 날짜만 승인; OCR 주석 별도 검수
AMLC000928,,2022-02-15,,approved,easy,정상;full_date,최종 날짜만 승인; OCR 주석 별도 검수
AMLC000929,,2021-08-20,,approved,medium,다양한 구분자;full_date,최종 날짜만 승인; OCR 주석 별도 검수
AMLC000930,,2021-12-28,,approved,medium,다양한 구분자;full_date,최종 날짜만 승인; OCR 주석 별도 검수
AMLC000931,,2021-12-28,,approved,hard,제조일자·소비기한 동시;두 자리 연도;다양한 구분자;full_date,최종 날짜만 승인; OCR 주석 별도 검수
AMLC000932,,2021-07-20,,approved,medium,다양한 구분자;full_date,최종 날짜만 승인; OCR 주석 별도 검수
AMLC000933,,2021-03-04,,approved,hard,날짜 없음;반사·흐림·저대비;full_date,최종 날짜만 승인; OCR 주석 별도 검수
AMLC000934,,NONE-02-18,,approved,hard,날짜 없음;반사·흐림·저대비;partial_date,최종 날짜만 승인; OCR 주석 별도 검수
AMLC000935,,NONE-02-18,,approved,hard,날짜 없음;반사·흐림·저대비;partial_date,최종 날짜만 승인; OCR 주석 별도 검수
AMLC000936,,NONE-02-19,,approved,hard,제조일자·소비기한 동시;다양한 구분자;partial_date,최종 날짜만 승인; OCR 주석 별도 검수
AMLC000937,,2021-11-11,,approved,medium,두 자리 연도;다양한 구분자;full_date,최종 날짜만 승인; OCR 주석 별도 검수
AMLC000938,,2021-09-07,,approved,easy,정상;full_date,최종 날짜만 승인; OCR 주석 별도 검수
AMLC000939,,2022-08-24,,approved,easy,정상;full_date,최종 날짜만 승인; OCR 주석 별도 검수
AMLC000940,,2020-08-10,,approved,medium,제조일자·소비기한 동시;full_date,최종 날짜만 승인; OCR 주석 별도 검수
AMLC000941,,2022-06-29,,approved,easy,정상;full_date,최종 날짜만 승인; OCR 주석 별도 검수
AMLC000942,,2022-11-24,,approved,hard,제조일자·소비기한 동시;full_date,최종 날짜만 승인; OCR 주석 별도 검수
AMLC000943,,2021-08-09,,approved,medium,제조일자·소비기한 동시;full_date,최종 날짜만 승인; OCR 주석 별도 검수
AMLC000944,,2021-11-10,,approved,easy,정상;full_date,최종 날짜만 승인; OCR 주석 별도 검수
AMLC000945,,2022-01-11,,approved,medium,두 자리 연도;다양한 구분자;full_date,최종 날짜만 승인; OCR 주석 별도 검수
AMLC000946,,2021-02-21,,approved,easy,정상;full_date,최종 날짜만 승인; OCR 주석 별도 검수
AMLC000947,,2021-05-15,,approved,easy,정상;full_date,최종 날짜만 승인; OCR 주석 별도 검수
AMLC000948,,2020-02-27,,approved,easy,정상;full_date,최종 날짜만 승인; OCR 주석 별도 검수
AMLC000949,,2021-06-28,,approved,hard,제조일자·소비기한 동시;full_date,최종 날짜만 승인; OCR 주석 별도 검수
AMLC000950,,2021-07-13,,approved,easy,정상;full_date,최종 날짜만 승인; OCR 주석 별도 검수
AMLC000951,,2020-12-09,,approved,easy,정상;full_date,최종 날짜만 승인; OCR 주석 별도 검수
AMLC000952,,2020-09-08,,approved,medium,제조일자·소비기한 동시;full_date,최종 날짜만 승인; OCR 주석 별도 검수
AMLC000953,,2021-07-07,,approved,hard,두 자리 연도;다양한 구분자;반사·흐림·저대비;full_date,최종 날짜만 승인; OCR 주석 별도 검수
AMLC000954,,2022-10-NONE,,approved,easy,정상;partial_date,최종 날짜만 승인; OCR 주석 별도 검수
AMLC000955,,2019-07-16,,approved,easy,정상;full_date,최종 날짜만 승인; OCR 주석 별도 검수
AMLC000956,,2021-06-28,,approved,hard,제조일자·소비기한 동시;full_date,최종 날짜만 승인; OCR 주석 별도 검수
AMLC000957,,2021-10-07,,approved,easy,정상;full_date,최종 날짜만 승인; OCR 주석 별도 검수
AMLC000958,,2021-03-18,,approved,easy,정상;full_date,최종 날짜만 승인; OCR 주석 별도 검수
AMLC000959,,2021-12-28,,approved,easy,정상;full_date,최종 날짜만 승인; OCR 주석 별도 검수
AMLC000960,,2022-04-15,,approved,medium,두 자리 연도;full_date,최종 날짜만 승인; OCR 주석 별도 검수
AMLC000961,,2021-09-13,,approved,hard,제조일자·소비기한 동시;full_date,최종 날짜만 승인; OCR 주석 별도 검수
AMLC000962,,2021-04-30,,approved,hard,제조일자·소비기한 동시;다양한 구분자;full_date,최종 날짜만 승인; OCR 주석 별도 검수
AMLC000963,,2021-10-07,,approved,easy,정상;full_date,최종 날짜만 승인; OCR 주석 별도 검수
AMLC000964,,2021-05-12,,approved,easy,정상;full_date,최종 날짜만 승인; OCR 주석 별도 검수
AMLC000965,,2022-01-06,,approved,easy,정상;full_date,최종 날짜만 승인; OCR 주석 별도 검수
AMLC000966,,2022-12-20,,approved,easy,정상;full_date,최종 날짜만 승인; OCR 주석 별도 검수
AMLC000967,,2022-09-01,,approved,easy,정상;full_date,최종 날짜만 승인; OCR 주석 별도 검수
AMLC000968,,2022-08-10,,approved,easy,정상;full_date,최종 날짜만 승인; OCR 주석 별도 검수
AMLC000969,,2022-05-27,,approved,easy,정상;full_date,최종 날짜만 승인; OCR 주석 별도 검수
AMLC000970,,2021-10-14,,approved,easy,정상;full_date,최종 날짜만 승인; OCR 주석 별도 검수
AMLC000971,,2022-06-23,,approved,medium,제조일자·소비기한 동시;full_date,최종 날짜만 승인; OCR 주석 별도 검수
AMLC000972,,2022-07-04,,approved,medium,제조일자·소비기한 동시;full_date,최종 날짜만 승인; OCR 주석 별도 검수
AMLC000973,,2022-01-04,,approved,easy,정상;full_date,최종 날짜만 승인; OCR 주석 별도 검수
AMLC000974,,2022-05-04,,approved,medium,다양한 구분자;full_date,최종 날짜만 승인; OCR 주석 별도 검수
AMLC000975,,2021-12-06,,approved,easy,정상;full_date,최종 날짜만 승인; OCR 주석 별도 검수
AMLC000976,,2021-03-15,,approved,hard,날짜 없음;반사·흐림·저대비;full_date,최종 날짜만 승인; OCR 주석 별도 검수
AMLC000977,,NONE-01-24,,approved,medium,다양한 구분자;partial_date,최종 날짜만 승인; OCR 주석 별도 검수
AMLC000978,,2023-09-18,,approved,hard,제조일자·소비기한 동시;다양한 구분자;full_date,최종 날짜만 승인; OCR 주석 별도 검수
AMLC000979,,2021-09-30,,approved,easy,정상;full_date,최종 날짜만 승인; OCR 주석 별도 검수
AMLC000980,,2021-07-31,,approved,medium,다양한 구분자;full_date,최종 날짜만 승인; OCR 주석 별도 검수
AMLC000981,,2023-09-24,,approved,medium,두 자리 연도;full_date,최종 날짜만 승인; OCR 주석 별도 검수
AMLC000982,,2021-10-13,,approved,easy,정상;full_date,최종 날짜만 승인; OCR 주석 별도 검수
AMLC000983,,2021-06-17,,approved,easy,정상;full_date,최종 날짜만 승인; OCR 주석 별도 검수
AMLC000984,,2021-07-09,,approved,medium,제조일자·소비기한 동시;full_date,최종 날짜만 승인; OCR 주석 별도 검수
AMLC000985,,2023-10-09,,approved,easy,정상;full_date,최종 날짜만 승인; OCR 주석 별도 검수
AMLC000986,,2022-06-14,,approved,hard,제조일자·소비기한 동시;다양한 구분자;full_date,최종 날짜만 승인; OCR 주석 별도 검수
AMLC000987,,2023-08-05,,approved,medium,제조일자·소비기한 동시;full_date,최종 날짜만 승인; OCR 주석 별도 검수
AMLC000988,,2021-04-16,,approved,medium,제조일자·소비기한 동시;full_date,최종 날짜만 승인; OCR 주석 별도 검수
AMLC000989,,2021-03-19,,approved,hard,다양한 구분자;반사·흐림·저대비;full_date,최종 날짜만 승인; OCR 주석 별도 검수
AMLC000990,,2021-05-25,,approved,medium,두 자리 연도;다양한 구분자;full_date,최종 날짜만 승인; OCR 주석 별도 검수
AMLC000991,,2022-01-12,,approved,medium,제조일자·소비기한 동시;full_date,최종 날짜만 승인; OCR 주석 별도 검수
AMLC000992,,2021-06-11,,approved,medium,제조일자·소비기한 동시;full_date,최종 날짜만 승인; OCR 주석 별도 검수
AMLC000993,,2021-03-18,,approved,medium,제조일자·소비기한 동시;full_date,최종 날짜만 승인; OCR 주석 별도 검수
AMLC000994,,2021-03-14,,approved,easy,정상;full_date,최종 날짜만 승인; OCR 주석 별도 검수
AMLC000995,,2021-03-14,,approved,medium,제조일자·소비기한 동시;full_date,최종 날짜만 승인; OCR 주석 별도 검수
AMLC000996,,2021-08-26,,approved,easy,정상;full_date,최종 날짜만 승인; OCR 주석 별도 검수
AMLC000997,,2021-03-27,,approved,medium,두 자리 연도;full_date,최종 날짜만 승인; OCR 주석 별도 검수
AMLC000998,,2021-02-28,,approved,medium,두 자리 연도;full_date,최종 날짜만 승인; OCR 주석 별도 검수
AMLC000999,,2021-03-22,,approved,easy,정상;full_date,최종 날짜만 승인; OCR 주석 별도 검수
AMLC001000,,2022-07-12,,approved,easy,정상;full_date,최종 날짜만 승인; OCR 주석 별도 검수
AMLC001001,,2023-11-15,,approved,easy,정상;full_date,최종 날짜만 승인; OCR 주석 별도 검수
AMLC001002,,2022-01-12,,approved,easy,정상;full_date,최종 날짜만 승인; OCR 주석 별도 검수
AMLC001003,,2022-01-20,,approved,easy,정상;full_date,최종 날짜만 승인; OCR 주석 별도 검수
AMLC001004,,2021-12-16,,approved,easy,정상;full_date,최종 날짜만 승인; OCR 주석 별도 검수
AMLC001005,,2023-01-10,,approved,hard,제조일자·소비기한 동시;full_date,최종 날짜만 승인; OCR 주석 별도 검수
AMLC001006,,2021-10-09,,approved,medium,제조일자·소비기한 동시;full_date,최종 날짜만 승인; OCR 주석 별도 검수
AMLC001007,,2021-12-28,,approved,hard,제조일자·소비기한 동시;두 자리 연도;다양한 구분자;반사·흐림·저대비;full_date,최종 날짜만 승인; OCR 주석 별도 검수
AMLC001008,,NONE-02-07,,approved,hard,날짜 없음;반사·흐림·저대비;partial_date,최종 날짜만 승인; OCR 주석 별도 검수
AMLC001009,,NONE-02-12,,approved,medium,제조일자·소비기한 동시;partial_date,최종 날짜만 승인; OCR 주석 별도 검수
AMLC001010,,2021-02-19,,approved,hard,두 자리 연도;다양한 구분자;반사·흐림·저대비;full_date,최종 날짜만 승인; OCR 주석 별도 검수
AMLC001011,,2021-03-03,,approved,hard,제조일자·소비기한 동시;다양한 구분자;full_date,최종 날짜만 승인; OCR 주석 별도 검수
AMLC001012,,2022-09-24,,approved,medium,두 자리 연도;다양한 구분자;full_date,최종 날짜만 승인; OCR 주석 별도 검수
AMLC001013,,2021-07-17,,approved,easy,정상;full_date,최종 날짜만 승인; OCR 주석 별도 검수
AMLC001014,,2021-10-23,,approved,easy,정상;full_date,최종 날짜만 승인; OCR 주석 별도 검수
AMLC001015,,2021-02-28,,approved,hard,제조일자·소비기한 동시;full_date,최종 날짜만 승인; OCR 주석 별도 검수
AMLC001016,,2022-03-14,,approved,medium,두 자리 연도;다양한 구분자;full_date,최종 날짜만 승인; OCR 주석 별도 검수
AMLC001017,,2021-06-28,,approved,easy,정상;full_date,최종 날짜만 승인; OCR 주석 별도 검수
AMLC001018,,2021-05-25,,approved,medium,제조일자·소비기한 동시;full_date,최종 날짜만 승인; OCR 주석 별도 검수
AMLC001019,,2021-12-13,,approved,easy,정상;full_date,최종 날짜만 승인; OCR 주석 별도 검수
AMLC001020,,2022-07-31,,approved,hard,제조일자·소비기한 동시;다양한 구분자;full_date,최종 날짜만 승인; OCR 주석 별도 검수
AMLC001021,,2021-09-18,,approved,medium,다양한 구분자;full_date,최종 날짜만 승인; OCR 주석 별도 검수
AMLC001022,,2021-10-31,,approved,hard,제조일자·소비기한 동시;full_date,최종 날짜만 승인; OCR 주석 별도 검수
AMLC001023,,2021-09-21,,approved,medium,두 자리 연도;full_date,최종 날짜만 승인; OCR 주석 별도 검수
AMLC001024,,2021-02-07,,approved,medium,다양한 구분자;full_date,최종 날짜만 승인; OCR 주석 별도 검수
AMLC001025,,2021-08-10,,approved,medium,두 자리 연도;full_date,최종 날짜만 승인; OCR 주석 별도 검수
AMLC001026,,2021-04-23,,approved,easy,정상;full_date,최종 날짜만 승인; OCR 주석 별도 검수
AMLC001027,,2021-12-06,,approved,easy,정상;full_date,최종 날짜만 승인; OCR 주석 별도 검수
AMLC001028,,2021-03-01,,approved,hard,날짜 없음;반사·흐림·저대비;full_date,최종 날짜만 승인; OCR 주석 별도 검수
AMLC001029,,2022-01-20,,approved,medium,다양한 구분자;full_date,최종 날짜만 승인; OCR 주석 별도 검수
AMLC001030,,2021-08-31,,approved,medium,두 자리 연도;full_date,최종 날짜만 승인; OCR 주석 별도 검수
AMLC001031,,2022-01-18,,approved,hard,날짜 없음;반사·흐림·저대비;full_date,최종 날짜만 승인; OCR 주석 별도 검수
AMLC001032,,2021-09-NONE,,approved,easy,정상;partial_date,최종 날짜만 승인; OCR 주석 별도 검수
AMLC001033,,2021-03-14,,approved,hard,두 자리 연도;다양한 구분자;반사·흐림·저대비;full_date,최종 날짜만 승인; OCR 주석 별도 검수
AMLC001034,,2021-09-07,,approved,hard,제조일자·소비기한 동시;다양한 구분자;full_date,최종 날짜만 승인; OCR 주석 별도 검수
AMLC001035,,2021-12-01,,approved,hard,날짜 없음;반사·흐림·저대비;full_date,최종 날짜만 승인; OCR 주석 별도 검수
AMLC001036,,2023-09-01,,approved,medium,다양한 구분자;full_date,최종 날짜만 승인; OCR 주석 별도 검수
AMLC001037,,2022-04-14,,approved,easy,정상;full_date,최종 날짜만 승인; OCR 주석 별도 검수
AMLC001038,,2021-10-08,,approved,medium,두 자리 연도;full_date,최종 날짜만 승인; OCR 주석 별도 검수
AMLC001039,,2021-09-28,,approved,hard,반사·흐림·저대비;full_date,최종 날짜만 승인; OCR 주석 별도 검수
AMLC001040,,2020-04-23,,approved,hard,제조일자·소비기한 동시;full_date,최종 날짜만 승인; OCR 주석 별도 검수
AMLC001041,,2019-06-28,,approved,hard,두 자리 연도;다양한 구분자;반사·흐림·저대비;full_date,최종 날짜만 승인; OCR 주석 별도 검수
AMLC001042,,2020-12-08,,approved,hard,제조일자·소비기한 동시;다양한 구분자;full_date,최종 날짜만 승인; OCR 주석 별도 검수
AMLC001043,,2021-02-11,,approved,medium,두 자리 연도;full_date,최종 날짜만 승인; OCR 주석 별도 검수
AMLC001044,,2021-10-18,,approved,medium,다양한 구분자;full_date,최종 날짜만 승인; OCR 주석 별도 검수
AMLC001045,,2021-10-10,,approved,medium,제조일자·소비기한 동시;full_date,최종 날짜만 승인; OCR 주석 별도 검수
AMLC001046,,2021-10-20,,approved,easy,정상;full_date,최종 날짜만 승인; OCR 주석 별도 검수
AMLC001047,,2022-07-16,,approved,hard,제조일자·소비기한 동시;다양한 구분자;full_date,최종 날짜만 승인; OCR 주석 별도 검수
AMLC001048,,2023-02-28,,approved,hard,날짜 없음;반사·흐림·저대비;full_date,최종 날짜만 승인; OCR 주석 별도 검수
AMLC001049,,2021-05-NONE,,approved,easy,정상;partial_date,최종 날짜만 승인; OCR 주석 별도 검수
AMLC001050,,2020-08-18,,approved,hard,제조일자·소비기한 동시;full_date,최종 날짜만 승인; OCR 주석 별도 검수
AMLC001051,,2021-08-03,,approved,easy,정상;full_date,최종 날짜만 승인; OCR 주석 별도 검수
AMLC001052,,2021-07-03,,approved,easy,정상;full_date,최종 날짜만 승인; OCR 주석 별도 검수
AMLC001053,,2021-05-15,,approved,medium,다양한 구분자;full_date,최종 날짜만 승인; OCR 주석 별도 검수
AMLC001054,,2021-06-13,,approved,easy,정상;full_date,최종 날짜만 승인; OCR 주석 별도 검수
AMLC001055,,2022-05-30,,approved,easy,정상;full_date,최종 날짜만 승인; OCR 주석 별도 검수
AMLC001056,,2021-01-14,,approved,easy,정상;full_date,최종 날짜만 승인; OCR 주석 별도 검수
AMLC001057,,2021-11-10,,approved,hard,제조일자·소비기한 동시;다양한 구분자;full_date,최종 날짜만 승인; OCR 주석 별도 검수
AMLC001058,,2021-04-11,,approved,medium,제조일자·소비기한 동시;full_date,최종 날짜만 승인; OCR 주석 별도 검수
AMLC001059,,2022-06-27,,approved,medium,제조일자·소비기한 동시;두 자리 연도;full_date,최종 날짜만 승인; OCR 주석 별도 검수
AMLC001060,,2022-01-11,,approved,medium,제조일자·소비기한 동시;full_date,최종 날짜만 승인; OCR 주석 별도 검수
AMLC001061,,2021-10-28,,approved,hard,날짜 없음;반사·흐림·저대비;full_date,최종 날짜만 승인; OCR 주석 별도 검수
AMLC001062,,2021-05-05,,approved,easy,정상;full_date,최종 날짜만 승인; OCR 주석 별도 검수
AMLC001063,,2021-03-09,,approved,medium,두 자리 연도;full_date,최종 날짜만 승인; OCR 주석 별도 검수
AMLC001064,,2020-09-26,,approved,hard,날짜 없음;반사·흐림·저대비;full_date,최종 날짜만 승인; OCR 주석 별도 검수
AMLC001065,,NONE-01-28,,approved,hard,날짜 없음;반사·흐림·저대비;partial_date,최종 날짜만 승인; OCR 주석 별도 검수
AMLC001066,,NONE-01-31,,approved,easy,정상;partial_date,최종 날짜만 승인; OCR 주석 별도 검수
AMLC001067,,2020-12-19,,approved,easy,정상;full_date,최종 날짜만 승인; OCR 주석 별도 검수
AMLC001068,,2022-06-13,,approved,hard,제조일자·소비기한 동시;다양한 구분자;full_date,최종 날짜만 승인; OCR 주석 별도 검수
AMLC001069,,2023-12-31,,approved,easy,정상;full_date,최종 날짜만 승인; OCR 주석 별도 검수
AMLC001070,,2021-11-01,,approved,medium,제조일자·소비기한 동시;두 자리 연도;full_date,최종 날짜만 승인; OCR 주석 별도 검수
AMLC001071,,2022-01-19,,approved,medium,다양한 구분자;full_date,최종 날짜만 승인; OCR 주석 별도 검수
AMLC001072,,2021-07-15,,approved,medium,제조일자·소비기한 동시;두 자리 연도;full_date,최종 날짜만 승인; OCR 주석 별도 검수
AMLC001073,,2021-04-11,,approved,easy,정상;full_date,최종 날짜만 승인; OCR 주석 별도 검수
AMLC001074,,2021-08-19,,approved,easy,정상;full_date,최종 날짜만 승인; OCR 주석 별도 검수
AMLC001075,,2019-09-13,,approved,medium,다양한 구분자;full_date,최종 날짜만 승인; OCR 주석 별도 검수
AMLC001076,,2023-07-03,,approved,medium,다양한 구분자;full_date,최종 날짜만 승인; OCR 주석 별도 검수
AMLC001077,,2022-03-15,,approved,hard,제조일자·소비기한 동시;다양한 구분자;full_date,최종 날짜만 승인; OCR 주석 별도 검수
AMLC001078,,2021-08-30,,approved,hard,날짜 없음;반사·흐림·저대비;full_date,최종 날짜만 승인; OCR 주석 별도 검수
AMLC001079,,2021-03-25,,approved,easy,정상;full_date,최종 날짜만 승인; OCR 주석 별도 검수
AMLC001080,,2022-12-03,,approved,medium,두 자리 연도;다양한 구분자;full_date,최종 날짜만 승인; OCR 주석 별도 검수
AMLC001081,,2022-06-NONE,,approved,easy,정상;partial_date,최종 날짜만 승인; OCR 주석 별도 검수
AMLC001082,,2022-09-05,,approved,hard,제조일자·소비기한 동시;다양한 구분자;full_date,최종 날짜만 승인; OCR 주석 별도 검수
AMLC001083,,2021-10-11,,approved,medium,다양한 구분자;full_date,최종 날짜만 승인; OCR 주석 별도 검수
AMLC001084,,2023-07-08,,approved,hard,제조일자·소비기한 동시;다양한 구분자;full_date,최종 날짜만 승인; OCR 주석 별도 검수
AMLC001085,,2022-06-17,,approved,medium,제조일자·소비기한 동시;full_date,최종 날짜만 승인; OCR 주석 별도 검수
AMLC001086,,2021-11-07,,approved,easy,정상;full_date,최종 날짜만 승인; OCR 주석 별도 검수
AMLC001087,,2021-11-04,,approved,hard,제조일자·소비기한 동시;다양한 구분자;full_date,최종 날짜만 승인; OCR 주석 별도 검수
AMLC001088,,2022-01-03,,approved,medium,다양한 구분자;full_date,최종 날짜만 승인; OCR 주석 별도 검수
AMLC001089,,2022-10-09,,approved,medium,두 자리 연도;다양한 구분자;full_date,최종 날짜만 승인; OCR 주석 별도 검수
AMLC001090,,2025-08-05,,approved,hard,제조일자·소비기한 동시;다양한 구분자;full_date,최종 날짜만 승인; OCR 주석 별도 검수
AMLC001091,,2025-04-01,,approved,medium,다양한 구분자;full_date,최종 날짜만 승인; OCR 주석 별도 검수
AMLC001092,,2022-04-23,,approved,hard,제조일자·소비기한 동시;다양한 구분자;full_date,최종 날짜만 승인; OCR 주석 별도 검수
AMLC001093,,2022-11-21,,approved,hard,두 자리 연도;다양한 구분자;반사·흐림·저대비;full_date,최종 날짜만 승인; OCR 주석 별도 검수
AMLC001094,,2023-10-01,,approved,easy,정상;full_date,최종 날짜만 승인; OCR 주석 별도 검수
AMLC001095,,2023-05-22,,approved,medium,두 자리 연도;다양한 구분자;full_date,최종 날짜만 승인; OCR 주석 별도 검수
AMLC001096,,2024-11-21,,approved,medium,제조일자·소비기한 동시;다양한 구분자;full_date,최종 날짜만 승인; OCR 주석 별도 검수
AMLC001097,,2022-11-05,,approved,medium,다양한 구분자;full_date,최종 날짜만 승인; OCR 주석 별도 검수
AMLC001098,,2020-09-21,,approved,medium,두 자리 연도;다양한 구분자;full_date,최종 날짜만 승인; OCR 주석 별도 검수
AMLC001099,,2021-11-NONE,,approved,hard,두 자리 연도;다양한 구분자;반사·흐림·저대비;partial_date,최종 날짜만 승인; OCR 주석 별도 검수
AMLC001100,,2023-11-NONE,,approved,hard,제조일자·소비기한 동시;다양한 구분자;partial_date,최종 날짜만 승인; OCR 주석 별도 검수
AMLC001101,,2021-06-24,,approved,easy,정상;full_date,최종 날짜만 승인; OCR 주석 별도 검수
AMLC001102,,2021-07-28,,approved,medium,제조일자·소비기한 동시;두 자리 연도;full_date,최종 날짜만 승인; OCR 주석 별도 검수
AMLC001103,,2021-11-29,,approved,hard,제조일자·소비기한 동시;다양한 구분자;full_date,최종 날짜만 승인; OCR 주석 별도 검수
AMLC001104,,2021-09-14,,approved,easy,정상;full_date,최종 날짜만 승인; OCR 주석 별도 검수
AMLC001105,,2021-04-12,,approved,easy,정상;full_date,최종 날짜만 승인; OCR 주석 별도 검수
AMLC001106,,2021-07-19,,approved,hard,제조일자·소비기한 동시;다양한 구분자;full_date,최종 날짜만 승인; OCR 주석 별도 검수
AMLC001107,,2022-11-06,,approved,medium,두 자리 연도;다양한 구분자;full_date,최종 날짜만 승인; OCR 주석 별도 검수
AMLC001108,,2021-04-30,,approved,medium,다양한 구분자;full_date,최종 날짜만 승인; OCR 주석 별도 검수
AMLC001109,,2022-10-20,,approved,easy,정상;full_date,최종 날짜만 승인; OCR 주석 별도 검수
AMLC001110,,2022-01-15,,approved,easy,정상;full_date,최종 날짜만 승인; OCR 주석 별도 검수
AMLC001111,,2021-12-09,,approved,hard,제조일자·소비기한 동시;다양한 구분자;full_date,최종 날짜만 승인; OCR 주석 별도 검수
AMLC001112,,2022-12-07,,approved,hard,제조일자·소비기한 동시;다양한 구분자;full_date,최종 날짜만 승인; OCR 주석 별도 검수
AMLC001113,,2021-11-22,,approved,easy,정상;full_date,최종 날짜만 승인; OCR 주석 별도 검수
AMLC001114,,2022-02-15,,approved,hard,제조일자·소비기한 동시;다양한 구분자;full_date,최종 날짜만 승인; OCR 주석 별도 검수
AMLC001115,,2023-07-09,,approved,medium,두 자리 연도;다양한 구분자;full_date,최종 날짜만 승인; OCR 주석 별도 검수
AMLC001116,,2021-07-22,,approved,easy,정상;full_date,최종 날짜만 승인; OCR 주석 별도 검수
AMLC001117,,2021-07-19,,approved,easy,정상;full_date,최종 날짜만 승인; OCR 주석 별도 검수
AMLC001118,,NONE,,approved,easy,정상;no_expiry,최종 날짜만 승인; OCR 주석 별도 검수
AMLC001119,,2021-04-19,,approved,hard,두 자리 연도;다양한 구분자;반사·흐림·저대비;full_date,최종 날짜만 승인; OCR 주석 별도 검수
AMLC001120,,2021-12-NONE,,approved,hard,제조일자·소비기한 동시;다양한 구분자;partial_date,최종 날짜만 승인; OCR 주석 별도 검수
AMLC001121,,2021-10-26,,approved,medium,두 자리 연도;다양한 구분자;full_date,최종 날짜만 승인; OCR 주석 별도 검수
AMLC001122,,2021-07-04,,approved,hard,제조일자·소비기한 동시;full_date,최종 날짜만 승인; OCR 주석 별도 검수
AMLC001123,,2021-06-08,,approved,hard,제조일자·소비기한 동시;다양한 구분자;full_date,최종 날짜만 승인; OCR 주석 별도 검수
AMLC001124,,2021-11-25,,approved,medium,다양한 구분자;full_date,최종 날짜만 승인; OCR 주석 별도 검수
AMLC001125,,2021-09-10,,approved,medium,제조일자·소비기한 동시;다양한 구분자;반사·흐림·저대비;full_date,최종 날짜만 승인; OCR 주석 별도 검수
AMLC001126,,2021-08-10,,approved,hard,제조일자·소비기한 동시;다양한 구분자;full_date,최종 날짜만 승인; OCR 주석 별도 검수
AMLC001127,,2021-08-27,,approved,medium,다양한 구분자;full_date,최종 날짜만 승인; OCR 주석 별도 검수
AMLC001128,,2021-10-31,,approved,hard,제조일자·소비기한 동시;full_date,최종 날짜만 승인; OCR 주석 별도 검수
AMLC001129,,2021-08-21,,approved,hard,제조일자·소비기한 동시;full_date,최종 날짜만 승인; OCR 주석 별도 검수
AMLC001130,,2021-06-09,,approved,easy,정상;full_date,최종 날짜만 승인; OCR 주석 별도 검수
AMLC001131,,2022-06-27,,approved,hard,제조일자·소비기한 동시;다양한 구분자;full_date,최종 날짜만 승인; OCR 주석 별도 검수
AMLC001132,,2022-07-06,,approved,easy,정상;full_date,최종 날짜만 승인; OCR 주석 별도 검수
AMLC001133,,2021-07-22,,approved,hard,두 자리 연도;다양한 구분자;반사·흐림·저대비;full_date,최종 날짜만 승인; OCR 주석 별도 검수
AMLC001134,,2022-08-NONE,,approved,hard,두 자리 연도;다양한 구분자;반사·흐림·저대비;partial_date,최종 날짜만 승인; OCR 주석 별도 검수
AMLC001135,,2020-12-NONE,,approved,medium,두 자리 연도;partial_date,최종 날짜만 승인; OCR 주석 별도 검수
AMLC001136,,2021-09-02,,approved,medium,제조일자·소비기한 동시;full_date,최종 날짜만 승인; OCR 주석 별도 검수
AMLC001137,,2021-10-13,,approved,hard,날짜 없음;반사·흐림·저대비;full_date,최종 날짜만 승인; OCR 주석 별도 검수
AMLC001138,,2021-02-NONE,,approved,easy,정상;partial_date,최종 날짜만 승인; OCR 주석 별도 검수
AMLC001139,,2022-11-01,,approved,hard,제조일자·소비기한 동시;full_date,최종 날짜만 승인; OCR 주석 별도 검수
AMLC001140,,2021-06-29,,approved,hard,날짜 없음;반사·흐림·저대비;full_date,최종 날짜만 승인; OCR 주석 별도 검수
AMLC001141,,2021-08-19,,approved,medium,두 자리 연도;full_date,최종 날짜만 승인; OCR 주석 별도 검수
AMLC001142,,2025-09-21,,approved,easy,정상;full_date,최종 날짜만 승인; OCR 주석 별도 검수
AMLC001143,,2021-12-03,,approved,medium,다양한 구분자;full_date,최종 날짜만 승인; OCR 주석 별도 검수
AMLC001144,,2022-04-27,,approved,hard,제조일자·소비기한 동시;full_date,최종 날짜만 승인; OCR 주석 별도 검수
AMLC001145,,2022-03-07,,approved,hard,날짜 없음;반사·흐림·저대비;full_date,최종 날짜만 승인; OCR 주석 별도 검수
AMLC001146,,2022-05-NONE,,approved,medium,다양한 구분자;partial_date,최종 날짜만 승인; OCR 주석 별도 검수
AMLC001147,,2021-12-02,,approved,easy,정상;full_date,최종 날짜만 승인; OCR 주석 별도 검수
AMLC001148,,2021-01-22,,approved,hard,날짜 없음;반사·흐림·저대비;full_date,최종 날짜만 승인; OCR 주석 별도 검수
AMLC001149,,2021-04-09,,approved,easy,정상;full_date,최종 날짜만 승인; OCR 주석 별도 검수
AMLC001150,,2023-01-05,,approved,hard,날짜 없음;반사·흐림·저대비;full_date,최종 날짜만 승인; OCR 주석 별도 검수
AMLC001151,,2018-09-NONE,,approved,easy,정상;partial_date,최종 날짜만 승인; OCR 주석 별도 검수
AMLC001152,,2022-04-25,,approved,hard,두 자리 연도;다양한 구분자;반사·흐림·저대비;full_date,최종 날짜만 승인; OCR 주석 별도 검수
AMLC001153,,2021-07-17,,approved,easy,정상;full_date,최종 날짜만 승인; OCR 주석 별도 검수
AMLC001154,,2021-06-20,,approved,easy,정상;full_date,최종 날짜만 승인; OCR 주석 별도 검수
AMLC001155,,2021-02-25,,approved,hard,제조일자·소비기한 동시;다양한 구분자;full_date,최종 날짜만 승인; OCR 주석 별도 검수
AMLC001156,,2022-07-14,,approved,medium,반사·흐림·저대비;full_date,최종 날짜만 승인; OCR 주석 별도 검수
AMLC001157,,2021-09-01,,approved,easy,정상;full_date,최종 날짜만 승인; OCR 주석 별도 검수
AMLC001158,,2022-11-01,,approved,medium,두 자리 연도;다양한 구분자;full_date,최종 날짜만 승인; OCR 주석 별도 검수
AMLC001159,,2021-07-23,,approved,hard,날짜 없음;반사·흐림·저대비;full_date,최종 날짜만 승인; OCR 주석 별도 검수
AMLC001160,,2022-01-29,,approved,easy,정상;full_date,최종 날짜만 승인; OCR 주석 별도 검수
AMLC001161,,2020-09-29,,approved,easy,정상;full_date,최종 날짜만 승인; OCR 주석 별도 검수
AMLC001162,,2021-07-31,,approved,medium,두 자리 연도;다양한 구분자;full_date,최종 날짜만 승인; OCR 주석 별도 검수
AMLC001163,,2021-12-16,,approved,medium,두 자리 연도;full_date,최종 날짜만 승인; OCR 주석 별도 검수
AMLC001164,,2021-05-25,,approved,hard,두 자리 연도;다양한 구분자;반사·흐림·저대비;full_date,최종 날짜만 승인; OCR 주석 별도 검수
AMLC001165,,2022-09-06,,approved,easy,정상;full_date,최종 날짜만 승인; OCR 주석 별도 검수
AMLC001166,,2021-07-23,,approved,medium,제조일자·소비기한 동시;두 자리 연도;full_date,최종 날짜만 승인; OCR 주석 별도 검수
AMLC001167,,2022-04-20,,approved,easy,정상;full_date,최종 날짜만 승인; OCR 주석 별도 검수
AMLC001168,,2021-11-05,,approved,easy,정상;full_date,최종 날짜만 승인; OCR 주석 별도 검수
AMLC001169,,2021-07-18,,approved,easy,정상;full_date,최종 날짜만 승인; OCR 주석 별도 검수
AMLC001170,,2021-07-01,,approved,medium,다양한 구분자;full_date,최종 날짜만 승인; OCR 주석 별도 검수
AMLC001171,,2021-11-NONE,,approved,medium,두 자리 연도;다양한 구분자;partial_date,최종 날짜만 승인; OCR 주석 별도 검수
AMLC001172,,2021-06-22,,approved,hard,제조일자·소비기한 동시;full_date,최종 날짜만 승인; OCR 주석 별도 검수
AMLC001173,,2020-04-17,,approved,easy,정상;full_date,최종 날짜만 승인; OCR 주석 별도 검수
AMLC001174,,2020-08-12,,approved,easy,정상;full_date,최종 날짜만 승인; OCR 주석 별도 검수
AMLC001175,,2021-01-23,,approved,easy,정상;full_date,최종 날짜만 승인; OCR 주석 별도 검수
AMLC001176,,2021-09-29,,approved,easy,정상;full_date,최종 날짜만 승인; OCR 주석 별도 검수
AMLC001177,,2021-10-04,,approved,easy,정상;full_date,최종 날짜만 승인; OCR 주석 별도 검수
AMLC001178,,2021-09-20,,approved,easy,정상;full_date,최종 날짜만 승인; OCR 주석 별도 검수
AMLC001179,,2021-08-29,,approved,easy,정상;full_date,최종 날짜만 승인; OCR 주석 별도 검수
AMLC001180,,2021-09-03,,approved,easy,정상;full_date,최종 날짜만 승인; OCR 주석 별도 검수
AMLC001181,,2021-06-24,,approved,easy,정상;full_date,최종 날짜만 승인; OCR 주석 별도 검수
AMLC001182,,2021-09-06,,approved,easy,정상;full_date,최종 날짜만 승인; OCR 주석 별도 검수
AMLC001183,,2021-10-28,,approved,easy,정상;full_date,최종 날짜만 승인; OCR 주석 별도 검수
AMLC001184,,2022-07-22,,approved,easy,정상;full_date,최종 날짜만 승인; OCR 주석 별도 검수
AMLC001185,,2022-10-28,,approved,easy,정상;full_date,최종 날짜만 승인; OCR 주석 별도 검수
AMLC001186,,2022-04-26,,approved,easy,정상;full_date,최종 날짜만 승인; OCR 주석 별도 검수
AMLC001187,,2022-09-13,,approved,easy,정상;full_date,최종 날짜만 승인; OCR 주석 별도 검수
AMLC001188,,2022-04-02,,approved,easy,정상;full_date,최종 날짜만 승인; OCR 주석 별도 검수
AMLC001189,,2022-06-28,,approved,easy,정상;full_date,최종 날짜만 승인; OCR 주석 별도 검수
AMLC001190,,2022-10-29,,approved,easy,정상;full_date,최종 날짜만 승인; OCR 주석 별도 검수
AMLC001191,,2022-11-18,,approved,easy,정상;full_date,최종 날짜만 승인; OCR 주석 별도 검수
AMLC001192,,2022-01-20,,approved,easy,정상;full_date,최종 날짜만 승인; OCR 주석 별도 검수
AMLC001193,,2021-11-17,,approved,easy,정상;full_date,최종 날짜만 승인; OCR 주석 별도 검수
AMLC001194,,2022-11-18,,approved,easy,정상;full_date,최종 날짜만 승인; OCR 주석 별도 검수
AMLC001195,,2020-11-03,,approved,easy,정상;full_date,최종 날짜만 승인; OCR 주석 별도 검수
AMLC001196,,2022-12-03,,approved,easy,정상;full_date,최종 날짜만 승인; OCR 주석 별도 검수
AMLC001197,,2021-12-29,,approved,easy,정상;full_date,최종 날짜만 승인; OCR 주석 별도 검수
AMLC001198,,2022-02-17,,approved,easy,정상;full_date,최종 날짜만 승인; OCR 주석 별도 검수
AMLC001199,,2022-07-10,,approved,easy,정상;full_date,최종 날짜만 승인; OCR 주석 별도 검수
AMLC001200,,2022-05-10,,approved,medium,두 자리 연도;full_date,최종 날짜만 승인; OCR 주석 별도 검수
AMLC001201,,2022-08-27,,approved,easy,정상;full_date,최종 날짜만 승인; OCR 주석 별도 검수
AMLC001202,,2020-12-18,,approved,easy,정상;full_date,최종 날짜만 승인; OCR 주석 별도 검수
AMLC001203,,NONE-01-31,,approved,hard,날짜 없음;반사·흐림·저대비;partial_date,최종 날짜만 승인; OCR 주석 별도 검수
AMLC001204,,2021-02-06,,approved,medium,두 자리 연도;다양한 구분자;full_date,최종 날짜만 승인; OCR 주석 별도 검수
AMLC001205,,2022-09-28,,approved,hard,제조일자·소비기한 동시;다양한 구분자;full_date,최종 날짜만 승인; OCR 주석 별도 검수
AMLC001206,,2022-12-08,,approved,hard,제조일자·소비기한 동시;full_date,최종 날짜만 승인; OCR 주석 별도 검수
AMLC001207,,2021-07-12,,approved,easy,정상;full_date,최종 날짜만 승인; OCR 주석 별도 검수
AMLC001208,,2021-08-06,,approved,medium,제조일자·소비기한 동시;full_date,최종 날짜만 승인; OCR 주석 별도 검수
AMLC001209,,2023-07-08,,approved,hard,두 자리 연도;다양한 구분자;반사·흐림·저대비;full_date,최종 날짜만 승인; OCR 주석 별도 검수
AMLC001210,,2023-08-17,,approved,hard,제조일자·소비기한 동시;다양한 구분자;full_date,최종 날짜만 승인; OCR 주석 별도 검수
AMLC001211,,2021-11-22,,approved,easy,정상;full_date,최종 날짜만 승인; OCR 주석 별도 검수
AMLC001212,,2022-09-18,,approved,easy,정상;full_date,최종 날짜만 승인; OCR 주석 별도 검수
AMLC001213,,2021-06-30,,approved,medium,다양한 구분자;full_date,최종 날짜만 승인; OCR 주석 별도 검수
AMLC001214,,2021-09-23,,approved,easy,정상;full_date,최종 날짜만 승인; OCR 주석 별도 검수
AMLC001215,,2021-06-24,,approved,easy,정상;full_date,최종 날짜만 승인; OCR 주석 별도 검수
AMLC001216,,2021-01-27,,approved,easy,정상;full_date,최종 날짜만 승인; OCR 주석 별도 검수
AMLC001217,,2021-02-19,,approved,easy,정상;full_date,최종 날짜만 승인; OCR 주석 별도 검수
AMLC001218,,2021-10-19,,approved,medium,다양한 구분자;full_date,최종 날짜만 승인; OCR 주석 별도 검수
AMLC001219,,2023-12-01,,approved,easy,정상;full_date,최종 날짜만 승인; OCR 주석 별도 검수
AMLC001220,,2018-05-16,,approved,easy,정상;full_date,최종 날짜만 승인; OCR 주석 별도 검수
AMLC001221,,2022-08-16,,approved,easy,정상;full_date,최종 날짜만 승인; OCR 주석 별도 검수
AMLC001222,,2021-11-19,,approved,easy,정상;full_date,최종 날짜만 승인; OCR 주석 별도 검수
AMLC001223,,2022-12-07,,approved,easy,정상;full_date,최종 날짜만 승인; OCR 주석 별도 검수
AMLC001224,,2021-07-08,,approved,easy,정상;full_date,최종 날짜만 승인; OCR 주석 별도 검수
AMLC001225,,2021-06-14,,approved,medium,제조일자·소비기한 동시;full_date,최종 날짜만 승인; OCR 주석 별도 검수
AMLC001226,,2021-06-25,,approved,hard,제조일자·소비기한 동시;두 자리 연도;다양한 구분자;반사·흐림·저대비;full_date,최종 날짜만 승인; OCR 주석 별도 검수
AMLC001227,,2021-01-21,,approved,easy,정상;full_date,최종 날짜만 승인; OCR 주석 별도 검수
AMLC001228,,2021-06-25,,approved,easy,정상;full_date,최종 날짜만 승인; OCR 주석 별도 검수
AMLC001229,,2021-02-11,,approved,easy,정상;full_date,최종 날짜만 승인; OCR 주석 별도 검수
AMLC001230,,2022-06-06,,approved,easy,정상;full_date,최종 날짜만 승인; OCR 주석 별도 검수
AMLC001231,,2022-06-21,,approved,easy,정상;full_date,최종 날짜만 승인; OCR 주석 별도 검수
AMLC001232,,2022-07-11,,approved,easy,정상;full_date,최종 날짜만 승인; OCR 주석 별도 검수
AMLC001233,,2021-02-19,,approved,hard,제조일자·소비기한 동시;두 자리 연도;full_date,최종 날짜만 승인; OCR 주석 별도 검수
AMLC001234,,2022-01-18,,approved,medium,두 자리 연도;full_date,최종 날짜만 승인; OCR 주석 별도 검수
AMLC001235,,2021-06-13,,approved,medium,제조일자·소비기한 동시;두 자리 연도;full_date,최종 날짜만 승인; OCR 주석 별도 검수
AMLC001236,,2022-01-22,,approved,medium,두 자리 연도;full_date,최종 날짜만 승인; OCR 주석 별도 검수
AMLC001237,,2021-08-02,,approved,easy,정상;full_date,최종 날짜만 승인; OCR 주석 별도 검수
AMLC001238,,2021-07-04,,approved,hard,두 자리 연도;다양한 구분자;반사·흐림·저대비;full_date,최종 날짜만 승인; OCR 주석 별도 검수
AMLC001239,,2020-09-29,,approved,hard,제조일자·소비기한 동시;다양한 구분자;반사·흐림·저대비;full_date,최종 날짜만 승인; OCR 주석 별도 검수
AMLC001240,,2021-08-25,,approved,hard,두 자리 연도;다양한 구분자;반사·흐림·저대비;full_date,최종 날짜만 승인; OCR 주석 별도 검수
AMLC001241,,2021-09-10,,approved,hard,제조일자·소비기한 동시;다양한 구분자;full_date,최종 날짜만 승인; OCR 주석 별도 검수
AMLC001242,,NONE-02-19,,approved,hard,날짜 없음;반사·흐림·저대비;partial_date,최종 날짜만 승인; OCR 주석 별도 검수
AMLC001243,,2020-06-03,,approved,medium,다양한 구분자;full_date,최종 날짜만 승인; OCR 주석 별도 검수
AMLC001244,,2022-03-16,,approved,hard,제조일자·소비기한 동시;full_date,최종 날짜만 승인; OCR 주석 별도 검수
AMLC001245,,2024-12-21,,approved,medium,두 자리 연도;다양한 구분자;full_date,최종 날짜만 승인; OCR 주석 별도 검수
AMLC001246,,2020-11-25,,approved,medium,다양한 구분자;full_date,최종 날짜만 승인; OCR 주석 별도 검수
AMLC001247,,2022-06-11,,approved,easy,정상;full_date,최종 날짜만 승인; OCR 주석 별도 검수
AMLC001248,,2020-08-05,,approved,hard,날짜 없음;반사·흐림·저대비;full_date,최종 날짜만 승인; OCR 주석 별도 검수
AMLC001249,,2022-01-17,,approved,medium,두 자리 연도;full_date,최종 날짜만 승인; OCR 주석 별도 검수
AMLC001250,,2020-04-23,,approved,hard,제조일자·소비기한 동시;다양한 구분자;full_date,최종 날짜만 승인; OCR 주석 별도 검수
AMLC001251,,2021-03-09,,approved,easy,정상;full_date,최종 날짜만 승인; OCR 주석 별도 검수
AMLC001252,,2021-11-30,,approved,medium,두 자리 연도;full_date,최종 날짜만 승인; OCR 주석 별도 검수
AMLC001253,,2021-06-11,,approved,easy,정상;full_date,최종 날짜만 승인; OCR 주석 별도 검수
AMLC001254,,2022-01-06,,approved,easy,정상;full_date,최종 날짜만 승인; OCR 주석 별도 검수
AMLC001255,,2022-03-27,,approved,easy,정상;full_date,최종 날짜만 승인; OCR 주석 별도 검수
AMLC001256,,2022-11-05,,approved,easy,정상;full_date,최종 날짜만 승인; OCR 주석 별도 검수
AMLC001257,,2022-11-02,,approved,easy,정상;full_date,최종 날짜만 승인; OCR 주석 별도 검수
AMLC001258,,2021-11-05,,approved,easy,정상;full_date,최종 날짜만 승인; OCR 주석 별도 검수
AMLC001259,,2021-12-15,,approved,easy,정상;full_date,최종 날짜만 승인; OCR 주석 별도 검수
AMLC001260,,2021-10-28,,approved,easy,정상;full_date,최종 날짜만 승인; OCR 주석 별도 검수
AMLC001261,,2021-04-20,,approved,easy,정상;full_date,최종 날짜만 승인; OCR 주석 별도 검수
AMLC001262,,2023-01-09,,approved,easy,정상;full_date,최종 날짜만 승인; OCR 주석 별도 검수
AMLC001263,,2021-02-18,,approved,medium,두 자리 연도;full_date,최종 날짜만 승인; OCR 주석 별도 검수
AMLC001264,,2022-01-05,,approved,medium,두 자리 연도;full_date,최종 날짜만 승인; OCR 주석 별도 검수
AMLC001265,,2021-12-13,,approved,easy,정상;full_date,최종 날짜만 승인; OCR 주석 별도 검수
AMLC001266,,2021-02-25,,approved,medium,제조일자·소비기한 동시;두 자리 연도;full_date,최종 날짜만 승인; OCR 주석 별도 검수
AMLC001267,,2021-03-07,,approved,medium,두 자리 연도;full_date,최종 날짜만 승인; OCR 주석 별도 검수
AMLC001268,,2021-02-15,,approved,easy,정상;full_date,최종 날짜만 승인; OCR 주석 별도 검수
AMLC001269,,2021-02-08,,approved,easy,정상;full_date,최종 날짜만 승인; OCR 주석 별도 검수
AMLC001270,,2021-02-11,,approved,medium,두 자리 연도;full_date,최종 날짜만 승인; OCR 주석 별도 검수
AMLC001271,,2021-02-24,,approved,easy,정상;full_date,최종 날짜만 승인; OCR 주석 별도 검수
AMLC001272,,2021-03-06,,approved,easy,정상;full_date,최종 날짜만 승인; OCR 주석 별도 검수
AMLC001273,,2021-04-03,,approved,easy,정상;full_date,최종 날짜만 승인; OCR 주석 별도 검수
AMLC001274,,2021-06-29,,approved,easy,정상;full_date,최종 날짜만 승인; OCR 주석 별도 검수
AMLC001275,,2021-02-12,,approved,easy,정상;full_date,최종 날짜만 승인; OCR 주석 별도 검수
AMLC001276,,2022-02-25,,approved,easy,정상;full_date,최종 날짜만 승인; OCR 주석 별도 검수
AMLC001277,,2020-09-03,,approved,easy,정상;full_date,최종 날짜만 승인; OCR 주석 별도 검수
AMLC001278,,2021-12-15,,approved,easy,정상;full_date,최종 날짜만 승인; OCR 주석 별도 검수
AMLC001279,,2023-10-06,,approved,hard,제조일자·소비기한 동시;두 자리 연도;다양한 구분자;반사·흐림·저대비;full_date,최종 날짜만 승인; OCR 주석 별도 검수
AMLC001280,,2022-07-19,,approved,easy,정상;full_date,최종 날짜만 승인; OCR 주석 별도 검수
AMLC001281,,2022-01-14,,approved,easy,정상;full_date,최종 날짜만 승인; OCR 주석 별도 검수
AMLC001282,,2022-04-26,,approved,easy,정상;full_date,최종 날짜만 승인; OCR 주석 별도 검수
AMLC001283,,2021-07-03,,approved,easy,정상;full_date,최종 날짜만 승인; OCR 주석 별도 검수
AMLC001284,,2021-07-23,,approved,easy,정상;full_date,최종 날짜만 승인; OCR 주석 별도 검수
AMLC001285,,2022-10-21,,approved,easy,정상;full_date,최종 날짜만 승인; OCR 주석 별도 검수
AMLC001286,,2021-11-27,,approved,easy,정상;full_date,최종 날짜만 승인; OCR 주석 별도 검수
AMLC001287,,2021-05-12,,approved,easy,정상;full_date,최종 날짜만 승인; OCR 주석 별도 검수
AMLC001288,,2021-12-22,,approved,easy,정상;full_date,최종 날짜만 승인; OCR 주석 별도 검수
AMLC001289,,2021-04-12,,approved,medium,두 자리 연도;full_date,최종 날짜만 승인; OCR 주석 별도 검수
AMLC001290,,2021-02-28,,approved,easy,정상;full_date,최종 날짜만 승인; OCR 주석 별도 검수
AMLC001291,,2023-01-24,,approved,easy,정상;full_date,최종 날짜만 승인; OCR 주석 별도 검수
AMLC001292,,2022-03-19,,approved,hard,제조일자·소비기한 동시;다양한 구분자;full_date,최종 날짜만 승인; OCR 주석 별도 검수
AMLC001293,,2021-10-16,,approved,hard,제조일자·소비기한 동시;full_date,최종 날짜만 승인; OCR 주석 별도 검수
AMLC001294,,2021-10-12,,approved,medium,다양한 구분자;full_date,최종 날짜만 승인; OCR 주석 별도 검수
AMLC001295,,2021-12-14,,approved,medium,다양한 구분자;full_date,최종 날짜만 승인; OCR 주석 별도 검수
AMLC001296,,2019-08-18,,approved,easy,정상;full_date,최종 날짜만 승인; OCR 주석 별도 검수
AMLC001297,,2021-03-09,,approved,easy,정상;full_date,최종 날짜만 승인; OCR 주석 별도 검수
AMLC001298,,2019-08-19,,approved,easy,정상;full_date,최종 날짜만 승인; OCR 주석 별도 검수
AMLC001299,,2019-09-12,,approved,easy,정상;full_date,최종 날짜만 승인; OCR 주석 별도 검수
AMLC001300,,2021-01-16,,approved,easy,정상;full_date,최종 날짜만 승인; OCR 주석 별도 검수
AMLC001301,,2021-10-20,,approved,easy,정상;full_date,최종 날짜만 승인; OCR 주석 별도 검수
AMLC001302,,2022-10-05,,approved,easy,정상;full_date,최종 날짜만 승인; OCR 주석 별도 검수
AMLC001303,,2022-04-26,,approved,hard,제조일자·소비기한 동시;두 자리 연도;다양한 구분자;반사·흐림·저대비;full_date,최종 날짜만 승인; OCR 주석 별도 검수
AMLC001304,,2020-08-29,,approved,easy,정상;full_date,최종 날짜만 승인; OCR 주석 별도 검수
AMLC001305,,2021-01-28,,approved,easy,정상;full_date,최종 날짜만 승인; OCR 주석 별도 검수
AMLC001306,,2021-09-14,,approved,easy,정상;full_date,최종 날짜만 승인; OCR 주석 별도 검수
AMLC001307,,2021-02-08,,approved,easy,정상;full_date,최종 날짜만 승인; OCR 주석 별도 검수
AMLC001308,,2021-10-23,,approved,medium,제조일자·소비기한 동시;두 자리 연도;full_date,최종 날짜만 승인; OCR 주석 별도 검수
AMLC001309,,2021-05-19,,approved,easy,정상;full_date,최종 날짜만 승인; OCR 주석 별도 검수
AMLC001310,,2021-07-18,,approved,easy,정상;full_date,최종 날짜만 승인; OCR 주석 별도 검수
AMLC001311,,2021-03-15,,approved,easy,정상;full_date,최종 날짜만 승인; OCR 주석 별도 검수
AMLC001312,,2021-11-28,,approved,easy,정상;full_date,최종 날짜만 승인; OCR 주석 별도 검수
AMLC001313,,2021-03-16,,approved,medium,제조일자·소비기한 동시;full_date,최종 날짜만 승인; OCR 주석 별도 검수
AMLC001314,,2022-10-22,,approved,easy,정상;full_date,최종 날짜만 승인; OCR 주석 별도 검수
AMLC001315,,2021-11-14,,approved,hard,제조일자·소비기한 동시;다양한 구분자;full_date,최종 날짜만 승인; OCR 주석 별도 검수
AMLC001316,,2021-11-29,,approved,medium,제조일자·소비기한 동시;full_date,최종 날짜만 승인; OCR 주석 별도 검수
AMLC001317,,2020-11-27,,approved,easy,정상;full_date,최종 날짜만 승인; OCR 주석 별도 검수
AMLC001318,,2021-06-22,,approved,hard,날짜 없음;반사·흐림·저대비;full_date,최종 날짜만 승인; OCR 주석 별도 검수
AMLC001319,,2020-08-16,,approved,medium,다양한 구분자;full_date,최종 날짜만 승인; OCR 주석 별도 검수
AMLC001320,,2021-07-03,,approved,easy,정상;full_date,최종 날짜만 승인; OCR 주석 별도 검수
AMLC001321,,2022-07-01,,approved,easy,정상;full_date,최종 날짜만 승인; OCR 주석 별도 검수
AMLC001322,,2022-06-23,,approved,easy,정상;full_date,최종 날짜만 승인; OCR 주석 별도 검수
AMLC001323,,2021-12-22,,approved,medium,제조일자·소비기한 동시;full_date,최종 날짜만 승인; OCR 주석 별도 검수
AMLC001324,,2021-10-27,,approved,medium,두 자리 연도;full_date,최종 날짜만 승인; OCR 주석 별도 검수
AMLC001325,,2021-05-17,,approved,easy,정상;full_date,최종 날짜만 승인; OCR 주석 별도 검수
AMLC001326,,2021-07-16,,approved,easy,정상;full_date,최종 날짜만 승인; OCR 주석 별도 검수
AMLC001327,,2021-06-04,,approved,easy,정상;full_date,최종 날짜만 승인; OCR 주석 별도 검수
AMLC001328,,2021-05-02,,approved,easy,정상;full_date,최종 날짜만 승인; OCR 주석 별도 검수
AMLC001329,,2021-04-12,,approved,medium,두 자리 연도;full_date,최종 날짜만 승인; OCR 주석 별도 검수
AMLC001330,,2021-10-15,,approved,medium,제조일자·소비기한 동시;두 자리 연도;full_date,최종 날짜만 승인; OCR 주석 별도 검수
AMLC001331,,2021-07-18,,approved,medium,제조일자·소비기한 동시;두 자리 연도;full_date,최종 날짜만 승인; OCR 주석 별도 검수
AMLC001332,,2021-09-08,,approved,hard,두 자리 연도;다양한 구분자;반사·흐림·저대비;full_date,최종 날짜만 승인; OCR 주석 별도 검수
AMLC001333,,2021-02-07,,approved,easy,정상;full_date,최종 날짜만 승인; OCR 주석 별도 검수
AMLC001334,,2021-02-08,,approved,medium,두 자리 연도;full_date,최종 날짜만 승인; OCR 주석 별도 검수
AMLC001335,,2021-03-11,,approved,medium,두 자리 연도;full_date,최종 날짜만 승인; OCR 주석 별도 검수
AMLC001336,,2021-07-06,,approved,medium,제조일자·소비기한 동시;full_date,최종 날짜만 승인; OCR 주석 별도 검수
AMLC001337,,2021-05-13,,approved,easy,정상;full_date,최종 날짜만 승인; OCR 주석 별도 검수
AMLC001338,,2021-02-16,,approved,easy,정상;full_date,최종 날짜만 승인; OCR 주석 별도 검수
AMLC001339,,2021-02-08,,approved,easy,정상;full_date,최종 날짜만 승인; OCR 주석 별도 검수
AMLC001340,,2021-03-13,,approved,easy,정상;full_date,최종 날짜만 승인; OCR 주석 별도 검수
AMLC001341,,2021-10-02,,approved,easy,정상;full_date,최종 날짜만 승인; OCR 주석 별도 검수
AMLC001342,,2022-11-18,,approved,easy,정상;full_date,최종 날짜만 승인; OCR 주석 별도 검수
AMLC001343,,2022-01-20,,approved,easy,정상;full_date,최종 날짜만 승인; OCR 주석 별도 검수
AMLC001344,,2021-02-08,,approved,easy,정상;full_date,최종 날짜만 승인; OCR 주석 별도 검수
AMLC001345,,2022-01-05,,approved,easy,정상;full_date,최종 날짜만 승인; OCR 주석 별도 검수
AMLC001346,,2022-11-01,,approved,easy,정상;full_date,최종 날짜만 승인; OCR 주석 별도 검수
AMLC001347,,2021-10-26,,approved,easy,정상;full_date,최종 날짜만 승인; OCR 주석 별도 검수
AMLC001348,,2022-01-28,,approved,medium,제조일자·소비기한 동시;full_date,최종 날짜만 승인; OCR 주석 별도 검수
AMLC001349,,2021-10-12,,approved,medium,제조일자·소비기한 동시;두 자리 연도;full_date,최종 날짜만 승인; OCR 주석 별도 검수
AMLC001350,,2019-07-03,,approved,hard,날짜 없음;반사·흐림·저대비;full_date,최종 날짜만 승인; OCR 주석 별도 검수
AMLC001351,,2021-06-28,,approved,easy,정상;full_date,최종 날짜만 승인; OCR 주석 별도 검수
AMLC001352,,2022-01-10,,approved,medium,두 자리 연도;full_date,최종 날짜만 승인; OCR 주석 별도 검수
AMLC001353,,2021-12-05,,approved,medium,다양한 구분자;full_date,최종 날짜만 승인; OCR 주석 별도 검수
AMLC001354,,2021-12-20,,approved,medium,제조일자·소비기한 동시;full_date,최종 날짜만 승인; OCR 주석 별도 검수
AMLC001355,,2023-03-09,,approved,hard,날짜 없음;반사·흐림·저대비;full_date,최종 날짜만 승인; OCR 주석 별도 검수
AMLC001356,,2021-04-24,,approved,easy,정상;full_date,최종 날짜만 승인; OCR 주석 별도 검수
AMLC001357,,2021-11-22,,approved,medium,다양한 구분자;full_date,최종 날짜만 승인; OCR 주석 별도 검수
AMLC001358,,2021-12-23,,approved,easy,정상;full_date,최종 날짜만 승인; OCR 주석 별도 검수
AMLC001359,,2021-09-10,,approved,medium,두 자리 연도;다양한 구분자;full_date,최종 날짜만 승인; OCR 주석 별도 검수
AMLC001360,,2021-06-29,,approved,medium,제조일자·소비기한 동시;full_date,최종 날짜만 승인; OCR 주석 별도 검수
AMLC001361,,2021-12-22,,approved,medium,제조일자·소비기한 동시;두 자리 연도;반사·흐림·저대비;full_date,최종 날짜만 승인; OCR 주석 별도 검수
AMLC001362,,2019-10-18,,approved,hard,두 자리 연도;다양한 구분자;반사·흐림·저대비;full_date,최종 날짜만 승인; OCR 주석 별도 검수
AMLC001363,,2020-08-07,,approved,medium,다양한 구분자;full_date,최종 날짜만 승인; OCR 주석 별도 검수
AMLC001364,,2021-04-02,,approved,easy,정상;full_date,최종 날짜만 승인; OCR 주석 별도 검수
AMLC001365,,2021-04-05,,approved,medium,다양한 구분자;full_date,최종 날짜만 승인; OCR 주석 별도 검수
AMLC001366,,2021-04-09,,approved,hard,두 자리 연도;다양한 구분자;반사·흐림·저대비;full_date,최종 날짜만 승인; OCR 주석 별도 검수
AMLC001367,,2020-09-01,,approved,medium,제조일자·소비기한 동시;full_date,최종 날짜만 승인; OCR 주석 별도 검수
AMLC001368,,2021-06-13,,approved,easy,정상;full_date,최종 날짜만 승인; OCR 주석 별도 검수
AMLC001369,,2021-09-19,,approved,easy,정상;full_date,최종 날짜만 승인; OCR 주석 별도 검수
AMLC001370,,NONE-12-20,,approved,hard,날짜 없음;반사·흐림·저대비;partial_date,최종 날짜만 승인; OCR 주석 별도 검수
AMLC001371,,2021-01-16,,approved,easy,정상;full_date,최종 날짜만 승인; OCR 주석 별도 검수
AMLC001372,,2020-08-13,,approved,medium,두 자리 연도;full_date,최종 날짜만 승인; OCR 주석 별도 검수
AMLC001373,,2021-11-07,,approved,easy,정상;full_date,최종 날짜만 승인; OCR 주석 별도 검수
AMLC001374,,2021-01-27,,approved,easy,정상;full_date,최종 날짜만 승인; OCR 주석 별도 검수
AMLC001375,,2020-05-26,,approved,hard,두 자리 연도;다양한 구분자;반사·흐림·저대비;full_date,최종 날짜만 승인; OCR 주석 별도 검수
AMLC001376,,2021-10-14,,approved,medium,다양한 구분자;full_date,최종 날짜만 승인; OCR 주석 별도 검수
AMLC001377,,2021-01-14,,approved,medium,다양한 구분자;full_date,최종 날짜만 승인; OCR 주석 별도 검수
AMLC001378,,2021-03-05,,approved,hard,두 자리 연도;다양한 구분자;반사·흐림·저대비;full_date,최종 날짜만 승인; OCR 주석 별도 검수
AMLC001379,,2021-01-15,,approved,medium,두 자리 연도;full_date,최종 날짜만 승인; OCR 주석 별도 검수
AMLC001380,,2020-11-09,,approved,hard,제조일자·소비기한 동시;두 자리 연도;다양한 구분자;반사·흐림·저대비;full_date,최종 날짜만 승인; OCR 주석 별도 검수
AMLC001381,,2021-02-25,,approved,medium,두 자리 연도;full_date,최종 날짜만 승인; OCR 주석 별도 검수
AMLC001382,,2020-08-13,,approved,medium,두 자리 연도;full_date,최종 날짜만 승인; OCR 주석 별도 검수
AMLC001383,,2023-10-22,,approved,medium,두 자리 연도;full_date,최종 날짜만 승인; OCR 주석 별도 검수
AMLC001384,,2021-03-26,,approved,medium,제조일자·소비기한 동시;full_date,최종 날짜만 승인; OCR 주석 별도 검수
AMLC001385,,2022-06-07,,approved,easy,정상;full_date,최종 날짜만 승인; OCR 주석 별도 검수
AMLC001386,,2021-04-14,,approved,medium,두 자리 연도;full_date,최종 날짜만 승인; OCR 주석 별도 검수
AMLC001387,,2022-01-18,,approved,medium,제조일자·소비기한 동시;full_date,최종 날짜만 승인; OCR 주석 별도 검수
AMLC001388,,2020-09-01,,approved,easy,정상;full_date,최종 날짜만 승인; OCR 주석 별도 검수
AMLC001389,,2021-06-09,,approved,easy,정상;full_date,최종 날짜만 승인; OCR 주석 별도 검수
AMLC001390,,2021-09-07,,approved,hard,두 자리 연도;다양한 구분자;반사·흐림·저대비;full_date,최종 날짜만 승인; OCR 주석 별도 검수
AMLC001391,,2021-09-19,,approved,hard,제조일자·소비기한 동시;다양한 구분자;full_date,최종 날짜만 승인; OCR 주석 별도 검수
AMLC001392,,2021-11-28,,approved,hard,제조일자·소비기한 동시;다양한 구분자;full_date,최종 날짜만 승인; OCR 주석 별도 검수
AMLC001393,,2021-03-07,,approved,easy,정상;full_date,최종 날짜만 승인; OCR 주석 별도 검수
AMLC001394,,2020-12-NONE,,approved,hard,두 자리 연도;다양한 구분자;반사·흐림·저대비;partial_date,최종 날짜만 승인; OCR 주석 별도 검수
AMLC001395,,2022-09-02,,approved,medium,제조일자·소비기한 동시;full_date,최종 날짜만 승인; OCR 주석 별도 검수
AMLC001396,,2022-07-12,,approved,easy,정상;full_date,최종 날짜만 승인; OCR 주석 별도 검수
AMLC001397,,2021-10-02,,approved,easy,정상;full_date,최종 날짜만 승인; OCR 주석 별도 검수
AMLC001398,,2021-10-15,,approved,easy,정상;full_date,최종 날짜만 승인; OCR 주석 별도 검수
AMLC001399,,2021-09-30,,approved,easy,정상;full_date,최종 날짜만 승인; OCR 주석 별도 검수
AMLC001400,,2021-05-NONE,,approved,hard,두 자리 연도;다양한 구분자;반사·흐림·저대비;partial_date,최종 날짜만 승인; OCR 주석 별도 검수
AMLC001401,,2021-11-23,,approved,easy,정상;full_date,최종 날짜만 승인; OCR 주석 별도 검수
AMLC001402,,2024-09-23,,approved,hard,제조일자·소비기한 동시;두 자리 연도;다양한 구분자;반사·흐림·저대비;full_date,최종 날짜만 승인; OCR 주석 별도 검수
AMLC001403,,2021-11-18,,approved,medium,다양한 구분자;full_date,최종 날짜만 승인; OCR 주석 별도 검수
AMLC001404,,2021-12-16,,approved,medium,다양한 구분자;full_date,최종 날짜만 승인; OCR 주석 별도 검수
AMLC001405,,2022-08-13,,approved,medium,다양한 구분자;full_date,최종 날짜만 승인; OCR 주석 별도 검수
AMLC001406,,2022-01-18,,approved,easy,정상;full_date,최종 날짜만 승인; OCR 주석 별도 검수
AMLC001407,,2023-10-28,,approved,hard,날짜 없음;반사·흐림·저대비;full_date,최종 날짜만 승인; OCR 주석 별도 검수
AMLC001408,,2022-07-17,,approved,hard,제조일자·소비기한 동시;다양한 구분자;full_date,최종 날짜만 승인; OCR 주석 별도 검수
AMLC001409,,2022-07-08,,approved,medium,두 자리 연도;다양한 구분자;반사·흐림·저대비;full_date,최종 날짜만 승인; OCR 주석 별도 검수
AMLC001410,,2023-06-18,,approved,hard,두 자리 연도;다양한 구분자;반사·흐림·저대비;full_date,최종 날짜만 승인; OCR 주석 별도 검수
AMLC001411,,2023-08-04,,approved,hard,제조일자·소비기한 동시;다양한 구분자;full_date,최종 날짜만 승인; OCR 주석 별도 검수
AMLC001412,,2021-09-17,,approved,easy,정상;full_date,최종 날짜만 승인; OCR 주석 별도 검수
AMLC001413,,2022-07-NONE,,approved,medium,두 자리 연도;다양한 구분자;partial_date,최종 날짜만 승인; OCR 주석 별도 검수
AMLC001414,,2021-09-26,,approved,hard,제조일자·소비기한 동시;다양한 구분자;full_date,최종 날짜만 승인; OCR 주석 별도 검수
AMLC001415,,2022-11-10,,approved,medium,제조일자·소비기한 동시;다양한 구분자;full_date,최종 날짜만 승인; OCR 주석 별도 검수
AMLC001416,,2022-10-14,,approved,easy,정상;full_date,최종 날짜만 승인; OCR 주석 별도 검수
AMLC001417,,2022-10-21,,approved,medium,두 자리 연도;full_date,최종 날짜만 승인; OCR 주석 별도 검수
AMLC001418,,2021-09-30,,approved,medium,두 자리 연도;다양한 구분자;full_date,최종 날짜만 승인; OCR 주석 별도 검수
AMLC001419,,2021-11-03,,approved,hard,제조일자·소비기한 동시;다양한 구분자;full_date,최종 날짜만 승인; OCR 주석 별도 검수
AMLC001420,,2021-09-01,,approved,easy,정상;full_date,최종 날짜만 승인; OCR 주석 별도 검수
AMLC001421,,2021-06-20,,approved,medium,두 자리 연도;다양한 구분자;full_date,최종 날짜만 승인; OCR 주석 별도 검수
AMLC001422,,2021-09-09,,approved,hard,제조일자·소비기한 동시;다양한 구분자;full_date,최종 날짜만 승인; OCR 주석 별도 검수
AMLC001423,,2021-12-05,,approved,medium,제조일자·소비기한 동시;full_date,최종 날짜만 승인; OCR 주석 별도 검수
AMLC001424,,2023-08-22,,approved,medium,다양한 구분자;full_date,최종 날짜만 승인; OCR 주석 별도 검수
AMLC001425,,2021-08-31,,approved,medium,두 자리 연도;다양한 구분자;full_date,최종 날짜만 승인; OCR 주석 별도 검수
AMLC001426,,2022-05-22,,approved,easy,정상;full_date,최종 날짜만 승인; OCR 주석 별도 검수
AMLC001427,,2021-03-19,,approved,easy,정상;full_date,최종 날짜만 승인; OCR 주석 별도 검수
AMLC001428,,2021-03-17,,approved,easy,정상;full_date,최종 날짜만 승인; OCR 주석 별도 검수
AMLC001429,,2021-05-29,,approved,medium,다양한 구분자;full_date,최종 날짜만 승인; OCR 주석 별도 검수
AMLC001430,,2021-11-29,,approved,hard,두 자리 연도;다양한 구분자;반사·흐림·저대비;full_date,최종 날짜만 승인; OCR 주석 별도 검수
AMLC001431,,2021-10-28,,approved,hard,제조일자·소비기한 동시;full_date,최종 날짜만 승인; OCR 주석 별도 검수
AMLC001432,,2027-08-21,,approved,medium,두 자리 연도;다양한 구분자;full_date,최종 날짜만 승인; OCR 주석 별도 검수
AMLC001433,,2022-01-15,,approved,easy,정상;full_date,최종 날짜만 승인; OCR 주석 별도 검수
AMLC001434,,2021-08-16,,approved,easy,정상;full_date,최종 날짜만 승인; OCR 주석 별도 검수
AMLC001435,,2021-12-29,,approved,easy,정상;full_date,최종 날짜만 승인; OCR 주석 별도 검수
AMLC001436,,2021-05-07,,approved,medium,제조일자·소비기한 동시;full_date,최종 날짜만 승인; OCR 주석 별도 검수
AMLC001437,,2021-05-21,,approved,hard,제조일자·소비기한 동시;다양한 구분자;full_date,최종 날짜만 승인; OCR 주석 별도 검수
AMLC001438,,2021-09-14,,approved,easy,정상;full_date,최종 날짜만 승인; OCR 주석 별도 검수
AMLC001439,,2021-06-24,,approved,medium,다양한 구분자;full_date,최종 날짜만 승인; OCR 주석 별도 검수
AMLC001440,,2021-05-25,,approved,hard,제조일자·소비기한 동시;full_date,최종 날짜만 승인; OCR 주석 별도 검수
AMLC001441,,2023-12-20,,approved,medium,다양한 구분자;full_date,최종 날짜만 승인; OCR 주석 별도 검수
AMLC001442,,2022-10-15,,approved,easy,정상;full_date,최종 날짜만 승인; OCR 주석 별도 검수
AMLC001443,,2022-06-14,,approved,easy,정상;full_date,최종 날짜만 승인; OCR 주석 별도 검수
AMLC001444,,2022-01-21,,approved,easy,정상;full_date,최종 날짜만 승인; OCR 주석 별도 검수
AMLC001445,,2021-04-27,,approved,easy,정상;full_date,최종 날짜만 승인; OCR 주석 별도 검수
AMLC001446,,2022-01-14,,approved,easy,정상;full_date,최종 날짜만 승인; OCR 주석 별도 검수
AMLC001447,,2022-01-01,,approved,easy,정상;full_date,최종 날짜만 승인; OCR 주석 별도 검수
AMLC001448,,2022-01-22,,approved,easy,정상;full_date,최종 날짜만 승인; OCR 주석 별도 검수
AMLC001449,,2022-03-29,,approved,easy,정상;full_date,최종 날짜만 승인; OCR 주석 별도 검수
AMLC001450,,2021-12-21,,approved,medium,두 자리 연도;다양한 구분자;full_date,최종 날짜만 승인; OCR 주석 별도 검수
AMLC001451,,2021-03-NONE,,approved,hard,두 자리 연도;다양한 구분자;반사·흐림·저대비;partial_date,최종 날짜만 승인; OCR 주석 별도 검수
AMLC001452,,2021-03-14,,approved,medium,두 자리 연도;full_date,최종 날짜만 승인; OCR 주석 별도 검수
AMLC001453,,2022-05-27,,approved,hard,제조일자·소비기한 동시;full_date,최종 날짜만 승인; OCR 주석 별도 검수
AMLC001454,,2023-09-29,,approved,easy,정상;full_date,최종 날짜만 승인; OCR 주석 별도 검수
AMLC001455,,2021-08-NONE,,approved,hard,날짜 없음;반사·흐림·저대비;partial_date,최종 날짜만 승인; OCR 주석 별도 검수
AMLC001456,,2022-08-10,,approved,hard,제조일자·소비기한 동시;두 자리 연도;다양한 구분자;반사·흐림·저대비;full_date,최종 날짜만 승인; OCR 주석 별도 검수
AMLC001457,,2023-07-16,,approved,hard,두 자리 연도;다양한 구분자;반사·흐림·저대비;full_date,최종 날짜만 승인; OCR 주석 별도 검수
AMLC001458,,2022-09-16,,approved,hard,제조일자·소비기한 동시;full_date,최종 날짜만 승인; OCR 주석 별도 검수
AMLC001459,,2021-10-NONE,,approved,medium,두 자리 연도;다양한 구분자;partial_date,최종 날짜만 승인; OCR 주석 별도 검수
AMLC001460,,2021-10-NONE,,approved,hard,제조일자·소비기한 동시;두 자리 연도;다양한 구분자;반사·흐림·저대비;partial_date,최종 날짜만 승인; OCR 주석 별도 검수
AMLC001461,,2021-10-NONE,,approved,medium,두 자리 연도;다양한 구분자;partial_date,최종 날짜만 승인; OCR 주석 별도 검수
AMLC001462,,2020-11-13,,approved,easy,정상;full_date,최종 날짜만 승인; OCR 주석 별도 검수
AMLC001463,,2022-06-15,,approved,hard,제조일자·소비기한 동시;full_date,최종 날짜만 승인; OCR 주석 별도 검수
AMLC001464,,2021-03-27,,approved,medium,제조일자·소비기한 동시;두 자리 연도;다양한 구분자;full_date,최종 날짜만 승인; OCR 주석 별도 검수
AMLC001465,,2021-10-09,,approved,medium,제조일자·소비기한 동시;두 자리 연도;full_date,최종 날짜만 승인; OCR 주석 별도 검수
AMLC001466,,2023-10-12,,approved,medium,제조일자·소비기한 동시;full_date,최종 날짜만 승인; OCR 주석 별도 검수
AMLC001467,,2022-08-24,,approved,easy,정상;full_date,최종 날짜만 승인; OCR 주석 별도 검수
AMLC001468,,2021-08-NONE,,approved,hard,두 자리 연도;다양한 구분자;반사·흐림·저대비;partial_date,최종 날짜만 승인; OCR 주석 별도 검수
AMLC001469,,2021-06-18,,approved,hard,제조일자·소비기한 동시;full_date,최종 날짜만 승인; OCR 주석 별도 검수
AMLC001470,,2023-03-15,,approved,easy,정상;full_date,최종 날짜만 승인; OCR 주석 별도 검수
AMLC001471,,2021-09-NONE,,approved,hard,두 자리 연도;다양한 구분자;반사·흐림·저대비;partial_date,최종 날짜만 승인; OCR 주석 별도 검수
AMLC001472,,2021-02-26,,approved,medium,두 자리 연도;full_date,최종 날짜만 승인; OCR 주석 별도 검수
AMLC001473,,2021-01-14,,approved,medium,두 자리 연도;full_date,최종 날짜만 승인; OCR 주석 별도 검수
AMLC001474,,2020-11-04,,approved,easy,정상;full_date,최종 날짜만 승인; OCR 주석 별도 검수
AMLC001475,,2022-10-15,,approved,easy,정상;full_date,최종 날짜만 승인; OCR 주석 별도 검수
AMLC001476,,2021-10-20,,approved,easy,정상;full_date,최종 날짜만 승인; OCR 주석 별도 검수
AMLC001477,,2022-01-19,,approved,easy,정상;full_date,최종 날짜만 승인; OCR 주석 별도 검수
AMLC001478,,2023-01-04,,approved,easy,정상;full_date,최종 날짜만 승인; OCR 주석 별도 검수
AMLC001479,,2021-12-28,,approved,easy,정상;full_date,최종 날짜만 승인; OCR 주석 별도 검수
AMLC001480,,2022-11-23,,approved,easy,정상;full_date,최종 날짜만 승인; OCR 주석 별도 검수
AMLC001481,,2021-12-28,,approved,medium,두 자리 연도;full_date,최종 날짜만 승인; OCR 주석 별도 검수
AMLC001482,,2021-10-29,,approved,easy,정상;full_date,최종 날짜만 승인; OCR 주석 별도 검수
AMLC001483,,2021-12-18,,approved,hard,제조일자·소비기한 동시;full_date,최종 날짜만 승인; OCR 주석 별도 검수
AMLC001484,,2021-12-27,,approved,easy,정상;full_date,최종 날짜만 승인; OCR 주석 별도 검수
AMLC001485,,2021-04-24,,approved,medium,두 자리 연도;full_date,최종 날짜만 승인; OCR 주석 별도 검수
AMLC001486,,2022-01-27,,approved,easy,정상;full_date,최종 날짜만 승인; OCR 주석 별도 검수
AMLC001487,,2022-05-15,,approved,easy,정상;full_date,최종 날짜만 승인; OCR 주석 별도 검수
AMLC001488,,2022-07-27,,approved,easy,정상;full_date,최종 날짜만 승인; OCR 주석 별도 검수
AMLC001489,,2022-01-14,,approved,medium,다양한 구분자;full_date,최종 날짜만 승인; OCR 주석 별도 검수
AMLC001490,,2021-12-02,,approved,medium,다양한 구분자;반사·흐림·저대비;full_date,최종 날짜만 승인; OCR 주석 별도 검수
AMLC001491,,2020-06-30,,approved,hard,날짜 없음;반사·흐림·저대비;full_date,최종 날짜만 승인; OCR 주석 별도 검수
AMLC001492,,2022-10-01,,approved,easy,정상;full_date,최종 날짜만 승인; OCR 주석 별도 검수
AMLC001493,,2023-06-28,,approved,easy,정상;full_date,최종 날짜만 승인; OCR 주석 별도 검수
AMLC001494,,2022-10-19,,approved,hard,날짜 없음;반사·흐림·저대비;full_date,최종 날짜만 승인; OCR 주석 별도 검수
AMLC001495,,2021-10-23,,approved,easy,정상;full_date,최종 날짜만 승인; OCR 주석 별도 검수
AMLC001496,,2022-03-09,,approved,hard,두 자리 연도;다양한 구분자;반사·흐림·저대비;full_date,최종 날짜만 승인; OCR 주석 별도 검수
AMLC001497,,2022-04-09,,approved,easy,정상;full_date,최종 날짜만 승인; OCR 주석 별도 검수
AMLC001498,,2020-11-10,,approved,easy,정상;full_date,최종 날짜만 승인; OCR 주석 별도 검수
AMLC001499,,2020-01-03,,approved,medium,두 자리 연도;full_date,최종 날짜만 승인; OCR 주석 별도 검수
AMLC001500,,2020-11-26,,approved,easy,정상;full_date,최종 날짜만 승인; OCR 주석 별도 검수
AMLC001501,,2020-11-22,,approved,easy,정상;full_date,최종 날짜만 승인; OCR 주석 별도 검수
AMLC001502,,2019-11-18,,approved,easy,정상;full_date,최종 날짜만 승인; OCR 주석 별도 검수
AMLC001503,,2022-03-22,,approved,easy,정상;full_date,최종 날짜만 승인; OCR 주석 별도 검수
AMLC001504,,2017-12-20,,approved,medium,두 자리 연도;full_date,최종 날짜만 승인; OCR 주석 별도 검수
AMLC001505,,2022-08-20,,approved,medium,두 자리 연도;반사·흐림·저대비;full_date,최종 날짜만 승인; OCR 주석 별도 검수
AMLC001506,,2020-11-26,,approved,easy,정상;full_date,최종 날짜만 승인; OCR 주석 별도 검수
AMLC001507,,2021-12-03,,approved,easy,정상;full_date,최종 날짜만 승인; OCR 주석 별도 검수
AMLC001508,,2020-08-27,,approved,easy,정상;full_date,최종 날짜만 승인; OCR 주석 별도 검수
AMLC001509,,2019-12-20,,approved,easy,정상;full_date,최종 날짜만 승인; OCR 주석 별도 검수
AMLC001510,,2021-12-10,,approved,easy,정상;full_date,최종 날짜만 승인; OCR 주석 별도 검수
AMLC001511,,2021-07-31,,approved,medium,두 자리 연도;다양한 구분자;full_date,최종 날짜만 승인; OCR 주석 별도 검수
AMLC001512,,2021-03-25,,approved,easy,정상;full_date,최종 날짜만 승인; OCR 주석 별도 검수
AMLC001513,,NONE-04-14,,approved,hard,날짜 없음;반사·흐림·저대비;partial_date,최종 날짜만 승인; OCR 주석 별도 검수
AMLC001514,,2020-08-11,,approved,easy,정상;full_date,최종 날짜만 승인; OCR 주석 별도 검수
AMLC001515,,2021-12-NONE,,approved,hard,날짜 없음;반사·흐림·저대비;partial_date,최종 날짜만 승인; OCR 주석 별도 검수
AMLC001516,,2021-12-17,,approved,easy,정상;full_date,최종 날짜만 승인; OCR 주석 별도 검수
AMLC001517,,2022-06-22,,approved,medium,다양한 구분자;full_date,최종 날짜만 승인; OCR 주석 별도 검수
AMLC001518,,NONE-04-17,,approved,hard,두 자리 연도;다양한 구분자;반사·흐림·저대비;partial_date,최종 날짜만 승인; OCR 주석 별도 검수
AMLC001519,,2023-02-NONE,,approved,hard,두 자리 연도;다양한 구분자;반사·흐림·저대비;partial_date,최종 날짜만 승인; OCR 주석 별도 검수
AMLC001520,,2021-09-03,,approved,medium,제조일자·소비기한 동시;full_date,최종 날짜만 승인; OCR 주석 별도 검수
AMLC001521,,2020-04-30,,approved,hard,제조일자·소비기한 동시;두 자리 연도;다양한 구분자;반사·흐림·저대비;full_date,최종 날짜만 승인; OCR 주석 별도 검수
AMLC001522,,2022-11-09,,approved,hard,두 자리 연도;다양한 구분자;반사·흐림·저대비;full_date,최종 날짜만 승인; OCR 주석 별도 검수
AMLC001523,,2022-12-11,,approved,easy,정상;full_date,최종 날짜만 승인; OCR 주석 별도 검수
AMLC001524,,2022-03-24,,approved,easy,정상;full_date,최종 날짜만 승인; OCR 주석 별도 검수
AMLC001525,,2021-12-24,,approved,medium,두 자리 연도;다양한 구분자;full_date,최종 날짜만 승인; OCR 주석 별도 검수
AMLC001526,,2020-05-28,,approved,easy,정상;full_date,최종 날짜만 승인; OCR 주석 별도 검수
AMLC001527,,2022-03-04,,approved,easy,정상;full_date,최종 날짜만 승인; OCR 주석 별도 검수
AMLC001528,,2020-10-21,,approved,easy,정상;full_date,최종 날짜만 승인; OCR 주석 별도 검수
AMLC001529,,2021-01-03,,approved,easy,정상;full_date,최종 날짜만 승인; OCR 주석 별도 검수
AMLC001530,,2019-09-16,,approved,medium,제조일자·소비기한 동시;두 자리 연도;full_date,최종 날짜만 승인; OCR 주석 별도 검수
AMLC001531,,2019-07-09,,approved,medium,다양한 구분자;full_date,최종 날짜만 승인; OCR 주석 별도 검수
AMLC001532,,2020-11-06,,approved,medium,제조일자·소비기한 동시;다양한 구분자;full_date,최종 날짜만 승인; OCR 주석 별도 검수
AMLC001533,,2021-11-22,,approved,easy,정상;full_date,최종 날짜만 승인; OCR 주석 별도 검수
AMLC001534,,2021-09-03,,approved,easy,정상;full_date,최종 날짜만 승인; OCR 주석 별도 검수
AMLC001535,,2021-11-09,,approved,easy,정상;full_date,최종 날짜만 승인; OCR 주석 별도 검수
AMLC001536,,2021-09-21,,approved,easy,정상;full_date,최종 날짜만 승인; OCR 주석 별도 검수
AMLC001537,,2021-11-17,,approved,easy,정상;full_date,최종 날짜만 승인; OCR 주석 별도 검수
AMLC001538,,2021-04-28,,approved,easy,정상;full_date,최종 날짜만 승인; OCR 주석 별도 검수
AMLC001539,,2022-06-16,,approved,easy,정상;full_date,최종 날짜만 승인; OCR 주석 별도 검수
AMLC001540,,2021-05-25,,approved,easy,정상;full_date,최종 날짜만 승인; OCR 주석 별도 검수
AMLC001541,,2021-09-17,,approved,easy,정상;full_date,최종 날짜만 승인; OCR 주석 별도 검수
AMLC001542,,2021-12-25,,approved,easy,정상;full_date,최종 날짜만 승인; OCR 주석 별도 검수
AMLC001543,,2021-01-28,,approved,easy,정상;full_date,최종 날짜만 승인; OCR 주석 별도 검수
AMLC001544,,2022-01-03,,approved,easy,정상;full_date,최종 날짜만 승인; OCR 주석 별도 검수
AMLC001545,,2020-09-01,,approved,medium,다양한 구분자;full_date,최종 날짜만 승인; OCR 주석 별도 검수
AMLC001546,,2022-02-24,,approved,easy,정상;full_date,최종 날짜만 승인; OCR 주석 별도 검수
AMLC001547,,2022-08-25,,approved,medium,다양한 구분자;full_date,최종 날짜만 승인; OCR 주석 별도 검수
AMLC001548,,2022-03-12,,approved,medium,다양한 구분자;full_date,최종 날짜만 승인; OCR 주석 별도 검수
AMLC001549,,2020-12-01,,approved,easy,정상;full_date,최종 날짜만 승인; OCR 주석 별도 검수
AMLC001550,,2020-07-05,,approved,easy,정상;full_date,최종 날짜만 승인; OCR 주석 별도 검수
AMLC001551,,2021-01-03,,approved,easy,정상;full_date,최종 날짜만 승인; OCR 주석 별도 검수
AMLC001552,,2020-07-20,,approved,easy,정상;full_date,최종 날짜만 승인; OCR 주석 별도 검수
AMLC001553,,2021-10-09,,approved,medium,두 자리 연도;full_date,최종 날짜만 승인; OCR 주석 별도 검수
AMLC001554,,2020-11-02,,approved,medium,다양한 구분자;full_date,최종 날짜만 승인; OCR 주석 별도 검수
AMLC001555,,2021-04-21,,approved,medium,두 자리 연도;다양한 구분자;반사·흐림·저대비;full_date,최종 날짜만 승인; OCR 주석 별도 검수
AMLC001556,,2021-11-04,,approved,easy,정상;full_date,최종 날짜만 승인; OCR 주석 별도 검수
AMLC001557,,2021-08-12,,approved,easy,정상;full_date,최종 날짜만 승인; OCR 주석 별도 검수
AMLC001558,,2021-11-01,,approved,easy,정상;full_date,최종 날짜만 승인; OCR 주석 별도 검수
AMLC001559,,2021-10-04,,approved,medium,두 자리 연도;다양한 구분자;full_date,최종 날짜만 승인; OCR 주석 별도 검수
AMLC001560,,2022-11-02,,approved,easy,정상;full_date,최종 날짜만 승인; OCR 주석 별도 검수
AMLC001561,,2021-10-11,,approved,easy,정상;full_date,최종 날짜만 승인; OCR 주석 별도 검수
AMLC001562,,2021-06-29,,approved,easy,정상;full_date,최종 날짜만 승인; OCR 주석 별도 검수
AMLC001563,,2021-05-05,,approved,easy,정상;full_date,최종 날짜만 승인; OCR 주석 별도 검수
AMLC001564,,2021-04-11,,approved,hard,제조일자·소비기한 동시;두 자리 연도;다양한 구분자;반사·흐림·저대비;full_date,최종 날짜만 승인; OCR 주석 별도 검수
AMLC001565,,2021-02-08,,approved,medium,두 자리 연도;full_date,최종 날짜만 승인; OCR 주석 별도 검수
AMLC001566,,2021-07-13,,approved,easy,정상;full_date,최종 날짜만 승인; OCR 주석 별도 검수
AMLC001567,,2022-07-26,,approved,easy,정상;full_date,최종 날짜만 승인; OCR 주석 별도 검수
AMLC001568,,2022-01-03,,approved,easy,정상;full_date,최종 날짜만 승인; OCR 주석 별도 검수
AMLC001569,,2021-03-31,,approved,easy,정상;full_date,최종 날짜만 승인; OCR 주석 별도 검수
AMLC001570,,2022-11-09,,approved,easy,정상;full_date,최종 날짜만 승인; OCR 주석 별도 검수
AMLC001571,,2019-07-11,,approved,hard,날짜 없음;반사·흐림·저대비;full_date,최종 날짜만 승인; OCR 주석 별도 검수
AMLC001572,,2021-05-21,,approved,medium,두 자리 연도;full_date,최종 날짜만 승인; OCR 주석 별도 검수
AMLC001573,,2021-12-25,,approved,medium,다양한 구분자;full_date,최종 날짜만 승인; OCR 주석 별도 검수
AMLC001574,,NONE-04-13,,approved,hard,날짜 없음;반사·흐림·저대비;partial_date,최종 날짜만 승인; OCR 주석 별도 검수
AMLC001575,,2021-04-08,,approved,medium,다양한 구분자;full_date,최종 날짜만 승인; OCR 주석 별도 검수
AMLC001576,,2023-06-18,,approved,medium,두 자리 연도;다양한 구분자;full_date,최종 날짜만 승인; OCR 주석 별도 검수
AMLC001577,,2021-01-29,,approved,medium,두 자리 연도;full_date,최종 날짜만 승인; OCR 주석 별도 검수
AMLC001578,,2021-04-12,,approved,easy,정상;full_date,최종 날짜만 승인; OCR 주석 별도 검수
AMLC001579,,2021-05-28,,approved,easy,정상;full_date,최종 날짜만 승인; OCR 주석 별도 검수
AMLC001580,,2020-01-15,,approved,easy,정상;full_date,최종 날짜만 승인; OCR 주석 별도 검수
AMLC001581,,2020-06-24,,approved,medium,두 자리 연도;full_date,최종 날짜만 승인; OCR 주석 별도 검수
AMLC001582,,NONE-07-01,,approved,hard,날짜 없음;반사·흐림·저대비;partial_date,최종 날짜만 승인; OCR 주석 별도 검수
AMLC001583,,2021-09-05,,approved,easy,정상;full_date,최종 날짜만 승인; OCR 주석 별도 검수
AMLC001584,,2021-02-11,,approved,medium,두 자리 연도;full_date,최종 날짜만 승인; OCR 주석 별도 검수
AMLC001585,,2022-05-19,,approved,easy,정상;full_date,최종 날짜만 승인; OCR 주석 별도 검수
AMLC001586,,2022-01-19,,approved,easy,정상;full_date,최종 날짜만 승인; OCR 주석 별도 검수
AMLC001587,,2018-12-04,,approved,easy,정상;full_date,최종 날짜만 승인; OCR 주석 별도 검수
AMLC001588,,2019-02-20,,approved,easy,정상;full_date,최종 날짜만 승인; OCR 주석 별도 검수
AMLC001589,,2020-09-25,,approved,easy,정상;full_date,최종 날짜만 승인; OCR 주석 별도 검수
AMLC001590,,2020-06-10,,approved,easy,정상;full_date,최종 날짜만 승인; OCR 주석 별도 검수
AMLC001591,,2020-08-07,,approved,easy,정상;full_date,최종 날짜만 승인; OCR 주석 별도 검수
AMLC001592,,2022-02-04,,approved,hard,제조일자·소비기한 동시;두 자리 연도;다양한 구분자;반사·흐림·저대비;full_date,최종 날짜만 승인; OCR 주석 별도 검수
AMLC001593,,2020-10-20,,approved,easy,정상;full_date,최종 날짜만 승인; OCR 주석 별도 검수
AMLC001594,,2020-06-10,,approved,hard,제조일자·소비기한 동시;두 자리 연도;다양한 구분자;반사·흐림·저대비;full_date,최종 날짜만 승인; OCR 주석 별도 검수
AMLC001595,,2021-10-28,,approved,easy,정상;full_date,최종 날짜만 승인; OCR 주석 별도 검수
AMLC001596,,2021-01-13,,approved,easy,정상;full_date,최종 날짜만 승인; OCR 주석 별도 검수
AMLC001597,,2021-08-05,,approved,easy,정상;full_date,최종 날짜만 승인; OCR 주석 별도 검수
AMLC001598,,2020-10-08,,approved,medium,두 자리 연도;full_date,최종 날짜만 승인; OCR 주석 별도 검수
AMLC001599,,2021-01-08,,approved,medium,제조일자·소비기한 동시;full_date,최종 날짜만 승인; OCR 주석 별도 검수
AMLC001600,,2021-03-05,,approved,medium,두 자리 연도;full_date,최종 날짜만 승인; OCR 주석 별도 검수
AMLC001601,,2020-06-11,,approved,easy,정상;full_date,최종 날짜만 승인; OCR 주석 별도 검수
AMLC001602,,2022-05-31,,approved,easy,정상;full_date,최종 날짜만 승인; OCR 주석 별도 검수
AMLC001603,,2020-09-22,,approved,medium,제조일자·소비기한 동시;두 자리 연도;full_date,최종 날짜만 승인; OCR 주석 별도 검수
AMLC001604,,2020-10-30,,approved,easy,정상;full_date,최종 날짜만 승인; OCR 주석 별도 검수
AMLC001605,,2020-10-16,,approved,medium,두 자리 연도;full_date,최종 날짜만 승인; OCR 주석 별도 검수
AMLC001606,,2023-06-NONE,,approved,medium,두 자리 연도;다양한 구분자;partial_date,최종 날짜만 승인; OCR 주석 별도 검수
AMLC001607,,2023-05-NONE,,approved,medium,두 자리 연도;다양한 구분자;partial_date,최종 날짜만 승인; OCR 주석 별도 검수
AMLC001608,,2022-02-01,,approved,easy,정상;full_date,최종 날짜만 승인; OCR 주석 별도 검수
AMLC001609,,2019-09-30,,approved,medium,다양한 구분자;full_date,최종 날짜만 승인; OCR 주석 별도 검수
AMLC001610,,2022-06-03,,approved,easy,정상;full_date,최종 날짜만 승인; OCR 주석 별도 검수
AMLC001611,,2021-02-07,,approved,easy,정상;full_date,최종 날짜만 승인; OCR 주석 별도 검수
AMLC001612,,2022-09-14,,approved,easy,정상;full_date,최종 날짜만 승인; OCR 주석 별도 검수
AMLC001613,,2023-03-03,,approved,easy,정상;full_date,최종 날짜만 승인; OCR 주석 별도 검수
AMLC001614,,2023-03-28,,approved,hard,두 자리 연도;다양한 구분자;반사·흐림·저대비;full_date,최종 날짜만 승인; OCR 주석 별도 검수
AMLC001615,,2022-07-21,,approved,easy,정상;full_date,최종 날짜만 승인; OCR 주석 별도 검수
AMLC001616,,2022-12-20,,approved,easy,정상;full_date,최종 날짜만 승인; OCR 주석 별도 검수
AMLC001617,,2023-01-21,,approved,medium,다양한 구분자;full_date,최종 날짜만 승인; OCR 주석 별도 검수
AMLC001618,,2022-02-22,,approved,medium,다양한 구분자;full_date,최종 날짜만 승인; OCR 주석 별도 검수
AMLC001619,,2021-06-08,,approved,easy,정상;full_date,최종 날짜만 승인; OCR 주석 별도 검수
AMLC001620,,2022-06-30,,approved,hard,다양한 구분자;반사·흐림·저대비;full_date,최종 날짜만 승인; OCR 주석 별도 검수
AMLC001621,,2021-05-26,,approved,medium,두 자리 연도;다양한 구분자;full_date,최종 날짜만 승인; OCR 주석 별도 검수
AMLC001622,,2022-03-13,,approved,easy,정상;full_date,최종 날짜만 승인; OCR 주석 별도 검수
AMLC001623,,2021-05-21,,approved,hard,날짜 없음;반사·흐림·저대비;full_date,최종 날짜만 승인; OCR 주석 별도 검수
AMLC001624,,2021-07-22,,approved,easy,정상;full_date,최종 날짜만 승인; OCR 주석 별도 검수
AMLC001625,,2021-09-07,,approved,easy,정상;full_date,최종 날짜만 승인; OCR 주석 별도 검수
AMLC001626,,2021-10-20,,approved,easy,정상;full_date,최종 날짜만 승인; OCR 주석 별도 검수
AMLC001627,,2021-05-09,,approved,hard,날짜 없음;반사·흐림·저대비;full_date,최종 날짜만 승인; OCR 주석 별도 검수
AMLC001628,,2022-01-04,,approved,easy,정상;full_date,최종 날짜만 승인; OCR 주석 별도 검수
AMLC001629,,2021-10-26,,approved,medium,제조일자·소비기한 동시;full_date,최종 날짜만 승인; OCR 주석 별도 검수
AMLC001630,,2021-04-30,,approved,easy,정상;full_date,최종 날짜만 승인; OCR 주석 별도 검수
AMLC001631,,2022-01-24,,approved,easy,정상;full_date,최종 날짜만 승인; OCR 주석 별도 검수
AMLC001632,,2022-12-15,,approved,easy,정상;full_date,최종 날짜만 승인; OCR 주석 별도 검수
AMLC001633,,2022-01-11,,approved,easy,정상;full_date,최종 날짜만 승인; OCR 주석 별도 검수
AMLC001634,,2021-12-01,,approved,easy,정상;full_date,최종 날짜만 승인; OCR 주석 별도 검수
AMLC001635,,NONE-03-05,,approved,hard,날짜 없음;반사·흐림·저대비;partial_date,최종 날짜만 승인; OCR 주석 별도 검수
AMLC001636,,2022-09-NONE,,approved,medium,두 자리 연도;다양한 구분자;partial_date,최종 날짜만 승인; OCR 주석 별도 검수
AMLC001637,,2021-03-16,,approved,medium,두 자리 연도;다양한 구분자;full_date,최종 날짜만 승인; OCR 주석 별도 검수
AMLC001638,,2021-08-02,,approved,easy,정상;full_date,최종 날짜만 승인; OCR 주석 별도 검수
AMLC001639,,2021-08-09,,approved,easy,정상;full_date,최종 날짜만 승인; OCR 주석 별도 검수
AMLC001640,,2023-12-22,,approved,medium,제조일자·소비기한 동시;full_date,최종 날짜만 승인; OCR 주석 별도 검수
AMLC001641,,2023-07-NONE,,approved,medium,두 자리 연도;다양한 구분자;partial_date,최종 날짜만 승인; OCR 주석 별도 검수
AMLC001642,,2021-01-03,,approved,easy,정상;full_date,최종 날짜만 승인; OCR 주석 별도 검수
AMLC001643,,2022-07-NONE,,approved,hard,두 자리 연도;다양한 구분자;반사·흐림·저대비;partial_date,최종 날짜만 승인; OCR 주석 별도 검수
AMLC001644,,2022-01-20,,approved,medium,제조일자·소비기한 동시;full_date,최종 날짜만 승인; OCR 주석 별도 검수
AMLC001645,,2022-01-06,,approved,medium,두 자리 연도;full_date,최종 날짜만 승인; OCR 주석 별도 검수
AMLC001646,,2021-12-31,,approved,medium,두 자리 연도;full_date,최종 날짜만 승인; OCR 주석 별도 검수
AMLC001647,,2021-12-18,,approved,hard,제조일자·소비기한 동시;full_date,최종 날짜만 승인; OCR 주석 별도 검수
AMLC001648,,2021-09-10,,approved,easy,정상;full_date,최종 날짜만 승인; OCR 주석 별도 검수
AMLC001649,,2021-07-03,,approved,easy,정상;full_date,최종 날짜만 승인; OCR 주석 별도 검수
AMLC001650,,2022-09-22,,approved,easy,정상;full_date,최종 날짜만 승인; OCR 주석 별도 검수
AMLC001651,,2022-06-06,,approved,easy,정상;full_date,최종 날짜만 승인; OCR 주석 별도 검수
AMLC001652,,2021-10-15,,approved,easy,정상;full_date,최종 날짜만 승인; OCR 주석 별도 검수
AMLC001653,,2022-01-31,,approved,easy,정상;full_date,최종 날짜만 승인; OCR 주석 별도 검수
AMLC001654,,2022-02-03,,approved,easy,정상;full_date,최종 날짜만 승인; OCR 주석 별도 검수
AMLC001655,,2022-07-31,,approved,easy,정상;full_date,최종 날짜만 승인; OCR 주석 별도 검수
AMLC001656,,2021-11-23,,approved,medium,두 자리 연도;full_date,최종 날짜만 승인; OCR 주석 별도 검수
AMLC001657,,2021-11-15,,approved,hard,제조일자·소비기한 동시;full_date,최종 날짜만 승인; OCR 주석 별도 검수
AMLC001658,,NONE-03-13,,approved,hard,날짜 없음;반사·흐림·저대비;partial_date,최종 날짜만 승인; OCR 주석 별도 검수
AMLC001659,,2020-08-17,,approved,easy,정상;full_date,최종 날짜만 승인; OCR 주석 별도 검수
AMLC001660,,2020-10-17,,approved,hard,제조일자·소비기한 동시;full_date,최종 날짜만 승인; OCR 주석 별도 검수
AMLC001661,,2022-06-15,,approved,hard,제조일자·소비기한 동시;full_date,최종 날짜만 승인; OCR 주석 별도 검수
AMLC001662,,2020-12-03,,approved,easy,정상;full_date,최종 날짜만 승인; OCR 주석 별도 검수
AMLC001663,,2020-10-29,,approved,easy,정상;full_date,최종 날짜만 승인; OCR 주석 별도 검수
AMLC001664,,2022-11-04,,approved,easy,정상;full_date,최종 날짜만 승인; OCR 주석 별도 검수
AMLC001665,,NONE-04-15,,approved,hard,날짜 없음;반사·흐림·저대비;partial_date,최종 날짜만 승인; OCR 주석 별도 검수
AMLC001666,,2020-09-06,,approved,easy,정상;full_date,최종 날짜만 승인; OCR 주석 별도 검수
AMLC001667,,2022-10-23,,approved,medium,제조일자·소비기한 동시;full_date,최종 날짜만 승인; OCR 주석 별도 검수
AMLC001668,,2021-10-20,,approved,easy,정상;full_date,최종 날짜만 승인; OCR 주석 별도 검수
AMLC001669,,2020-11-30,,approved,easy,정상;full_date,최종 날짜만 승인; OCR 주석 별도 검수
AMLC001670,,2021-12-16,,approved,easy,정상;full_date,최종 날짜만 승인; OCR 주석 별도 검수
AMLC001671,,2021-10-04,,approved,medium,두 자리 연도;full_date,최종 날짜만 승인; OCR 주석 별도 검수
AMLC001672,,2021-11-19,,approved,easy,정상;full_date,최종 날짜만 승인; OCR 주석 별도 검수
AMLC001673,,2023-01-05,,approved,easy,정상;full_date,최종 날짜만 승인; OCR 주석 별도 검수
AMLC001674,,2021-12-28,,approved,medium,두 자리 연도;full_date,최종 날짜만 승인; OCR 주석 별도 검수
AMLC001675,,2021-12-15,,approved,medium,제조일자·소비기한 동시;full_date,최종 날짜만 승인; OCR 주석 별도 검수
AMLC001676,,2022-04-09,,approved,easy,정상;full_date,최종 날짜만 승인; OCR 주석 별도 검수
AMLC001677,,NONE-02-12,,approved,hard,두 자리 연도;다양한 구분자;반사·흐림·저대비;partial_date,최종 날짜만 승인; OCR 주석 별도 검수
AMLC001678,,2021-10-04,,approved,easy,정상;full_date,최종 날짜만 승인; OCR 주석 별도 검수
AMLC001679,,2019-09-11,,approved,hard,두 자리 연도;다양한 구분자;반사·흐림·저대비;full_date,최종 날짜만 승인; OCR 주석 별도 검수
AMLC001680,,2021-09-13,,approved,hard,반사·흐림·저대비;full_date,최종 날짜만 승인; OCR 주석 별도 검수
AMLC001681,,2021-10-22,,approved,medium,두 자리 연도;full_date,최종 날짜만 승인; OCR 주석 별도 검수
AMLC001682,,2021-02-12,,approved,easy,정상;full_date,최종 날짜만 승인; OCR 주석 별도 검수
AMLC001683,,2021-10-10,,approved,easy,정상;full_date,최종 날짜만 승인; OCR 주석 별도 검수
AMLC001684,,2021-06-10,,approved,easy,정상;full_date,최종 날짜만 승인; OCR 주석 별도 검수
AMLC001685,,2019-12-10,,approved,easy,정상;full_date,최종 날짜만 승인; OCR 주석 별도 검수
AMLC001686,,2021-08-04,,approved,easy,정상;full_date,최종 날짜만 승인; OCR 주석 별도 검수
AMLC001687,,2021-12-22,,approved,easy,정상;full_date,최종 날짜만 승인; OCR 주석 별도 검수
AMLC001688,,2020-10-01,,approved,hard,제조일자·소비기한 동시;full_date,최종 날짜만 승인; OCR 주석 별도 검수
AMLC001689,,2022-01-16,,approved,easy,정상;full_date,최종 날짜만 승인; OCR 주석 별도 검수
AMLC001690,,2022-05-12,,approved,easy,정상;full_date,최종 날짜만 승인; OCR 주석 별도 검수
AMLC001691,,2022-11-12,,approved,easy,정상;full_date,최종 날짜만 승인; OCR 주석 별도 검수
AMLC001692,,2021-12-27,,approved,hard,날짜 없음;반사·흐림·저대비;full_date,최종 날짜만 승인; OCR 주석 별도 검수
AMLC001693,,2019-10-28,,approved,easy,정상;full_date,최종 날짜만 승인; OCR 주석 별도 검수
AMLC001694,,2022-12-21,,approved,easy,정상;full_date,최종 날짜만 승인; OCR 주석 별도 검수
AMLC001695,,2022-10-20,,approved,easy,정상;full_date,최종 날짜만 승인; OCR 주석 별도 검수
AMLC001696,,2021-08-17,,approved,easy,정상;full_date,최종 날짜만 승인; OCR 주석 별도 검수
AMLC001697,,2020-10-08,,approved,easy,정상;full_date,최종 날짜만 승인; OCR 주석 별도 검수
AMLC001698,,2019-08-18,,approved,medium,제조일자·소비기한 동시;두 자리 연도;full_date,최종 날짜만 승인; OCR 주석 별도 검수
AMLC001699,,2021-01-14,,approved,easy,정상;full_date,최종 날짜만 승인; OCR 주석 별도 검수
AMLC001700,,2021-08-04,,approved,easy,정상;full_date,최종 날짜만 승인; OCR 주석 별도 검수
AMLC001701,,2021-03-18,,approved,hard,날짜 없음;반사·흐림·저대비;full_date,최종 날짜만 승인; OCR 주석 별도 검수
AMLC001702,,2021-07-21,,approved,easy,정상;full_date,최종 날짜만 승인; OCR 주석 별도 검수
AMLC001703,,2020-07-01,,approved,hard,제조일자·소비기한 동시;다양한 구분자;full_date,최종 날짜만 승인; OCR 주석 별도 검수
AMLC001704,,2023-11-11,,approved,medium,다양한 구분자;full_date,최종 날짜만 승인; OCR 주석 별도 검수
AMLC001705,,2022-01-25,,approved,hard,날짜 없음;반사·흐림·저대비;full_date,최종 날짜만 승인; OCR 주석 별도 검수
AMLC001706,,2021-09-18,,approved,hard,날짜 없음;반사·흐림·저대비;full_date,최종 날짜만 승인; OCR 주석 별도 검수
AMLC001707,,2023-01-05,,approved,easy,정상;full_date,최종 날짜만 승인; OCR 주석 별도 검수
AMLC001708,,2022-11-04,,approved,hard,날짜 없음;반사·흐림·저대비;full_date,최종 날짜만 승인; OCR 주석 별도 검수
AMLC001709,,2022-10-02,,approved,hard,날짜 없음;반사·흐림·저대비;full_date,최종 날짜만 승인; OCR 주석 별도 검수
AMLC001710,,2021-11-01,,approved,easy,정상;full_date,최종 날짜만 승인; OCR 주석 별도 검수
AMLC001711,,2022-03-08,,approved,easy,정상;full_date,최종 날짜만 승인; OCR 주석 별도 검수
AMLC001712,,2022-10-29,,approved,hard,제조일자·소비기한 동시;full_date,최종 날짜만 승인; OCR 주석 별도 검수
AMLC001713,,2022-04-NONE,,approved,hard,두 자리 연도;다양한 구분자;반사·흐림·저대비;partial_date,최종 날짜만 승인; OCR 주석 별도 검수
AMLC001714,,2023-01-12,,approved,medium,다양한 구분자;full_date,최종 날짜만 승인; OCR 주석 별도 검수
AMLC001715,,2023-01-18,,approved,easy,정상;full_date,최종 날짜만 승인; OCR 주석 별도 검수
AMLC001716,,2022-07-20,,approved,easy,정상;full_date,최종 날짜만 승인; OCR 주석 별도 검수
AMLC001717,,2021-11-01,,approved,easy,정상;full_date,최종 날짜만 승인; OCR 주석 별도 검수
AMLC001718,,2021-12-25,,approved,easy,정상;full_date,최종 날짜만 승인; OCR 주석 별도 검수
AMLC001719,,2023-05-10,,approved,easy,정상;full_date,최종 날짜만 승인; OCR 주석 별도 검수
AMLC001720,,2020-10-23,,approved,hard,제조일자·소비기한 동시;full_date,최종 날짜만 승인; OCR 주석 별도 검수
AMLC001721,,2023-02-07,,approved,easy,정상;full_date,최종 날짜만 승인; OCR 주석 별도 검수
AMLC001722,,2022-06-09,,approved,medium,다양한 구분자;full_date,최종 날짜만 승인; OCR 주석 별도 검수
AMLC001723,,2021-01-18,,approved,easy,정상;full_date,최종 날짜만 승인; OCR 주석 별도 검수
AMLC001724,,2020-12-23,,approved,medium,두 자리 연도;full_date,최종 날짜만 승인; OCR 주석 별도 검수
AMLC001725,,2022-07-03,,approved,easy,정상;full_date,최종 날짜만 승인; OCR 주석 별도 검수
AMLC001726,,2021-06-11,,approved,hard,날짜 없음;반사·흐림·저대비;full_date,최종 날짜만 승인; OCR 주석 별도 검수
AMLC001727,,NONE,,approved,medium,두 자리 연도;no_expiry,최종 날짜만 승인; OCR 주석 별도 검수
AMLC001728,,2023-01-07,,approved,easy,정상;full_date,최종 날짜만 승인; OCR 주석 별도 검수
AMLC001729,,2021-06-03,,approved,hard,제조일자·소비기한 동시;반사·흐림·저대비;full_date,최종 날짜만 승인; OCR 주석 별도 검수
AMLC001730,,2020-09-13,,approved,hard,제조일자·소비기한 동시;다양한 구분자;full_date,최종 날짜만 승인; OCR 주석 별도 검수
AMLC001731,,2022-01-26,,approved,easy,정상;full_date,최종 날짜만 승인; OCR 주석 별도 검수
AMLC001732,,2021-08-03,,approved,easy,정상;full_date,최종 날짜만 승인; OCR 주석 별도 검수
AMLC001733,,2021-11-11,,approved,medium,두 자리 연도;full_date,최종 날짜만 승인; OCR 주석 별도 검수
AMLC001734,,2021-01-16,,approved,easy,정상;full_date,최종 날짜만 승인; OCR 주석 별도 검수
AMLC001735,,2021-02-04,,approved,easy,정상;full_date,최종 날짜만 승인; OCR 주석 별도 검수
AMLC001736,,2021-06-09,,approved,medium,제조일자·소비기한 동시;full_date,최종 날짜만 승인; OCR 주석 별도 검수
AMLC001737,,2021-08-14,,approved,easy,정상;full_date,최종 날짜만 승인; OCR 주석 별도 검수
AMLC001738,,2021-12-22,,approved,hard,날짜 없음;반사·흐림·저대비;full_date,최종 날짜만 승인; OCR 주석 별도 검수
AMLC001739,,2023-02-NONE,,approved,hard,두 자리 연도;다양한 구분자;반사·흐림·저대비;partial_date,최종 날짜만 승인; OCR 주석 별도 검수
AMLC001740,,2024-09-15,,approved,hard,제조일자·소비기한 동시;full_date,최종 날짜만 승인; OCR 주석 별도 검수
AMLC001741,,2022-04-NONE,,approved,hard,날짜 없음;반사·흐림·저대비;partial_date,최종 날짜만 승인; OCR 주석 별도 검수
AMLC001742,,2021-11-30,,approved,hard,반사·흐림·저대비;full_date,최종 날짜만 승인; OCR 주석 별도 검수
AMLC001743,,2021-10-31,,approved,easy,정상;full_date,최종 날짜만 승인; OCR 주석 별도 검수
AMLC001744,,2020-12-21,,approved,easy,정상;full_date,최종 날짜만 승인; OCR 주석 별도 검수
AMLC001745,,2022-05-NONE,,approved,hard,두 자리 연도;다양한 구분자;반사·흐림·저대비;partial_date,최종 날짜만 승인; OCR 주석 별도 검수
AMLC001746,,2022-01-20,,approved,medium,제조일자·소비기한 동시;full_date,최종 날짜만 승인; OCR 주석 별도 검수
AMLC001747,,2021-05-18,,approved,hard,제조일자·소비기한 동시;다양한 구분자;full_date,최종 날짜만 승인; OCR 주석 별도 검수
AMLC001748,,2023-06-22,,approved,hard,제조일자·소비기한 동시;full_date,최종 날짜만 승인; OCR 주석 별도 검수
AMLC001749,,2021-03-18,,approved,hard,제조일자·소비기한 동시;두 자리 연도;full_date,최종 날짜만 승인; OCR 주석 별도 검수
AMLC001750,,2021-03-16,,approved,medium,두 자리 연도;반사·흐림·저대비;full_date,최종 날짜만 승인; OCR 주석 별도 검수
AMLC001751,,2021-03-13,,approved,easy,정상;full_date,최종 날짜만 승인; OCR 주석 별도 검수
AMLC001752,,2023-03-15,,approved,easy,정상;full_date,최종 날짜만 승인; OCR 주석 별도 검수
AMLC001753,,2022-07-NONE,,approved,hard,날짜 없음;반사·흐림·저대비;partial_date,최종 날짜만 승인; OCR 주석 별도 검수
AMLC001754,,2021-03-28,,approved,easy,정상;full_date,최종 날짜만 승인; OCR 주석 별도 검수
AMLC001755,,2021-05-05,,approved,medium,반사·흐림·저대비;full_date,최종 날짜만 승인; OCR 주석 별도 검수
AMLC001756,,2022-08-03,,approved,easy,정상;full_date,최종 날짜만 승인; OCR 주석 별도 검수
AMLC001757,,2021-02-06,,approved,easy,정상;full_date,최종 날짜만 승인; OCR 주석 별도 검수
AMLC001758,,2021-04-18,,approved,easy,정상;full_date,최종 날짜만 승인; OCR 주석 별도 검수
AMLC001759,,2022-09-08,,approved,medium,두 자리 연도;full_date,최종 날짜만 승인; OCR 주석 별도 검수
AMLC001760,,2022-02-10,,approved,hard,제조일자·소비기한 동시;full_date,최종 날짜만 승인; OCR 주석 별도 검수
AMLC001761,,2021-01-27,,approved,easy,정상;full_date,최종 날짜만 승인; OCR 주석 별도 검수
AMLC001762,,2023-01-24,,approved,easy,정상;full_date,최종 날짜만 승인; OCR 주석 별도 검수
AMLC001763,,2021-05-07,,approved,easy,정상;full_date,최종 날짜만 승인; OCR 주석 별도 검수
AMLC001764,,2021-08-21,,approved,hard,반사·흐림·저대비;full_date,최종 날짜만 승인; OCR 주석 별도 검수
AMLC001765,,2022-01-24,,approved,easy,정상;full_date,최종 날짜만 승인; OCR 주석 별도 검수
AMLC001766,,2022-01-06,,approved,easy,정상;full_date,최종 날짜만 승인; OCR 주석 별도 검수
AMLC001767,,2021-08-08,,approved,hard,반사·흐림·저대비;full_date,최종 날짜만 승인; OCR 주석 별도 검수
AMLC001768,,2021-11-09,,approved,easy,정상;full_date,최종 날짜만 승인; OCR 주석 별도 검수
AMLC001769,,2022-03-09,,approved,easy,정상;full_date,최종 날짜만 승인; OCR 주석 별도 검수
AMLC001770,,2021-11-04,,approved,easy,정상;full_date,최종 날짜만 승인; OCR 주석 별도 검수
AMLC001771,,2022-02-16,,approved,easy,정상;full_date,최종 날짜만 승인; OCR 주석 별도 검수
AMLC001772,,2022-07-20,,approved,easy,정상;full_date,최종 날짜만 승인; OCR 주석 별도 검수
AMLC001773,,2023-01-25,,approved,easy,정상;full_date,최종 날짜만 승인; OCR 주석 별도 검수
AMLC001774,,2023-10-02,,approved,hard,제조일자·소비기한 동시;다양한 구분자;full_date,최종 날짜만 승인; OCR 주석 별도 검수
AMLC001775,,2022-09-14,,approved,easy,정상;full_date,최종 날짜만 승인; OCR 주석 별도 검수
AMLC001776,,2023-01-25,,approved,easy,정상;full_date,최종 날짜만 승인; OCR 주석 별도 검수
AMLC001777,,2023-02-15,,approved,easy,정상;full_date,최종 날짜만 승인; OCR 주석 별도 검수
AMLC001778,,2021-10-19,,approved,easy,정상;full_date,최종 날짜만 승인; OCR 주석 별도 검수
AMLC001779,,2022-01-19,,approved,easy,정상;full_date,최종 날짜만 승인; OCR 주석 별도 검수
AMLC001780,,2022-06-30,,approved,easy,정상;full_date,최종 날짜만 승인; OCR 주석 별도 검수
AMLC001781,,2021-12-04,,approved,easy,정상;full_date,최종 날짜만 승인; OCR 주석 별도 검수
AMLC001782,,2021-09-22,,approved,hard,제조일자·소비기한 동시;두 자리 연도;다양한 구분자;반사·흐림·저대비;full_date,최종 날짜만 승인; OCR 주석 별도 검수
AMLC001783,,2021-08-05,,approved,medium,다양한 구분자;full_date,최종 날짜만 승인; OCR 주석 별도 검수
AMLC001784,,2021-12-19,,approved,hard,제조일자·소비기한 동시;다양한 구분자;full_date,최종 날짜만 승인; OCR 주석 별도 검수
AMLC001785,,2021-10-17,,approved,medium,다양한 구분자;full_date,최종 날짜만 승인; OCR 주석 별도 검수
AMLC001786,,2021-03-21,,approved,easy,정상;full_date,최종 날짜만 승인; OCR 주석 별도 검수
AMLC001787,,2022-04-01,,approved,hard,두 자리 연도;다양한 구분자;반사·흐림·저대비;full_date,최종 날짜만 승인; OCR 주석 별도 검수
AMLC001788,,2021-04-02,,approved,medium,두 자리 연도;full_date,최종 날짜만 승인; OCR 주석 별도 검수
AMLC001789,,2021-09-30,,approved,hard,제조일자·소비기한 동시;full_date,최종 날짜만 승인; OCR 주석 별도 검수
AMLC001790,,2021-01-22,,approved,medium,두 자리 연도;full_date,최종 날짜만 승인; OCR 주석 별도 검수
AMLC001791,,2021-11-18,,approved,hard,제조일자·소비기한 동시;다양한 구분자;full_date,최종 날짜만 승인; OCR 주석 별도 검수
AMLC001792,,2021-11-17,,approved,easy,정상;full_date,최종 날짜만 승인; OCR 주석 별도 검수
AMLC001793,,2022-04-01,,approved,easy,정상;full_date,최종 날짜만 승인; OCR 주석 별도 검수
AMLC001794,,2022-10-21,,approved,easy,정상;full_date,최종 날짜만 승인; OCR 주석 별도 검수
AMLC001795,,2021-08-29,,approved,hard,제조일자·소비기한 동시;다양한 구분자;full_date,최종 날짜만 승인; OCR 주석 별도 검수
AMLC001796,,2021-09-25,,approved,medium,다양한 구분자;full_date,최종 날짜만 승인; OCR 주석 별도 검수
AMLC001797,,2021-10-15,,approved,hard,제조일자·소비기한 동시;full_date,최종 날짜만 승인; OCR 주석 별도 검수
AMLC001798,,2022-04-04,,approved,hard,제조일자·소비기한 동시;다양한 구분자;full_date,최종 날짜만 승인; OCR 주석 별도 검수
AMLC001799,,2021-05-07,,approved,medium,제조일자·소비기한 동시;full_date,최종 날짜만 승인; OCR 주석 별도 검수
AMLC001800,,2021-12-29,,approved,easy,정상;full_date,최종 날짜만 승인; OCR 주석 별도 검수
AMLC001801,,2021-12-16,,approved,easy,정상;full_date,최종 날짜만 승인; OCR 주석 별도 검수
AMLC001802,,2020-02-18,,approved,easy,정상;full_date,최종 날짜만 승인; OCR 주석 별도 검수
AMLC001803,,2024-01-14,,approved,easy,정상;full_date,최종 날짜만 승인; OCR 주석 별도 검수
AMLC001804,,2021-11-17,,approved,easy,정상;full_date,최종 날짜만 승인; OCR 주석 별도 검수
AMLC001805,,2021-01-07,,approved,easy,정상;full_date,최종 날짜만 승인; OCR 주석 별도 검수
AMLC001806,,2023-11-04,,approved,medium,두 자리 연도;full_date,최종 날짜만 승인; OCR 주석 별도 검수
AMLC001807,,2022-12-NONE,,approved,hard,날짜 없음;반사·흐림·저대비;partial_date,최종 날짜만 승인; OCR 주석 별도 검수
AMLC001808,,2023-10-15,,approved,medium,제조일자·소비기한 동시;full_date,최종 날짜만 승인; OCR 주석 별도 검수
AMLC001809,,2023-10-27,,approved,hard,제조일자·소비기한 동시;full_date,최종 날짜만 승인; OCR 주석 별도 검수
AMLC001810,,2023-08-11,,approved,medium,두 자리 연도;다양한 구분자;full_date,최종 날짜만 승인; OCR 주석 별도 검수
AMLC001811,,2022-08-05,,approved,hard,제조일자·소비기한 동시;full_date,최종 날짜만 승인; OCR 주석 별도 검수
AMLC001812,,2022-10-22,,approved,medium,다양한 구분자;full_date,최종 날짜만 승인; OCR 주석 별도 검수
AMLC001813,,2021-12-NONE,,approved,hard,두 자리 연도;다양한 구분자;반사·흐림·저대비;partial_date,최종 날짜만 승인; OCR 주석 별도 검수
AMLC001814,,2020-10-21,,approved,easy,정상;full_date,최종 날짜만 승인; OCR 주석 별도 검수
AMLC001815,,2022-07-07,,approved,easy,정상;full_date,최종 날짜만 승인; OCR 주석 별도 검수
AMLC001816,,2023-11-17,,approved,hard,두 자리 연도;다양한 구분자;반사·흐림·저대비;full_date,최종 날짜만 승인; OCR 주석 별도 검수
AMLC001817,,2022-04-02,,approved,medium,제조일자·소비기한 동시;full_date,최종 날짜만 승인; OCR 주석 별도 검수
AMLC001818,,2022-01-17,,approved,medium,제조일자·소비기한 동시;full_date,최종 날짜만 승인; OCR 주석 별도 검수
AMLC001819,,2021-12-01,,approved,easy,정상;full_date,최종 날짜만 승인; OCR 주석 별도 검수
AMLC001820,,2023-04-NONE,,approved,hard,두 자리 연도;다양한 구분자;반사·흐림·저대비;partial_date,최종 날짜만 승인; OCR 주석 별도 검수
AMLC001821,,2022-12-21,,approved,easy,정상;full_date,최종 날짜만 승인; OCR 주석 별도 검수
AMLC001822,,2022-05-04,,approved,easy,정상;full_date,최종 날짜만 승인; OCR 주석 별도 검수
AMLC001823,,2022-03-31,,approved,hard,제조일자·소비기한 동시;full_date,최종 날짜만 승인; OCR 주석 별도 검수
AMLC001824,,2023-12-21,,approved,easy,정상;full_date,최종 날짜만 승인; OCR 주석 별도 검수
AMLC001825,,2022-12-19,,approved,easy,정상;full_date,최종 날짜만 승인; OCR 주석 별도 검수
AMLC001826,,2021-06-22,,approved,easy,정상;full_date,최종 날짜만 승인; OCR 주석 별도 검수
AMLC001827,,2021-12-08,,approved,easy,정상;full_date,최종 날짜만 승인; OCR 주석 별도 검수
AMLC001828,,2023-05-NONE,,approved,hard,두 자리 연도;다양한 구분자;반사·흐림·저대비;partial_date,최종 날짜만 승인; OCR 주석 별도 검수
AMLC001829,,2022-01-20,,approved,easy,정상;full_date,최종 날짜만 승인; OCR 주석 별도 검수
AMLC001830,,2022-02-03,,approved,easy,정상;full_date,최종 날짜만 승인; OCR 주석 별도 검수
AMLC001831,,2022-10-09,,approved,hard,제조일자·소비기한 동시;full_date,최종 날짜만 승인; OCR 주석 별도 검수
AMLC001832,,2022-11-01,,approved,easy,정상;full_date,최종 날짜만 승인; OCR 주석 별도 검수
AMLC001833,,2021-12-04,,approved,easy,정상;full_date,최종 날짜만 승인; OCR 주석 별도 검수
AMLC001834,,2021-10-31,,approved,medium,다양한 구분자;full_date,최종 날짜만 승인; OCR 주석 별도 검수
AMLC001835,,2022-11-NONE,,approved,hard,두 자리 연도;다양한 구분자;반사·흐림·저대비;partial_date,최종 날짜만 승인; OCR 주석 별도 검수
AMLC001836,,2021-12-14,,approved,easy,정상;full_date,최종 날짜만 승인; OCR 주석 별도 검수
AMLC001837,,2022-01-24,,approved,easy,정상;full_date,최종 날짜만 승인; OCR 주석 별도 검수
AMLC001838,,2021-01-07,,approved,hard,제조일자·소비기한 동시;두 자리 연도;다양한 구분자;반사·흐림·저대비;full_date,최종 날짜만 승인; OCR 주석 별도 검수
AMLC001839,,2021-08-18,,approved,easy,정상;full_date,최종 날짜만 승인; OCR 주석 별도 검수
AMLC001840,,2025-11-30,,approved,medium,제조일자·소비기한 동시;full_date,최종 날짜만 승인; OCR 주석 별도 검수
AMLC001841,,2021-03-25,,approved,medium,두 자리 연도;full_date,최종 날짜만 승인; OCR 주석 별도 검수
AMLC001842,,2021-07-01,,approved,medium,두 자리 연도;다양한 구분자;full_date,최종 날짜만 승인; OCR 주석 별도 검수
AMLC001843,,2022-06-11,,approved,easy,정상;full_date,최종 날짜만 승인; OCR 주석 별도 검수
AMLC001844,,2022-01-11,,approved,medium,제조일자·소비기한 동시;full_date,최종 날짜만 승인; OCR 주석 별도 검수
AMLC001845,,2021-08-18,,approved,medium,제조일자·소비기한 동시;full_date,최종 날짜만 승인; OCR 주석 별도 검수
AMLC001846,,2021-03-26,,approved,hard,제조일자·소비기한 동시;다양한 구분자;full_date,최종 날짜만 승인; OCR 주석 별도 검수
AMLC001847,,2021-09-09,,approved,hard,제조일자·소비기한 동시;다양한 구분자;full_date,최종 날짜만 승인; OCR 주석 별도 검수
AMLC001848,,2022-04-18,,approved,easy,정상;full_date,최종 날짜만 승인; OCR 주석 별도 검수
AMLC001849,,2023-04-30,,approved,hard,제조일자·소비기한 동시;full_date,최종 날짜만 승인; OCR 주석 별도 검수
AMLC001850,,2021-04-05,,approved,easy,정상;full_date,최종 날짜만 승인; OCR 주석 별도 검수
AMLC001851,,2021-04-25,,approved,easy,정상;full_date,최종 날짜만 승인; OCR 주석 별도 검수
AMLC001852,,2021-03-23,,approved,easy,정상;full_date,최종 날짜만 승인; OCR 주석 별도 검수
AMLC001853,,2021-08-04,,approved,easy,정상;full_date,최종 날짜만 승인; OCR 주석 별도 검수
AMLC001854,,2021-07-17,,approved,easy,정상;full_date,최종 날짜만 승인; OCR 주석 별도 검수
AMLC001855,,2021-10-29,,approved,hard,날짜 없음;반사·흐림·저대비;full_date,최종 날짜만 승인; OCR 주석 별도 검수
AMLC001856,,2021-09-10,,approved,hard,제조일자·소비기한 동시;두 자리 연도;다양한 구분자;full_date,최종 날짜만 승인; OCR 주석 별도 검수
AMLC001857,,2021-12-03,,approved,hard,제조일자·소비기한 동시;다양한 구분자;full_date,최종 날짜만 승인; OCR 주석 별도 검수
AMLC001858,,2021-07-28,,approved,hard,제조일자·소비기한 동시;full_date,최종 날짜만 승인; OCR 주석 별도 검수
AMLC001859,,2021-11-05,,approved,easy,정상;full_date,최종 날짜만 승인; OCR 주석 별도 검수
AMLC001860,,2021-02-02,,approved,easy,정상;full_date,최종 날짜만 승인; OCR 주석 별도 검수
AMLC001861,,2021-06-11,,approved,hard,제조일자·소비기한 동시;full_date,최종 날짜만 승인; OCR 주석 별도 검수
AMLC001862,,2021-03-15,,approved,easy,정상;full_date,최종 날짜만 승인; OCR 주석 별도 검수
AMLC001863,,NONE-03-11,,approved,hard,날짜 없음;반사·흐림·저대비;partial_date,최종 날짜만 승인; OCR 주석 별도 검수
AMLC001864,,2021-03-10,,approved,easy,정상;full_date,최종 날짜만 승인; OCR 주석 별도 검수
AMLC001865,,2021-04-19,,approved,easy,정상;full_date,최종 날짜만 승인; OCR 주석 별도 검수
AMLC001866,,2022-01-14,,approved,easy,정상;full_date,최종 날짜만 승인; OCR 주석 별도 검수
AMLC001867,,2021-07-23,,approved,easy,정상;full_date,최종 날짜만 승인; OCR 주석 별도 검수
AMLC001868,,2021-06-06,,approved,easy,정상;full_date,최종 날짜만 승인; OCR 주석 별도 검수
AMLC001869,,2021-11-29,,approved,easy,정상;full_date,최종 날짜만 승인; OCR 주석 별도 검수
AMLC001870,,2021-08-23,,approved,easy,정상;full_date,최종 날짜만 승인; OCR 주석 별도 검수
AMLC001871,,2022-12-16,,approved,easy,정상;full_date,최종 날짜만 승인; OCR 주석 별도 검수
AMLC001872,,2022-10-29,,approved,medium,다양한 구분자;full_date,최종 날짜만 승인; OCR 주석 별도 검수
AMLC001873,,2021-12-07,,approved,hard,두 자리 연도;다양한 구분자;반사·흐림·저대비;full_date,최종 날짜만 승인; OCR 주석 별도 검수
AMLC001874,,2022-01-22,,approved,hard,날짜 없음;반사·흐림·저대비;full_date,최종 날짜만 승인; OCR 주석 별도 검수
AMLC001875,,2021-10-28,,approved,medium,두 자리 연도;full_date,최종 날짜만 승인; OCR 주석 별도 검수
AMLC001876,,2022-01-11,,approved,medium,두 자리 연도;full_date,최종 날짜만 승인; OCR 주석 별도 검수
AMLC001877,,2021-10-22,,approved,hard,제조일자·소비기한 동시;다양한 구분자;full_date,최종 날짜만 승인; OCR 주석 별도 검수
AMLC001878,,2021-12-15,,approved,medium,다양한 구분자;full_date,최종 날짜만 승인; OCR 주석 별도 검수
AMLC001879,,2022-03-01,,approved,easy,정상;full_date,최종 날짜만 승인; OCR 주석 별도 검수
AMLC001880,,2022-02-23,,approved,hard,제조일자·소비기한 동시;full_date,최종 날짜만 승인; OCR 주석 별도 검수
AMLC001881,,2026-01-09,,approved,medium,다양한 구분자;full_date,최종 날짜만 승인; OCR 주석 별도 검수
AMLC001882,,2022-12-30,,approved,medium,다양한 구분자;full_date,최종 날짜만 승인; OCR 주석 별도 검수
AMLC001883,,2020-12-19,,approved,hard,제조일자·소비기한 동시;두 자리 연도;다양한 구분자;반사·흐림·저대비;full_date,최종 날짜만 승인; OCR 주석 별도 검수
AMLC001884,,2021-10-28,,approved,hard,두 자리 연도;다양한 구분자;반사·흐림·저대비;full_date,최종 날짜만 승인; OCR 주석 별도 검수
AMLC001885,,2022-03-17,,approved,medium,두 자리 연도;full_date,최종 날짜만 승인; OCR 주석 별도 검수
AMLC001886,,2021-11-04,,approved,hard,제조일자·소비기한 동시;다양한 구분자;full_date,최종 날짜만 승인; OCR 주석 별도 검수
AMLC001887,,2021-06-25,,approved,hard,제조일자·소비기한 동시;full_date,최종 날짜만 승인; OCR 주석 별도 검수
AMLC001888,,2021-04-18,,approved,hard,제조일자·소비기한 동시;full_date,최종 날짜만 승인; OCR 주석 별도 검수
AMLC001889,,2021-12-25,,approved,medium,다양한 구분자;full_date,최종 날짜만 승인; OCR 주석 별도 검수
AMLC001890,,2022-02-04,,approved,easy,정상;full_date,최종 날짜만 승인; OCR 주석 별도 검수
AMLC001891,,2021-04-28,,approved,hard,제조일자·소비기한 동시;full_date,최종 날짜만 승인; OCR 주석 별도 검수
AMLC001892,,2021-06-12,,approved,hard,제조일자·소비기한 동시;full_date,최종 날짜만 승인; OCR 주석 별도 검수
AMLC001893,,2021-06-05,,approved,hard,두 자리 연도;다양한 구분자;반사·흐림·저대비;full_date,최종 날짜만 승인; OCR 주석 별도 검수
AMLC001894,,2021-09-26,,approved,hard,제조일자·소비기한 동시;다양한 구분자;full_date,최종 날짜만 승인; OCR 주석 별도 검수
AMLC001895,,2021-12-18,,approved,easy,정상;full_date,최종 날짜만 승인; OCR 주석 별도 검수
AMLC001896,,2021-08-13,,approved,medium,제조일자·소비기한 동시;두 자리 연도;다양한 구분자;full_date,최종 날짜만 승인; OCR 주석 별도 검수
AMLC001897,,2021-01-10,,approved,medium,제조일자·소비기한 동시;두 자리 연도;full_date,최종 날짜만 승인; OCR 주석 별도 검수
AMLC001898,,2024-04-06,,approved,hard,제조일자·소비기한 동시;두 자리 연도;다양한 구분자;반사·흐림·저대비;full_date,최종 날짜만 승인; OCR 주석 별도 검수
AMLC001899,,2022-01-08,,approved,easy,정상;full_date,최종 날짜만 승인; OCR 주석 별도 검수
AMLC001900,,2022-11-12,,approved,easy,정상;full_date,최종 날짜만 승인; OCR 주석 별도 검수
AMLC001901,,2020-12-NONE,,approved,hard,두 자리 연도;다양한 구분자;반사·흐림·저대비;partial_date,최종 날짜만 승인; OCR 주석 별도 검수
AMLC001902,,2022-06-15,,approved,easy,정상;full_date,최종 날짜만 승인; OCR 주석 별도 검수
AMLC001903,,2022-02-20,,approved,medium,제조일자·소비기한 동시;다양한 구분자;full_date,최종 날짜만 승인; OCR 주석 별도 검수
AMLC001904,,2022-01-NONE,,approved,hard,두 자리 연도;다양한 구분자;반사·흐림·저대비;partial_date,최종 날짜만 승인; OCR 주석 별도 검수
AMLC001905,,2021-05-29,,approved,hard,제조일자·소비기한 동시;다양한 구분자;full_date,최종 날짜만 승인; OCR 주석 별도 검수
AMLC001906,,2021-05-16,,approved,easy,정상;full_date,최종 날짜만 승인; OCR 주석 별도 검수
AMLC001907,,2022-09-10,,approved,easy,정상;full_date,최종 날짜만 승인; OCR 주석 별도 검수
AMLC001908,,2021-05-12,,approved,easy,정상;full_date,최종 날짜만 승인; OCR 주석 별도 검수
AMLC001909,,2023-06-01,,approved,medium,제조일자·소비기한 동시;다양한 구분자;full_date,최종 날짜만 승인; OCR 주석 별도 검수
AMLC001910,,2021-11-06,,approved,medium,두 자리 연도;full_date,최종 날짜만 승인; OCR 주석 별도 검수
AMLC001911,,2021-03-16,,approved,hard,제조일자·소비기한 동시;full_date,최종 날짜만 승인; OCR 주석 별도 검수
AMLC001912,,2021-12-01,,approved,medium,다양한 구분자;full_date,최종 날짜만 승인; OCR 주석 별도 검수
AMLC001913,,2021-12-08,,approved,hard,제조일자·소비기한 동시;full_date,최종 날짜만 승인; OCR 주석 별도 검수
AMLC001914,,2021-10-11,,approved,easy,정상;full_date,최종 날짜만 승인; OCR 주석 별도 검수
AMLC001915,,2024-05-NONE,,approved,hard,두 자리 연도;다양한 구분자;반사·흐림·저대비;partial_date,최종 날짜만 승인; OCR 주석 별도 검수
AMLC001916,,2021-10-08,,approved,easy,정상;full_date,최종 날짜만 승인; OCR 주석 별도 검수
AMLC001917,,2021-09-15,,approved,easy,정상;full_date,최종 날짜만 승인; OCR 주석 별도 검수
AMLC001918,,2021-10-02,,approved,medium,두 자리 연도;full_date,최종 날짜만 승인; OCR 주석 별도 검수
AMLC001919,,2021-04-06,,approved,medium,두 자리 연도;다양한 구분자;full_date,최종 날짜만 승인; OCR 주석 별도 검수
AMLC001920,,2021-04-22,,approved,hard,제조일자·소비기한 동시;다양한 구분자;full_date,최종 날짜만 승인; OCR 주석 별도 검수
AMLC001921,,2021-04-18,,approved,hard,제조일자·소비기한 동시;full_date,최종 날짜만 승인; OCR 주석 별도 검수
AMLC001922,,2022-06-22,,approved,medium,제조일자·소비기한 동시;다양한 구분자;full_date,최종 날짜만 승인; OCR 주석 별도 검수
AMLC001923,,2021-04-03,,approved,medium,다양한 구분자;full_date,최종 날짜만 승인; OCR 주석 별도 검수
AMLC001924,,2021-12-06,,approved,hard,제조일자·소비기한 동시;다양한 구분자;full_date,최종 날짜만 승인; OCR 주석 별도 검수
AMLC001925,,2023-04-28,,approved,medium,다양한 구분자;full_date,최종 날짜만 승인; OCR 주석 별도 검수
AMLC001926,,2022-10-05,,approved,medium,다양한 구분자;full_date,최종 날짜만 승인; OCR 주석 별도 검수
AMLC001927,,2021-03-18,,approved,easy,정상;full_date,최종 날짜만 승인; OCR 주석 별도 검수
AMLC001928,,2021-04-28,,approved,medium,제조일자·소비기한 동시;full_date,최종 날짜만 승인; OCR 주석 별도 검수
AMLC001929,,2021-12-27,,approved,medium,제조일자·소비기한 동시;full_date,최종 날짜만 승인; OCR 주석 별도 검수
AMLC001930,,2021-09-29,,approved,easy,정상;full_date,최종 날짜만 승인; OCR 주석 별도 검수
AMLC001931,,2021-04-19,,approved,easy,정상;full_date,최종 날짜만 승인; OCR 주석 별도 검수
AMLC001932,,2023-01-13,,approved,hard,날짜 없음;반사·흐림·저대비;full_date,최종 날짜만 승인; OCR 주석 별도 검수
AMLC001933,,2021-12-29,,approved,easy,정상;full_date,최종 날짜만 승인; OCR 주석 별도 검수
AMLC001934,,2023-01-20,,approved,easy,정상;full_date,최종 날짜만 승인; OCR 주석 별도 검수
AMLC001935,,2023-01-13,,approved,easy,정상;full_date,최종 날짜만 승인; OCR 주석 별도 검수
AMLC001936,,2021-04-02,,approved,easy,정상;full_date,최종 날짜만 승인; OCR 주석 별도 검수
AMLC001937,,2021-06-28,,approved,medium,제조일자·소비기한 동시;full_date,최종 날짜만 승인; OCR 주석 별도 검수
AMLC001938,,2022-01-04,,approved,hard,반사·흐림·저대비;full_date,최종 날짜만 승인; OCR 주석 별도 검수
AMLC001939,,2022-12-01,,approved,easy,정상;full_date,최종 날짜만 승인; OCR 주석 별도 검수
AMLC001940,,2021-11-19,,approved,easy,정상;full_date,최종 날짜만 승인; OCR 주석 별도 검수
AMLC001941,,2021-10-07,,approved,easy,정상;full_date,최종 날짜만 승인; OCR 주석 별도 검수
AMLC001942,,2022-11-08,,approved,easy,정상;full_date,최종 날짜만 승인; OCR 주석 별도 검수
AMLC001943,,2021-07-03,,approved,hard,날짜 없음;반사·흐림·저대비;full_date,최종 날짜만 승인; OCR 주석 별도 검수
AMLC001944,,2022-01-02,,approved,hard,제조일자·소비기한 동시;full_date,최종 날짜만 승인; OCR 주석 별도 검수
AMLC001945,,2022-05-21,,approved,easy,정상;full_date,최종 날짜만 승인; OCR 주석 별도 검수
AMLC001946,,2021-08-30,,approved,easy,정상;full_date,최종 날짜만 승인; OCR 주석 별도 검수
AMLC001947,,2021-06-30,,approved,medium,다양한 구분자;full_date,최종 날짜만 승인; OCR 주석 별도 검수
AMLC001948,,2021-08-01,,approved,hard,제조일자·소비기한 동시;다양한 구분자;full_date,최종 날짜만 승인; OCR 주석 별도 검수
AMLC001949,,2022-08-02,,approved,hard,제조일자·소비기한 동시;다양한 구분자;full_date,최종 날짜만 승인; OCR 주석 별도 검수
AMLC001950,,2021-05-24,,approved,easy,정상;full_date,최종 날짜만 승인; OCR 주석 별도 검수
AMLC001951,,2023-09-22,,approved,hard,제조일자·소비기한 동시;full_date,최종 날짜만 승인; OCR 주석 별도 검수
AMLC001952,,2023-06-NONE,,approved,hard,두 자리 연도;다양한 구분자;반사·흐림·저대비;partial_date,최종 날짜만 승인; OCR 주석 별도 검수
AMLC001953,,2020-03-09,,approved,hard,제조일자·소비기한 동시;full_date,최종 날짜만 승인; OCR 주석 별도 검수
AMLC001954,,2021-12-30,,approved,hard,제조일자·소비기한 동시;두 자리 연도;다양한 구분자;반사·흐림·저대비;full_date,최종 날짜만 승인; OCR 주석 별도 검수
AMLC001955,,2021-08-15,,approved,easy,정상;full_date,최종 날짜만 승인; OCR 주석 별도 검수
AMLC001956,,2021-08-02,,approved,medium,두 자리 연도;full_date,최종 날짜만 승인; OCR 주석 별도 검수
AMLC001957,,2021-08-11,,approved,hard,제조일자·소비기한 동시;full_date,최종 날짜만 승인; OCR 주석 별도 검수
AMLC001958,,2022-09-13,,approved,hard,반사·흐림·저대비;full_date,최종 날짜만 승인; OCR 주석 별도 검수
AMLC001959,,2023-06-02,,approved,hard,두 자리 연도;다양한 구분자;반사·흐림·저대비;full_date,최종 날짜만 승인; OCR 주석 별도 검수
AMLC001960,,2022-06-15,,approved,easy,정상;full_date,최종 날짜만 승인; OCR 주석 별도 검수
AMLC001961,,2021-03-25,,approved,hard,제조일자·소비기한 동시;다양한 구분자;full_date,최종 날짜만 승인; OCR 주석 별도 검수
AMLC001962,,2021-08-30,,approved,easy,정상;full_date,최종 날짜만 승인; OCR 주석 별도 검수
AMLC001963,,2023-03-02,,approved,hard,제조일자·소비기한 동시;다양한 구분자;full_date,최종 날짜만 승인; OCR 주석 별도 검수
AMLC001964,,2022-02-28,,approved,medium,두 자리 연도;다양한 구분자;full_date,최종 날짜만 승인; OCR 주석 별도 검수
AMLC001965,,2021-08-04,,approved,easy,정상;full_date,최종 날짜만 승인; OCR 주석 별도 검수
AMLC001966,,2021-02-25,,approved,easy,정상;full_date,최종 날짜만 승인; OCR 주석 별도 검수
AMLC001967,,2021-04-07,,approved,easy,정상;full_date,최종 날짜만 승인; OCR 주석 별도 검수
AMLC001968,,2021-04-11,,approved,easy,정상;full_date,최종 날짜만 승인; OCR 주석 별도 검수
AMLC001969,,2022-12-04,,approved,easy,정상;full_date,최종 날짜만 승인; OCR 주석 별도 검수
AMLC001970,,2021-06-21,,approved,easy,정상;full_date,최종 날짜만 승인; OCR 주석 별도 검수
AMLC001971,,2021-04-13,,approved,medium,제조일자·소비기한 동시;full_date,최종 날짜만 승인; OCR 주석 별도 검수
AMLC001972,,2023-12-08,,approved,easy,정상;full_date,최종 날짜만 승인; OCR 주석 별도 검수
AMLC001973,,2022-07-20,,approved,easy,정상;full_date,최종 날짜만 승인; OCR 주석 별도 검수
AMLC001974,,2022-01-04,,approved,easy,정상;full_date,최종 날짜만 승인; OCR 주석 별도 검수
AMLC001975,,2021-07-15,,approved,easy,정상;full_date,최종 날짜만 승인; OCR 주석 별도 검수
AMLC001976,,2021-11-11,,approved,easy,정상;full_date,최종 날짜만 승인; OCR 주석 별도 검수
AMLC001977,,2021-03-31,,approved,easy,정상;full_date,최종 날짜만 승인; OCR 주석 별도 검수
AMLC001978,,2024-02-13,,approved,easy,정상;full_date,최종 날짜만 승인; OCR 주석 별도 검수
AMLC001979,,2021-07-20,,approved,easy,정상;full_date,최종 날짜만 승인; OCR 주석 별도 검수
AMLC001980,,2021-11-09,,approved,easy,정상;full_date,최종 날짜만 승인; OCR 주석 별도 검수
AMLC001981,,2022-08-03,,approved,medium,다양한 구분자;full_date,최종 날짜만 승인; OCR 주석 별도 검수
AMLC001982,,2020-07-22,,approved,hard,두 자리 연도;다양한 구분자;반사·흐림·저대비;full_date,최종 날짜만 승인; OCR 주석 별도 검수
AMLC001983,,2023-03-NONE,,approved,hard,제조일자·소비기한 동시;두 자리 연도;다양한 구분자;반사·흐림·저대비;partial_date,최종 날짜만 승인; OCR 주석 별도 검수
AMLC001984,,2021-05-19,,approved,easy,정상;full_date,최종 날짜만 승인; OCR 주석 별도 검수
AMLC001985,,2021-10-30,,approved,medium,제조일자·소비기한 동시;다양한 구분자;full_date,최종 날짜만 승인; OCR 주석 별도 검수
AMLC001986,,2021-07-21,,approved,hard,제조일자·소비기한 동시;full_date,최종 날짜만 승인; OCR 주석 별도 검수
AMLC001987,,2021-06-30,,approved,medium,두 자리 연도;다양한 구분자;full_date,최종 날짜만 승인; OCR 주석 별도 검수
AMLC001988,,2020-11-18,,approved,easy,정상;full_date,최종 날짜만 승인; OCR 주석 별도 검수
AMLC001989,,2022-09-15,,approved,easy,정상;full_date,최종 날짜만 승인; OCR 주석 별도 검수
AMLC001990,,2021-04-30,,approved,medium,두 자리 연도;다양한 구분자;full_date,최종 날짜만 승인; OCR 주석 별도 검수
AMLC001991,,2021-09-11,,approved,hard,제조일자·소비기한 동시;full_date,최종 날짜만 승인; OCR 주석 별도 검수
AMLC001992,,2021-09-12,,approved,hard,제조일자·소비기한 동시;full_date,최종 날짜만 승인; OCR 주석 별도 검수
AMLC001993,,2021-06-13,,approved,medium,다양한 구분자;full_date,최종 날짜만 승인; OCR 주석 별도 검수
AMLC001994,,2021-11-06,,approved,easy,정상;full_date,최종 날짜만 승인; OCR 주석 별도 검수
AMLC001995,,NONE-04-08,,approved,hard,날짜 없음;반사·흐림·저대비;partial_date,최종 날짜만 승인; OCR 주석 별도 검수
AMLC001996,,2022-09-27,,approved,easy,정상;full_date,최종 날짜만 승인; OCR 주석 별도 검수
AMLC001997,,2022-06-30,,approved,medium,두 자리 연도;반사·흐림·저대비;full_date,최종 날짜만 승인; OCR 주석 별도 검수
AMLC001998,,2022-02-01,,approved,medium,두 자리 연도;full_date,최종 날짜만 승인; OCR 주석 별도 검수
AMLC001999,,2022-02-02,,approved,medium,두 자리 연도;full_date,최종 날짜만 승인; OCR 주석 별도 검수
AMLC002000,,2021-11-11,,approved,medium,두 자리 연도;full_date,최종 날짜만 승인; OCR 주석 별도 검수
AMLC002001,,2021-10-NONE,,approved,hard,두 자리 연도;다양한 구분자;반사·흐림·저대비;partial_date,최종 날짜만 승인; OCR 주석 별도 검수
AMLC002002,,2022-07-29,,approved,medium,다양한 구분자;full_date,최종 날짜만 승인; OCR 주석 별도 검수
AMLC002003,,2021-07-05,,approved,medium,다양한 구분자;full_date,최종 날짜만 승인; OCR 주석 별도 검수
AMLC002004,,2020-06-23,,approved,easy,정상;full_date,최종 날짜만 승인; OCR 주석 별도 검수
AMLC002005,,2023-08-27,,approved,hard,제조일자·소비기한 동시;다양한 구분자;full_date,최종 날짜만 승인; OCR 주석 별도 검수
AMLC002006,,2021-09-25,,approved,medium,다양한 구분자;full_date,최종 날짜만 승인; OCR 주석 별도 검수
AMLC002007,,2021-08-12,,approved,hard,제조일자·소비기한 동시;full_date,최종 날짜만 승인; OCR 주석 별도 검수
AMLC002008,,2021-04-30,,approved,easy,정상;full_date,최종 날짜만 승인; OCR 주석 별도 검수
AMLC002009,,2021-11-03,,approved,medium,두 자리 연도;full_date,최종 날짜만 승인; OCR 주석 별도 검수
AMLC002010,,2020-05-28,,approved,medium,다양한 구분자;full_date,최종 날짜만 승인; OCR 주석 별도 검수
AMLC002011,,2021-02-28,,approved,easy,정상;full_date,최종 날짜만 승인; OCR 주석 별도 검수
AMLC002012,,2022-11-04,,approved,easy,정상;full_date,최종 날짜만 승인; OCR 주석 별도 검수
AMLC002013,,2021-01-02,,approved,easy,정상;full_date,최종 날짜만 승인; OCR 주석 별도 검수
AMLC002014,,2022-07-27,,approved,hard,제조일자·소비기한 동시;두 자리 연도;다양한 구분자;반사·흐림·저대비;full_date,최종 날짜만 승인; OCR 주석 별도 검수
AMLC002015,,2021-10-08,,approved,medium,다양한 구분자;반사·흐림·저대비;full_date,최종 날짜만 승인; OCR 주석 별도 검수
AMLC002016,,2021-11-21,,approved,easy,정상;full_date,최종 날짜만 승인; OCR 주석 별도 검수
AMLC002017,,2020-03-13,,approved,hard,반사·흐림·저대비;full_date,최종 날짜만 승인; OCR 주석 별도 검수
AMLC002018,,2020-11-06,,approved,easy,정상;full_date,최종 날짜만 승인; OCR 주석 별도 검수
AMLC002019,,2022-09-03,,approved,easy,정상;full_date,최종 날짜만 승인; OCR 주석 별도 검수
AMLC002020,,2021-09-03,,approved,medium,두 자리 연도;다양한 구분자;full_date,최종 날짜만 승인; OCR 주석 별도 검수
AMLC002021,,2021-05-28,,approved,easy,정상;full_date,최종 날짜만 승인; OCR 주석 별도 검수
AMLC002022,,2021-07-07,,approved,easy,정상;full_date,최종 날짜만 승인; OCR 주석 별도 검수
AMLC002023,,2022-11-14,,approved,easy,정상;full_date,최종 날짜만 승인; OCR 주석 별도 검수
AMLC002024,,2022-03-20,,approved,easy,정상;full_date,최종 날짜만 승인; OCR 주석 별도 검수
AMLC002025,,2022-03-15,,approved,hard,제조일자·소비기한 동시;다양한 구분자;full_date,최종 날짜만 승인; OCR 주석 별도 검수
AMLC002026,,2020-05-12,,approved,easy,정상;full_date,최종 날짜만 승인; OCR 주석 별도 검수
AMLC002027,,2020-07-20,,approved,medium,두 자리 연도;full_date,최종 날짜만 승인; OCR 주석 별도 검수
AMLC002028,,2021-12-17,,approved,easy,정상;full_date,최종 날짜만 승인; OCR 주석 별도 검수
AMLC002029,,2021-09-14,,approved,easy,정상;full_date,최종 날짜만 승인; OCR 주석 별도 검수
AMLC002030,,2021-05-01,,approved,easy,정상;full_date,최종 날짜만 승인; OCR 주석 별도 검수
AMLC002031,,2022-04-01,,approved,easy,정상;full_date,최종 날짜만 승인; OCR 주석 별도 검수
AMLC002032,,2021-07-20,,approved,easy,정상;full_date,최종 날짜만 승인; OCR 주석 별도 검수
AMLC002033,,2021-03-20,,approved,easy,정상;full_date,최종 날짜만 승인; OCR 주석 별도 검수
AMLC002034,,2021-02-21,,approved,easy,정상;full_date,최종 날짜만 승인; OCR 주석 별도 검수
AMLC002035,,2021-11-22,,approved,easy,정상;full_date,최종 날짜만 승인; OCR 주석 별도 검수
AMLC002036,,2022-07-13,,approved,easy,정상;full_date,최종 날짜만 승인; OCR 주석 별도 검수
AMLC002037,,2022-10-15,,approved,easy,정상;full_date,최종 날짜만 승인; OCR 주석 별도 검수
AMLC002038,,2021-10-07,,approved,easy,정상;full_date,최종 날짜만 승인; OCR 주석 별도 검수
AMLC002039,,2021-10-12,,approved,easy,정상;full_date,최종 날짜만 승인; OCR 주석 별도 검수
AMLC002040,,2021-12-05,,approved,easy,정상;full_date,최종 날짜만 승인; OCR 주석 별도 검수
AMLC002041,,2022-06-18,,approved,easy,정상;full_date,최종 날짜만 승인; OCR 주석 별도 검수
AMLC002042,,2022-11-26,,approved,easy,정상;full_date,최종 날짜만 승인; OCR 주석 별도 검수
AMLC002043,,2023-05-NONE,,approved,hard,두 자리 연도;다양한 구분자;반사·흐림·저대비;partial_date,최종 날짜만 승인; OCR 주석 별도 검수
AMLC002044,,2022-05-26,,approved,easy,정상;full_date,최종 날짜만 승인; OCR 주석 별도 검수
AMLC002045,,2021-11-30,,approved,easy,정상;full_date,최종 날짜만 승인; OCR 주석 별도 검수
AMLC002046,,2021-10-05,,approved,hard,제조일자·소비기한 동시;두 자리 연도;full_date,최종 날짜만 승인; OCR 주석 별도 검수
AMLC002047,,2021-12-11,,approved,medium,다양한 구분자;full_date,최종 날짜만 승인; OCR 주석 별도 검수
AMLC002048,,2024-01-29,,approved,hard,제조일자·소비기한 동시;다양한 구분자;full_date,최종 날짜만 승인; OCR 주석 별도 검수
AMLC002049,,2022-07-01,,approved,easy,정상;full_date,최종 날짜만 승인; OCR 주석 별도 검수
AMLC002050,,2022-02-23,,approved,easy,정상;full_date,최종 날짜만 승인; OCR 주석 별도 검수
AMLC002051,,2023-01-04,,approved,easy,정상;full_date,최종 날짜만 승인; OCR 주석 별도 검수
AMLC002052,,2021-03-23,,approved,easy,정상;full_date,최종 날짜만 승인; OCR 주석 별도 검수
AMLC002053,,2021-11-01,,approved,easy,정상;full_date,최종 날짜만 승인; OCR 주석 별도 검수
AMLC002054,,2021-09-13,,approved,hard,제조일자·소비기한 동시;full_date,최종 날짜만 승인; OCR 주석 별도 검수
AMLC002055,,2021-04-10,,approved,medium,두 자리 연도;full_date,최종 날짜만 승인; OCR 주석 별도 검수
AMLC002056,,2021-09-28,,approved,medium,다양한 구분자;full_date,최종 날짜만 승인; OCR 주석 별도 검수
AMLC002057,,2021-11-02,,approved,hard,제조일자·소비기한 동시;full_date,최종 날짜만 승인; OCR 주석 별도 검수
AMLC002058,,2020-07-14,,approved,easy,정상;full_date,최종 날짜만 승인; OCR 주석 별도 검수
AMLC002059,,2021-04-12,,approved,hard,제조일자·소비기한 동시;두 자리 연도;다양한 구분자;반사·흐림·저대비;full_date,최종 날짜만 승인; OCR 주석 별도 검수
AMLC002060,,2022-11-21,,approved,medium,다양한 구분자;full_date,최종 날짜만 승인; OCR 주석 별도 검수
AMLC002061,,2022-08-28,,approved,medium,다양한 구분자;full_date,최종 날짜만 승인; OCR 주석 별도 검수
AMLC002062,,2021-02-18,,approved,easy,정상;full_date,최종 날짜만 승인; OCR 주석 별도 검수
AMLC002063,,2021-03-01,,approved,easy,정상;full_date,최종 날짜만 승인; OCR 주석 별도 검수
AMLC002064,,2022-01-17,,approved,hard,날짜 없음;반사·흐림·저대비;full_date,최종 날짜만 승인; OCR 주석 별도 검수
AMLC002065,,2020-07-13,,approved,easy,정상;full_date,최종 날짜만 승인; OCR 주석 별도 검수
AMLC002066,,2022-05-02,,approved,easy,정상;full_date,최종 날짜만 승인; OCR 주석 별도 검수
AMLC002067,,2021-10-20,,approved,easy,정상;full_date,최종 날짜만 승인; OCR 주석 별도 검수
AMLC002068,,2021-04-07,,approved,hard,제조일자·소비기한 동시;다양한 구분자;full_date,최종 날짜만 승인; OCR 주석 별도 검수
AMLC002069,,2021-02-16,,approved,medium,두 자리 연도;full_date,최종 날짜만 승인; OCR 주석 별도 검수
AMLC002070,,2020-12-19,,approved,easy,정상;full_date,최종 날짜만 승인; OCR 주석 별도 검수
AMLC002071,,2021-10-28,,approved,hard,제조일자·소비기한 동시;다양한 구분자;full_date,최종 날짜만 승인; OCR 주석 별도 검수
AMLC002072,,2021-03-06,,approved,medium,제조일자·소비기한 동시;다양한 구분자;full_date,최종 날짜만 승인; OCR 주석 별도 검수
AMLC002073,,2022-02-19,,approved,easy,정상;full_date,최종 날짜만 승인; OCR 주석 별도 검수
AMLC002074,,2021-10-04,,approved,easy,정상;full_date,최종 날짜만 승인; OCR 주석 별도 검수
AMLC002075,,2022-03-05,,approved,medium,제조일자·소비기한 동시;full_date,최종 날짜만 승인; OCR 주석 별도 검수
AMLC002076,,2021-10-18,,approved,medium,다양한 구분자;full_date,최종 날짜만 승인; OCR 주석 별도 검수
AMLC002077,,2021-11-12,,approved,medium,제조일자·소비기한 동시;full_date,최종 날짜만 승인; OCR 주석 별도 검수
AMLC002078,,2021-06-15,,approved,medium,두 자리 연도;full_date,최종 날짜만 승인; OCR 주석 별도 검수
AMLC002079,,2020-08-09,,approved,medium,제조일자·소비기한 동시;두 자리 연도;full_date,최종 날짜만 승인; OCR 주석 별도 검수
AMLC002080,,2021-08-19,,approved,easy,정상;full_date,최종 날짜만 승인; OCR 주석 별도 검수
AMLC002081,,2021-08-25,,approved,easy,정상;full_date,최종 날짜만 승인; OCR 주석 별도 검수
AMLC002082,,2021-01-16,,approved,easy,정상;full_date,최종 날짜만 승인; OCR 주석 별도 검수
AMLC002083,,2021-12-13,,approved,medium,두 자리 연도;full_date,최종 날짜만 승인; OCR 주석 별도 검수
AMLC002084,,2021-11-01,,approved,easy,정상;full_date,최종 날짜만 승인; OCR 주석 별도 검수
AMLC002085,,2021-12-02,,approved,medium,제조일자·소비기한 동시;full_date,최종 날짜만 승인; OCR 주석 별도 검수
AMLC002086,,2021-12-02,,approved,medium,두 자리 연도;full_date,최종 날짜만 승인; OCR 주석 별도 검수
AMLC002087,,2021-06-27,,approved,easy,정상;full_date,최종 날짜만 승인; OCR 주석 별도 검수
AMLC002088,,2021-06-30,,approved,hard,제조일자·소비기한 동시;full_date,최종 날짜만 승인; OCR 주석 별도 검수
AMLC002089,,2021-09-15,,approved,hard,제조일자·소비기한 동시;full_date,최종 날짜만 승인; OCR 주석 별도 검수
AMLC002090,,2021-09-17,,approved,hard,제조일자·소비기한 동시;full_date,최종 날짜만 승인; OCR 주석 별도 검수
AMLC002091,,2023-01-03,,approved,easy,정상;full_date,최종 날짜만 승인; OCR 주석 별도 검수
AMLC002092,,2022-10-12,,approved,easy,정상;full_date,최종 날짜만 승인; OCR 주석 별도 검수
AMLC002093,,2021-04-12,,approved,easy,정상;full_date,최종 날짜만 승인; OCR 주석 별도 검수
AMLC002094,,2022-11-21,,approved,easy,정상;full_date,최종 날짜만 승인; OCR 주석 별도 검수
AMLC002095,,2022-03-29,,approved,easy,정상;full_date,최종 날짜만 승인; OCR 주석 별도 검수
AMLC002096,,2023-12-06,,approved,easy,정상;full_date,최종 날짜만 승인; OCR 주석 별도 검수
AMLC002097,,2021-01-11,,approved,easy,정상;full_date,최종 날짜만 승인; OCR 주석 별도 검수
AMLC002098,,2022-07-16,,approved,hard,제조일자·소비기한 동시;다양한 구분자;full_date,최종 날짜만 승인; OCR 주석 별도 검수
AMLC002099,,2021-06-09,,approved,easy,정상;full_date,최종 날짜만 승인; OCR 주석 별도 검수
AMLC002100,,2021-03-28,,approved,easy,정상;full_date,최종 날짜만 승인; OCR 주석 별도 검수
AMLC002101,,2021-09-25,,approved,medium,제조일자·소비기한 동시;full_date,최종 날짜만 승인; OCR 주석 별도 검수
AMLC002102,,2021-12-29,,approved,easy,정상;full_date,최종 날짜만 승인; OCR 주석 별도 검수
AMLC002103,,2021-07-10,,approved,easy,정상;full_date,최종 날짜만 승인; OCR 주석 별도 검수
AMLC002104,,2021-09-30,,approved,easy,정상;full_date,최종 날짜만 승인; OCR 주석 별도 검수
AMLC002105,,2021-09-15,,approved,hard,제조일자·소비기한 동시;full_date,최종 날짜만 승인; OCR 주석 별도 검수
AMLC002106,,2021-03-07,,approved,easy,정상;full_date,최종 날짜만 승인; OCR 주석 별도 검수
AMLC002107,,2021-02-16,,approved,easy,정상;full_date,최종 날짜만 승인; OCR 주석 별도 검수
AMLC002108,,2022-08-25,,approved,easy,정상;full_date,최종 날짜만 승인; OCR 주석 별도 검수
AMLC002109,,2022-03-30,,approved,easy,정상;full_date,최종 날짜만 승인; OCR 주석 별도 검수
AMLC002110,,2021-05-22,,approved,easy,정상;full_date,최종 날짜만 승인; OCR 주석 별도 검수
AMLC002111,,2021-10-14,,approved,easy,정상;full_date,최종 날짜만 승인; OCR 주석 별도 검수
AMLC002112,,2022-11-09,,approved,easy,정상;full_date,최종 날짜만 승인; OCR 주석 별도 검수
AMLC002113,,2022-01-09,,approved,easy,정상;full_date,최종 날짜만 승인; OCR 주석 별도 검수
AMLC002114,,2021-07-12,,approved,medium,제조일자·소비기한 동시;full_date,최종 날짜만 승인; OCR 주석 별도 검수
AMLC002115,,2021-12-11,,approved,medium,제조일자·소비기한 동시;full_date,최종 날짜만 승인; OCR 주석 별도 검수
AMLC002116,,2022-01-11,,approved,hard,두 자리 연도;다양한 구분자;반사·흐림·저대비;full_date,최종 날짜만 승인; OCR 주석 별도 검수
AMLC002117,,2021-04-22,,approved,easy,정상;full_date,최종 날짜만 승인; OCR 주석 별도 검수
AMLC002118,,2022-01-14,,approved,easy,정상;full_date,최종 날짜만 승인; OCR 주석 별도 검수
AMLC002119,,2021-12-10,,approved,easy,정상;full_date,최종 날짜만 승인; OCR 주석 별도 검수
AMLC002120,,2021-06-30,,approved,easy,정상;full_date,최종 날짜만 승인; OCR 주석 별도 검수
AMLC002121,,2021-07-11,,approved,easy,정상;full_date,최종 날짜만 승인; OCR 주석 별도 검수
AMLC002122,,2021-10-26,,approved,easy,정상;full_date,최종 날짜만 승인; OCR 주석 별도 검수
AMLC002123,,2021-04-25,,approved,easy,정상;full_date,최종 날짜만 승인; OCR 주석 별도 검수
AMLC002124,,2020-04-23,,approved,easy,정상;full_date,최종 날짜만 승인; OCR 주석 별도 검수
AMLC002125,,2021-06-13,,approved,easy,정상;full_date,최종 날짜만 승인; OCR 주석 별도 검수
AMLC002126,,2021-10-NONE,,approved,hard,날짜 없음;반사·흐림·저대비;partial_date,최종 날짜만 승인; OCR 주석 별도 검수
AMLC002127,,2021-09-20,,approved,easy,정상;full_date,최종 날짜만 승인; OCR 주석 별도 검수
AMLC002128,,2021-02-16,,approved,medium,제조일자·소비기한 동시;두 자리 연도;full_date,최종 날짜만 승인; OCR 주석 별도 검수
AMLC002129,,2021-02-09,,approved,medium,다양한 구분자;full_date,최종 날짜만 승인; OCR 주석 별도 검수
AMLC002130,,2021-09-17,,approved,medium,두 자리 연도;full_date,최종 날짜만 승인; OCR 주석 별도 검수
AMLC002131,,2021-07-NONE,,approved,hard,두 자리 연도;다양한 구분자;반사·흐림·저대비;partial_date,최종 날짜만 승인; OCR 주석 별도 검수
AMLC002132,,2021-10-10,,approved,medium,두 자리 연도;full_date,최종 날짜만 승인; OCR 주석 별도 검수
AMLC002133,,2021-09-18,,approved,hard,제조일자·소비기한 동시;full_date,최종 날짜만 승인; OCR 주석 별도 검수
AMLC002134,,2021-04-18,,approved,medium,두 자리 연도;다양한 구분자;full_date,최종 날짜만 승인; OCR 주석 별도 검수
AMLC002135,,2020-04-20,,approved,medium,두 자리 연도;full_date,최종 날짜만 승인; OCR 주석 별도 검수
AMLC002136,,2021-11-11,,approved,easy,정상;full_date,최종 날짜만 승인; OCR 주석 별도 검수
AMLC002137,,2020-06-21,,approved,medium,제조일자·소비기한 동시;두 자리 연도;full_date,최종 날짜만 승인; OCR 주석 별도 검수
AMLC002138,,2022-05-NONE,,approved,hard,두 자리 연도;다양한 구분자;반사·흐림·저대비;partial_date,최종 날짜만 승인; OCR 주석 별도 검수
AMLC002139,,2022-08-13,,approved,medium,제조일자·소비기한 동시;다양한 구분자;full_date,최종 날짜만 승인; OCR 주석 별도 검수
AMLC002140,,2021-03-18,,approved,easy,정상;full_date,최종 날짜만 승인; OCR 주석 별도 검수
AMLC002141,,2021-04-30,,approved,easy,정상;full_date,최종 날짜만 승인; OCR 주석 별도 검수
AMLC002142,,2021-03-25,,approved,easy,정상;full_date,최종 날짜만 승인; OCR 주석 별도 검수
AMLC002143,,2021-07-08,,approved,easy,정상;full_date,최종 날짜만 승인; OCR 주석 별도 검수
AMLC002144,,2021-06-14,,approved,hard,제조일자·소비기한 동시;full_date,최종 날짜만 승인; OCR 주석 별도 검수
AMLC002145,,2021-06-28,,approved,medium,다양한 구분자;full_date,최종 날짜만 승인; OCR 주석 별도 검수
AMLC002146,,2021-10-21,,approved,medium,제조일자·소비기한 동시;다양한 구분자;full_date,최종 날짜만 승인; OCR 주석 별도 검수
AMLC002147,,2022-01-17,,approved,easy,정상;full_date,최종 날짜만 승인; OCR 주석 별도 검수
AMLC002148,,2022-08-16,,approved,medium,다양한 구분자;full_date,최종 날짜만 승인; OCR 주석 별도 검수
AMLC002149,,2021-11-19,,approved,medium,제조일자·소비기한 동시;두 자리 연도;full_date,최종 날짜만 승인; OCR 주석 별도 검수
AMLC002150,,2021-07-13,,approved,medium,두 자리 연도;full_date,최종 날짜만 승인; OCR 주석 별도 검수
AMLC002151,,2021-12-13,,approved,easy,정상;full_date,최종 날짜만 승인; OCR 주석 별도 검수
AMLC002152,,2022-11-05,,approved,hard,두 자리 연도;다양한 구분자;반사·흐림·저대비;full_date,최종 날짜만 승인; OCR 주석 별도 검수
AMLC002153,,2025-10-12,,approved,hard,제조일자·소비기한 동시;full_date,최종 날짜만 승인; OCR 주석 별도 검수
AMLC002154,,2022-09-21,,approved,hard,제조일자·소비기한 동시;full_date,최종 날짜만 승인; OCR 주석 별도 검수
AMLC002155,,2021-10-NONE,,approved,hard,두 자리 연도;다양한 구분자;반사·흐림·저대비;partial_date,최종 날짜만 승인; OCR 주석 별도 검수
AMLC002156,,2023-06-26,,approved,medium,다양한 구분자;full_date,최종 날짜만 승인; OCR 주석 별도 검수
AMLC002157,,2021-04-13,,approved,medium,다양한 구분자;full_date,최종 날짜만 승인; OCR 주석 별도 검수
AMLC002158,,2021-07-20,,approved,easy,정상;full_date,최종 날짜만 승인; OCR 주석 별도 검수
AMLC002159,,2022-12-02,,approved,medium,다양한 구분자;full_date,최종 날짜만 승인; OCR 주석 별도 검수
AMLC002160,,2021-08-11,,approved,hard,날짜 없음;반사·흐림·저대비;full_date,최종 날짜만 승인; OCR 주석 별도 검수
AMLC002161,,2022-08-25,,approved,medium,다양한 구분자;full_date,최종 날짜만 승인; OCR 주석 별도 검수
AMLC002162,,2024-01-12,,approved,hard,날짜 없음;반사·흐림·저대비;full_date,최종 날짜만 승인; OCR 주석 별도 검수
AMLC002163,,2022-10-13,,approved,easy,정상;full_date,최종 날짜만 승인; OCR 주석 별도 검수
AMLC002164,,2022-01-15,,approved,easy,정상;full_date,최종 날짜만 승인; OCR 주석 별도 검수
AMLC002165,,2021-03-16,,approved,hard,제조일자·소비기한 동시;full_date,최종 날짜만 승인; OCR 주석 별도 검수
AMLC002166,,2021-09-13,,approved,medium,다양한 구분자;full_date,최종 날짜만 승인; OCR 주석 별도 검수
AMLC002167,,2022-06-14,,approved,hard,날짜 없음;반사·흐림·저대비;full_date,최종 날짜만 승인; OCR 주석 별도 검수
AMLC002168,,2021-08-21,,approved,medium,제조일자·소비기한 동시;full_date,최종 날짜만 승인; OCR 주석 별도 검수
AMLC002169,,2022-01-29,,approved,easy,정상;full_date,최종 날짜만 승인; OCR 주석 별도 검수
AMLC002170,,2022-07-NONE,,approved,hard,두 자리 연도;다양한 구분자;반사·흐림·저대비;partial_date,최종 날짜만 승인; OCR 주석 별도 검수
AMLC002171,,2022-03-28,,approved,hard,제조일자·소비기한 동시;다양한 구분자;full_date,최종 날짜만 승인; OCR 주석 별도 검수
AMLC002172,,2021-04-04,,approved,medium,두 자리 연도;full_date,최종 날짜만 승인; OCR 주석 별도 검수
AMLC002173,,2021-09-21,,approved,medium,두 자리 연도;full_date,최종 날짜만 승인; OCR 주석 별도 검수
AMLC002174,,2022-11-NONE,,approved,hard,두 자리 연도;다양한 구분자;반사·흐림·저대비;partial_date,최종 날짜만 승인; OCR 주석 별도 검수
AMLC002175,,2021-03-30,,approved,easy,정상;full_date,최종 날짜만 승인; OCR 주석 별도 검수
AMLC002176,,2021-10-16,,approved,hard,제조일자·소비기한 동시;full_date,최종 날짜만 승인; OCR 주석 별도 검수
AMLC002177,,2021-11-06,,approved,hard,제조일자·소비기한 동시;full_date,최종 날짜만 승인; OCR 주석 별도 검수
AMLC002178,,2022-01-28,,approved,hard,제조일자·소비기한 동시;full_date,최종 날짜만 승인; OCR 주석 별도 검수
AMLC002179,,2021-07-NONE,,approved,hard,날짜 없음;반사·흐림·저대비;partial_date,최종 날짜만 승인; OCR 주석 별도 검수
AMLC002180,,2021-08-15,,approved,easy,정상;full_date,최종 날짜만 승인; OCR 주석 별도 검수
AMLC002181,,2023-01-17,,approved,easy,정상;full_date,최종 날짜만 승인; OCR 주석 별도 검수
AMLC002182,,2023-02-01,,approved,easy,정상;full_date,최종 날짜만 승인; OCR 주석 별도 검수
AMLC002183,,2023-04-NONE,,approved,hard,두 자리 연도;다양한 구분자;반사·흐림·저대비;partial_date,최종 날짜만 승인; OCR 주석 별도 검수
AMLC002184,,2020-10-20,,approved,medium,다양한 구분자;full_date,최종 날짜만 승인; OCR 주석 별도 검수
AMLC002185,,2021-11-05,,approved,easy,정상;full_date,최종 날짜만 승인; OCR 주석 별도 검수
AMLC002186,,2022-04-01,,approved,easy,정상;full_date,최종 날짜만 승인; OCR 주석 별도 검수
AMLC002187,,2022-02-10,,approved,hard,날짜 없음;반사·흐림·저대비;full_date,최종 날짜만 승인; OCR 주석 별도 검수
AMLC002188,,2022-07-29,,approved,easy,정상;full_date,최종 날짜만 승인; OCR 주석 별도 검수
AMLC002189,,2021-06-10,,approved,hard,날짜 없음;반사·흐림·저대비;full_date,최종 날짜만 승인; OCR 주석 별도 검수
AMLC002190,,2021-05-27,,approved,easy,정상;full_date,최종 날짜만 승인; OCR 주석 별도 검수
AMLC002191,,2021-09-13,,approved,medium,다양한 구분자;full_date,최종 날짜만 승인; OCR 주석 별도 검수
AMLC002192,,2021-10-06,,approved,easy,정상;full_date,최종 날짜만 승인; OCR 주석 별도 검수
AMLC002193,,2021-09-12,,approved,medium,제조일자·소비기한 동시;다양한 구분자;full_date,최종 날짜만 승인; OCR 주석 별도 검수
AMLC002194,,2022-05-05,,approved,hard,제조일자·소비기한 동시;다양한 구분자;full_date,최종 날짜만 승인; OCR 주석 별도 검수
AMLC002195,,2022-01-28,,approved,hard,제조일자·소비기한 동시;full_date,최종 날짜만 승인; OCR 주석 별도 검수
AMLC002196,,2021-10-31,,approved,medium,다양한 구분자;full_date,최종 날짜만 승인; OCR 주석 별도 검수
AMLC002197,,2021-05-03,,approved,easy,정상;full_date,최종 날짜만 승인; OCR 주석 별도 검수
AMLC002198,,2021-08-20,,approved,medium,다양한 구분자;full_date,최종 날짜만 승인; OCR 주석 별도 검수
AMLC002199,,2021-10-10,,approved,medium,두 자리 연도;full_date,최종 날짜만 승인; OCR 주석 별도 검수
AMLC002200,,NONE-04-10,,approved,hard,날짜 없음;반사·흐림·저대비;partial_date,최종 날짜만 승인; OCR 주석 별도 검수
AMLC002201,,NONE-04-05,,approved,hard,날짜 없음;반사·흐림·저대비;partial_date,최종 날짜만 승인; OCR 주석 별도 검수
AMLC002202,,2023-10-02,,approved,medium,두 자리 연도;다양한 구분자;full_date,최종 날짜만 승인; OCR 주석 별도 검수
AMLC002203,,2021-10-15,,approved,easy,정상;full_date,최종 날짜만 승인; OCR 주석 별도 검수
AMLC002204,,2022-12-21,,approved,easy,정상;full_date,최종 날짜만 승인; OCR 주석 별도 검수
AMLC002205,,2021-09-10,,approved,hard,제조일자·소비기한 동시;두 자리 연도;다양한 구분자;반사·흐림·저대비;full_date,최종 날짜만 승인; OCR 주석 별도 검수
AMLC002206,,2021-08-06,,approved,medium,제조일자·소비기한 동시;두 자리 연도;full_date,최종 날짜만 승인; OCR 주석 별도 검수
AMLC002207,,2021-09-25,,approved,medium,제조일자·소비기한 동시;full_date,최종 날짜만 승인; OCR 주석 별도 검수
AMLC002208,,2022-12-22,,approved,easy,정상;full_date,최종 날짜만 승인; OCR 주석 별도 검수
AMLC002209,,2022-12-02,,approved,medium,다양한 구분자;full_date,최종 날짜만 승인; OCR 주석 별도 검수
AMLC002210,,2021-07-26,,approved,hard,날짜 없음;반사·흐림·저대비;full_date,최종 날짜만 승인; OCR 주석 별도 검수
AMLC002211,,2021-11-26,,approved,hard,제조일자·소비기한 동시;full_date,최종 날짜만 승인; OCR 주석 별도 검수
AMLC002212,,2021-10-21,,approved,easy,정상;full_date,최종 날짜만 승인; OCR 주석 별도 검수
AMLC002213,,2022-10-NONE,,approved,medium,두 자리 연도;다양한 구분자;partial_date,최종 날짜만 승인; OCR 주석 별도 검수
AMLC002214,,2023-06-11,,approved,medium,다양한 구분자;full_date,최종 날짜만 승인; OCR 주석 별도 검수
AMLC002215,,2023-04-21,,approved,hard,제조일자·소비기한 동시;full_date,최종 날짜만 승인; OCR 주석 별도 검수
AMLC002216,,2023-02-06,,approved,easy,정상;full_date,최종 날짜만 승인; OCR 주석 별도 검수
AMLC002217,,2025-03-NONE,,approved,hard,두 자리 연도;다양한 구분자;반사·흐림·저대비;partial_date,최종 날짜만 승인; OCR 주석 별도 검수
AMLC002218,,2020-09-01,,approved,easy,정상;full_date,최종 날짜만 승인; OCR 주석 별도 검수
AMLC002219,,2020-08-29,,approved,medium,다양한 구분자;full_date,최종 날짜만 승인; OCR 주석 별도 검수
AMLC002220,,2021-03-11,,approved,hard,제조일자·소비기한 동시;full_date,최종 날짜만 승인; OCR 주석 별도 검수
AMLC002221,,2021-07-05,,approved,hard,날짜 없음;반사·흐림·저대비;full_date,최종 날짜만 승인; OCR 주석 별도 검수
AMLC002222,,2021-08-03,,approved,easy,정상;full_date,최종 날짜만 승인; OCR 주석 별도 검수
AMLC002223,,2022-02-07,,approved,easy,정상;full_date,최종 날짜만 승인; OCR 주석 별도 검수
AMLC002224,,2021-10-20,,approved,easy,정상;full_date,최종 날짜만 승인; OCR 주석 별도 검수
AMLC002225,,2021-09-01,,approved,easy,정상;full_date,최종 날짜만 승인; OCR 주석 별도 검수
AMLC002226,,2021-05-24,,approved,medium,두 자리 연도;다양한 구분자;full_date,최종 날짜만 승인; OCR 주석 별도 검수
AMLC002227,,2021-06-01,,approved,easy,정상;full_date,최종 날짜만 승인; OCR 주석 별도 검수
AMLC002228,,2021-06-05,,approved,hard,날짜 없음;반사·흐림·저대비;full_date,최종 날짜만 승인; OCR 주석 별도 검수
AMLC002229,,2021-12-26,,approved,easy,정상;full_date,최종 날짜만 승인; OCR 주석 별도 검수
AMLC002230,,2021-11-03,,approved,easy,정상;full_date,최종 날짜만 승인; OCR 주석 별도 검수
AMLC002231,,2021-04-29,,approved,medium,두 자리 연도;다양한 구분자;full_date,최종 날짜만 승인; OCR 주석 별도 검수
AMLC002232,,2021-10-30,,approved,hard,제조일자·소비기한 동시;full_date,최종 날짜만 승인; OCR 주석 별도 검수
AMLC002233,,2021-07-02,,approved,medium,다양한 구분자;full_date,최종 날짜만 승인; OCR 주석 별도 검수
AMLC002234,,2020-06-01,,approved,medium,다양한 구분자;full_date,최종 날짜만 승인; OCR 주석 별도 검수
AMLC002235,,2022-01-24,,approved,hard,제조일자·소비기한 동시;다양한 구분자;full_date,최종 날짜만 승인; OCR 주석 별도 검수
AMLC002236,,2022-09-29,,approved,hard,제조일자·소비기한 동시;다양한 구분자;반사·흐림·저대비;full_date,최종 날짜만 승인; OCR 주석 별도 검수
AMLC002237,,2023-12-30,,approved,hard,두 자리 연도;다양한 구분자;반사·흐림·저대비;full_date,최종 날짜만 승인; OCR 주석 별도 검수
AMLC002238,,2026-09-11,,approved,easy,정상;full_date,최종 날짜만 승인; OCR 주석 별도 검수
AMLC002239,,2026-08-19,,approved,medium,두 자리 연도;full_date,최종 날짜만 승인; OCR 주석 별도 검수
AMLC002240,,2026-09-10,,approved,medium,다양한 구분자;full_date,최종 날짜만 승인; OCR 주석 별도 검수
AMLC002241,,2027-09-01,,approved,hard,제조일자·소비기한 동시;두 자리 연도;다양한 구분자;반사·흐림·저대비;full_date,최종 날짜만 승인; OCR 주석 별도 검수
AMLC002242,,2027-07-13,,approved,medium,두 자리 연도;반사·흐림·저대비;full_date,최종 날짜만 승인; OCR 주석 별도 검수
AMLC002243,,2025-12-10,,approved,medium,두 자리 연도;full_date,최종 날짜만 승인; OCR 주석 별도 검수
AMLC002244,,2025-12-10,,approved,hard,두 자리 연도;다양한 구분자;반사·흐림·저대비;full_date,최종 날짜만 승인; OCR 주석 별도 검수
AMLC002245,,2025-12-10,,approved,hard,날짜 없음;반사·흐림·저대비;full_date,최종 날짜만 승인; OCR 주석 별도 검수
AMLC002246,,2025-12-10,,approved,hard,두 자리 연도;다양한 구분자;반사·흐림·저대비;full_date,최종 날짜만 승인; OCR 주석 별도 검수
BMLC002247,,2021-05-26,,approved,unassessed,full_date;multiple_date_lines,최종 날짜만 승인; OCR 주석 별도 검수
BMLC002248,,2021-03-23,,approved,unassessed,full_date,최종 날짜만 승인; OCR 주석 별도 검수
BMLC002249,,2021-11-29,,approved,unassessed,full_date;latin_text,최종 날짜만 승인; OCR 주석 별도 검수
BMLC002250,,2021-09-19,,approved,unassessed,full_date;multiple_date_lines,최종 날짜만 승인; OCR 주석 별도 검수
BMLC002251,,2022-06-20,,approved,unassessed,full_date,최종 날짜만 승인; OCR 주석 별도 검수
BMLC002252,,2021-12-01,,approved,unassessed,full_date,최종 날짜만 승인; OCR 주석 별도 검수
BMLC002253,,2021-12-08,,approved,unassessed,full_date,최종 날짜만 승인; OCR 주석 별도 검수
BMLC002254,,2021-12-18,,approved,unassessed,full_date,최종 날짜만 승인; OCR 주석 별도 검수
BMLC002255,,2021-10-30,,approved,unassessed,full_date,최종 날짜만 승인; OCR 주석 별도 검수
BMLC002256,,2022-07-17,,approved,unassessed,full_date,최종 날짜만 승인; OCR 주석 별도 검수
BMLC002257,,2021-10-28,,approved,unassessed,full_date,최종 날짜만 승인; OCR 주석 별도 검수
BMLC002258,,2021-09-14,,approved,unassessed,full_date,최종 날짜만 승인; OCR 주석 별도 검수
BMLC002259,,2021-10-20,,approved,unassessed,full_date,최종 날짜만 승인; OCR 주석 별도 검수
BMLC002260,,2024-03-10,,approved,unassessed,full_date,최종 날짜만 승인; OCR 주석 별도 검수
BMLC002261,,2021-12-11,,approved,unassessed,full_date,최종 날짜만 승인; OCR 주석 별도 검수
BMLC002262,,NONE-02-14,,approved,unassessed,partial_date,최종 날짜만 승인; OCR 주석 별도 검수
BMLC002263,,2022-01-26,,approved,unassessed,full_date,최종 날짜만 승인; OCR 주석 별도 검수
BMLC002264,,NONE-02-09,,approved,unassessed,partial_date,최종 날짜만 승인; OCR 주석 별도 검수
BMLC002265,,2022-01-18,,approved,unassessed,full_date,최종 날짜만 승인; OCR 주석 별도 검수
BMLC002266,,2022-05-05,,approved,unassessed,full_date;multiple_date_lines,최종 날짜만 승인; OCR 주석 별도 검수
BMLC002267,,2022-05-20,,approved,unassessed,full_date,최종 날짜만 승인; OCR 주석 별도 검수
BMLC002268,,2021-10-14,,approved,unassessed,full_date;multiple_date_lines,최종 날짜만 승인; OCR 주석 별도 검수
BMLC002269,,2022-09-13,,approved,unassessed,full_date,최종 날짜만 승인; OCR 주석 별도 검수
BMLC002270,,2023-12-27,,approved,unassessed,full_date,최종 날짜만 승인; OCR 주석 별도 검수
BMLC002271,,2021-09-02,,approved,unassessed,full_date,최종 날짜만 승인; OCR 주석 별도 검수
BMLC002272,,2021-11-08,,approved,unassessed,full_date,최종 날짜만 승인; OCR 주석 별도 검수
BMLC002273,,2020-12-16,,approved,unassessed,full_date,최종 날짜만 승인; OCR 주석 별도 검수
BMLC002274,,2022-11-02,,approved,unassessed,full_date,최종 날짜만 승인; OCR 주석 별도 검수
BMLC002275,,2022-05-NONE,,approved,unassessed,partial_date;latin_text,최종 날짜만 승인; OCR 주석 별도 검수
BMLC002276,,2021-03-12,,approved,unassessed,full_date,최종 날짜만 승인; OCR 주석 별도 검수
BMLC002277,,2021-12-07,,approved,unassessed,full_date,최종 날짜만 승인; OCR 주석 별도 검수
BMLC002278,,2023-01-15,,approved,unassessed,full_date,최종 날짜만 승인; OCR 주석 별도 검수
BMLC002279,,2021-06-25,,approved,unassessed,full_date;multiple_date_lines,최종 날짜만 승인; OCR 주석 별도 검수
BMLC002280,,2021-10-31,,approved,unassessed,full_date,최종 날짜만 승인; OCR 주석 별도 검수
BMLC002281,,2022-09-02,,approved,unassessed,full_date,최종 날짜만 승인; OCR 주석 별도 검수
BMLC002282,,2022-01-12,,approved,unassessed,full_date,최종 날짜만 승인; OCR 주석 별도 검수
BMLC002283,,2022-11-17,,approved,unassessed,full_date,최종 날짜만 승인; OCR 주석 별도 검수
BMLC002284,,2021-06-23,,approved,unassessed,full_date,최종 날짜만 승인; OCR 주석 별도 검수
BMLC002285,,2021-02-10,,approved,unassessed,full_date;multiple_date_lines,최종 날짜만 승인; OCR 주석 별도 검수
BMLC002286,,2023-02-19,,approved,unassessed,full_date,최종 날짜만 승인; OCR 주석 별도 검수
BMLC002287,,2023-09-21,,approved,unassessed,full_date,최종 날짜만 승인; OCR 주석 별도 검수
BMLC002288,,2023-11-01,,approved,unassessed,full_date,최종 날짜만 승인; OCR 주석 별도 검수
BMLC002289,,2021-10-06,,approved,unassessed,full_date,최종 날짜만 승인; OCR 주석 별도 검수
BMLC002290,,2022-09-04,,approved,unassessed,full_date,최종 날짜만 승인; OCR 주석 별도 검수
BMLC002291,,2022-01-19,,approved,unassessed,full_date,최종 날짜만 승인; OCR 주석 별도 검수
BMLC002292,,2021-11-01,,approved,unassessed,full_date,최종 날짜만 승인; OCR 주석 별도 검수
BMLC002293,,2021-06-22,,approved,unassessed,full_date,최종 날짜만 승인; OCR 주석 별도 검수
BMLC002294,,2021-02-15,,approved,unassessed,full_date,최종 날짜만 승인; OCR 주석 별도 검수
BMLC002295,,2021-02-06,,approved,unassessed,full_date;multiple_date_lines,최종 날짜만 승인; OCR 주석 별도 검수
BMLC002296,,2021-03-31,,approved,unassessed,full_date,최종 날짜만 승인; OCR 주석 별도 검수
BMLC002297,,2021-12-05,,approved,unassessed,full_date,최종 날짜만 승인; OCR 주석 별도 검수
BMLC002298,,2021-11-23,,approved,unassessed,full_date,최종 날짜만 승인; OCR 주석 별도 검수
BMLC002299,,2021-08-31,,approved,unassessed,full_date,최종 날짜만 승인; OCR 주석 별도 검수
BMLC002300,,2021-04-10,,approved,unassessed,full_date;multiple_date_lines,최종 날짜만 승인; OCR 주석 별도 검수
BMLC002301,,2021-11-16,,approved,unassessed,full_date;multiple_date_lines,최종 날짜만 승인; OCR 주석 별도 검수
BMLC002302,,2022-05-16,,approved,unassessed,full_date,최종 날짜만 승인; OCR 주석 별도 검수
BMLC002303,,2021-08-18,,approved,unassessed,full_date,최종 날짜만 승인; OCR 주석 별도 검수
BMLC002304,,2023-01-07,,approved,unassessed,full_date,최종 날짜만 승인; OCR 주석 별도 검수
BMLC002305,,2022-02-28,,approved,unassessed,full_date,최종 날짜만 승인; OCR 주석 별도 검수
BMLC002306,,2022-04-27,,approved,unassessed,full_date,최종 날짜만 승인; OCR 주석 별도 검수
BMLC002307,,2023-11-04,,approved,unassessed,full_date,최종 날짜만 승인; OCR 주석 별도 검수
BMLC002308,,2021-05-06,,approved,unassessed,full_date,최종 날짜만 승인; OCR 주석 별도 검수
BMLC002309,,2022-01-22,,approved,unassessed,full_date;multiple_date_lines,최종 날짜만 승인; OCR 주석 별도 검수
BMLC002310,,2022-10-NONE,,approved,unassessed,partial_date,최종 날짜만 승인; OCR 주석 별도 검수
BMLC002311,,2022-04-13,,approved,unassessed,full_date;multiple_date_lines,최종 날짜만 승인; OCR 주석 별도 검수
BMLC002312,,2021-10-23,,approved,unassessed,full_date;multiple_date_lines,최종 날짜만 승인; OCR 주석 별도 검수
BMLC002313,,2021-05-20,,approved,unassessed,full_date,최종 날짜만 승인; OCR 주석 별도 검수
BMLC002314,,2023-10-21,,approved,unassessed,full_date,최종 날짜만 승인; OCR 주석 별도 검수
BMLC002315,,2022-05-07,,approved,unassessed,full_date,최종 날짜만 승인; OCR 주석 별도 검수
BMLC002316,,2023-07-07,,approved,unassessed,full_date,최종 날짜만 승인; OCR 주석 별도 검수
BMLC002317,,2021-10-31,,approved,unassessed,full_date,최종 날짜만 승인; OCR 주석 별도 검수
BMLC002318,,2021-11-24,,approved,unassessed,full_date,최종 날짜만 승인; OCR 주석 별도 검수
BMLC002319,,2022-06-27,,approved,unassessed,full_date;multiple_date_lines,최종 날짜만 승인; OCR 주석 별도 검수
BMLC002320,,2021-11-15,,approved,unassessed,full_date,최종 날짜만 승인; OCR 주석 별도 검수
BMLC002321,,2021-07-01,,approved,unassessed,full_date,최종 날짜만 승인; OCR 주석 별도 검수
BMLC002322,,2021-08-NONE,,approved,unassessed,partial_date,최종 날짜만 승인; OCR 주석 별도 검수
BMLC002323,,2023-01-29,,approved,unassessed,full_date,최종 날짜만 승인; OCR 주석 별도 검수
BMLC002324,,2021-10-31,,approved,unassessed,full_date,최종 날짜만 승인; OCR 주석 별도 검수
BMLC002325,,2022-11-06,,approved,unassessed,full_date,최종 날짜만 승인; OCR 주석 별도 검수
BMLC002326,,2021-07-11,,approved,unassessed,full_date,최종 날짜만 승인; OCR 주석 별도 검수
BMLC002327,,2022-07-11,,approved,unassessed,full_date,최종 날짜만 승인; OCR 주석 별도 검수
BMLC002328,,2021-04-19,,approved,unassessed,full_date,최종 날짜만 승인; OCR 주석 별도 검수
BMLC002329,,2021-07-10,,approved,unassessed,full_date,최종 날짜만 승인; OCR 주석 별도 검수
BMLC002330,,2021-07-12,,approved,unassessed,full_date,최종 날짜만 승인; OCR 주석 별도 검수
BMLC002331,,2022-12-08,,approved,unassessed,full_date,최종 날짜만 승인; OCR 주석 별도 검수
BMLC002332,,2022-11-04,,approved,unassessed,full_date,최종 날짜만 승인; OCR 주석 별도 검수
BMLC002333,,2022-12-22,,approved,unassessed,full_date,최종 날짜만 승인; OCR 주석 별도 검수
BMLC002334,,2021-01-04,,approved,unassessed,full_date,최종 날짜만 승인; OCR 주석 별도 검수
BMLC002335,,2022-01-05,,approved,unassessed,full_date,최종 날짜만 승인; OCR 주석 별도 검수
BMLC002336,,2021-02-14,,approved,unassessed,full_date,최종 날짜만 승인; OCR 주석 별도 검수
BMLC002337,,NONE-01-26,,approved,unassessed,partial_date,최종 날짜만 승인; OCR 주석 별도 검수
BMLC002338,,2021-07-19,,approved,unassessed,full_date,최종 날짜만 승인; OCR 주석 별도 검수
BMLC002339,,2021-09-05,,approved,unassessed,full_date,최종 날짜만 승인; OCR 주석 별도 검수
BMLC002340,,2023-10-14,,approved,unassessed,full_date,최종 날짜만 승인; OCR 주석 별도 검수
BMLC002341,,2021-07-29,,approved,unassessed,full_date,최종 날짜만 승인; OCR 주석 별도 검수
BMLC002342,,2022-05-08,,approved,unassessed,full_date,최종 날짜만 승인; OCR 주석 별도 검수
BMLC002343,,2021-11-11,,approved,unassessed,full_date,최종 날짜만 승인; OCR 주석 별도 검수
BMLC002344,,2023-07-14,,approved,unassessed,full_date,최종 날짜만 승인; OCR 주석 별도 검수
BMLC002345,,2021-02-27,,approved,unassessed,full_date,최종 날짜만 승인; OCR 주석 별도 검수
BMLC002346,,2022-12-14,,approved,unassessed,full_date,최종 날짜만 승인; OCR 주석 별도 검수
BMLC002347,,2022-06-21,,approved,unassessed,full_date,최종 날짜만 승인; OCR 주석 별도 검수
BMLC002348,,2021-10-28,,approved,unassessed,full_date,최종 날짜만 승인; OCR 주석 별도 검수
BMLC002349,,2022-11-17,,approved,unassessed,full_date,최종 날짜만 승인; OCR 주석 별도 검수
BMLC002350,,2021-03-18,,approved,unassessed,full_date,최종 날짜만 승인; OCR 주석 별도 검수
BMLC002351,,NONE,,approved,unassessed,no_expiry,최종 날짜만 승인; OCR 주석 별도 검수
BMLC002352,,2022-01-29,,approved,unassessed,full_date,최종 날짜만 승인; OCR 주석 별도 검수
BMLC002353,,2021-05-18,,approved,unassessed,full_date,최종 날짜만 승인; OCR 주석 별도 검수
BMLC002354,,2020-12-16,,approved,unassessed,full_date,최종 날짜만 승인; OCR 주석 별도 검수
BMLC002355,,2021-06-20,,approved,unassessed,full_date,최종 날짜만 승인; OCR 주석 별도 검수
BMLC002356,,2023-01-24,,approved,unassessed,full_date,최종 날짜만 승인; OCR 주석 별도 검수
BMLC002357,,2021-11-NONE,,approved,unassessed,partial_date,최종 날짜만 승인; OCR 주석 별도 검수
BMLC002358,,2020-12-16,,approved,unassessed,full_date,최종 날짜만 승인; OCR 주석 별도 검수
BMLC002359,,2021-09-26,,approved,unassessed,full_date,최종 날짜만 승인; OCR 주석 별도 검수
BMLC002360,,NONE-04-13,,approved,unassessed,partial_date,최종 날짜만 승인; OCR 주석 별도 검수
BMLC002361,,2021-09-16,,approved,unassessed,full_date,최종 날짜만 승인; OCR 주석 별도 검수
BMLC002362,,2021-06-10,,approved,unassessed,full_date,최종 날짜만 승인; OCR 주석 별도 검수
BMLC002363,,2021-12-28,,approved,unassessed,full_date,최종 날짜만 승인; OCR 주석 별도 검수
BMLC002364,,2021-02-11,,approved,unassessed,full_date;multiple_date_lines,최종 날짜만 승인; OCR 주석 별도 검수
BMLC002365,,2021-06-11,,approved,unassessed,full_date,최종 날짜만 승인; OCR 주석 별도 검수
BMLC002366,,2021-02-28,,approved,unassessed,full_date,최종 날짜만 승인; OCR 주석 별도 검수
BMLC002367,,2021-07-05,,approved,unassessed,full_date;multiple_date_lines,최종 날짜만 승인; OCR 주석 별도 검수
BMLC002368,,2021-03-06,,approved,unassessed,full_date;multiple_date_lines,최종 날짜만 승인; OCR 주석 별도 검수
BMLC002369,,2022-06-20,,approved,unassessed,full_date;multiple_date_lines,최종 날짜만 승인; OCR 주석 별도 검수
BMLC002370,,2022-11-02,,approved,unassessed,full_date,최종 날짜만 승인; OCR 주석 별도 검수
BMLC002371,,2021-02-14,,approved,unassessed,full_date,최종 날짜만 승인; OCR 주석 별도 검수
BMLC002372,,2021-03-24,,approved,unassessed,full_date,최종 날짜만 승인; OCR 주석 별도 검수
BMLC002373,,2022-04-23,,approved,unassessed,full_date,최종 날짜만 승인; OCR 주석 별도 검수
BMLC002374,,2021-10-29,,approved,unassessed,full_date,최종 날짜만 승인; OCR 주석 별도 검수
BMLC002375,,2021-03-13,,approved,unassessed,full_date,최종 날짜만 승인; OCR 주석 별도 검수
BMLC002376,,2020-04-09,,approved,unassessed,full_date,최종 날짜만 승인; OCR 주석 별도 검수
BMLC002377,,2021-04-19,,approved,unassessed,full_date,최종 날짜만 승인; OCR 주석 별도 검수
BMLC002378,,2020-09-05,,approved,unassessed,full_date;multiple_date_lines,최종 날짜만 승인; OCR 주석 별도 검수
BMLC002379,,2020-05-15,,approved,unassessed,full_date;latin_text,최종 날짜만 승인; OCR 주석 별도 검수
BMLC002380,,2021-05-13,,approved,unassessed,full_date,최종 날짜만 승인; OCR 주석 별도 검수
BMLC002381,,2021-11-06,,approved,unassessed,full_date;multiple_date_lines,최종 날짜만 승인; OCR 주석 별도 검수
BMLC002382,,2022-10-20,,approved,unassessed,full_date,최종 날짜만 승인; OCR 주석 별도 검수
BMLC002383,,2022-11-20,,approved,unassessed,full_date,최종 날짜만 승인; OCR 주석 별도 검수
BMLC002384,,2020-09-23,,approved,unassessed,full_date;multiple_date_lines,최종 날짜만 승인; OCR 주석 별도 검수
BMLC002385,,2020-05-08,,approved,unassessed,full_date,최종 날짜만 승인; OCR 주석 별도 검수
BMLC002386,,2021-04-25,,approved,unassessed,full_date;multiple_date_lines,최종 날짜만 승인; OCR 주석 별도 검수
BMLC002387,,2021-08-01,,approved,unassessed,full_date,최종 날짜만 승인; OCR 주석 별도 검수
BMLC002388,,2021-11-23,,approved,unassessed,full_date,최종 날짜만 승인; OCR 주석 별도 검수
BMLC002389,,2022-01-NONE,,approved,unassessed,partial_date,최종 날짜만 승인; OCR 주석 별도 검수
BMLC002390,,2021-12-09,,approved,unassessed,full_date,최종 날짜만 승인; OCR 주석 별도 검수
BMLC002391,,2023-01-13,,approved,unassessed,full_date,최종 날짜만 승인; OCR 주석 별도 검수
BMLC002392,,2021-10-04,,approved,unassessed,full_date;latin_text,최종 날짜만 승인; OCR 주석 별도 검수
BMLC002393,,2021-11-23,,approved,unassessed,full_date,최종 날짜만 승인; OCR 주석 별도 검수
BMLC002394,,2023-07-06,,approved,unassessed,full_date,최종 날짜만 승인; OCR 주석 별도 검수
BMLC002395,,2021-11-30,,approved,unassessed,full_date,최종 날짜만 승인; OCR 주석 별도 검수
BMLC002396,,2022-07-12,,approved,unassessed,full_date,최종 날짜만 승인; OCR 주석 별도 검수
BMLC002397,,2022-11-26,,approved,unassessed,full_date;latin_text,최종 날짜만 승인; OCR 주석 별도 검수
BMLC002398,,2022-06-29,,approved,unassessed,full_date;latin_text,최종 날짜만 승인; OCR 주석 별도 검수
BMLC002399,,2021-06-17,,approved,unassessed,full_date,최종 날짜만 승인; OCR 주석 별도 검수
BMLC002400,,2021-06-30,,approved,unassessed,full_date;multiple_date_lines;latin_text,최종 날짜만 승인; OCR 주석 별도 검수
BMLC002401,,2021-04-29,,approved,unassessed,full_date,최종 날짜만 승인; OCR 주석 별도 검수
BMLC002402,,2021-08-11,,approved,unassessed,full_date,최종 날짜만 승인; OCR 주석 별도 검수
BMLC002403,,2021-12-22,,approved,unassessed,full_date,최종 날짜만 승인; OCR 주석 별도 검수
BMLC002404,,NONE,,approved,unassessed,no_expiry,최종 날짜만 승인; OCR 주석 별도 검수
BMLC002405,,2023-03-25,,approved,unassessed,full_date,최종 날짜만 승인; OCR 주석 별도 검수
BMLC002406,,2022-04-03,,approved,unassessed,full_date,최종 날짜만 승인; OCR 주석 별도 검수
BMLC002407,,2021-11-NONE,,approved,unassessed,partial_date,최종 날짜만 승인; OCR 주석 별도 검수
BMLC002408,,2022-02-08,,approved,unassessed,full_date;multiple_date_lines,최종 날짜만 승인; OCR 주석 별도 검수
BMLC002409,,2022-07-20,,approved,unassessed,full_date,최종 날짜만 승인; OCR 주석 별도 검수
BMLC002410,,2021-12-16,,approved,unassessed,full_date,최종 날짜만 승인; OCR 주석 별도 검수
BMLC002411,,2022-07-09,,approved,unassessed,full_date,최종 날짜만 승인; OCR 주석 별도 검수
BMLC002412,,2022-06-09,,approved,unassessed,full_date,최종 날짜만 승인; OCR 주석 별도 검수
BMLC002413,,2022-06-29,,approved,unassessed,full_date,최종 날짜만 승인; OCR 주석 별도 검수
BMLC002414,,2022-09-04,,approved,unassessed,full_date;latin_text,최종 날짜만 승인; OCR 주석 별도 검수
BMLC002415,,2021-05-22,,approved,unassessed,full_date,최종 날짜만 승인; OCR 주석 별도 검수
BMLC002416,,NONE,,approved,unassessed,no_expiry,최종 날짜만 승인; OCR 주석 별도 검수
BMLC002417,,2022-01-25,,approved,unassessed,full_date,최종 날짜만 승인; OCR 주석 별도 검수
BMLC002418,,2021-11-26,,approved,unassessed,full_date,최종 날짜만 승인; OCR 주석 별도 검수
BMLC002419,,2022-02-22,,approved,unassessed,full_date,최종 날짜만 승인; OCR 주석 별도 검수
BMLC002420,,2021-05-29,,approved,unassessed,full_date,최종 날짜만 승인; OCR 주석 별도 검수
BMLC002421,,2022-02-06,,approved,unassessed,full_date,최종 날짜만 승인; OCR 주석 별도 검수
BMLC002422,,2021-12-30,,approved,unassessed,full_date,최종 날짜만 승인; OCR 주석 별도 검수
BMLC002423,,2020-09-20,,approved,unassessed,full_date,최종 날짜만 승인; OCR 주석 별도 검수
BMLC002424,,2020-12-16,,approved,unassessed,full_date,최종 날짜만 승인; OCR 주석 별도 검수
BMLC002425,,2020-11-16,,approved,unassessed,full_date,최종 날짜만 승인; OCR 주석 별도 검수
BMLC002426,,2020-09-24,,approved,unassessed,full_date,최종 날짜만 승인; OCR 주석 별도 검수
BMLC002427,,2021-09-01,,approved,unassessed,full_date,최종 날짜만 승인; OCR 주석 별도 검수
BMLC002428,,2020-03-05,,approved,unassessed,full_date,최종 날짜만 승인; OCR 주석 별도 검수
BMLC002429,,2021-06-07,,approved,unassessed,full_date,최종 날짜만 승인; OCR 주석 별도 검수
BMLC002430,,2019-07-02,,approved,unassessed,full_date,최종 날짜만 승인; OCR 주석 별도 검수
BMLC002431,,2021-11-01,,approved,unassessed,full_date,최종 날짜만 승인; OCR 주석 별도 검수
BMLC002432,,2022-03-17,,approved,unassessed,full_date,최종 날짜만 승인; OCR 주석 별도 검수
BMLC002433,,2021-12-07,,approved,unassessed,full_date,최종 날짜만 승인; OCR 주석 별도 검수
BMLC002434,,2021-11-07,,approved,unassessed,full_date,최종 날짜만 승인; OCR 주석 별도 검수
BMLC002435,,2022-03-05,,approved,unassessed,full_date,최종 날짜만 승인; OCR 주석 별도 검수
BMLC002436,,2022-12-08,,approved,unassessed,full_date,최종 날짜만 승인; OCR 주석 별도 검수
BMLC002437,,2022-01-10,,approved,unassessed,full_date,최종 날짜만 승인; OCR 주석 별도 검수
BMLC002438,,NONE-01-29,,approved,unassessed,partial_date,최종 날짜만 승인; OCR 주석 별도 검수
BMLC002439,,2022-02-17,,approved,unassessed,full_date,최종 날짜만 승인; OCR 주석 별도 검수
BMLC002440,,2021-08-10,,approved,unassessed,full_date;multiple_date_lines,최종 날짜만 승인; OCR 주석 별도 검수
BMLC002441,,2020-08-12,,approved,unassessed,full_date;latin_text,최종 날짜만 승인; OCR 주석 별도 검수
BMLC002442,,2022-01-15,,approved,unassessed,full_date,최종 날짜만 승인; OCR 주석 별도 검수
BMLC002443,,2021-03-16,,approved,unassessed,full_date,최종 날짜만 승인; OCR 주석 별도 검수
BMLC002444,,2020-08-17,,approved,unassessed,full_date,최종 날짜만 승인; OCR 주석 별도 검수
BMLC002445,,2020-09-10,,approved,unassessed,full_date;multiple_date_lines,최종 날짜만 승인; OCR 주석 별도 검수
BMLC002446,,2021-08-15,,approved,unassessed,full_date;multiple_date_lines,최종 날짜만 승인; OCR 주석 별도 검수
BMLC002447,,2022-08-07,,approved,unassessed,full_date,최종 날짜만 승인; OCR 주석 별도 검수
BMLC002448,,2022-02-02,,approved,unassessed,full_date,최종 날짜만 승인; OCR 주석 별도 검수
BMLC002449,,2021-09-16,,approved,unassessed,full_date,최종 날짜만 승인; OCR 주석 별도 검수
BMLC002450,,2023-06-18,,approved,unassessed,full_date,최종 날짜만 승인; OCR 주석 별도 검수
BMLC002451,,2022-03-17,,approved,unassessed,full_date,최종 날짜만 승인; OCR 주석 별도 검수
BMLC002452,,NONE-03-21,,approved,unassessed,partial_date,최종 날짜만 승인; OCR 주석 별도 검수
BMLC002453,,2023-02-26,,approved,unassessed,full_date,최종 날짜만 승인; OCR 주석 별도 검수
BMLC002454,,2021-08-22,,approved,unassessed,full_date,최종 날짜만 승인; OCR 주석 별도 검수
BMLC002455,,2021-12-29,,approved,unassessed,full_date,최종 날짜만 승인; OCR 주석 별도 검수
BMLC002456,,2021-10-14,,approved,unassessed,full_date,최종 날짜만 승인; OCR 주석 별도 검수
BMLC002457,,2019-09-14,,approved,unassessed,full_date,최종 날짜만 승인; OCR 주석 별도 검수
BMLC002458,,NONE,,approved,unassessed,no_expiry,최종 날짜만 승인; OCR 주석 별도 검수
BMLC002459,,2021-07-05,,approved,unassessed,full_date,최종 날짜만 승인; OCR 주석 별도 검수
BMLC002460,,2021-11-19,,approved,unassessed,full_date,최종 날짜만 승인; OCR 주석 별도 검수
BMLC002461,,2021-08-02,,approved,unassessed,full_date,최종 날짜만 승인; OCR 주석 별도 검수
BMLC002462,,2021-04-03,,approved,unassessed,full_date,최종 날짜만 승인; OCR 주석 별도 검수
BMLC002463,,2021-02-04,,approved,unassessed,full_date;latin_text,최종 날짜만 승인; OCR 주석 별도 검수
BMLC002464,,2021-10-20,,approved,unassessed,full_date,최종 날짜만 승인; OCR 주석 별도 검수
BMLC002465,,2021-09-02,,approved,unassessed,full_date;latin_text,최종 날짜만 승인; OCR 주석 별도 검수
BMLC002466,,2021-03-27,,approved,unassessed,full_date,최종 날짜만 승인; OCR 주석 별도 검수
BMLC002467,,2022-03-02,,approved,unassessed,full_date,최종 날짜만 승인; OCR 주석 별도 검수
BMLC002468,,2022-11-26,,approved,unassessed,full_date,최종 날짜만 승인; OCR 주석 별도 검수
BMLC002469,,2021-03-18,,approved,unassessed,full_date;multiple_date_lines,최종 날짜만 승인; OCR 주석 별도 검수
BMLC002470,,2022-04-30,,approved,unassessed,full_date,최종 날짜만 승인; OCR 주석 별도 검수
BMLC002471,,2021-08-18,,approved,unassessed,full_date,최종 날짜만 승인; OCR 주석 별도 검수
BMLC002472,,2021-08-16,,approved,unassessed,full_date,최종 날짜만 승인; OCR 주석 별도 검수
BMLC002473,,2023-09-28,,approved,unassessed,full_date,최종 날짜만 승인; OCR 주석 별도 검수
BMLC002474,,2021-08-23,,approved,unassessed,full_date,최종 날짜만 승인; OCR 주석 별도 검수
BMLC002475,,2021-10-06,,approved,unassessed,full_date,최종 날짜만 승인; OCR 주석 별도 검수
BMLC002476,,2023-01-17,,approved,unassessed,full_date,최종 날짜만 승인; OCR 주석 별도 검수
BMLC002477,,2022-12-13,,approved,unassessed,full_date,최종 날짜만 승인; OCR 주석 별도 검수
BMLC002478,,2022-08-31,,approved,unassessed,full_date,최종 날짜만 승인; OCR 주석 별도 검수
BMLC002479,,2023-02-14,,approved,unassessed,full_date,최종 날짜만 승인; OCR 주석 별도 검수
BMLC002480,,2023-06-NONE,,approved,unassessed,partial_date;latin_text,최종 날짜만 승인; OCR 주석 별도 검수
BMLC002481,,2022-10-31,,approved,unassessed,full_date,최종 날짜만 승인; OCR 주석 별도 검수
BMLC002482,,2022-02-NONE,,approved,unassessed,partial_date,최종 날짜만 승인; OCR 주석 별도 검수
BMLC002483,,2021-07-17,,approved,unassessed,full_date,최종 날짜만 승인; OCR 주석 별도 검수
BMLC002484,,2021-11-12,,approved,unassessed,full_date,최종 날짜만 승인; OCR 주석 별도 검수
BMLC002485,,2023-05-22,,approved,unassessed,full_date;latin_text,최종 날짜만 승인; OCR 주석 별도 검수
BMLC002486,,2022-02-19,,approved,unassessed,full_date,최종 날짜만 승인; OCR 주석 별도 검수
BMLC002487,,2023-02-09,,approved,unassessed,full_date,최종 날짜만 승인; OCR 주석 별도 검수
BMLC002488,,2023-08-25,,approved,unassessed,full_date,최종 날짜만 승인; OCR 주석 별도 검수
BMLC002489,,2023-09-17,,approved,unassessed,full_date,최종 날짜만 승인; OCR 주석 별도 검수
BMLC002490,,2025-06-09,,approved,unassessed,full_date,최종 날짜만 승인; OCR 주석 별도 검수
BMLC002491,,2022-10-12,,approved,unassessed,full_date,최종 날짜만 승인; OCR 주석 별도 검수
BMLC002492,,2021-06-10,,approved,unassessed,full_date,최종 날짜만 승인; OCR 주석 별도 검수
BMLC002493,,2022-07-09,,approved,unassessed,full_date,최종 날짜만 승인; OCR 주석 별도 검수
BMLC002494,,2023-09-NONE,,approved,unassessed,partial_date,최종 날짜만 승인; OCR 주석 별도 검수
BMLC002495,,2021-11-25,,approved,unassessed,full_date,최종 날짜만 승인; OCR 주석 별도 검수
BMLC002496,,NONE-03-31,,approved,unassessed,partial_date,최종 날짜만 승인; OCR 주석 별도 검수
BMLC002497,,2021-11-24,,approved,unassessed,full_date,최종 날짜만 승인; OCR 주석 별도 검수
BMLC002498,,2021-09-02,,approved,unassessed,full_date,최종 날짜만 승인; OCR 주석 별도 검수
BMLC002499,,2021-07-05,,approved,unassessed,full_date,최종 날짜만 승인; OCR 주석 별도 검수
BMLC002500,,2022-02-02,,approved,unassessed,full_date,최종 날짜만 승인; OCR 주석 별도 검수
BMLC002501,,2022-10-07,,approved,unassessed,full_date,최종 날짜만 승인; OCR 주석 별도 검수
BMLC002502,,2022-06-04,,approved,unassessed,full_date,최종 날짜만 승인; OCR 주석 별도 검수
BMLC002503,,2021-05-12,,approved,unassessed,full_date,최종 날짜만 승인; OCR 주석 별도 검수
BMLC002504,,2022-10-11,,approved,unassessed,full_date,최종 날짜만 승인; OCR 주석 별도 검수
BMLC002505,,2022-11-20,,approved,unassessed,full_date;multiple_date_lines,최종 날짜만 승인; OCR 주석 별도 검수
BMLC002506,,2023-09-01,,approved,unassessed,full_date,최종 날짜만 승인; OCR 주석 별도 검수
BMLC002507,,2025-08-14,,approved,unassessed,full_date,최종 날짜만 승인; OCR 주석 별도 검수
BMLC002508,,NONE,,approved,unassessed,no_expiry,최종 날짜만 승인; OCR 주석 별도 검수
BMLC002509,,2020-10-NONE,,approved,unassessed,partial_date,최종 날짜만 승인; OCR 주석 별도 검수
BMLC002510,,2022-06-11,,approved,unassessed,full_date,최종 날짜만 승인; OCR 주석 별도 검수
BMLC002511,,2025-12-31,,approved,unassessed,full_date,최종 날짜만 승인; OCR 주석 별도 검수
BMLC002512,,2022-09-30,,approved,unassessed,full_date,최종 날짜만 승인; OCR 주석 별도 검수
BMLC002513,,2022-05-06,,approved,unassessed,full_date,최종 날짜만 승인; OCR 주석 별도 검수
BMLC002514,,2021-09-07,,approved,unassessed,full_date,최종 날짜만 승인; OCR 주석 별도 검수
BMLC002515,,2021-05-19,,approved,unassessed,full_date,최종 날짜만 승인; OCR 주석 별도 검수
BMLC002516,,2023-08-NONE,,approved,unassessed,partial_date,최종 날짜만 승인; OCR 주석 별도 검수
BMLC002517,,2022-06-20,,approved,unassessed,full_date,최종 날짜만 승인; OCR 주석 별도 검수
BMLC002518,,2022-01-07,,approved,unassessed,full_date;multiple_date_lines,최종 날짜만 승인; OCR 주석 별도 검수
BMLC002519,,2020-10-19,,approved,unassessed,full_date,최종 날짜만 승인; OCR 주석 별도 검수
BMLC002520,,2021-03-02,,approved,unassessed,full_date;multiple_date_lines,최종 날짜만 승인; OCR 주석 별도 검수
BMLC002521,,2021-03-22,,approved,unassessed,full_date,최종 날짜만 승인; OCR 주석 별도 검수
BMLC002522,,2021-07-18,,approved,unassessed,full_date,최종 날짜만 승인; OCR 주석 별도 검수
BMLC002523,,2021-02-28,,approved,unassessed,full_date,최종 날짜만 승인; OCR 주석 별도 검수
BMLC002524,,NONE,,approved,unassessed,no_expiry,최종 날짜만 승인; OCR 주석 별도 검수
BMLC002525,,2025-02-NONE,,approved,unassessed,partial_date,최종 날짜만 승인; OCR 주석 별도 검수
BMLC002526,,2021-08-24,,approved,unassessed,full_date;multiple_date_lines,최종 날짜만 승인; OCR 주석 별도 검수
BMLC002527,,2021-04-04,,approved,unassessed,full_date,최종 날짜만 승인; OCR 주석 별도 검수
BMLC002528,,2023-07-NONE,,approved,unassessed,partial_date,최종 날짜만 승인; OCR 주석 별도 검수
BMLC002529,,2022-05-04,,approved,unassessed,full_date,최종 날짜만 승인; OCR 주석 별도 검수
BMLC002530,,2023-12-06,,approved,unassessed,full_date,최종 날짜만 승인; OCR 주석 별도 검수
BMLC002531,,2022-10-NONE,,approved,unassessed,partial_date,최종 날짜만 승인; OCR 주석 별도 검수
BMLC002532,,2021-12-25,,approved,unassessed,full_date,최종 날짜만 승인; OCR 주석 별도 검수
BMLC002533,,2021-07-05,,approved,unassessed,full_date,최종 날짜만 승인; OCR 주석 별도 검수
BMLC002534,,2022-12-31,,approved,unassessed,full_date,최종 날짜만 승인; OCR 주석 별도 검수
BMLC002535,,2022-05-15,,approved,unassessed,full_date,최종 날짜만 승인; OCR 주석 별도 검수
BMLC002536,,2021-12-22,,approved,unassessed,full_date,최종 날짜만 승인; OCR 주석 별도 검수
BMLC002537,,2021-09-02,,approved,unassessed,full_date,최종 날짜만 승인; OCR 주석 별도 검수
BMLC002538,,2022-01-01,,approved,unassessed,full_date,최종 날짜만 승인; OCR 주석 별도 검수
BMLC002539,,2022-11-14,,approved,unassessed,full_date,최종 날짜만 승인; OCR 주석 별도 검수
BMLC002540,,2022-08-24,,approved,unassessed,full_date,최종 날짜만 승인; OCR 주석 별도 검수
BMLC002541,,2021-04-24,,approved,unassessed,full_date;multiple_date_lines;latin_text,최종 날짜만 승인; OCR 주석 별도 검수
BMLC002542,,2021-05-17,,approved,unassessed,full_date,최종 날짜만 승인; OCR 주석 별도 검수
BMLC002543,,2022-04-08,,approved,unassessed,full_date;multiple_date_lines,최종 날짜만 승인; OCR 주석 별도 검수
BMLC002544,,2022-03-11,,approved,unassessed,full_date;multiple_date_lines,최종 날짜만 승인; OCR 주석 별도 검수
BMLC002545,,2021-03-24,,approved,unassessed,full_date;multiple_date_lines,최종 날짜만 승인; OCR 주석 별도 검수
BMLC002546,,2022-03-15,,approved,unassessed,full_date,최종 날짜만 승인; OCR 주석 별도 검수
BMLC002547,,2021-09-24,,approved,unassessed,full_date,최종 날짜만 승인; OCR 주석 별도 검수
BMLC002548,,2020-10-09,,approved,unassessed,full_date,최종 날짜만 승인; OCR 주석 별도 검수
BMLC002549,,2022-12-07,,approved,unassessed,full_date,최종 날짜만 승인; OCR 주석 별도 검수
BMLC002550,,2022-09-25,,approved,unassessed,full_date,최종 날짜만 승인; OCR 주석 별도 검수
BMLC002551,,2020-12-10,,approved,unassessed,full_date,최종 날짜만 승인; OCR 주석 별도 검수
BMLC002552,,2022-11-17,,approved,unassessed,full_date,최종 날짜만 승인; OCR 주석 별도 검수
BMLC002553,,2021-02-21,,approved,unassessed,full_date,최종 날짜만 승인; OCR 주석 별도 검수
BMLC002554,,2022-04-07,,approved,unassessed,full_date,최종 날짜만 승인; OCR 주석 별도 검수
BMLC002555,,2022-07-19,,approved,unassessed,full_date,최종 날짜만 승인; OCR 주석 별도 검수
BMLC002556,,2022-01-06,,approved,unassessed,full_date,최종 날짜만 승인; OCR 주석 별도 검수
BMLC002557,,2022-11-18,,approved,unassessed,full_date;multiple_date_lines,최종 날짜만 승인; OCR 주석 별도 검수
BMLC002558,,2021-06-25,,approved,unassessed,full_date,최종 날짜만 승인; OCR 주석 별도 검수
BMLC002559,,2021-11-26,,approved,unassessed,full_date,최종 날짜만 승인; OCR 주석 별도 검수
BMLC002560,,2021-11-09,,approved,unassessed,full_date,최종 날짜만 승인; OCR 주석 별도 검수
BMLC002561,,2021-09-06,,approved,unassessed,full_date,최종 날짜만 승인; OCR 주석 별도 검수
BMLC002562,,2022-11-04,,approved,unassessed,full_date,최종 날짜만 승인; OCR 주석 별도 검수
BMLC002563,,2021-04-10,,approved,unassessed,full_date,최종 날짜만 승인; OCR 주석 별도 검수
BMLC002564,,2021-09-22,,approved,unassessed,full_date,최종 날짜만 승인; OCR 주석 별도 검수
BMLC002565,,2020-12-22,,approved,unassessed,full_date,최종 날짜만 승인; OCR 주석 별도 검수
BMLC002566,,2022-02-28,,approved,unassessed,full_date,최종 날짜만 승인; OCR 주석 별도 검수
BMLC002567,,2022-03-17,,approved,unassessed,full_date,최종 날짜만 승인; OCR 주석 별도 검수
BMLC002568,,2021-09-17,,approved,unassessed,full_date,최종 날짜만 승인; OCR 주석 별도 검수
BMLC002569,,2022-11-17,,approved,unassessed,full_date,최종 날짜만 승인; OCR 주석 별도 검수
BMLC002570,,2023-11-18,,approved,unassessed,full_date,최종 날짜만 승인; OCR 주석 별도 검수
BMLC002571,,2022-06-27,,approved,unassessed,full_date,최종 날짜만 승인; OCR 주석 별도 검수
BMLC002572,,NONE-01-30,,approved,unassessed,partial_date,최종 날짜만 승인; OCR 주석 별도 검수
BMLC002573,,2021-02-02,,approved,unassessed,full_date,최종 날짜만 승인; OCR 주석 별도 검수
BMLC002574,,2021-11-30,,approved,unassessed,full_date,최종 날짜만 승인; OCR 주석 별도 검수
BMLC002575,,2021-09-21,,approved,unassessed,full_date,최종 날짜만 승인; OCR 주석 별도 검수
BMLC002576,,2022-06-21,,approved,unassessed,full_date,최종 날짜만 승인; OCR 주석 별도 검수
BMLC002577,,2022-03-01,,approved,unassessed,full_date;latin_text,최종 날짜만 승인; OCR 주석 별도 검수
BMLC002578,,NONE-01-25,,approved,unassessed,partial_date,최종 날짜만 승인; OCR 주석 별도 검수
BMLC002579,,2021-07-24,,approved,unassessed,full_date,최종 날짜만 승인; OCR 주석 별도 검수
BMLC002580,,2021-04-30,,approved,unassessed,full_date,최종 날짜만 승인; OCR 주석 별도 검수
BMLC002581,,2023-07-18,,approved,unassessed,full_date,최종 날짜만 승인; OCR 주석 별도 검수
BMLC002582,,2022-01-02,,approved,unassessed,full_date,최종 날짜만 승인; OCR 주석 별도 검수
BMLC002583,,2021-03-16,,approved,unassessed,full_date,최종 날짜만 승인; OCR 주석 별도 검수
BMLC002584,,2021-03-03,,approved,unassessed,full_date,최종 날짜만 승인; OCR 주석 별도 검수
BMLC002585,,2021-05-25,,approved,unassessed,full_date;multiple_date_lines,최종 날짜만 승인; OCR 주석 별도 검수
BMLC002586,,2021-06-07,,approved,unassessed,full_date,최종 날짜만 승인; OCR 주석 별도 검수
BMLC002587,,2021-05-14,,approved,unassessed,full_date,최종 날짜만 승인; OCR 주석 별도 검수
BMLC002588,,2021-05-22,,approved,unassessed,full_date;latin_text,최종 날짜만 승인; OCR 주석 별도 검수
BMLC002589,,2022-09-17,,approved,unassessed,full_date,최종 날짜만 승인; OCR 주석 별도 검수
BMLC002590,,2021-08-18,,approved,unassessed,full_date,최종 날짜만 승인; OCR 주석 별도 검수
BMLC002591,,2023-10-24,,approved,unassessed,full_date,최종 날짜만 승인; OCR 주석 별도 검수
BMLC002592,,2022-02-28,,approved,unassessed,full_date,최종 날짜만 승인; OCR 주석 별도 검수
BMLC002593,,2021-12-NONE,,approved,unassessed,partial_date,최종 날짜만 승인; OCR 주석 별도 검수
BMLC002594,,2023-05-06,,approved,unassessed,full_date,최종 날짜만 승인; OCR 주석 별도 검수
BMLC002595,,2022-06-02,,approved,unassessed,full_date,최종 날짜만 승인; OCR 주석 별도 검수
BMLC002596,,2022-03-21,,approved,unassessed,full_date,최종 날짜만 승인; OCR 주석 별도 검수
BMLC002597,,2021-10-09,,approved,unassessed,full_date;latin_text,최종 날짜만 승인; OCR 주석 별도 검수
BMLC002598,,2023-03-03,,approved,unassessed,full_date,최종 날짜만 승인; OCR 주석 별도 검수
BMLC002599,,2023-07-01,,approved,unassessed,full_date,최종 날짜만 승인; OCR 주석 별도 검수
BMLC002600,,2021-09-24,,approved,unassessed,full_date,최종 날짜만 승인; OCR 주석 별도 검수
BMLC002601,,2021-09-08,,approved,unassessed,full_date,최종 날짜만 승인; OCR 주석 별도 검수
BMLC002602,,2021-10-29,,approved,unassessed,full_date;latin_text,최종 날짜만 승인; OCR 주석 별도 검수
BMLC002603,,2022-12-04,,approved,unassessed,full_date,최종 날짜만 승인; OCR 주석 별도 검수
BMLC002604,,2022-05-05,,approved,unassessed,full_date,최종 날짜만 승인; OCR 주석 별도 검수
BMLC002605,,2021-10-07,,approved,unassessed,full_date;multiple_date_lines,최종 날짜만 승인; OCR 주석 별도 검수
BMLC002606,,2023-07-01,,approved,unassessed,full_date;multiple_date_lines,최종 날짜만 승인; OCR 주석 별도 검수
BMLC002607,,2023-12-02,,approved,unassessed,full_date;latin_text,최종 날짜만 승인; OCR 주석 별도 검수
BMLC002608,,2022-04-04,,approved,unassessed,full_date,최종 날짜만 승인; OCR 주석 별도 검수
BMLC002609,,2021-08-13,,approved,unassessed,full_date,최종 날짜만 승인; OCR 주석 별도 검수
BMLC002610,,2021-06-19,,approved,unassessed,full_date,최종 날짜만 승인; OCR 주석 별도 검수
