new_filename,dataset,split,original_archive,original_path,original_filename,width,height,sha256,license,source_url
003353.jpg,ExpDate,real_train,Products-Real.zip,Products-Real/train/images/img_00001.jpg,img_00001.jpg,756,1008,b063aed513792719fbd701102e1b40f730bf043a6136200f13b729f919f998ea,CC BY 4.0,https://felizang.github.io/expdate/index_expdate.html
003354.jpg,ExpDate,real_train,Products-Real.zip,Products-Real/train/images/img_00002.jpg,img_00002.jpg,779,1107,35bec8400ded7239a5091c5d320ed78fb6c35c2e27e43659423afe05d277d7d2,CC BY 4.0,https://felizang.github.io/expdate/index_expdate.html
003355.jpg,ExpDate,real_train,Products-Real.zip,Products-Real/train/images/img_00003.jpg,img_00003.jpg,947,1263,7de35787189ddf236da3ae84fde6ca12bffec84b6243089efcc3764e5d226817,CC BY 4.0,https://felizang.github.io/expdate/index_expdate.html
003356.jpg,ExpDate,real_train,Products-Real.zip,Products-Real/train/images/img_00004.jpg,img_00004.jpg,1119,839,f4b2f19308568565ff4919c668c778614fcee4c41b59301584580c09224b0c56,CC BY 4.0,https://felizang.github.io/expdate/index_expdate.html
003357.jpg,ExpDate,real_train,Products-Real.zip,Products-Real/train/images/img_00005.jpg,img_00005.jpg,796,603,6e0e023b4f2fa2d06d76b11f57153b9237f386cbe803403b9808c905884cc06f,CC BY 4.0,https://felizang.github.io/expdate/index_expdate.html
003358.jpg,ExpDate,real_train,Products-Real.zip,Products-Real/train/images/img_00006.jpg,img_00006.jpg,1027,770,4fa6747af87351ad27352257d7d059c246aa484e53864ff24e793cf34a037d47,CC BY 4.0,https://felizang.github.io/expdate/index_expdate.html
003359.jpg,ExpDate,real_train,Products-Real.zip,Products-Real/train/images/img_00007.jpg,img_00007.jpg,859,1145,e13020ba454447aeac7ceb7789ac3b83c54035eccdd96fffa72859d0f79a9c9f,CC BY 4.0,https://felizang.github.io/expdate/index_expdate.html
003360.jpg,ExpDate,real_train,Products-Real.zip,Products-Real/train/images/img_00008.jpg,img_00008.jpg,1014,761,4c1fc8c2898db8c42ac5ebacf0bdafee05a10e0a69559567e7ee7db83993f63e,CC BY 4.0,https://felizang.github.io/expdate/index_expdate.html
003361.jpg,ExpDate,real_train,Products-Real.zip,Products-Real/train/images/img_00009.jpg,img_00009.jpg,1342,1006,588d36ed00daa371f2b4af2ecf49c4d402ad67e55b6f94c51a0dd1814af51d28,CC BY 4.0,https://felizang.github.io/expdate/index_expdate.html
003362.jpg,ExpDate,real_train,Products-Real.zip,Products-Real/train/images/img_00010.jpg,img_00010.jpg,876,1049,c183ded7900cc2346720925c2d1efcd473f78d5786019536b5081c3868057572,CC BY 4.0,https://felizang.github.io/expdate/index_expdate.html
003363.jpg,ExpDate,real_train,Products-Real.zip,Products-Real/train/images/img_00011.jpg,img_00011.jpg,1008,756,b354d59f381778901dd36279f87dfbd76ea8a93a0f8847567ed705a44e808e9c,CC BY 4.0,https://felizang.github.io/expdate/index_expdate.html
003364.jpg,ExpDate,real_train,Products-Real.zip,Products-Real/train/images/img_00012.jpg,img_00012.jpg,1008,756,015aae54d3713fb788773515af2a31a1ab197f63fa760467a7e4ccefaf5009a3,CC BY 4.0,https://felizang.github.io/expdate/index_expdate.html
003365.jpg,ExpDate,real_train,Products-Real.zip,Products-Real/train/images/img_00013.jpg,img_00013.jpg,1008,756,603702aa24a82e124d5c79e2e358f74e3c7a26a562be25a4ac1cd55cf4b08c3f,CC BY 4.0,https://felizang.github.io/expdate/index_expdate.html
003366.jpg,ExpDate,real_train,Products-Real.zip,Products-Real/train/images/img_00014.jpg,img_00014.jpg,1234,816,61689579ed147dc8a13331553056a3f9f3eac5b8774b12dade924b7072d5f1b2,CC BY 4.0,https://felizang.github.io/expdate/index_expdate.html
003367.jpg,ExpDate,real_train,Products-Real.zip,Products-Real/train/images/img_00015.jpg,img_00015.jpg,1248,937,d96664bffd944b68f4e80dcfe2aeae65aed219443ec7728fa113158df9acdb4c,CC BY 4.0,https://felizang.github.io/expdate/index_expdate.html
003368.jpg,ExpDate,real_train,Products-Real.zip,Products-Real/train/images/img_00016.jpg,img_00016.jpg,913,684,f7697b401eb942321df971d3eadb4338f70ec69dc9b944cb8772901480cbd0f6,CC BY 4.0,https://felizang.github.io/expdate/index_expdate.html
003369.jpg,ExpDate,real_train,Products-Real.zip,Products-Real/train/images/img_00017.jpg,img_00017.jpg,1035,776,9415985255c83ca42c82be1334f61b34ef9525bb2be6742d6fca9cce4c5bd94c,CC BY 4.0,https://felizang.github.io/expdate/index_expdate.html
003370.jpg,ExpDate,real_train,Products-Real.zip,Products-Real/train/images/img_00018.jpg,img_00018.jpg,1096,822,18b1ccb285ce5d7cda3216b7b746e4412f0a07821e3b594240bb3a70f073a6da,CC BY 4.0,https://felizang.github.io/expdate/index_expdate.html
003371.jpg,ExpDate,real_train,Products-Real.zip,Products-Real/train/images/img_00019.jpg,img_00019.jpg,1075,793,7013b49ae7be7211ed838baa92f7a7b507702d10621aa61bcb618292a56807af,CC BY 4.0,https://felizang.github.io/expdate/index_expdate.html
003372.jpg,ExpDate,real_train,Products-Real.zip,Products-Real/train/images/img_00020.jpg,img_00020.jpg,1094,808,4abc5de92763b6bf364c1ebcaf1f3c6a87fd7004417dd7e8a89159041cccbb3e,CC BY 4.0,https://felizang.github.io/expdate/index_expdate.html
003373.jpg,ExpDate,real_train,Products-Real.zip,Products-Real/train/images/img_00021.jpg,img_00021.jpg,1069,802,9cdce94b74fba5eda7ada7cf87dd6cb8e1554a73e0d0495e16b39147c6cec1ea,CC BY 4.0,https://felizang.github.io/expdate/index_expdate.html
003374.jpg,ExpDate,real_train,Products-Real.zip,Products-Real/train/images/img_00022.jpg,img_00022.jpg,975,708,5fd22f9e06c441289a5fbc08dcc1697c9ec25992ef00f5e6876dfeeef4b9d1d8,CC BY 4.0,https://felizang.github.io/expdate/index_expdate.html
003375.jpg,ExpDate,real_train,Products-Real.zip,Products-Real/train/images/img_00023.jpg,img_00023.jpg,1246,935,c919c048e03859a8dcde98084e854f01a07dd99d17c212c8d65b811b91fab978,CC BY 4.0,https://felizang.github.io/expdate/index_expdate.html
003376.jpg,ExpDate,real_train,Products-Real.zip,Products-Real/train/images/img_00024.jpg,img_00024.jpg,1320,990,e83ae0c4461294040e3087bf02d6892d44e5e43d89faecc327cbc1996e2c35ea,CC BY 4.0,https://felizang.github.io/expdate/index_expdate.html
003377.jpg,ExpDate,real_train,Products-Real.zip,Products-Real/train/images/img_00025.jpg,img_00025.jpg,1348,1011,d5e0d997d75018da07a75f4ae2813c5e64b450ca394a32f5d4d313302bc3959b,CC BY 4.0,https://felizang.github.io/expdate/index_expdate.html
003378.jpg,ExpDate,real_train,Products-Real.zip,Products-Real/train/images/img_00026.jpg,img_00026.jpg,1295,971,8b3f6bb50df605a4e82be731e73c1aaa279e7cad2a79c240e4c2932fc0daf372,CC BY 4.0,https://felizang.github.io/expdate/index_expdate.html
003379.jpg,ExpDate,real_train,Products-Real.zip,Products-Real/train/images/img_00027.jpg,img_00027.jpg,1266,949,df0a1d9767d95578eb1582b04865b1f56d0279bff9b7934f76d19f1d4d6425f7,CC BY 4.0,https://felizang.github.io/expdate/index_expdate.html
003380.jpg,ExpDate,real_train,Products-Real.zip,Products-Real/train/images/img_00028.jpg,img_00028.jpg,948,694,63572fb4865a9f5bdfa2509d67951c28ec0346949755a51d6a70a93735650f3a,CC BY 4.0,https://felizang.github.io/expdate/index_expdate.html
003381.jpg,ExpDate,real_train,Products-Real.zip,Products-Real/train/images/img_00029.jpg,img_00029.jpg,1399,1049,bc9e0a8709a4b9942cf96e1054ee61f12a1befd6e6cdd2b4f744bf9bce3514c6,CC BY 4.0,https://felizang.github.io/expdate/index_expdate.html
003382.jpg,ExpDate,real_train,Products-Real.zip,Products-Real/train/images/img_00030.jpg,img_00030.jpg,1099,1466,ea4bae6594d13d9aa23cb83e172d76230d2e633f4a8457ba460f1d321d22c3d2,CC BY 4.0,https://felizang.github.io/expdate/index_expdate.html
003383.jpg,ExpDate,real_train,Products-Real.zip,Products-Real/train/images/img_00031.jpg,img_00031.jpg,1007,1343,d57cb368040546fd65c426d9fdee50828949273e3e964c983514f3d3999bd1c7,CC BY 4.0,https://felizang.github.io/expdate/index_expdate.html
003384.jpg,ExpDate,real_train,Products-Real.zip,Products-Real/train/images/img_00032.jpg,img_00032.jpg,1316,987,1b0b058d8a231283d1f848f1d3a182b506321a7c449f69b7658883b41c5a6439,CC BY 4.0,https://felizang.github.io/expdate/index_expdate.html
003385.jpg,ExpDate,real_train,Products-Real.zip,Products-Real/train/images/img_00033.jpg,img_00033.jpg,924,1231,f8af15a271f5b5d19076a47fe98dbc429b7cc8e629f8d3aedefacf42a98c817a,CC BY 4.0,https://felizang.github.io/expdate/index_expdate.html
003386.jpg,ExpDate,real_train,Products-Real.zip,Products-Real/train/images/img_00034.jpg,img_00034.jpg,1343,1007,732fd35579f88c1d9e38348f1fe73f44afa5bd4da748eea27019824310d27b4a,CC BY 4.0,https://felizang.github.io/expdate/index_expdate.html
003387.jpg,ExpDate,real_train,Products-Real.zip,Products-Real/train/images/img_00035.jpg,img_00035.jpg,1333,1000,090551c6bd6092aa4da95d4cce40f3b71f40a330c6a54c33b71a00432f4a2561,CC BY 4.0,https://felizang.github.io/expdate/index_expdate.html
003388.jpg,ExpDate,real_train,Products-Real.zip,Products-Real/train/images/img_00036.jpg,img_00036.jpg,669,895,21b5b8bf4e2232b000cd574442d53772a8466fbc4c0331cfb51210a4f9f8c7cb,CC BY 4.0,https://felizang.github.io/expdate/index_expdate.html
003389.jpg,ExpDate,real_train,Products-Real.zip,Products-Real/train/images/img_00037.jpg,img_00037.jpg,722,964,5ad8e46d71402f9b9d20e2bd93e4090015c0406d893822b0933a18f45c864f47,CC BY 4.0,https://felizang.github.io/expdate/index_expdate.html
003390.jpg,ExpDate,real_train,Products-Real.zip,Products-Real/train/images/img_00038.jpg,img_00038.jpg,756,1008,e76b0c49a599fa8dfc7b87bb518e8b05dfc5032ef8ba1b835a1a08758980bceb,CC BY 4.0,https://felizang.github.io/expdate/index_expdate.html
003391.jpg,ExpDate,real_train,Products-Real.zip,Products-Real/train/images/img_00039.jpg,img_00039.jpg,711,949,63b2c270a030601af62eeeba5f05770a5615151edcc302fbe6b4a634d1361d88,CC BY 4.0,https://felizang.github.io/expdate/index_expdate.html
003392.jpg,ExpDate,real_train,Products-Real.zip,Products-Real/train/images/img_00040.jpg,img_00040.jpg,678,905,876a3fd69ca6263dc3882a27a390e8c29d5d5b2b3394a1bd39c2ccd42b682bd2,CC BY 4.0,https://felizang.github.io/expdate/index_expdate.html
003393.jpg,ExpDate,real_train,Products-Real.zip,Products-Real/train/images/img_00041.jpg,img_00041.jpg,678,902,34a55863796d588d36af1d7d306a9072ba0e1b0f95e7ca5089483def1e481cad,CC BY 4.0,https://felizang.github.io/expdate/index_expdate.html
003394.jpg,ExpDate,real_train,Products-Real.zip,Products-Real/train/images/img_00042.jpg,img_00042.jpg,651,872,1814f2621cfd0e37444e0fd546d9ea28d64038414d27ef2e240f49fe6ca6a4fa,CC BY 4.0,https://felizang.github.io/expdate/index_expdate.html
003395.jpg,ExpDate,real_train,Products-Real.zip,Products-Real/train/images/img_00043.jpg,img_00043.jpg,729,973,267f5640678f9376d00afb9cf9a2639f58a7b6b0c9ec1f7c5ba27e209b80d7a1,CC BY 4.0,https://felizang.github.io/expdate/index_expdate.html
003396.jpg,ExpDate,real_train,Products-Real.zip,Products-Real/train/images/img_00044.jpg,img_00044.jpg,711,962,e4dcfe687a885e43926f82ea0818baeca7d9abfcc73e29756824eed4126a9bf9,CC BY 4.0,https://felizang.github.io/expdate/index_expdate.html
003397.jpg,ExpDate,real_train,Products-Real.zip,Products-Real/train/images/img_00045.jpg,img_00045.jpg,664,888,7a02d4c50c7cb193883cf75d4b88ffb446e50ce1b32868ab2ea6cb0869ede148,CC BY 4.0,https://felizang.github.io/expdate/index_expdate.html
003398.jpg,ExpDate,real_train,Products-Real.zip,Products-Real/train/images/img_00046.jpg,img_00046.jpg,654,876,9cf6bba245033b4d46268065868b2bbb224b5b416fa420b022f748bb7d5533ce,CC BY 4.0,https://felizang.github.io/expdate/index_expdate.html
003399.jpg,ExpDate,real_train,Products-Real.zip,Products-Real/train/images/img_00047.jpg,img_00047.jpg,756,1008,f1644d177c68bdad9fc514c7a08cfef8f2c510b1589dc28a1f90fb06ebb2350c,CC BY 4.0,https://felizang.github.io/expdate/index_expdate.html
003400.jpg,ExpDate,real_train,Products-Real.zip,Products-Real/train/images/img_00048.jpg,img_00048.jpg,654,873,86e6c9825acfa0030f34006926ef25562c8bb1cf91f1ddebfa49d3ff4f83ff83,CC BY 4.0,https://felizang.github.io/expdate/index_expdate.html
003401.jpg,ExpDate,real_train,Products-Real.zip,Products-Real/train/images/img_00049.jpg,img_00049.jpg,756,1008,bf026639c70443bc08dec731db3e0b79177415175506286825276f798e4e5b70,CC BY 4.0,https://felizang.github.io/expdate/index_expdate.html
003402.jpg,ExpDate,real_train,Products-Real.zip,Products-Real/train/images/img_00050.jpg,img_00050.jpg,702,939,b2edba2ad4fa275ce6cee8a73b47a2c69f42ef150aeed298046c9274d7097f97,CC BY 4.0,https://felizang.github.io/expdate/index_expdate.html
003403.jpg,ExpDate,real_train,Products-Real.zip,Products-Real/train/images/img_00051.jpg,img_00051.jpg,756,902,a081b0101d989d4d6388be6806057f16167c52a6197ce77666ff505589794b6a,CC BY 4.0,https://felizang.github.io/expdate/index_expdate.html
003404.jpg,ExpDate,real_train,Products-Real.zip,Products-Real/train/images/img_00052.jpg,img_00052.jpg,756,1008,cc3c0c269deb2aa0b8c866e29a704b6a474ec8f03ef2053e619cbad973c2f84a,CC BY 4.0,https://felizang.github.io/expdate/index_expdate.html
003405.jpg,ExpDate,real_train,Products-Real.zip,Products-Real/train/images/img_00053.jpg,img_00053.jpg,659,879,9e1eaab450df2ed9335b43411469ad1d1730fbe59aa59b56a3e01c1f7792462a,CC BY 4.0,https://felizang.github.io/expdate/index_expdate.html
003406.jpg,ExpDate,real_train,Products-Real.zip,Products-Real/train/images/img_00054.jpg,img_00054.jpg,794,1059,324cde3107d3a2770f713d91f54849c280d27e84651219497ad74be481bbc46c,CC BY 4.0,https://felizang.github.io/expdate/index_expdate.html
003407.jpg,ExpDate,real_train,Products-Real.zip,Products-Real/train/images/img_00055.jpg,img_00055.jpg,788,1051,c678d70de4833bb9a79492c7515610f4f55bbb18ddbaf26f6a41d744af90bb9a,CC BY 4.0,https://felizang.github.io/expdate/index_expdate.html
003408.jpg,ExpDate,real_train,Products-Real.zip,Products-Real/train/images/img_00056.jpg,img_00056.jpg,769,1025,8c19bbc1438688fd8706c743f6715e149e07f94e5cc454284a23d5462b40b268,CC BY 4.0,https://felizang.github.io/expdate/index_expdate.html
003409.jpg,ExpDate,real_train,Products-Real.zip,Products-Real/train/images/img_00057.jpg,img_00057.jpg,797,1061,4362929db73f83f057c56ff03b28d0485e48fd821a6c9892fc339789c32cd7d1,CC BY 4.0,https://felizang.github.io/expdate/index_expdate.html
003410.jpg,ExpDate,real_train,Products-Real.zip,Products-Real/train/images/img_00058.jpg,img_00058.jpg,748,1063,884c27b5127da0aa3ce0c6cdcff47b24c0718c8dd57b6fc26e737eb859df54ba,CC BY 4.0,https://felizang.github.io/expdate/index_expdate.html
003411.jpg,ExpDate,real_train,Products-Real.zip,Products-Real/train/images/img_00059.jpg,img_00059.jpg,693,929,31c34d8f87b91764497598b10fba8c262297db555ef007ff3fff303bc8058ea2,CC BY 4.0,https://felizang.github.io/expdate/index_expdate.html
003412.jpg,ExpDate,real_train,Products-Real.zip,Products-Real/train/images/img_00060.jpg,img_00060.jpg,834,1112,a2c9a141405e7264fdea31205ff9dfa1d7929bf94a820551885e72f187a86dcb,CC BY 4.0,https://felizang.github.io/expdate/index_expdate.html
003413.jpg,ExpDate,real_train,Products-Real.zip,Products-Real/train/images/img_00061.jpg,img_00061.jpg,794,1058,bd60db11c7969c42dd93280f32fe2dd2328f514973c0511abd7f5e8d061ed3ed,CC BY 4.0,https://felizang.github.io/expdate/index_expdate.html
003414.jpg,ExpDate,real_train,Products-Real.zip,Products-Real/train/images/img_00062.jpg,img_00062.jpg,818,1090,94c4e5edf927444afd00c905c539c2fd34f03c89da41ecdb7f5bb735d29852e0,CC BY 4.0,https://felizang.github.io/expdate/index_expdate.html
003415.jpg,ExpDate,real_train,Products-Real.zip,Products-Real/train/images/img_00063.jpg,img_00063.jpg,780,1040,bbca40dc49e682c3828edbda58b6808aae09ff6e9c88e4b76a2da55994e93c94,CC BY 4.0,https://felizang.github.io/expdate/index_expdate.html
003416.jpg,ExpDate,real_train,Products-Real.zip,Products-Real/train/images/img_00064.jpg,img_00064.jpg,722,962,8e1c7254ffe798e8f49317da07f51e1f1309ce78e7a3eaf1a17eb27d93f61fdd,CC BY 4.0,https://felizang.github.io/expdate/index_expdate.html
003417.jpg,ExpDate,real_train,Products-Real.zip,Products-Real/train/images/img_00065.jpg,img_00065.jpg,934,1246,f27ad6d1e273752fb568e36821f747565aee569d1f80ca28f380631fb2030ac8,CC BY 4.0,https://felizang.github.io/expdate/index_expdate.html
003418.jpg,ExpDate,real_train,Products-Real.zip,Products-Real/train/images/img_00066.jpg,img_00066.jpg,756,1008,367a0376ac265b4e64c7a637095f301d3fdafdf1ff0a637aece94d9a4b9b3ab4,CC BY 4.0,https://felizang.github.io/expdate/index_expdate.html
003419.jpg,ExpDate,real_train,Products-Real.zip,Products-Real/train/images/img_00067.jpg,img_00067.jpg,756,1008,62252f8022923b302357ed72064a13210d2a1a6454022bff84c81774ac25f160,CC BY 4.0,https://felizang.github.io/expdate/index_expdate.html
003420.jpg,ExpDate,real_train,Products-Real.zip,Products-Real/train/images/img_00068.jpg,img_00068.jpg,756,1008,e428910283caddd81c8326364977dbca14fc272fb618bec9461a64b9a3bb8c34,CC BY 4.0,https://felizang.github.io/expdate/index_expdate.html
003421.jpg,ExpDate,real_train,Products-Real.zip,Products-Real/train/images/img_00069.jpg,img_00069.jpg,953,1271,60a901f7382efc5efb76260235375cc30e0b0e463d26935e87468a2a8fe94939,CC BY 4.0,https://felizang.github.io/expdate/index_expdate.html
003422.jpg,ExpDate,real_train,Products-Real.zip,Products-Real/train/images/img_00070.jpg,img_00070.jpg,888,1184,f8c78d371129865cbae1ab5ebc4bea07e5c876249fb3ae66956274adefa2e62f,CC BY 4.0,https://felizang.github.io/expdate/index_expdate.html
003423.jpg,ExpDate,real_train,Products-Real.zip,Products-Real/train/images/img_00071.jpg,img_00071.jpg,847,1129,c4a722b2b5a897817a084a29921376d008a058561098f49d951f2e9dc7bdb2ed,CC BY 4.0,https://felizang.github.io/expdate/index_expdate.html
003424.jpg,ExpDate,real_train,Products-Real.zip,Products-Real/train/images/img_00072.jpg,img_00072.jpg,829,1106,898757af49f338cb3eb86def950a14c91b1c42f6c17ae1446c6b326eea696ffd,CC BY 4.0,https://felizang.github.io/expdate/index_expdate.html
003425.jpg,ExpDate,real_train,Products-Real.zip,Products-Real/train/images/img_00073.jpg,img_00073.jpg,799,1065,3136fc336ad6e1fc45df751d8829e9ec0beeb9866b10942dade278db7fb290c2,CC BY 4.0,https://felizang.github.io/expdate/index_expdate.html
003426.jpg,ExpDate,real_train,Products-Real.zip,Products-Real/train/images/img_00074.jpg,img_00074.jpg,846,1127,f67624555a2c998da60a21f9f64ae36253960edc8656a79628785008eb124af0,CC BY 4.0,https://felizang.github.io/expdate/index_expdate.html
003427.jpg,ExpDate,real_train,Products-Real.zip,Products-Real/train/images/img_00075.jpg,img_00075.jpg,892,1189,9623b6bc186627e038ce5ed77a56d7d145c91283e8cd0139448be0782647565d,CC BY 4.0,https://felizang.github.io/expdate/index_expdate.html
003428.jpg,ExpDate,real_train,Products-Real.zip,Products-Real/train/images/img_00076.jpg,img_00076.jpg,945,1260,8faa8d1bb4d38d149c6c0de96dcf504b81948e49c3101ffaa5deaef370da8944,CC BY 4.0,https://felizang.github.io/expdate/index_expdate.html
003429.jpg,ExpDate,real_train,Products-Real.zip,Products-Real/train/images/img_00077.jpg,img_00077.jpg,948,1264,f248c27e354e7842657de3486cbe92414e0a161a1b591082de6dfe28f57d3e7a,CC BY 4.0,https://felizang.github.io/expdate/index_expdate.html
003430.jpg,ExpDate,real_train,Products-Real.zip,Products-Real/train/images/img_00078.jpg,img_00078.jpg,813,1084,af884719a57e6a2fe3ce09e35429fde279343b3509faf9799215884bf259f001,CC BY 4.0,https://felizang.github.io/expdate/index_expdate.html
003431.jpg,ExpDate,real_train,Products-Real.zip,Products-Real/train/images/img_00079.jpg,img_00079.jpg,985,1313,dbf4004ab4e4193b306c5a8160ff007b954b7c8d44e37d5c2d4e7fad7715e689,CC BY 4.0,https://felizang.github.io/expdate/index_expdate.html
003432.jpg,ExpDate,real_train,Products-Real.zip,Products-Real/train/images/img_00080.jpg,img_00080.jpg,995,1327,ad1d83b5e293b739170e58f07f40b97a8f4af19c4fc5e052e17906c75532dae9,CC BY 4.0,https://felizang.github.io/expdate/index_expdate.html
003433.jpg,ExpDate,real_train,Products-Real.zip,Products-Real/train/images/img_00081.jpg,img_00081.jpg,1039,1385,9aaeed8dbfdbb87bac11ca5c3bf9f9f20df1da2f532cdad80bc26c7669eaf6b8,CC BY 4.0,https://felizang.github.io/expdate/index_expdate.html
003434.jpg,ExpDate,real_train,Products-Real.zip,Products-Real/train/images/img_00082.jpg,img_00082.jpg,1010,1347,5ca844ca69f3dc32c5ec859ab7d2e5a6b3aa7130a875c1dab9f5c52218ea89f2,CC BY 4.0,https://felizang.github.io/expdate/index_expdate.html
003435.jpg,ExpDate,real_train,Products-Real.zip,Products-Real/train/images/img_00083.jpg,img_00083.jpg,1019,1358,88b68424a65252b975f5796cc54355f0c0331b5c6ca47c1cc343b132c6236390,CC BY 4.0,https://felizang.github.io/expdate/index_expdate.html
003436.jpg,ExpDate,real_train,Products-Real.zip,Products-Real/train/images/img_00084.jpg,img_00084.jpg,921,1228,6f81a3c9699a947aea81f9a93ec494c60d80bcf74a4be915a290e0c9d61fdd20,CC BY 4.0,https://felizang.github.io/expdate/index_expdate.html
003437.jpg,ExpDate,real_train,Products-Real.zip,Products-Real/train/images/img_00085.jpg,img_00085.jpg,941,1255,b00cf46a5d413cbe59228648155152fdc92c5e53f2c733d73fa77487c092f9a0,CC BY 4.0,https://felizang.github.io/expdate/index_expdate.html
003438.jpg,ExpDate,real_train,Products-Real.zip,Products-Real/train/images/img_00086.jpg,img_00086.jpg,909,1211,e944afa1125eb195c12a3e75195b497d6d8013e468c16062ca30c2a8a9618a7a,CC BY 4.0,https://felizang.github.io/expdate/index_expdate.html
003439.jpg,ExpDate,real_train,Products-Real.zip,Products-Real/train/images/img_00087.jpg,img_00087.jpg,1000,1333,dd95c84eeaa0f03f173ebd27b4eff2d2d1ba5caecf0b4cec206dc4e041f1427a,CC BY 4.0,https://felizang.github.io/expdate/index_expdate.html
003440.jpg,ExpDate,real_train,Products-Real.zip,Products-Real/train/images/img_00088.jpg,img_00088.jpg,1052,1402,56af8dc5a7603a1f2ed3d63b7550d00a1de367a4ed249dd645c8185c66fddc4a,CC BY 4.0,https://felizang.github.io/expdate/index_expdate.html
003441.jpg,ExpDate,real_train,Products-Real.zip,Products-Real/train/images/img_00089.jpg,img_00089.jpg,979,1306,2b8934004c223d3040d1c530aedb22dab38d30a4c2fbbf6eaef23039d043590a,CC BY 4.0,https://felizang.github.io/expdate/index_expdate.html
003442.jpg,ExpDate,real_train,Products-Real.zip,Products-Real/train/images/img_00090.jpg,img_00090.jpg,974,1299,8222736dc5ccb3047b2cb4cfc99dd53f90e62cb00265615d6768bb052f7830e2,CC BY 4.0,https://felizang.github.io/expdate/index_expdate.html
003443.jpg,ExpDate,real_train,Products-Real.zip,Products-Real/train/images/img_00091.jpg,img_00091.jpg,1042,1390,2f728dcef4aa055ca405eaaedb0b889c5a5da2b8a2b3df4a5dd6b4db11b6095f,CC BY 4.0,https://felizang.github.io/expdate/index_expdate.html
003444.jpg,ExpDate,real_train,Products-Real.zip,Products-Real/train/images/img_00092.jpg,img_00092.jpg,813,1084,85c7732f1fa0f6be705b4d77b671d927208f6b3cd6caea4c79c5aed3212bdced,CC BY 4.0,https://felizang.github.io/expdate/index_expdate.html
003445.jpg,ExpDate,real_train,Products-Real.zip,Products-Real/train/images/img_00093.jpg,img_00093.jpg,1009,1346,0c0f34ff48fa4880650c9b88850e67b81efcfe1deacaf84389b89049843ab59c,CC BY 4.0,https://felizang.github.io/expdate/index_expdate.html
003446.jpg,ExpDate,real_train,Products-Real.zip,Products-Real/train/images/img_00094.jpg,img_00094.jpg,1045,1393,68d89a01f2bf94b22be53b5ef8e37595b2187a27b8bb6ae13d011305d910a844,CC BY 4.0,https://felizang.github.io/expdate/index_expdate.html
003447.jpg,ExpDate,real_train,Products-Real.zip,Products-Real/train/images/img_00095.jpg,img_00095.jpg,1029,1372,a7bfbb9f6e9916576482d30283c3b4ce499907122daa82df07a3d336c8c6c1f8,CC BY 4.0,https://felizang.github.io/expdate/index_expdate.html
003448.jpg,ExpDate,real_train,Products-Real.zip,Products-Real/train/images/img_00096.jpg,img_00096.jpg,987,1316,3060a4ef3bed3944d652a2ee1efca2aebfcdf32f8196a9278b5fd37fa89b4cdf,CC BY 4.0,https://felizang.github.io/expdate/index_expdate.html
003449.jpg,ExpDate,real_train,Products-Real.zip,Products-Real/train/images/img_00097.jpg,img_00097.jpg,980,1307,332de3bbdeb0bb5afcd10c0e2c6de886aeea5c56e969b816307f4c90820bef6d,CC BY 4.0,https://felizang.github.io/expdate/index_expdate.html
003450.jpg,ExpDate,real_train,Products-Real.zip,Products-Real/train/images/img_00098.jpg,img_00098.jpg,1035,1380,f1a7e5f458aeabd45eff6e43b087bd84d558bbb3d51a57842cf3fc667798f8c7,CC BY 4.0,https://felizang.github.io/expdate/index_expdate.html
003451.jpg,ExpDate,real_train,Products-Real.zip,Products-Real/train/images/img_00099.jpg,img_00099.jpg,879,1182,eab1b6aa2e7df6b172724db50f4b1f7c438cb6e6e6495e1c04d26c36e925981b,CC BY 4.0,https://felizang.github.io/expdate/index_expdate.html
003452.jpg,ExpDate,real_train,Products-Real.zip,Products-Real/train/images/img_00100.jpg,img_00100.jpg,889,1186,2477772691973ac6f26496202bdd6cac36bfe0f2c5b405ba0d904cd686a671ca,CC BY 4.0,https://felizang.github.io/expdate/index_expdate.html
003453.jpg,ExpDate,real_train,Products-Real.zip,Products-Real/train/images/img_00101.jpg,img_00101.jpg,1023,1364,63ff2a7707a25c61b709d4cca4c36c92c90e8fa96e29504c280dc455e3df4733,CC BY 4.0,https://felizang.github.io/expdate/index_expdate.html
003454.jpg,ExpDate,real_train,Products-Real.zip,Products-Real/train/images/img_00102.jpg,img_00102.jpg,947,1263,472ddfd5f3b498b488684a6533b9b6e4fb47970e6402bd8f2d7183b5a40b5771,CC BY 4.0,https://felizang.github.io/expdate/index_expdate.html
003455.jpg,ExpDate,real_train,Products-Real.zip,Products-Real/train/images/img_00103.jpg,img_00103.jpg,953,1270,58d0e9da6ccddb02b5379bad7a3456d45931730908b75199a5c76506777f0b36,CC BY 4.0,https://felizang.github.io/expdate/index_expdate.html
003456.jpg,ExpDate,real_train,Products-Real.zip,Products-Real/train/images/img_00104.jpg,img_00104.jpg,943,1257,9499754f18612d9af9dd532c66b2364a8c9d816f5adf4f8b47ba4f7208a5bb06,CC BY 4.0,https://felizang.github.io/expdate/index_expdate.html
003457.jpg,ExpDate,real_train,Products-Real.zip,Products-Real/train/images/img_00105.jpg,img_00105.jpg,822,1098,2ac15ea71d311d6fd616c230cbb2e81083d6d1bfdf13b5de07a310d7da892e48,CC BY 4.0,https://felizang.github.io/expdate/index_expdate.html
003458.jpg,ExpDate,real_train,Products-Real.zip,Products-Real/train/images/img_00106.jpg,img_00106.jpg,761,1014,2bc430b8438bd06f000dfe01f604a005d7f38d110ed3dc334b5033012aca8a50,CC BY 4.0,https://felizang.github.io/expdate/index_expdate.html
003459.jpg,ExpDate,real_train,Products-Real.zip,Products-Real/train/images/img_00107.jpg,img_00107.jpg,612,832,6c0778159a4d4fe736f90faced1d5dcccfb37d6d8e7d99bf0e008c2ea2864aec,CC BY 4.0,https://felizang.github.io/expdate/index_expdate.html
003460.jpg,ExpDate,real_train,Products-Real.zip,Products-Real/train/images/img_00108.jpg,img_00108.jpg,1008,756,d2841fbd975e8d1ad1bc89e68391a35936206fc973c870b3ee9943e80e94e7ac,CC BY 4.0,https://felizang.github.io/expdate/index_expdate.html
003461.jpg,ExpDate,real_train,Products-Real.zip,Products-Real/train/images/img_00109.jpg,img_00109.jpg,670,891,2558df0c0810c7f7edc7e4d1e8312f9e743cd645ba6abb3571c50fcbdef7e934,CC BY 4.0,https://felizang.github.io/expdate/index_expdate.html
003462.jpg,ExpDate,real_train,Products-Real.zip,Products-Real/train/images/img_00110.jpg,img_00110.jpg,678,905,dbba50fafa002f38445abeccb947a4d3d5da42c1825aabb189aec7b9e1123291,CC BY 4.0,https://felizang.github.io/expdate/index_expdate.html
003463.jpg,ExpDate,real_train,Products-Real.zip,Products-Real/train/images/img_00111.jpg,img_00111.jpg,935,703,67dff51bfc6425ba3b57d3070fdb8a127d2722fe067969abd85a95df9efe4175,CC BY 4.0,https://felizang.github.io/expdate/index_expdate.html
003464.jpg,ExpDate,real_train,Products-Real.zip,Products-Real/train/images/img_00112.jpg,img_00112.jpg,939,704,b7b1ddbefcfcbbc2bec0ad9b13672bc3a1ff9cac7c3cd627e0f699a931e6311f,CC BY 4.0,https://felizang.github.io/expdate/index_expdate.html
003465.jpg,ExpDate,real_train,Products-Real.zip,Products-Real/train/images/img_00113.jpg,img_00113.jpg,581,774,19cba7ead15c12545b5bb9e9fe80ddfa9e82baf211c9014e5354cf16466fc965,CC BY 4.0,https://felizang.github.io/expdate/index_expdate.html
003466.jpg,ExpDate,real_train,Products-Real.zip,Products-Real/train/images/img_00114.jpg,img_00114.jpg,625,837,8e7eb3fa3c01edeac72b63c23fb7b7981dc16de72108175bdd8d2b24fe71518b,CC BY 4.0,https://felizang.github.io/expdate/index_expdate.html
003467.jpg,ExpDate,real_train,Products-Real.zip,Products-Real/train/images/img_00115.jpg,img_00115.jpg,1008,756,f73f92598943bee4e8cbc99e768100f0e2ab39929a385dbb12b432340ddd9bb8,CC BY 4.0,https://felizang.github.io/expdate/index_expdate.html
003468.jpg,ExpDate,real_train,Products-Real.zip,Products-Real/train/images/img_00116.jpg,img_00116.jpg,680,912,1eb0f0325880e59ad3444be01c1bb379d35bc52d07b4b3f991ce67ce012c7747,CC BY 4.0,https://felizang.github.io/expdate/index_expdate.html
003469.jpg,ExpDate,real_train,Products-Real.zip,Products-Real/train/images/img_00117.jpg,img_00117.jpg,818,727,c0c37a66fb0f8d6e2529e9a119eeb7bcf4159f435680b73ce5103727ea93f649,CC BY 4.0,https://felizang.github.io/expdate/index_expdate.html
003470.jpg,ExpDate,real_train,Products-Real.zip,Products-Real/train/images/img_00118.jpg,img_00118.jpg,515,686,e18fa9b2e37fea160d627e37a8816c703f91f7c676628fa576e677cc5f0fe933,CC BY 4.0,https://felizang.github.io/expdate/index_expdate.html
003471.jpg,ExpDate,real_train,Products-Real.zip,Products-Real/train/images/img_00119.jpg,img_00119.jpg,1008,756,22f101560f8f17a82763aba9631cb9304f45861af37a1e20d06ea774a576b5ca,CC BY 4.0,https://felizang.github.io/expdate/index_expdate.html
003472.jpg,ExpDate,real_train,Products-Real.zip,Products-Real/train/images/img_00120.jpg,img_00120.jpg,900,685,de67268bcb756d981035a8b4e4da1dcaf1cca27d102c59c1cc681c4108176f69,CC BY 4.0,https://felizang.github.io/expdate/index_expdate.html
003473.jpg,ExpDate,real_train,Products-Real.zip,Products-Real/train/images/img_00121.jpg,img_00121.jpg,741,572,3d9a1704540c2166acc760c7e2b09b4548821862449208d34ea61dccce330692,CC BY 4.0,https://felizang.github.io/expdate/index_expdate.html
003474.jpg,ExpDate,real_train,Products-Real.zip,Products-Real/train/images/img_00122.jpg,img_00122.jpg,1008,756,602d7295f4e1371727de7d7f5170e1ac8aacd43622a0d19f64ba94c6a02c23a6,CC BY 4.0,https://felizang.github.io/expdate/index_expdate.html
003475.jpg,ExpDate,real_train,Products-Real.zip,Products-Real/train/images/img_00123.jpg,img_00123.jpg,756,1008,8a64271decc476289da3bb3edb8f50095a1e6b1ad21b476db7851dd321e6142f,CC BY 4.0,https://felizang.github.io/expdate/index_expdate.html
003476.jpg,ExpDate,real_train,Products-Real.zip,Products-Real/train/images/img_00124.jpg,img_00124.jpg,941,1255,6f9a5d5905db214c086bc78174d5d2a0c41e996551012b7e7fa3929982191cbd,CC BY 4.0,https://felizang.github.io/expdate/index_expdate.html
003477.jpg,ExpDate,real_train,Products-Real.zip,Products-Real/train/images/img_00125.jpg,img_00125.jpg,717,957,b9159c0632151c700d8db37141c4046a2151579ba645425842b1067fd9a2c971,CC BY 4.0,https://felizang.github.io/expdate/index_expdate.html
003478.jpg,ExpDate,real_train,Products-Real.zip,Products-Real/train/images/img_00126.jpg,img_00126.jpg,1008,756,54c6bac8d96bba29e9caf1c8560c3ef7e4f2264a0f464794bf5c4bafb9057328,CC BY 4.0,https://felizang.github.io/expdate/index_expdate.html
003479.jpg,ExpDate,real_train,Products-Real.zip,Products-Real/train/images/img_00127.jpg,img_00127.jpg,564,948,9fffe5750ab672e7a3c646202355ea6ab9c47288445cf092319f43259f824f3c,CC BY 4.0,https://felizang.github.io/expdate/index_expdate.html
003480.jpg,ExpDate,real_train,Products-Real.zip,Products-Real/train/images/img_00128.jpg,img_00128.jpg,756,1008,8dd4b0ccd89c5b9efe2a0c4bdbfc77de6e83e4a76851494d12d936ea58fb7585,CC BY 4.0,https://felizang.github.io/expdate/index_expdate.html
003481.jpg,ExpDate,real_train,Products-Real.zip,Products-Real/train/images/img_00129.jpg,img_00129.jpg,1008,756,1ff7f83a5168695dc2480324ea05bae25c654a90efb3b97ea9f30f117db3853b,CC BY 4.0,https://felizang.github.io/expdate/index_expdate.html
003482.jpg,ExpDate,real_train,Products-Real.zip,Products-Real/train/images/img_00130.jpg,img_00130.jpg,1535,2048,609b5825536e5fb0548cd89fd5309fd5fd9ef521662ad2965fc063c4b4aaf83b,CC BY 4.0,https://felizang.github.io/expdate/index_expdate.html
003483.jpg,ExpDate,real_train,Products-Real.zip,Products-Real/train/images/img_00131.jpg,img_00131.jpg,676,902,b2025757dc7b0cde65079c5a5335ba1640fbe333b99657881b5ca3aff7ae3fb1,CC BY 4.0,https://felizang.github.io/expdate/index_expdate.html
003484.jpg,ExpDate,real_train,Products-Real.zip,Products-Real/train/images/img_00132.jpg,img_00132.jpg,712,951,9fb510cca76b9acfa0b1fafd8750bac1ff7304295f61e74d91757d1d9f1b5e58,CC BY 4.0,https://felizang.github.io/expdate/index_expdate.html
003485.jpg,ExpDate,real_train,Products-Real.zip,Products-Real/train/images/img_00133.jpg,img_00133.jpg,702,936,6974d207532fca3de1f40a0ef179247d8462e1da402eaa908232bc8fbbab6e9b,CC BY 4.0,https://felizang.github.io/expdate/index_expdate.html
003486.jpg,ExpDate,real_train,Products-Real.zip,Products-Real/train/images/img_00134.jpg,img_00134.jpg,737,981,5dc80f6ca6ab91de4524fd07514a20838af9cd2bf259c94179687c10f3599c22,CC BY 4.0,https://felizang.github.io/expdate/index_expdate.html
003487.jpg,ExpDate,real_train,Products-Real.zip,Products-Real/train/images/img_00135.jpg,img_00135.jpg,683,912,5e7e1d8e4cc6fe6530c9d398fed9f8bf6b34a9dffb11ff4de17e56a0d3b1a528,CC BY 4.0,https://felizang.github.io/expdate/index_expdate.html
003488.jpg,ExpDate,real_train,Products-Real.zip,Products-Real/train/images/img_00136.jpg,img_00136.jpg,705,942,a11dbcd946c4136dd5e5f89a0840a7ca8d2a7aecbdf64311a9398b5ba375f75a,CC BY 4.0,https://felizang.github.io/expdate/index_expdate.html
003489.jpg,ExpDate,real_train,Products-Real.zip,Products-Real/train/images/img_00137.jpg,img_00137.jpg,1008,756,2a407205a2fc6699c7c97fc33e45c9574c6e5de02e6ac27f497fc71ab1630bb1,CC BY 4.0,https://felizang.github.io/expdate/index_expdate.html
003490.jpg,ExpDate,real_train,Products-Real.zip,Products-Real/train/images/img_00138.jpg,img_00138.jpg,668,890,5064aff2c904f78de245ad0eb9dff7fcfc0536a21b6da16b6a70f1bc148baebb,CC BY 4.0,https://felizang.github.io/expdate/index_expdate.html
003491.jpg,ExpDate,real_train,Products-Real.zip,Products-Real/train/images/img_00139.jpg,img_00139.jpg,756,1008,4b9397179b45dd3dfc8f40094cb83c504920ef143511c43590c4b683836a8b3a,CC BY 4.0,https://felizang.github.io/expdate/index_expdate.html
003492.jpg,ExpDate,real_train,Products-Real.zip,Products-Real/train/images/img_00140.jpg,img_00140.jpg,756,1008,51c879ae83635175a12b074c536fea55c8aeaaf67d5713519490f5c3b2aa49c3,CC BY 4.0,https://felizang.github.io/expdate/index_expdate.html
003493.jpg,ExpDate,real_train,Products-Real.zip,Products-Real/train/images/img_00141.jpg,img_00141.jpg,756,1008,dae280ffcf02ce99fbf8fb4c5f72a777b339c92ffe6cd09eb4775f51fa7e282e,CC BY 4.0,https://felizang.github.io/expdate/index_expdate.html
003494.jpg,ExpDate,real_train,Products-Real.zip,Products-Real/train/images/img_00142.jpg,img_00142.jpg,1008,756,46934c6234367bd13c0a0ae28d5797575434c39b0340da60a995898cfdead693,CC BY 4.0,https://felizang.github.io/expdate/index_expdate.html
003495.jpg,ExpDate,real_train,Products-Real.zip,Products-Real/train/images/img_00143.jpg,img_00143.jpg,1008,756,d3d3e82ab5e0cf3a65000e5391dcb2a33b4e91f73b45fa714bdf68fcd0778f84,CC BY 4.0,https://felizang.github.io/expdate/index_expdate.html
003496.jpg,ExpDate,real_train,Products-Real.zip,Products-Real/train/images/img_00144.jpg,img_00144.jpg,682,910,b89ab31b332d20b8bcad2de12454ea20f0009a1982bc798c6f794e45d619567d,CC BY 4.0,https://felizang.github.io/expdate/index_expdate.html
003497.jpg,ExpDate,real_train,Products-Real.zip,Products-Real/train/images/img_00145.jpg,img_00145.jpg,712,954,4e0fb03c0b6bfeecf05e7640add278d43b75c0395937c03ee034bd5b65640ad8,CC BY 4.0,https://felizang.github.io/expdate/index_expdate.html
003498.jpg,ExpDate,real_train,Products-Real.zip,Products-Real/train/images/img_00146.jpg,img_00146.jpg,711,949,eeff40256545da86c327b3df8fd811123f14a4dc9960498add9e4444d7e91add,CC BY 4.0,https://felizang.github.io/expdate/index_expdate.html
003499.jpg,ExpDate,real_train,Products-Real.zip,Products-Real/train/images/img_00147.jpg,img_00147.jpg,717,957,76e0bc5c8b782fbc55dc776dc746b8b11286d288d9de697e4595b9102b4ec702,CC BY 4.0,https://felizang.github.io/expdate/index_expdate.html
003500.jpg,ExpDate,real_train,Products-Real.zip,Products-Real/train/images/img_00148.jpg,img_00148.jpg,692,924,bf4f77d342c3ef954f8c7a3a2ef5e481f6a1769e2534a022bc19183928fc557d,CC BY 4.0,https://felizang.github.io/expdate/index_expdate.html
003501.jpg,ExpDate,real_train,Products-Real.zip,Products-Real/train/images/img_00149.jpg,img_00149.jpg,756,1008,feceefcd990f4f9cf3923126ecea3e21ab8b70841fde7355b3f5f752ed98665a,CC BY 4.0,https://felizang.github.io/expdate/index_expdate.html
003502.jpg,ExpDate,real_train,Products-Real.zip,Products-Real/train/images/img_00150.jpg,img_00150.jpg,756,1008,60dbab37797ca7a4226d48f03f8f623acfc40e60a0ca80b6d7b0a24da29bc57d,CC BY 4.0,https://felizang.github.io/expdate/index_expdate.html
003503.jpg,ExpDate,real_train,Products-Real.zip,Products-Real/train/images/img_00151.jpg,img_00151.jpg,1008,756,d69ad04ab32298ab53b49c54a372743bdfc57762c21aae3c8b89daf311e70ee0,CC BY 4.0,https://felizang.github.io/expdate/index_expdate.html
003504.jpg,ExpDate,real_train,Products-Real.zip,Products-Real/train/images/img_00152.jpg,img_00152.jpg,1008,756,fd4af6022f23fe5bc4ee218588f5beffac860d32b1b9bdf0d3a8ac890525c12f,CC BY 4.0,https://felizang.github.io/expdate/index_expdate.html
003505.jpg,ExpDate,real_train,Products-Real.zip,Products-Real/train/images/img_00153.jpg,img_00153.jpg,729,973,008bcaff1d121fabfa4d899194483b13f9324d7ab7ac911a9f4f6a0d792ac498,CC BY 4.0,https://felizang.github.io/expdate/index_expdate.html
003506.jpg,ExpDate,real_train,Products-Real.zip,Products-Real/train/images/img_00154.jpg,img_00154.jpg,756,1008,ccd271272fb03ec015633f2daf18df47c3123c7f82b6725f9ae95e20061ebe98,CC BY 4.0,https://felizang.github.io/expdate/index_expdate.html
003507.jpg,ExpDate,real_train,Products-Real.zip,Products-Real/train/images/img_00155.jpg,img_00155.jpg,952,1269,c55126fe867ed27a3a3e204447b3ed4c12a15ef3696e5cf67cffe9164d173bb3,CC BY 4.0,https://felizang.github.io/expdate/index_expdate.html
003508.jpg,ExpDate,real_train,Products-Real.zip,Products-Real/train/images/img_00156.jpg,img_00156.jpg,762,1106,47abacef3dda6b26d69282a00d55e9e7aaf4cddefad12e47668da067e8ae8c47,CC BY 4.0,https://felizang.github.io/expdate/index_expdate.html
003509.jpg,ExpDate,real_train,Products-Real.zip,Products-Real/train/images/img_00157.jpg,img_00157.jpg,795,1060,3939907f910b3698dcde1335337dae025a0817c75ad9352bf53eebddd637b4d5,CC BY 4.0,https://felizang.github.io/expdate/index_expdate.html
003510.jpg,ExpDate,real_train,Products-Real.zip,Products-Real/train/images/img_00158.jpg,img_00158.jpg,834,1112,e67990a24c492241a28f440dc96c12827138b147c8a085bbb372967d3a31b90a,CC BY 4.0,https://felizang.github.io/expdate/index_expdate.html
003511.jpg,ExpDate,real_train,Products-Real.zip,Products-Real/train/images/img_00159.jpg,img_00159.jpg,785,998,37c0b71cf6c79a87e5631c66bbd808647ca18897602aabf6e697000accc516e4,CC BY 4.0,https://felizang.github.io/expdate/index_expdate.html
003512.jpg,ExpDate,real_train,Products-Real.zip,Products-Real/train/images/img_00160.jpg,img_00160.jpg,787,1051,4126c58870bc5a2e94dee71888e498fe58d30e794f6875c04a321d7f152cf30f,CC BY 4.0,https://felizang.github.io/expdate/index_expdate.html
003513.jpg,ExpDate,real_train,Products-Real.zip,Products-Real/train/images/img_00161.jpg,img_00161.jpg,765,1093,239e67141b62546a60d1e2c6a5b495b1072ff5f941ed27f44cd28b35a87ede97,CC BY 4.0,https://felizang.github.io/expdate/index_expdate.html
003514.jpg,ExpDate,real_train,Products-Real.zip,Products-Real/train/images/img_00162.jpg,img_00162.jpg,724,964,eec039d55e395b380a03836369898abd079698efabcedf76389cbf6cb944fc2b,CC BY 4.0,https://felizang.github.io/expdate/index_expdate.html
003515.jpg,ExpDate,real_train,Products-Real.zip,Products-Real/train/images/img_00163.jpg,img_00163.jpg,768,977,a50fde2c6ebacdc517823d999510cf81dda9b5fe1294f6cbf629762fa357737c,CC BY 4.0,https://felizang.github.io/expdate/index_expdate.html
003516.jpg,ExpDate,real_train,Products-Real.zip,Products-Real/train/images/img_00164.jpg,img_00164.jpg,923,1230,744c4b89d727304a9d1945d732a2bfe3a0312d766339784f0ad21bd3271a97d5,CC BY 4.0,https://felizang.github.io/expdate/index_expdate.html
003517.jpg,ExpDate,real_train,Products-Real.zip,Products-Real/train/images/img_00165.jpg,img_00165.jpg,778,1037,1d73ced9dacbbcfd3739efae5e7dcd641fe31eaeb8166ce980b7235750ce0b75,CC BY 4.0,https://felizang.github.io/expdate/index_expdate.html
003518.jpg,ExpDate,real_train,Products-Real.zip,Products-Real/train/images/img_00166.jpg,img_00166.jpg,810,1080,de21b1272595d5021909d7b0803088ad37997921bae3ab6070266c45456d52cb,CC BY 4.0,https://felizang.github.io/expdate/index_expdate.html
003519.jpg,ExpDate,real_train,Products-Real.zip,Products-Real/train/images/img_00167.jpg,img_00167.jpg,974,1299,705d86234fac2a7cecedb72c14c271f07e9e2ece5644f75b3f868f425eac4252,CC BY 4.0,https://felizang.github.io/expdate/index_expdate.html
003520.jpg,ExpDate,real_train,Products-Real.zip,Products-Real/train/images/img_00168.jpg,img_00168.jpg,946,1261,5e8ce653eecc581101bb141b1c704455053f2b2651de66cf15d3578e728f32e6,CC BY 4.0,https://felizang.github.io/expdate/index_expdate.html
003521.jpg,ExpDate,real_train,Products-Real.zip,Products-Real/train/images/img_00169.jpg,img_00169.jpg,956,1275,557b832b1c7cfc47a7f9362d3555f71e4bee54d73b7b665a5cb70494d545d27b,CC BY 4.0,https://felizang.github.io/expdate/index_expdate.html
003522.jpg,ExpDate,real_train,Products-Real.zip,Products-Real/train/images/img_00170.jpg,img_00170.jpg,743,992,cac1abc62c16825a0ba292666b50a7fa97e987a332eb29ccf3cd674968bf8873,CC BY 4.0,https://felizang.github.io/expdate/index_expdate.html
003523.jpg,ExpDate,real_train,Products-Real.zip,Products-Real/train/images/img_00171.jpg,img_00171.jpg,792,1056,448c42c4b3675ec025e7c77de2219228d63e09cd88468a8fd0bdb6dc7250d870,CC BY 4.0,https://felizang.github.io/expdate/index_expdate.html
003524.jpg,ExpDate,real_train,Products-Real.zip,Products-Real/train/images/img_00172.jpg,img_00172.jpg,967,1289,9debf14ced26cfbc844d831ddd3c4c52caa03d7649f09418126677f4abea41ce,CC BY 4.0,https://felizang.github.io/expdate/index_expdate.html
003525.jpg,ExpDate,real_train,Products-Real.zip,Products-Real/train/images/img_00173.jpg,img_00173.jpg,775,1033,585f60fade78c6c50b2645754450b2d11dc1d86a5ca3bfaaf3b1440b9caf2623,CC BY 4.0,https://felizang.github.io/expdate/index_expdate.html
003526.jpg,ExpDate,real_train,Products-Real.zip,Products-Real/train/images/img_00174.jpg,img_00174.jpg,900,1200,e3b8be99e74fcc763e349839a78e4ff4a935e8688c3af23c71e8a5680f801e0b,CC BY 4.0,https://felizang.github.io/expdate/index_expdate.html
003527.jpg,ExpDate,real_train,Products-Real.zip,Products-Real/train/images/img_00175.jpg,img_00175.jpg,800,1066,c22e506ab4321a01aac016354c6b01f53540c6c6b5e5026e4ed7d52bd9727805,CC BY 4.0,https://felizang.github.io/expdate/index_expdate.html
003528.jpg,ExpDate,real_train,Products-Real.zip,Products-Real/train/images/img_00176.jpg,img_00176.jpg,1023,1364,04926cb7ba5bef3f58828da80b15ee52777a75d50033c81fdf6626f6629dba3c,CC BY 4.0,https://felizang.github.io/expdate/index_expdate.html
003529.jpg,ExpDate,real_train,Products-Real.zip,Products-Real/train/images/img_00177.jpg,img_00177.jpg,877,1169,83615fa590a431034b352fe6e2a70a9f5756f28704162e29dfa70f1676ad3fb8,CC BY 4.0,https://felizang.github.io/expdate/index_expdate.html
003530.jpg,ExpDate,real_train,Products-Real.zip,Products-Real/train/images/img_00178.jpg,img_00178.jpg,924,1231,9bfdf45c44b36b22cc26d23802b3a5334dbdf31ca4bb8c54c78bd9ce2957e815,CC BY 4.0,https://felizang.github.io/expdate/index_expdate.html
003531.jpg,ExpDate,real_train,Products-Real.zip,Products-Real/train/images/img_00179.jpg,img_00179.jpg,837,1116,c0a275fd5d2f1351d59d8a6e51ec44814a54fc1eed6d8e4f170f62adb799c842,CC BY 4.0,https://felizang.github.io/expdate/index_expdate.html
003532.jpg,ExpDate,real_train,Products-Real.zip,Products-Real/train/images/img_00180.jpg,img_00180.jpg,795,1060,0f6b9a898897a8ee49dd02132d38d0c25f7290cdded10210d131f77462232cdf,CC BY 4.0,https://felizang.github.io/expdate/index_expdate.html
003533.jpg,ExpDate,real_train,Products-Real.zip,Products-Real/train/images/img_00181.jpg,img_00181.jpg,985,1313,f020d3ab5f8a75cb1461b86a2b476388f6fdc6072849a92e440b9f1aca0906f0,CC BY 4.0,https://felizang.github.io/expdate/index_expdate.html
003534.jpg,ExpDate,real_train,Products-Real.zip,Products-Real/train/images/img_00182.jpg,img_00182.jpg,926,1235,a98c53edcf33758dab52bfc7f5f0b6c9eff88017d34676bd6a6a3444f537c692,CC BY 4.0,https://felizang.github.io/expdate/index_expdate.html
003535.jpg,ExpDate,real_train,Products-Real.zip,Products-Real/train/images/img_00183.jpg,img_00183.jpg,841,1121,c9fc04ad8fb44ea21d34cc7c58078753fd5e7ad2a494e60ccf325661377c8640,CC BY 4.0,https://felizang.github.io/expdate/index_expdate.html
003536.jpg,ExpDate,real_train,Products-Real.zip,Products-Real/train/images/img_00184.jpg,img_00184.jpg,879,1173,83c51c65c01bd87ae93a3bf570978f15796ac1e8c57deb3fd0b23273779a2f22,CC BY 4.0,https://felizang.github.io/expdate/index_expdate.html
003537.jpg,ExpDate,real_train,Products-Real.zip,Products-Real/train/images/img_00185.jpg,img_00185.jpg,771,1027,7ad12619f65c3f05873259e1879bc23c19f13552f2992fafb4ca7bc4eb981a6c,CC BY 4.0,https://felizang.github.io/expdate/index_expdate.html
003538.jpg,ExpDate,real_train,Products-Real.zip,Products-Real/train/images/img_00186.jpg,img_00186.jpg,999,1331,ee6825fcf38a59e1f349b390e0513c434e4d5485097fa523b05a5dc9cb652fa3,CC BY 4.0,https://felizang.github.io/expdate/index_expdate.html
003539.jpg,ExpDate,real_train,Products-Real.zip,Products-Real/train/images/img_00187.jpg,img_00187.jpg,863,1151,d9492c8e39b37b2cdd9163909840946615e9cb7ee1b61d80add917efb524c97e,CC BY 4.0,https://felizang.github.io/expdate/index_expdate.html
003540.jpg,ExpDate,real_train,Products-Real.zip,Products-Real/train/images/img_00188.jpg,img_00188.jpg,908,1210,30d090b5c96e943dc084a62ee32280ed73d2ba812874e64ee06939d444468aae,CC BY 4.0,https://felizang.github.io/expdate/index_expdate.html
003541.jpg,ExpDate,real_train,Products-Real.zip,Products-Real/train/images/img_00189.jpg,img_00189.jpg,947,1263,6cfbc9f8336462fbfd048603df1f16bae38e15a5e5936c9e7844192533aff0ca,CC BY 4.0,https://felizang.github.io/expdate/index_expdate.html
003542.jpg,ExpDate,real_train,Products-Real.zip,Products-Real/train/images/img_00190.jpg,img_00190.jpg,749,998,25e3220afb5f778cdf9ce8c1ead3d3be2524d634015c56880838aa57d47f30ed,CC BY 4.0,https://felizang.github.io/expdate/index_expdate.html
003543.jpg,ExpDate,real_train,Products-Real.zip,Products-Real/train/images/img_00191.jpg,img_00191.jpg,897,1196,74f895b5858ab56b7c99576a1cd06ee61a57ccbec1e6b6e075ca7ca94a5e4973,CC BY 4.0,https://felizang.github.io/expdate/index_expdate.html
003544.jpg,ExpDate,real_train,Products-Real.zip,Products-Real/train/images/img_00192.jpg,img_00192.jpg,929,1238,e331125570aaa5b2a8272912e0a48e9ed0fc5af9b4421cd06fab275a54013b85,CC BY 4.0,https://felizang.github.io/expdate/index_expdate.html
003545.jpg,ExpDate,real_train,Products-Real.zip,Products-Real/train/images/img_00193.jpg,img_00193.jpg,911,1214,b5874d5516d629e8f50dd47e609351e2b2fc36401f56200830bccb58014e4f11,CC BY 4.0,https://felizang.github.io/expdate/index_expdate.html
003546.jpg,ExpDate,real_train,Products-Real.zip,Products-Real/train/images/img_00194.jpg,img_00194.jpg,775,1033,dd7fc3e4b70fc66f353c08132083f4c7ed5296884fc58225f1116b3cd3238efd,CC BY 4.0,https://felizang.github.io/expdate/index_expdate.html
003547.jpg,ExpDate,real_train,Products-Real.zip,Products-Real/train/images/img_00195.jpg,img_00195.jpg,821,1095,e53032e08277f7e611a3c94747ac0765ddd93f9e6feca89ecefbce9991ae3c77,CC BY 4.0,https://felizang.github.io/expdate/index_expdate.html
003548.jpg,ExpDate,real_train,Products-Real.zip,Products-Real/train/images/img_00196.jpg,img_00196.jpg,1536,2048,b1fd59b55fdd1bcdd64c4332da4601961659c5d019a91be8e1bd59ced540f6b1,CC BY 4.0,https://felizang.github.io/expdate/index_expdate.html
003549.jpg,ExpDate,real_train,Products-Real.zip,Products-Real/train/images/img_00197.jpg,img_00197.jpg,2048,1536,7c1ccc584f88aa21eb916a1d38c43b2176a53ef055fe99413ccdaa8b36485a45,CC BY 4.0,https://felizang.github.io/expdate/index_expdate.html
003550.jpg,ExpDate,real_train,Products-Real.zip,Products-Real/train/images/img_00198.jpg,img_00198.jpg,910,1214,921844ce8a0bac46358369f8d13c5fd7aab645203ace8cbc434b15782dc7523f,CC BY 4.0,https://felizang.github.io/expdate/index_expdate.html
003551.jpg,ExpDate,real_train,Products-Real.zip,Products-Real/train/images/img_00199.jpg,img_00199.jpg,833,1112,9d34d83485041052f2e00f853a9cbe6de2255e2ad13b687df95195b64d502cad,CC BY 4.0,https://felizang.github.io/expdate/index_expdate.html
003552.jpg,ExpDate,real_train,Products-Real.zip,Products-Real/train/images/img_00200.jpg,img_00200.jpg,783,1044,7b7a57de2933a60e4bca69ceb9dbad8b926bc5917c51f05614ba6174dbcd3498,CC BY 4.0,https://felizang.github.io/expdate/index_expdate.html
003553.jpg,ExpDate,real_train,Products-Real.zip,Products-Real/train/images/img_00201.jpg,img_00201.jpg,1006,1341,5d3c405e47d17d6e782b8f13fc870e0b86c8f1b0b3ed95dee01f8a9e932a2925,CC BY 4.0,https://felizang.github.io/expdate/index_expdate.html
003554.jpg,ExpDate,real_train,Products-Real.zip,Products-Real/train/images/img_00202.jpg,img_00202.jpg,863,1151,95bcf5de6b8cde721b54f66d9b23baf1f5ccdc6e03a46f6f29520db6cb9c5589,CC BY 4.0,https://felizang.github.io/expdate/index_expdate.html
003555.jpg,ExpDate,real_train,Products-Real.zip,Products-Real/train/images/img_00203.jpg,img_00203.jpg,776,1034,c35b6a69b3f4b700de93ad532f726dd1747c4205060b216b4871c5404932593f,CC BY 4.0,https://felizang.github.io/expdate/index_expdate.html
003556.jpg,ExpDate,real_train,Products-Real.zip,Products-Real/train/images/img_00204.jpg,img_00204.jpg,1051,1402,50febeece812d388e5879f8d97e0162a7a3ea2095ff0e07626060e20e593e4ad,CC BY 4.0,https://felizang.github.io/expdate/index_expdate.html
003557.jpg,ExpDate,real_train,Products-Real.zip,Products-Real/train/images/img_00205.jpg,img_00205.jpg,983,1311,d690a90982fd9f7110cb533348108443631c14d00174924a05bd356b0dbc792d,CC BY 4.0,https://felizang.github.io/expdate/index_expdate.html
003558.jpg,ExpDate,real_train,Products-Real.zip,Products-Real/train/images/img_00206.jpg,img_00206.jpg,683,910,fd0fc2670619631e12a01f3d2b560e19800e7113061310cd74e7bb472fd91d57,CC BY 4.0,https://felizang.github.io/expdate/index_expdate.html
003559.jpg,ExpDate,real_train,Products-Real.zip,Products-Real/train/images/img_00207.jpg,img_00207.jpg,711,949,6d1e4acc764104345fbe6d4c80bf43639043632e0d6f31794c52d6c5fcb7651f,CC BY 4.0,https://felizang.github.io/expdate/index_expdate.html
003560.jpg,ExpDate,real_train,Products-Real.zip,Products-Real/train/images/img_00208.jpg,img_00208.jpg,1008,756,376da4196cde2bbc74428c7ea550e2dc4aac42db1cdb7855b3d36144e6605727,CC BY 4.0,https://felizang.github.io/expdate/index_expdate.html
003561.jpg,ExpDate,real_train,Products-Real.zip,Products-Real/train/images/img_00209.jpg,img_00209.jpg,1008,756,5ed493d084c0f0f7521b254ba1df523691722d3b47ade305e01d2454bb266613,CC BY 4.0,https://felizang.github.io/expdate/index_expdate.html
003562.jpg,ExpDate,real_train,Products-Real.zip,Products-Real/train/images/img_00210.jpg,img_00210.jpg,1008,756,05dc79dafe52521e1eccff719d858babb338209541ddfd6ff32ff2555d547c37,CC BY 4.0,https://felizang.github.io/expdate/index_expdate.html
003563.jpg,ExpDate,real_train,Products-Real.zip,Products-Real/train/images/img_00211.jpg,img_00211.jpg,1008,756,a711ec4f2059c53914625c42fda161b1c99336ab503de25c35a5ce9f1993cf73,CC BY 4.0,https://felizang.github.io/expdate/index_expdate.html
003564.jpg,ExpDate,real_train,Products-Real.zip,Products-Real/train/images/img_00212.jpg,img_00212.jpg,1008,756,3b6558d10784125fbde08d24dad58fedf341796b47274a8b5a57ad622571c2c5,CC BY 4.0,https://felizang.github.io/expdate/index_expdate.html
003565.jpg,ExpDate,real_train,Products-Real.zip,Products-Real/train/images/img_00213.jpg,img_00213.jpg,1008,756,e5c174b14d1f32dbebc251c2001bbaf35910246d7b074252a238f6fabfa84d1f,CC BY 4.0,https://felizang.github.io/expdate/index_expdate.html
003566.jpg,ExpDate,real_train,Products-Real.zip,Products-Real/train/images/img_00214.jpg,img_00214.jpg,949,838,bc3a94e3232fea40096e406139c1a6aaac8a241937f10808a06525007a3801ec,CC BY 4.0,https://felizang.github.io/expdate/index_expdate.html
003567.jpg,ExpDate,real_train,Products-Real.zip,Products-Real/train/images/img_00215.jpg,img_00215.jpg,895,1194,5715013f2ca260825722422ceb0f2875ca87d87a9cfa160660eaf81577efc728,CC BY 4.0,https://felizang.github.io/expdate/index_expdate.html
003568.jpg,ExpDate,real_train,Products-Real.zip,Products-Real/train/images/img_00216.jpg,img_00216.jpg,1228,921,8e61ea3085de24b72233c67e83c3193973638f302db645cfbf224f495154d922,CC BY 4.0,https://felizang.github.io/expdate/index_expdate.html
003569.jpg,ExpDate,real_train,Products-Real.zip,Products-Real/train/images/img_00217.jpg,img_00217.jpg,1120,840,ad677e0af9226308acb225d7fcff85170bfecb9dae8a2d66038205fdd646e40e,CC BY 4.0,https://felizang.github.io/expdate/index_expdate.html
003570.jpg,ExpDate,real_train,Products-Real.zip,Products-Real/train/images/img_00218.jpg,img_00218.jpg,1241,931,400ac3a9bc0a806898f4b3add54d49151be29210c29c3946117ebc4490f962ea,CC BY 4.0,https://felizang.github.io/expdate/index_expdate.html
003571.jpg,ExpDate,real_train,Products-Real.zip,Products-Real/train/images/img_00219.jpg,img_00219.jpg,1381,1036,7959b6ae76fff1e1b6a01b10ae0cc5b6e7085cf38c77c992026697b174417b8d,CC BY 4.0,https://felizang.github.io/expdate/index_expdate.html
003572.jpg,ExpDate,real_train,Products-Real.zip,Products-Real/train/images/img_00220.jpg,img_00220.jpg,1087,761,492c0eb31245bb479c6ec09735b15e127ca28fae24f9a72e13c56e7a389670f7,CC BY 4.0,https://felizang.github.io/expdate/index_expdate.html
003573.jpg,ExpDate,real_train,Products-Real.zip,Products-Real/train/images/img_00221.jpg,img_00221.jpg,652,906,d1d8092b95ae9bb218be9dd63fb9f4d75fdd9161e203bae3d5f9a8562708785f,CC BY 4.0,https://felizang.github.io/expdate/index_expdate.html
003574.jpg,ExpDate,real_train,Products-Real.zip,Products-Real/train/images/img_00222.jpg,img_00222.jpg,970,705,e6f2582a716bb1dd5b9024d5be078ad02afeca3c99d9859da37e50f9cafc96a4,CC BY 4.0,https://felizang.github.io/expdate/index_expdate.html
003575.jpg,ExpDate,real_train,Products-Real.zip,Products-Real/train/images/img_00223.jpg,img_00223.jpg,1062,796,716267d181a619c35d57d469c3cf39d0561ab1f90d34af6c0760862422039823,CC BY 4.0,https://felizang.github.io/expdate/index_expdate.html
003576.jpg,ExpDate,real_train,Products-Real.zip,Products-Real/train/images/img_00224.jpg,img_00224.jpg,1208,906,41340c9faee3367c47bd344e73aadd61a68b75e79042ea1700318a978c614443,CC BY 4.0,https://felizang.github.io/expdate/index_expdate.html
003577.jpg,ExpDate,real_train,Products-Real.zip,Products-Real/train/images/img_00225.jpg,img_00225.jpg,1233,925,459fab006d2982418480fcb4f806896be5ce12907a91377659b9c080b4a260e8,CC BY 4.0,https://felizang.github.io/expdate/index_expdate.html
003578.jpg,ExpDate,real_train,Products-Real.zip,Products-Real/train/images/img_00226.jpg,img_00226.jpg,1374,1030,1061651da25c64dd8d02f299a3c29efc51a153f84de6b381ff67ed7ff1e98789,CC BY 4.0,https://felizang.github.io/expdate/index_expdate.html
003579.jpg,ExpDate,real_train,Products-Real.zip,Products-Real/train/images/img_00227.jpg,img_00227.jpg,926,734,a310444e61531e01af46c183cdb75e06ea7d531240a8038395cd37e8bd700586,CC BY 4.0,https://felizang.github.io/expdate/index_expdate.html
003580.jpg,ExpDate,real_train,Products-Real.zip,Products-Real/train/images/img_00228.jpg,img_00228.jpg,1069,803,55993bbea9e80fc6eae5f16798b9a88d96ef4ff3483f92e85e0cfe7763a582a9,CC BY 4.0,https://felizang.github.io/expdate/index_expdate.html
003581.jpg,ExpDate,real_train,Products-Real.zip,Products-Real/train/images/img_00229.jpg,img_00229.jpg,835,1113,e2edbe930653ef80627214575c009e10efd6771d846760a67fa7548ce0ac7b30,CC BY 4.0,https://felizang.github.io/expdate/index_expdate.html
003582.jpg,ExpDate,real_train,Products-Real.zip,Products-Real/train/images/img_00230.jpg,img_00230.jpg,990,766,969b7c2fe1f8ba38e7ab5e8285fc945678ce78bdc7f46f21f00364857afc59b3,CC BY 4.0,https://felizang.github.io/expdate/index_expdate.html
003583.jpg,ExpDate,real_train,Products-Real.zip,Products-Real/train/images/img_00231.jpg,img_00231.jpg,1105,829,5463be6ffc2e1ab21ca7f36cde9ae23f7fc8221a5ed67a11c0f99ec23dd219ad,CC BY 4.0,https://felizang.github.io/expdate/index_expdate.html
003584.jpg,ExpDate,real_train,Products-Real.zip,Products-Real/train/images/img_00232.jpg,img_00232.jpg,1049,1399,045f40f6642d7fc023ebdb4d98da9fc0858c3ca575a378afc02c3849a45650d6,CC BY 4.0,https://felizang.github.io/expdate/index_expdate.html
003585.jpg,ExpDate,real_train,Products-Real.zip,Products-Real/train/images/img_00233.jpg,img_00233.jpg,1032,1376,57b1f784577eb0c204ff22247bed56e85b4c5847fb4593840001600c26b9705c,CC BY 4.0,https://felizang.github.io/expdate/index_expdate.html
003586.jpg,ExpDate,real_train,Products-Real.zip,Products-Real/train/images/img_00234.jpg,img_00234.jpg,1025,1366,88cf9d32aee2c7dd097fa134da37b49e12b5f954077d650044bb72fbb6ff5c35,CC BY 4.0,https://felizang.github.io/expdate/index_expdate.html
003587.jpg,ExpDate,real_train,Products-Real.zip,Products-Real/train/images/img_00235.jpg,img_00235.jpg,1392,1044,a51d23cb5d3ae44c89756b1e2a8b7ffa8095c9dd732cfaec9fffebb9927b5a5b,CC BY 4.0,https://felizang.github.io/expdate/index_expdate.html
003588.jpg,ExpDate,real_train,Products-Real.zip,Products-Real/train/images/img_00236.jpg,img_00236.jpg,644,532,48e5927b894ff817de1a8646d5fc9fe2f16d7202e926eb2bc748a888790a6c3c,CC BY 4.0,https://felizang.github.io/expdate/index_expdate.html
003589.jpg,ExpDate,real_train,Products-Real.zip,Products-Real/train/images/img_00237.jpg,img_00237.jpg,1297,828,b7bc22f3990e131357f6a4fff2e8403e64ca4d762773c66c02513855387619a7,CC BY 4.0,https://felizang.github.io/expdate/index_expdate.html
003590.jpg,ExpDate,real_train,Products-Real.zip,Products-Real/train/images/img_00238.jpg,img_00238.jpg,1101,715,2c25ed298e85224ef41cbe09493bb7b0c63236406ee7b7f2ff9c9dad7f3e6ab4,CC BY 4.0,https://felizang.github.io/expdate/index_expdate.html
003591.jpg,ExpDate,real_train,Products-Real.zip,Products-Real/train/images/img_00239.jpg,img_00239.jpg,708,708,49f5794ec541953e57d671de88ce4364978efb68b0319c2bd52531660a3dfbea,CC BY 4.0,https://felizang.github.io/expdate/index_expdate.html
003592.jpg,ExpDate,real_train,Products-Real.zip,Products-Real/train/images/img_00240.jpg,img_00240.jpg,1008,756,af967169761872a164eb44de2a3fd0942fa25c27049a49369ac25561ef8e65a4,CC BY 4.0,https://felizang.github.io/expdate/index_expdate.html
003593.jpg,ExpDate,real_train,Products-Real.zip,Products-Real/train/images/img_00241.jpg,img_00241.jpg,1008,756,1f6f75ee5bbc33657f8e9eb44a68083ef176120f6a96a744e6b892d387160b13,CC BY 4.0,https://felizang.github.io/expdate/index_expdate.html
003594.jpg,ExpDate,real_train,Products-Real.zip,Products-Real/train/images/img_00242.jpg,img_00242.jpg,1008,756,c95dd6b8256a6125f570b3c3c688bee2b3a874c2b3fdcdef1c17f8c2f4284555,CC BY 4.0,https://felizang.github.io/expdate/index_expdate.html
003595.jpg,ExpDate,real_train,Products-Real.zip,Products-Real/train/images/img_00243.jpg,img_00243.jpg,933,701,9b759f26a04c940e6570aadf62324040495002c77a945e3c09970b1eeeb9a5a2,CC BY 4.0,https://felizang.github.io/expdate/index_expdate.html
003596.jpg,ExpDate,real_train,Products-Real.zip,Products-Real/train/images/img_00244.jpg,img_00244.jpg,900,591,874d467162fe12db2d5b9bded6d305ee042184b5f7826c77a99518a5d96828eb,CC BY 4.0,https://felizang.github.io/expdate/index_expdate.html
003597.jpg,ExpDate,real_train,Products-Real.zip,Products-Real/train/images/img_00245.jpg,img_00245.jpg,898,622,ef14535ab54a40f0d496613955415536ef87c6e5899ac2ae3af42298cf2bf94c,CC BY 4.0,https://felizang.github.io/expdate/index_expdate.html
003598.jpg,ExpDate,real_train,Products-Real.zip,Products-Real/train/images/img_00246.jpg,img_00246.jpg,1067,769,bcb9ecba86fdc51c6dc6e34b7eda272623a5e618382b795ce14ed6c8c65df17d,CC BY 4.0,https://felizang.github.io/expdate/index_expdate.html
003599.jpg,ExpDate,real_train,Products-Real.zip,Products-Real/train/images/img_00247.jpg,img_00247.jpg,1008,756,5cd20e61260190ea99685700e65dfe90ee3222f383f9682333b22f5d4a2054d5,CC BY 4.0,https://felizang.github.io/expdate/index_expdate.html
003600.jpg,ExpDate,real_train,Products-Real.zip,Products-Real/train/images/img_00248.jpg,img_00248.jpg,965,723,dd5e9ebeac846f5d47529e8a1367cdae5ae8ed126f3e51c23e0ca23765192547,CC BY 4.0,https://felizang.github.io/expdate/index_expdate.html
003601.jpg,ExpDate,real_train,Products-Real.zip,Products-Real/train/images/img_00249.jpg,img_00249.jpg,990,739,3f325a2d7fb29befac8771f66d8144549a07cc03494a4e3f080e4cca81e15a1b,CC BY 4.0,https://felizang.github.io/expdate/index_expdate.html
003602.jpg,ExpDate,real_train,Products-Real.zip,Products-Real/train/images/img_00250.jpg,img_00250.jpg,1008,756,086d70d7027feef88a6f25fb9f5be42d49d47d9c1c09b692a27d69e19159e79d,CC BY 4.0,https://felizang.github.io/expdate/index_expdate.html
003603.jpg,ExpDate,real_train,Products-Real.zip,Products-Real/train/images/img_00251.jpg,img_00251.jpg,1008,756,3e08b462a4d4218326cf83ca34fc61928d7495087e8b21782f18fa41b4cecae7,CC BY 4.0,https://felizang.github.io/expdate/index_expdate.html
003604.jpg,ExpDate,real_train,Products-Real.zip,Products-Real/train/images/img_00252.jpg,img_00252.jpg,1008,756,ee8e0bda8a3f7a525b299fc443be63ce5be98e7022e904e8040e03534852f50f,CC BY 4.0,https://felizang.github.io/expdate/index_expdate.html
003605.jpg,ExpDate,real_train,Products-Real.zip,Products-Real/train/images/img_00253.jpg,img_00253.jpg,850,642,48f97ccffb7a5632e57a0dbd163340e663d3736d3946de2aa95ac01fc88eedb5,CC BY 4.0,https://felizang.github.io/expdate/index_expdate.html
003606.jpg,ExpDate,real_train,Products-Real.zip,Products-Real/train/images/img_00254.jpg,img_00254.jpg,1008,756,87a93315a8d7e10b51e8e94496929f2770d388911ca8ae8939f2cb5e286e1046,CC BY 4.0,https://felizang.github.io/expdate/index_expdate.html
003607.jpg,ExpDate,real_train,Products-Real.zip,Products-Real/train/images/img_00255.jpg,img_00255.jpg,1179,884,a020bd781d1405117865c9c9b877a28dba82a10b8b1b3785e7f6adf93536fbfe,CC BY 4.0,https://felizang.github.io/expdate/index_expdate.html
003608.jpg,ExpDate,real_train,Products-Real.zip,Products-Real/train/images/img_00256.jpg,img_00256.jpg,1157,868,5f4e408f51570a5a683d7d309f9df4f2b19565f8dcda4e693c2740c655b0347a,CC BY 4.0,https://felizang.github.io/expdate/index_expdate.html
003609.jpg,ExpDate,real_train,Products-Real.zip,Products-Real/train/images/img_00257.jpg,img_00257.jpg,1200,900,955486065a29796659d5a17c8834986b3111b6e5334269714ccbb9ac85a25666,CC BY 4.0,https://felizang.github.io/expdate/index_expdate.html
003610.jpg,ExpDate,real_train,Products-Real.zip,Products-Real/train/images/img_00258.jpg,img_00258.jpg,1127,845,d778f3996fd6952cabb658ce389e5d31705cadd778520aa5a567a876411f34d4,CC BY 4.0,https://felizang.github.io/expdate/index_expdate.html
003611.jpg,ExpDate,real_train,Products-Real.zip,Products-Real/train/images/img_00259.jpg,img_00259.jpg,1274,956,3676b1eed485d31fae42739afe17334476f8973c1a9a697188b2951ffa194248,CC BY 4.0,https://felizang.github.io/expdate/index_expdate.html
003612.jpg,ExpDate,real_train,Products-Real.zip,Products-Real/train/images/img_00260.jpg,img_00260.jpg,1067,801,2956e35e41a06857e4c42df25bae40297ab7ee4ce9c7f6d73d818513c26282f5,CC BY 4.0,https://felizang.github.io/expdate/index_expdate.html
003613.jpg,ExpDate,real_train,Products-Real.zip,Products-Real/train/images/img_00261.jpg,img_00261.jpg,747,674,7fec1af9f1ebb38658a7435457265d769996d039c9b0c902a0037f3f6b97e7ba,CC BY 4.0,https://felizang.github.io/expdate/index_expdate.html
003614.jpg,ExpDate,real_train,Products-Real.zip,Products-Real/train/images/img_00262.jpg,img_00262.jpg,930,722,acc3d55c71391e04d29a96dc38686e37a1a90c81a8f6559cedd7c423632bac44,CC BY 4.0,https://felizang.github.io/expdate/index_expdate.html
003615.jpg,ExpDate,real_train,Products-Real.zip,Products-Real/train/images/img_00263.jpg,img_00263.jpg,792,594,fec2aae386be598c210200006f4d4d73f2e3063d1e51c6d7d00bd52d2ff88501,CC BY 4.0,https://felizang.github.io/expdate/index_expdate.html
003616.jpg,ExpDate,real_train,Products-Real.zip,Products-Real/train/images/img_00264.jpg,img_00264.jpg,902,734,a0ceb7bc36c2929e1eacdbbeb492d68a66557da7be0141567399c41002d546c0,CC BY 4.0,https://felizang.github.io/expdate/index_expdate.html
003617.jpg,ExpDate,real_train,Products-Real.zip,Products-Real/train/images/img_00265.jpg,img_00265.jpg,1127,796,ba494e7cc2baab4ca754f5dfe3a7b434cdda7d18d8589ebb40551602280e7cf7,CC BY 4.0,https://felizang.github.io/expdate/index_expdate.html
003618.jpg,ExpDate,real_train,Products-Real.zip,Products-Real/train/images/img_00266.jpg,img_00266.jpg,965,723,7977513f3e94a2d29007aab487dd4061dd445952fac7670a3b235f445e6a6b5b,CC BY 4.0,https://felizang.github.io/expdate/index_expdate.html
003619.jpg,ExpDate,real_train,Products-Real.zip,Products-Real/train/images/img_00267.jpg,img_00267.jpg,1016,762,4a1538f3531701642883b94f6f4fb11906f0fd6ca4a4ea007378e2418cc88f34,CC BY 4.0,https://felizang.github.io/expdate/index_expdate.html
003620.jpg,ExpDate,real_train,Products-Real.zip,Products-Real/train/images/img_00268.jpg,img_00268.jpg,1062,796,51d1e39e8c5f069f46cc5d12233269108cd65e1014558705484e0f40e81d58c3,CC BY 4.0,https://felizang.github.io/expdate/index_expdate.html
003621.jpg,ExpDate,real_train,Products-Real.zip,Products-Real/train/images/img_00269.jpg,img_00269.jpg,1324,993,359e02d858ddd066a763b160dcc67095d24470970736af7ee84820448bee1b28,CC BY 4.0,https://felizang.github.io/expdate/index_expdate.html
003622.jpg,ExpDate,real_train,Products-Real.zip,Products-Real/train/images/img_00270.jpg,img_00270.jpg,1314,986,82dda8ad321ea7e45b07eaf2247971408ee261d38b35fb776490a0acf6355efd,CC BY 4.0,https://felizang.github.io/expdate/index_expdate.html
003623.jpg,ExpDate,real_train,Products-Real.zip,Products-Real/train/images/img_00271.jpg,img_00271.jpg,1155,866,860f3971c0983e79b0e33d286860fa486b67134f0c2573487bb6d5880bf2cf8a,CC BY 4.0,https://felizang.github.io/expdate/index_expdate.html
003624.jpg,ExpDate,real_train,Products-Real.zip,Products-Real/train/images/img_00272.jpg,img_00272.jpg,1182,886,cc1b10f1c151ab1f1ebf54031b483b9780b73544d14a8a4d3819476b9c8e062b,CC BY 4.0,https://felizang.github.io/expdate/index_expdate.html
003625.jpg,ExpDate,real_train,Products-Real.zip,Products-Real/train/images/img_00273.jpg,img_00273.jpg,1372,1029,214f5797a68a9b732c8ec9829591dfba6ebc5b1be347e0a167dd1313a081a733,CC BY 4.0,https://felizang.github.io/expdate/index_expdate.html
003626.jpg,ExpDate,real_train,Products-Real.zip,Products-Real/train/images/img_00274.jpg,img_00274.jpg,1318,989,1be2bbeef26ed9ac3500baf29ae24ac27e64f496c94a894c71439016f6cdb9ba,CC BY 4.0,https://felizang.github.io/expdate/index_expdate.html
003627.jpg,ExpDate,real_train,Products-Real.zip,Products-Real/train/images/img_00275.jpg,img_00275.jpg,1225,855,508673dbb3bca670e8cbd6b6e355ebe6e53e169a6a8d1d61257c232f6962f819,CC BY 4.0,https://felizang.github.io/expdate/index_expdate.html
003628.jpg,ExpDate,real_train,Products-Real.zip,Products-Real/train/images/img_00276.jpg,img_00276.jpg,992,886,dd1b33b54cc5c6bebc2983e0bd5faf1e9f56a615c7c47a34163bbc8536fe4610,CC BY 4.0,https://felizang.github.io/expdate/index_expdate.html
003629.jpg,ExpDate,real_train,Products-Real.zip,Products-Real/train/images/img_00277.jpg,img_00277.jpg,1440,993,97c3c7e715d8ed2e9d5637d5db8cac3dc51df12b004db172b574edc53e130e25,CC BY 4.0,https://felizang.github.io/expdate/index_expdate.html
003630.jpg,ExpDate,real_train,Products-Real.zip,Products-Real/train/images/img_00278.jpg,img_00278.jpg,1264,948,aa4291e93a53fd9997826b87c4e604e2952cb5a83727b2e57e743a297a3339fe,CC BY 4.0,https://felizang.github.io/expdate/index_expdate.html
003631.jpg,ExpDate,real_train,Products-Real.zip,Products-Real/train/images/img_00279.jpg,img_00279.jpg,873,1177,20035b7a54fc87d91a5daddfecf9b5f26687c6f6b97a340191283bc47365b68d,CC BY 4.0,https://felizang.github.io/expdate/index_expdate.html
003632.jpg,ExpDate,real_train,Products-Real.zip,Products-Real/train/images/img_00280.jpg,img_00280.jpg,993,1319,b48356cb9e1b76ce6b4ab692e48d6b943260bab28022f142a8b8926f29c1f278,CC BY 4.0,https://felizang.github.io/expdate/index_expdate.html
003633.jpg,ExpDate,real_train,Products-Real.zip,Products-Real/train/images/img_00281.jpg,img_00281.jpg,760,1058,1197cee09193e8517bf9cf1f2d41fe9520b5b2e484652e6d4f42e2db0d40fdd1,CC BY 4.0,https://felizang.github.io/expdate/index_expdate.html
003634.jpg,ExpDate,real_train,Products-Real.zip,Products-Real/train/images/img_00282.jpg,img_00282.jpg,1073,1431,b4b281ef9099e6885200f6ef0d0853173bef141e98e3286ab95fb190a38001c0,CC BY 4.0,https://felizang.github.io/expdate/index_expdate.html
003635.jpg,ExpDate,real_train,Products-Real.zip,Products-Real/train/images/img_00283.jpg,img_00283.jpg,1134,1512,a85b429f59131a2ae62ab75de4d395d57aa05accaa62aa82d8f176fc7cbc5790,CC BY 4.0,https://felizang.github.io/expdate/index_expdate.html
003636.jpg,ExpDate,real_train,Products-Real.zip,Products-Real/train/images/img_00284.jpg,img_00284.jpg,1077,1436,1f2f98706c96ef0b7b9ca06145d3fc37d3fbf6e78a1ce213e99a2fec17f27b7b,CC BY 4.0,https://felizang.github.io/expdate/index_expdate.html
003637.jpg,ExpDate,real_train,Products-Real.zip,Products-Real/train/images/img_00285.jpg,img_00285.jpg,1112,1483,a617132f8d5f992e859669a0f53cec98deeff69f445e93a20fde9dca09f0890b,CC BY 4.0,https://felizang.github.io/expdate/index_expdate.html
003638.jpg,ExpDate,real_train,Products-Real.zip,Products-Real/train/images/img_00286.jpg,img_00286.jpg,1118,1490,424d83dd308616634106e3f6bb51c6f3058c8b31b0d8f6a6736a5a0e6014a27a,CC BY 4.0,https://felizang.github.io/expdate/index_expdate.html
003639.jpg,ExpDate,real_train,Products-Real.zip,Products-Real/train/images/img_00287.jpg,img_00287.jpg,952,1269,9365f873b1b2d6ac52b936354ab60378fea1526388f2a1284856a20cd0717054,CC BY 4.0,https://felizang.github.io/expdate/index_expdate.html
003640.jpg,ExpDate,real_train,Products-Real.zip,Products-Real/train/images/img_00288.jpg,img_00288.jpg,1064,1419,edb559ce200d530c08b13a4741139298cddb31a6746c291b484f5cf28c295036,CC BY 4.0,https://felizang.github.io/expdate/index_expdate.html
003641.jpg,ExpDate,real_train,Products-Real.zip,Products-Real/train/images/img_00289.jpg,img_00289.jpg,939,1251,2ed2aea22adb6f2cd4aec6b104f9f801b2449ff1fa4e598314b7e81c2a0d05d2,CC BY 4.0,https://felizang.github.io/expdate/index_expdate.html
003642.jpg,ExpDate,real_train,Products-Real.zip,Products-Real/train/images/img_00290.jpg,img_00290.jpg,1083,1443,548116350f2f9d36e67fe405d7c410abc9c830383a1fa4d75e6e7ae71eb7cff5,CC BY 4.0,https://felizang.github.io/expdate/index_expdate.html
003643.jpg,ExpDate,real_train,Products-Real.zip,Products-Real/train/images/img_00291.jpg,img_00291.jpg,922,1229,092dc20a2a807be8e5551b6485e01015d9e071d4715d7c45dad655893a0a979b,CC BY 4.0,https://felizang.github.io/expdate/index_expdate.html
003644.jpg,ExpDate,real_train,Products-Real.zip,Products-Real/train/images/img_00292.jpg,img_00292.jpg,977,1302,c41f3172367a36f28ca366dfe1a7bc6233d976869c4eed9983735cf8d919851d,CC BY 4.0,https://felizang.github.io/expdate/index_expdate.html
003645.jpg,ExpDate,real_train,Products-Real.zip,Products-Real/train/images/img_00293.jpg,img_00293.jpg,915,1219,63df06c520996987e34048096b72e4f8018d9052dfeccf4cedb1e031828508e4,CC BY 4.0,https://felizang.github.io/expdate/index_expdate.html
003646.jpg,ExpDate,real_train,Products-Real.zip,Products-Real/train/images/img_00294.jpg,img_00294.jpg,969,1292,082a9e7ff37cfc3b488a54aaeaf0ab40668855569cd4179203c3d9145f006ba0,CC BY 4.0,https://felizang.github.io/expdate/index_expdate.html
003647.jpg,ExpDate,real_train,Products-Real.zip,Products-Real/train/images/img_00295.jpg,img_00295.jpg,1033,1378,f9a0a0a460193ba21aafb4654963e156b9e32d5a32a599ad0928e549edb3cf4e,CC BY 4.0,https://felizang.github.io/expdate/index_expdate.html
003648.jpg,ExpDate,real_train,Products-Real.zip,Products-Real/train/images/img_00296.jpg,img_00296.jpg,940,1253,49d440e2866ae2218eced1c4382449bfb3ad5fd653b3ef5e7b37eaa6387da1ee,CC BY 4.0,https://felizang.github.io/expdate/index_expdate.html
003649.jpg,ExpDate,real_train,Products-Real.zip,Products-Real/train/images/img_00297.jpg,img_00297.jpg,1039,1386,6c9302900b650d1603d8d9f67e91adf1758969b343acde193a03aa6ce666746e,CC BY 4.0,https://felizang.github.io/expdate/index_expdate.html
003650.jpg,ExpDate,real_train,Products-Real.zip,Products-Real/train/images/img_00298.jpg,img_00298.jpg,895,1224,72fc135ae5436a714d44379d89c2d388caca5b4721c97e605c14cb4a2d2a65a7,CC BY 4.0,https://felizang.github.io/expdate/index_expdate.html
003651.jpg,ExpDate,real_train,Products-Real.zip,Products-Real/train/images/img_00299.jpg,img_00299.jpg,922,1230,c9732d44abe33d6501c1a62d8ce8056b1af0a5a3eed913573386eca805ac92d4,CC BY 4.0,https://felizang.github.io/expdate/index_expdate.html
003652.jpg,ExpDate,real_train,Products-Real.zip,Products-Real/train/images/img_00300.jpg,img_00300.jpg,990,1320,75f29ed794fa2cdce024c71efc69c63ab8f0f084b774e99ba7900454499c7ba2,CC BY 4.0,https://felizang.github.io/expdate/index_expdate.html
003653.jpg,ExpDate,real_train,Products-Real.zip,Products-Real/train/images/img_00301.jpg,img_00301.jpg,983,1311,c6f52f858a4206ea002f9aae64d10be1b4ceeceff18ef9592730bacccc76fc32,CC BY 4.0,https://felizang.github.io/expdate/index_expdate.html
003654.jpg,ExpDate,real_train,Products-Real.zip,Products-Real/train/images/img_00302.jpg,img_00302.jpg,1414,1060,4645095a00c1b91b0e0f9220b181a1d68cb5a1f1402f24abad2a032c7590023e,CC BY 4.0,https://felizang.github.io/expdate/index_expdate.html
003655.jpg,ExpDate,real_train,Products-Real.zip,Products-Real/train/images/img_00303.jpg,img_00303.jpg,922,1229,6b101d2a246d2ca5303c2d15a1338ef005070d5388ac8d8512547160f2798009,CC BY 4.0,https://felizang.github.io/expdate/index_expdate.html
003656.jpg,ExpDate,real_train,Products-Real.zip,Products-Real/train/images/img_00304.jpg,img_00304.jpg,1009,1346,b1210d347191e21fab1e401be43a0addc3afc45a3f21df67e6cfbb5ed2f1a761,CC BY 4.0,https://felizang.github.io/expdate/index_expdate.html
003657.jpg,ExpDate,real_train,Products-Real.zip,Products-Real/train/images/img_00305.jpg,img_00305.jpg,931,1241,cf7c3e837555cb34df9e2c357c8b8628eb94202ae88c9d4345ab87217afa112f,CC BY 4.0,https://felizang.github.io/expdate/index_expdate.html
003658.jpg,ExpDate,real_train,Products-Real.zip,Products-Real/train/images/img_00306.jpg,img_00306.jpg,948,1264,4384eb24ca205874b67e41acabe60341c0830225fb0c7c5cb832efa95608da44,CC BY 4.0,https://felizang.github.io/expdate/index_expdate.html
003659.jpg,ExpDate,real_train,Products-Real.zip,Products-Real/train/images/img_00307.jpg,img_00307.jpg,1437,1077,f49fc3ec5964d8e233a7966afa86471d1aafa964eb5f3ab10299acaf8e67f239,CC BY 4.0,https://felizang.github.io/expdate/index_expdate.html
003660.jpg,ExpDate,real_train,Products-Real.zip,Products-Real/train/images/img_00308.jpg,img_00308.jpg,936,1247,fffd3389fb5003f2976b8aed7849c68f74bd525e47fb751033775a3c6d1531f8,CC BY 4.0,https://felizang.github.io/expdate/index_expdate.html
003661.jpg,ExpDate,real_train,Products-Real.zip,Products-Real/train/images/img_00309.jpg,img_00309.jpg,991,1322,98b3d936f84cdedf52832eb20407bd8b5a4f6ef3cfca05c2ddcf204badffbec9,CC BY 4.0,https://felizang.github.io/expdate/index_expdate.html
003662.jpg,ExpDate,real_train,Products-Real.zip,Products-Real/train/images/img_00310.jpg,img_00310.jpg,1500,1125,9bdefcf13181ebe1422f3b1113bebe5f096e4fc659e40da79270ef0d509470e7,CC BY 4.0,https://felizang.github.io/expdate/index_expdate.html
003663.jpg,ExpDate,real_train,Products-Real.zip,Products-Real/train/images/img_00311.jpg,img_00311.jpg,984,1312,38d6a4323b925528daea5859c0714d33d0fcbe92314b021c2d4a46e7e43b80c1,CC BY 4.0,https://felizang.github.io/expdate/index_expdate.html
003664.jpg,ExpDate,real_train,Products-Real.zip,Products-Real/train/images/img_00312.jpg,img_00312.jpg,1012,694,6c6a4889a438b1bcf153a916c8300b73e78a690352ab9e2e94bdb48c4b494013,CC BY 4.0,https://felizang.github.io/expdate/index_expdate.html
003665.jpg,ExpDate,real_train,Products-Real.zip,Products-Real/train/images/img_00313.jpg,img_00313.jpg,942,1256,e2645796cefc10abadc9379599d8d131daa3c2c66763c4e0c42ad8d17506bc5c,CC BY 4.0,https://felizang.github.io/expdate/index_expdate.html
003666.jpg,ExpDate,real_train,Products-Real.zip,Products-Real/train/images/img_00314.jpg,img_00314.jpg,1034,1379,1f00af2aa2fbf52715e0744e4b4dcb541d8f46f1f4670e5132f1eeded0aef8e4,CC BY 4.0,https://felizang.github.io/expdate/index_expdate.html
003667.jpg,ExpDate,real_train,Products-Real.zip,Products-Real/train/images/img_00315.jpg,img_00315.jpg,1108,1477,01c9d029fb1233bd378b1137acd98295937137793b45999f75429180c7d01a84,CC BY 4.0,https://felizang.github.io/expdate/index_expdate.html
003668.jpg,ExpDate,real_train,Products-Real.zip,Products-Real/train/images/img_00316.jpg,img_00316.jpg,1283,962,1f6328816ed1feada51d19f3eefab9907960b57f71994e541c33f35b3738f8ad,CC BY 4.0,https://felizang.github.io/expdate/index_expdate.html
003669.jpg,ExpDate,real_train,Products-Real.zip,Products-Real/train/images/img_00317.jpg,img_00317.jpg,1036,1381,179d0b02831e06417b371e12c1a350500c49d23b0fdee151f6656798d7553cf8,CC BY 4.0,https://felizang.github.io/expdate/index_expdate.html
003670.jpg,ExpDate,real_train,Products-Real.zip,Products-Real/train/images/img_00318.jpg,img_00318.jpg,1060,1413,3095d4f132c9091dfc2cba77cb89447d9b348017cd1f5d50eafb5131872c090a,CC BY 4.0,https://felizang.github.io/expdate/index_expdate.html
003671.jpg,ExpDate,real_train,Products-Real.zip,Products-Real/train/images/img_00319.jpg,img_00319.jpg,1028,1370,ef5c4b1192447644e8e7ffb01a05f01ac99db875e6563c8412b266eb2b8058da,CC BY 4.0,https://felizang.github.io/expdate/index_expdate.html
003672.jpg,ExpDate,real_train,Products-Real.zip,Products-Real/train/images/img_00320.jpg,img_00320.jpg,1086,1448,28a6e5a84bf5f89df6cdda016499badca4ddf5cff8e7c9d1dbe341da58628969,CC BY 4.0,https://felizang.github.io/expdate/index_expdate.html
003673.jpg,ExpDate,real_train,Products-Real.zip,Products-Real/train/images/img_00321.jpg,img_00321.jpg,915,1220,66c4f322f9e1cf824b275a46b63685b008b8b45dac313de697dd84141f0f96fb,CC BY 4.0,https://felizang.github.io/expdate/index_expdate.html
003674.jpg,ExpDate,real_train,Products-Real.zip,Products-Real/train/images/img_00322.jpg,img_00322.jpg,994,1351,77c9b6106e908c16876f236745b83e083e66575088be1a41e7258f16ff43db32,CC BY 4.0,https://felizang.github.io/expdate/index_expdate.html
003675.jpg,ExpDate,real_train,Products-Real.zip,Products-Real/train/images/img_00323.jpg,img_00323.jpg,877,1197,ef31ade98b49ec09444d38d4123418f6b43a2d99e39a2372319d9c5a5dde9e1d,CC BY 4.0,https://felizang.github.io/expdate/index_expdate.html
003676.jpg,ExpDate,real_train,Products-Real.zip,Products-Real/train/images/img_00324.jpg,img_00324.jpg,941,1251,0ce4e1b6a72f58a94d10f7bf4782381a30970223a1397ab87f337d337aa8ed1e,CC BY 4.0,https://felizang.github.io/expdate/index_expdate.html
003677.jpg,ExpDate,real_train,Products-Real.zip,Products-Real/train/images/img_00325.jpg,img_00325.jpg,945,1259,60faaa6540c02c55f12830d73fc6f759c6498b41d61b93e45e898c1f60307bf5,CC BY 4.0,https://felizang.github.io/expdate/index_expdate.html
003678.jpg,ExpDate,real_train,Products-Real.zip,Products-Real/train/images/img_00326.jpg,img_00326.jpg,1091,1454,8b6384edd6f3a97f8104b8ea73434460e9312a8cfd5d14ba7e465ee9190249dd,CC BY 4.0,https://felizang.github.io/expdate/index_expdate.html
003679.jpg,ExpDate,real_train,Products-Real.zip,Products-Real/train/images/img_00327.jpg,img_00327.jpg,865,1148,a3fd1c8f848757bc8af46ad4e34c084f70375780c0fff37590db69c532c3fd72,CC BY 4.0,https://felizang.github.io/expdate/index_expdate.html
003680.jpg,ExpDate,real_train,Products-Real.zip,Products-Real/train/images/img_00328.jpg,img_00328.jpg,863,1105,877b333bba85aa5c7d87a0478beb05e4ea80d5e13148ea99b87e35dce697988a,CC BY 4.0,https://felizang.github.io/expdate/index_expdate.html
003681.jpg,ExpDate,real_train,Products-Real.zip,Products-Real/train/images/img_00329.jpg,img_00329.jpg,1436,1077,5a9dda9e50ee9c3c62f65b7503189610294a99ca86b19f0ffacb432fd8f6f5c5,CC BY 4.0,https://felizang.github.io/expdate/index_expdate.html
003682.jpg,ExpDate,real_train,Products-Real.zip,Products-Real/train/images/img_00330.jpg,img_00330.jpg,1289,855,1c8d1d646ead448ce1081c1c90976adb7961eef7715e5956704e9da085997884,CC BY 4.0,https://felizang.github.io/expdate/index_expdate.html
003683.jpg,ExpDate,real_train,Products-Real.zip,Products-Real/train/images/img_00331.jpg,img_00331.jpg,1389,907,cc743b893aa66c641617b41b9e4d4edd01b5b398e377927a38cb082865b7edb8,CC BY 4.0,https://felizang.github.io/expdate/index_expdate.html
003684.jpg,ExpDate,real_train,Products-Real.zip,Products-Real/train/images/img_00332.jpg,img_00332.jpg,956,1275,4dde27fab37983a2bf5f4159811f7be29b47458ee7dda6c2707618866e2d6080,CC BY 4.0,https://felizang.github.io/expdate/index_expdate.html
003685.jpg,ExpDate,real_train,Products-Real.zip,Products-Real/train/images/img_00333.jpg,img_00333.jpg,1131,1508,0f7bc3723bd3e7aba34dc95f8a973c3668c0e6e2a41abbac9da0fd4cf3d29af7,CC BY 4.0,https://felizang.github.io/expdate/index_expdate.html
003686.jpg,ExpDate,real_train,Products-Real.zip,Products-Real/train/images/img_00334.jpg,img_00334.jpg,951,1268,ff181dcfa3c1569aca8f06629ed30ac93ea5d9f5afb80ce9221c44c334fee358,CC BY 4.0,https://felizang.github.io/expdate/index_expdate.html
003687.jpg,ExpDate,real_train,Products-Real.zip,Products-Real/train/images/img_00335.jpg,img_00335.jpg,1407,1055,46e0f0ea96c95ffca2f8b5d017abb3e0600ad8a9a85d218f9fc458ea703344f1,CC BY 4.0,https://felizang.github.io/expdate/index_expdate.html
003688.jpg,ExpDate,real_train,Products-Real.zip,Products-Real/train/images/img_00336.jpg,img_00336.jpg,1313,984,da5c20fb18112967171858df94b318da1f902f536af09814c601a0361acc1b7f,CC BY 4.0,https://felizang.github.io/expdate/index_expdate.html
003689.jpg,ExpDate,real_train,Products-Real.zip,Products-Real/train/images/img_00337.jpg,img_00337.jpg,936,1191,c07ddc91943206d6fee9f38942879a57ee6efbd0168c58ae9598bc0b7ff0ac04,CC BY 4.0,https://felizang.github.io/expdate/index_expdate.html
003690.jpg,ExpDate,real_train,Products-Real.zip,Products-Real/train/images/img_00338.jpg,img_00338.jpg,906,1208,f213135d8c5d6646826aa4c527d84a3a40c71c512a78053631893bfe290c2983,CC BY 4.0,https://felizang.github.io/expdate/index_expdate.html
003691.jpg,ExpDate,real_train,Products-Real.zip,Products-Real/train/images/img_00339.jpg,img_00339.jpg,1020,1360,7d440f9160bc227cdf9115b004c72210f2360b34b433724c4cccdb95495f9579,CC BY 4.0,https://felizang.github.io/expdate/index_expdate.html
003692.jpg,ExpDate,real_train,Products-Real.zip,Products-Real/train/images/img_00340.jpg,img_00340.jpg,1032,1246,bc5d14d9739c549c4efa115a23d3dce08553fa6de388bd05a1c2f1add6a4a7cb,CC BY 4.0,https://felizang.github.io/expdate/index_expdate.html
003693.jpg,ExpDate,real_train,Products-Real.zip,Products-Real/train/images/img_00341.jpg,img_00341.jpg,971,1295,32b9f7e885727bbfb4ead01fffdc823c5f2b96f78966f630a027bc1c4c587cf6,CC BY 4.0,https://felizang.github.io/expdate/index_expdate.html
003694.jpg,ExpDate,real_train,Products-Real.zip,Products-Real/train/images/img_00342.jpg,img_00342.jpg,873,1164,04dcf063c185bf9d04142080100a34f57c8f2605906f799867c55c5d4fa03bfc,CC BY 4.0,https://felizang.github.io/expdate/index_expdate.html
003695.jpg,ExpDate,real_train,Products-Real.zip,Products-Real/train/images/img_00343.jpg,img_00343.jpg,902,1036,9dd3a18eb1a84cbb9d4290ce53caa7ef5bdfb0275bcb0c54f67f9ae375985301,CC BY 4.0,https://felizang.github.io/expdate/index_expdate.html
003696.jpg,ExpDate,real_train,Products-Real.zip,Products-Real/train/images/img_00344.jpg,img_00344.jpg,1305,979,f51cea5b34e1fdf5c435f70c6332d5aed209439806baf86a066b24eaa58875bd,CC BY 4.0,https://felizang.github.io/expdate/index_expdate.html
003697.jpg,ExpDate,real_train,Products-Real.zip,Products-Real/train/images/img_00345.jpg,img_00345.jpg,1120,840,1ac6dbc467e1d75275425b2111a2025076d4931d849e88cff2b88ea079dd1e4f,CC BY 4.0,https://felizang.github.io/expdate/index_expdate.html
003698.jpg,ExpDate,real_train,Products-Real.zip,Products-Real/train/images/img_00346.jpg,img_00346.jpg,1189,892,d2156163c65a4b258356ad287849d6f2e1e11eff3b90c180730ad160fc49a58e,CC BY 4.0,https://felizang.github.io/expdate/index_expdate.html
003699.jpg,ExpDate,real_train,Products-Real.zip,Products-Real/train/images/img_00347.jpg,img_00347.jpg,869,1158,e3946d85dbd247add526575b3a8ebc866dab07258458a42aac56b7f0ae71e290,CC BY 4.0,https://felizang.github.io/expdate/index_expdate.html
003700.jpg,ExpDate,real_train,Products-Real.zip,Products-Real/train/images/img_00348.jpg,img_00348.jpg,905,1207,7709165e26922b9a07a773222e7ec1c9b0d3b2f78a19c0faf98214199cbad849,CC BY 4.0,https://felizang.github.io/expdate/index_expdate.html
003701.jpg,ExpDate,real_train,Products-Real.zip,Products-Real/train/images/img_00349.jpg,img_00349.jpg,1012,1349,c9df1e6afce1c28b3643ea2bf1ee8f1d184013b1921195b0f194a5e5cec689a4,CC BY 4.0,https://felizang.github.io/expdate/index_expdate.html
003702.jpg,ExpDate,real_train,Products-Real.zip,Products-Real/train/images/img_00350.jpg,img_00350.jpg,883,1177,6e1877ef4bc530e925eaad0f8043302e6aae8ca95cd9c233b8a318e796f56b13,CC BY 4.0,https://felizang.github.io/expdate/index_expdate.html
003703.jpg,ExpDate,real_train,Products-Real.zip,Products-Real/train/images/img_00351.jpg,img_00351.jpg,974,1298,f30be33e7589af392d9326b20a0d442eedf9e442ff9e0ac16937b9644ed6dd75,CC BY 4.0,https://felizang.github.io/expdate/index_expdate.html
003704.jpg,ExpDate,real_train,Products-Real.zip,Products-Real/train/images/img_00352.jpg,img_00352.jpg,1357,1018,e3553f214edca8ce6b32059a2f492c2bd1f4a2429ca6ff7a1942cfb7a1ccb3e3,CC BY 4.0,https://felizang.github.io/expdate/index_expdate.html
003705.jpg,ExpDate,real_train,Products-Real.zip,Products-Real/train/images/img_00353.jpg,img_00353.jpg,1117,939,30531b6af811cd2db3d39a7a0153d34a595bc261ff599110451fb66e2d34d72f,CC BY 4.0,https://felizang.github.io/expdate/index_expdate.html
003706.jpg,ExpDate,real_train,Products-Real.zip,Products-Real/train/images/img_00354.jpg,img_00354.jpg,909,1282,f0709c0f0eff7d6e61ed335853f3bcea31198e789494b4b3e59e0d2472a3982b,CC BY 4.0,https://felizang.github.io/expdate/index_expdate.html
003707.jpg,ExpDate,real_train,Products-Real.zip,Products-Real/train/images/img_00355.jpg,img_00355.jpg,885,1141,bfe064b27b8a20f263d20f73ff9a3bf6b15387bfe4734d472410b98841c6b1e5,CC BY 4.0,https://felizang.github.io/expdate/index_expdate.html
003708.jpg,ExpDate,real_train,Products-Real.zip,Products-Real/train/images/img_00356.jpg,img_00356.jpg,928,1238,0697d5a833b7a7e05c03ef637e60541b8a5c7b5c217cd7ca8dad244da1c07cc7,CC BY 4.0,https://felizang.github.io/expdate/index_expdate.html
003709.jpg,ExpDate,real_train,Products-Real.zip,Products-Real/train/images/img_00357.jpg,img_00357.jpg,863,1116,d802b54ec12ee386984c05c68bc94dd4ff90d7134149dbab68cfc035793b039a,CC BY 4.0,https://felizang.github.io/expdate/index_expdate.html
003710.jpg,ExpDate,real_train,Products-Real.zip,Products-Real/train/images/img_00358.jpg,img_00358.jpg,802,1080,efce5ef76432f4f4841306f056b90270e7889abadae3a0e6b9b9f50f945af724,CC BY 4.0,https://felizang.github.io/expdate/index_expdate.html
003711.jpg,ExpDate,real_train,Products-Real.zip,Products-Real/train/images/img_00359.jpg,img_00359.jpg,981,1308,118609410a1c159f094794628fa66f2afefd2682243fcf0c1d7509a6b3fdd017,CC BY 4.0,https://felizang.github.io/expdate/index_expdate.html
003712.jpg,ExpDate,real_train,Products-Real.zip,Products-Real/train/images/img_00360.jpg,img_00360.jpg,1282,961,e77cf7fe1529e7dbb05cb0fa4d073b90eb69b38f83a8e0f16df1882ca92c6783,CC BY 4.0,https://felizang.github.io/expdate/index_expdate.html
003713.jpg,ExpDate,real_train,Products-Real.zip,Products-Real/train/images/img_00361.jpg,img_00361.jpg,966,1288,8e82b889451a3cf9807f86cf84e088fc328e9b000735384a7967b6d589dda38b,CC BY 4.0,https://felizang.github.io/expdate/index_expdate.html
003714.jpg,ExpDate,real_train,Products-Real.zip,Products-Real/train/images/img_00362.jpg,img_00362.jpg,1348,1011,ed58175989adae5cca7bab2e90ce2ac58ead8ed416836e295a2683b20f0e43d6,CC BY 4.0,https://felizang.github.io/expdate/index_expdate.html
003715.jpg,ExpDate,real_train,Products-Real.zip,Products-Real/train/images/img_00363.jpg,img_00363.jpg,1000,1334,70f21b0e60360bec55c848b427992c2b76388e575b097ab19b0963fb65b38d50,CC BY 4.0,https://felizang.github.io/expdate/index_expdate.html
003716.jpg,ExpDate,real_train,Products-Real.zip,Products-Real/train/images/img_00364.jpg,img_00364.jpg,914,1219,7401e4cb117af54fc8d265f6ec03a7978fae7e5abdc0e121a8d5d6f31f9d1b7b,CC BY 4.0,https://felizang.github.io/expdate/index_expdate.html
003717.jpg,ExpDate,real_train,Products-Real.zip,Products-Real/train/images/img_00365.jpg,img_00365.jpg,954,1272,2bc96f49628198b4be0dc506929ff3f61b62f627b3169e451861e1ff5b4942df,CC BY 4.0,https://felizang.github.io/expdate/index_expdate.html
003718.jpg,ExpDate,real_train,Products-Real.zip,Products-Real/train/images/img_00366.jpg,img_00366.jpg,1273,955,d2c0a0dd7cf46a4ceb0221c3e1711f3875deffe4d93e628609e5b29addfa1392,CC BY 4.0,https://felizang.github.io/expdate/index_expdate.html
003719.jpg,ExpDate,real_train,Products-Real.zip,Products-Real/train/images/img_00367.jpg,img_00367.jpg,970,1294,6df8684d2db723c82eaa7495885129fce0427a64132043394965a97fbbf08faf,CC BY 4.0,https://felizang.github.io/expdate/index_expdate.html
003720.jpg,ExpDate,real_train,Products-Real.zip,Products-Real/train/images/img_00368.jpg,img_00368.jpg,1259,944,efcbd0e5c2df6da5c275a9660d2acf2fb52accad1523316287651c82427b6cb8,CC BY 4.0,https://felizang.github.io/expdate/index_expdate.html
003721.jpg,ExpDate,real_train,Products-Real.zip,Products-Real/train/images/img_00369.jpg,img_00369.jpg,1025,1367,368389899124d133704a74257f6a9394498895a862f2be9e742ac734cc5866ad,CC BY 4.0,https://felizang.github.io/expdate/index_expdate.html
003722.jpg,ExpDate,real_train,Products-Real.zip,Products-Real/train/images/img_00370.jpg,img_00370.jpg,957,1276,2145381a14d7a904206b78dc40eb89708606385f14400fffce1f3f99bedf2dc6,CC BY 4.0,https://felizang.github.io/expdate/index_expdate.html
003723.jpg,ExpDate,real_train,Products-Real.zip,Products-Real/train/images/img_00371.jpg,img_00371.jpg,991,1322,3ad59421046c33d8ff31731c644a99598d5a5547968e7e73450a8a6edf30b54e,CC BY 4.0,https://felizang.github.io/expdate/index_expdate.html
003724.jpg,ExpDate,real_train,Products-Real.zip,Products-Real/train/images/img_00372.jpg,img_00372.jpg,1120,1493,4708505460913c3e3d0b21f6a3fcbe3e07c855638a696c681790ab3a7760b1c6,CC BY 4.0,https://felizang.github.io/expdate/index_expdate.html
003725.jpg,ExpDate,real_train,Products-Real.zip,Products-Real/train/images/img_00373.jpg,img_00373.jpg,963,1284,39afb1023954ea607ed83f9fb9137fb963c0338bc4d03750a96384945ffccf3d,CC BY 4.0,https://felizang.github.io/expdate/index_expdate.html
003726.jpg,ExpDate,real_train,Products-Real.zip,Products-Real/train/images/img_00374.jpg,img_00374.jpg,948,1264,0e8ca09f6ceb42392cc399fcd454c59b7faf59ff54371973ad19e364368399fc,CC BY 4.0,https://felizang.github.io/expdate/index_expdate.html
003727.jpg,ExpDate,real_train,Products-Real.zip,Products-Real/train/images/img_00375.jpg,img_00375.jpg,878,1127,ba1a1ab06f9eef98a9af0c0aafbb59deeeb253389639885b00c95de6ef039be6,CC BY 4.0,https://felizang.github.io/expdate/index_expdate.html
003728.jpg,ExpDate,real_train,Products-Real.zip,Products-Real/train/images/img_00376.jpg,img_00376.jpg,1216,786,65ae56840646c8ecc82a91cb76935842c512523f24787a597e37c96aaa5462bd,CC BY 4.0,https://felizang.github.io/expdate/index_expdate.html
003729.jpg,ExpDate,real_train,Products-Real.zip,Products-Real/train/images/img_00377.jpg,img_00377.jpg,604,928,2e73a23db43a27090a97c6ff3f0610fe874d09cdaea7e0d0d858d2d84ce46182,CC BY 4.0,https://felizang.github.io/expdate/index_expdate.html
003730.jpg,ExpDate,real_train,Products-Real.zip,Products-Real/train/images/img_00378.jpg,img_00378.jpg,868,1159,ff49484a71e07bea29e9fcfbddd6b39f55e138cc8e046e74e4c8f2a898f8c96c,CC BY 4.0,https://felizang.github.io/expdate/index_expdate.html
003731.jpg,ExpDate,real_train,Products-Real.zip,Products-Real/train/images/img_00379.jpg,img_00379.jpg,698,930,7a93620c0c64d3bc759b8922e42902810cdb35d8c9a6aed48eb543cf530a3c4e,CC BY 4.0,https://felizang.github.io/expdate/index_expdate.html
003732.jpg,ExpDate,real_train,Products-Real.zip,Products-Real/train/images/img_00380.jpg,img_00380.jpg,849,1131,9134298e5652a2949dd18e9bfb887d98322a9373f74cb301d4b824a6fe1a6943,CC BY 4.0,https://felizang.github.io/expdate/index_expdate.html
003733.jpg,ExpDate,real_train,Products-Real.zip,Products-Real/train/images/img_00381.jpg,img_00381.jpg,749,999,1a057f63f81ca9398e9cb681d688de8faffbeecbc06be709e331a43eba645388,CC BY 4.0,https://felizang.github.io/expdate/index_expdate.html
003734.jpg,ExpDate,real_train,Products-Real.zip,Products-Real/train/images/img_00382.jpg,img_00382.jpg,1008,756,391604b16fb8795fd0108645bf947020d958ca19aa285d90ddbe35c88087f1a4,CC BY 4.0,https://felizang.github.io/expdate/index_expdate.html
003735.jpg,ExpDate,real_train,Products-Real.zip,Products-Real/train/images/img_00383.jpg,img_00383.jpg,557,722,c13b7adc5a93221f13721376fa052e1a41cfd89b869b5ec58fd692195dca0432,CC BY 4.0,https://felizang.github.io/expdate/index_expdate.html
003736.jpg,ExpDate,real_train,Products-Real.zip,Products-Real/train/images/img_00384.jpg,img_00384.jpg,586,618,55889cb0510a9b868da2dedb8d0cb3775edd74e761273280f0804fa3e162bd2b,CC BY 4.0,https://felizang.github.io/expdate/index_expdate.html
003737.jpg,ExpDate,real_train,Products-Real.zip,Products-Real/train/images/img_00385.jpg,img_00385.jpg,1545,2036,5e8a8c7fd665dcd9d5308cae37696acba3587f1d4a5cb8df690781e669ad1779,CC BY 4.0,https://felizang.github.io/expdate/index_expdate.html
003738.jpg,ExpDate,real_train,Products-Real.zip,Products-Real/train/images/img_00386.jpg,img_00386.jpg,577,717,ed54d17046176ffe063f520ea57cd7c2ee77dffd5956a0f131a02ccf7c8ad1a7,CC BY 4.0,https://felizang.github.io/expdate/index_expdate.html
003739.jpg,ExpDate,real_train,Products-Real.zip,Products-Real/train/images/img_00387.jpg,img_00387.jpg,745,819,e6201ebb3b512ed8181fe33c0e8019a8ce62c68961744fa30ad798e7a82c36ee,CC BY 4.0,https://felizang.github.io/expdate/index_expdate.html
003740.jpg,ExpDate,real_train,Products-Real.zip,Products-Real/train/images/img_00388.jpg,img_00388.jpg,664,755,abb43081e75168de91a8a475f05774c195857394191c06e4820bdd6fd58ae739,CC BY 4.0,https://felizang.github.io/expdate/index_expdate.html
003741.jpg,ExpDate,real_train,Products-Real.zip,Products-Real/train/images/img_00389.jpg,img_00389.jpg,585,777,83f5cb2ee606d1444bb923a64efd1c403cb9a754ffaab67b204fc583cca21249,CC BY 4.0,https://felizang.github.io/expdate/index_expdate.html
003742.jpg,ExpDate,real_train,Products-Real.zip,Products-Real/train/images/img_00390.jpg,img_00390.jpg,528,590,9d0673487f9df08f33e79a5c121cd4db09bbbe061e1b47d90e4ed3ad2d3459e2,CC BY 4.0,https://felizang.github.io/expdate/index_expdate.html
003743.jpg,ExpDate,real_train,Products-Real.zip,Products-Real/train/images/img_00391.jpg,img_00391.jpg,693,818,f57613110666a6c847001ff11b6d04a96abf5cb33fbd92e715656e3321c84b9e,CC BY 4.0,https://felizang.github.io/expdate/index_expdate.html
003744.jpg,ExpDate,real_train,Products-Real.zip,Products-Real/train/images/img_00392.jpg,img_00392.jpg,756,1008,cdc6c1871b2ee9a48d1819c402622e35032600059a362d9e30cc1652615d3ce4,CC BY 4.0,https://felizang.github.io/expdate/index_expdate.html
003745.jpg,ExpDate,real_train,Products-Real.zip,Products-Real/train/images/img_00393.jpg,img_00393.jpg,723,965,1324852e7c5ae896870e2e29c6995e158d12a7db564b7b82b1b9f70d7de0d36c,CC BY 4.0,https://felizang.github.io/expdate/index_expdate.html
003746.jpg,ExpDate,real_train,Products-Real.zip,Products-Real/train/images/img_00394.jpg,img_00394.jpg,756,1008,9abf1648752a9d7c255d988997f2e976d0dfabec4aad15ad6ed3e873a8119e58,CC BY 4.0,https://felizang.github.io/expdate/index_expdate.html
003747.jpg,ExpDate,real_train,Products-Real.zip,Products-Real/train/images/img_00395.jpg,img_00395.jpg,1535,2048,c796d9a0007f128c04a51b829c7c63374944da9d6290fa1e3ddbf21e578a3570,CC BY 4.0,https://felizang.github.io/expdate/index_expdate.html
003748.jpg,ExpDate,real_train,Products-Real.zip,Products-Real/train/images/img_00396.jpg,img_00396.jpg,756,1008,8aef225a27fbd4a50ba42e78042e6375c5bdb0b06d3faa4888c94d06b5a8db0c,CC BY 4.0,https://felizang.github.io/expdate/index_expdate.html
003749.jpg,ExpDate,real_train,Products-Real.zip,Products-Real/train/images/img_00397.jpg,img_00397.jpg,756,1008,6dca1ff7d3129c3a650de0b039ba354f32017686eb5d2691145f1f67a5bf6697,CC BY 4.0,https://felizang.github.io/expdate/index_expdate.html
003750.jpg,ExpDate,real_train,Products-Real.zip,Products-Real/train/images/img_00398.jpg,img_00398.jpg,665,1095,b4ace14b236e7108f6a2b53a57d47bbbfe728a83f8a015782ab5c3d237bb0865,CC BY 4.0,https://felizang.github.io/expdate/index_expdate.html
003751.jpg,ExpDate,real_train,Products-Real.zip,Products-Real/train/images/img_00399.jpg,img_00399.jpg,637,839,995fffcfcc81bcdc20db2952f9628b0d02de4cbf20556b4959b8f62559c17043,CC BY 4.0,https://felizang.github.io/expdate/index_expdate.html
003752.jpg,ExpDate,real_train,Products-Real.zip,Products-Real/train/images/img_00400.jpg,img_00400.jpg,756,1008,afd2748d2d03cbe525ab3174bc20e4d6a906ab7c41200c4542145468dcc321f9,CC BY 4.0,https://felizang.github.io/expdate/index_expdate.html
003753.jpg,ExpDate,real_train,Products-Real.zip,Products-Real/train/images/img_00401.jpg,img_00401.jpg,640,989,6b654087faac3ce59d72c2bba8a92b78703540e19a7e6a9e7b8bfba3b1365a3c,CC BY 4.0,https://felizang.github.io/expdate/index_expdate.html
003754.jpg,ExpDate,real_train,Products-Real.zip,Products-Real/train/images/img_00402.jpg,img_00402.jpg,705,941,7a3b178f5e2beee30d3b579db55c4a20ac78eabcdc3f715a84d54e41006195fc,CC BY 4.0,https://felizang.github.io/expdate/index_expdate.html
003755.jpg,ExpDate,real_train,Products-Real.zip,Products-Real/train/images/img_00403.jpg,img_00403.jpg,604,936,4545512fc3d6e719a5cd5e88cd77471a4f999a60898f4123b5f17e659269171c,CC BY 4.0,https://felizang.github.io/expdate/index_expdate.html
003756.jpg,ExpDate,real_train,Products-Real.zip,Products-Real/train/images/img_00404.jpg,img_00404.jpg,679,998,862c0020cd7bceca52911cd6745c42494be22b0eb597e36776d908b8d2436253,CC BY 4.0,https://felizang.github.io/expdate/index_expdate.html
003757.jpg,ExpDate,real_train,Products-Real.zip,Products-Real/train/images/img_00405.jpg,img_00405.jpg,756,1008,06c7d4754eb78d689be7cdb193ceb2a1e641364766e990bc5e2a380028f0d7b1,CC BY 4.0,https://felizang.github.io/expdate/index_expdate.html
003758.jpg,ExpDate,real_train,Products-Real.zip,Products-Real/train/images/img_00406.jpg,img_00406.jpg,756,1008,990028717da8ed4c3983850c755a0c0b3cca227e60ed5f15442df1e45db65471,CC BY 4.0,https://felizang.github.io/expdate/index_expdate.html
003759.jpg,ExpDate,real_train,Products-Real.zip,Products-Real/train/images/img_00407.jpg,img_00407.jpg,756,1008,dc651114b8f137594762020f15d745066d780d99c39b425e71545f7b38b659bb,CC BY 4.0,https://felizang.github.io/expdate/index_expdate.html
003760.jpg,ExpDate,real_train,Products-Real.zip,Products-Real/train/images/img_00408.jpg,img_00408.jpg,756,1008,2bbe685283e70c8b7e5b7e4295706d94b9cea7d18bc63098734d1518b3a738ff,CC BY 4.0,https://felizang.github.io/expdate/index_expdate.html
003761.jpg,ExpDate,real_train,Products-Real.zip,Products-Real/train/images/img_00409.jpg,img_00409.jpg,739,985,22c1608a461122f87992321e435a0e1f8b3ed4e44efa683ff2775d3f2ab67a68,CC BY 4.0,https://felizang.github.io/expdate/index_expdate.html
003762.jpg,ExpDate,real_train,Products-Real.zip,Products-Real/train/images/img_00410.jpg,img_00410.jpg,683,907,e6c3ccf62da7cdee8269c4658bdac24de3289dc1c8955e1417b95b0838d0cb04,CC BY 4.0,https://felizang.github.io/expdate/index_expdate.html
003763.jpg,ExpDate,real_train,Products-Real.zip,Products-Real/train/images/img_00411.jpg,img_00411.jpg,756,1008,f6eb33cd5220ba152556c94445a4304093cb8e97ca76d666c6c06a7b03a4db36,CC BY 4.0,https://felizang.github.io/expdate/index_expdate.html
003764.jpg,ExpDate,real_train,Products-Real.zip,Products-Real/train/images/img_00412.jpg,img_00412.jpg,756,1008,4d4a9655059a798deb6797cb3373d79600513e501bdad68d86da44dc6fd69408,CC BY 4.0,https://felizang.github.io/expdate/index_expdate.html
003765.jpg,ExpDate,real_train,Products-Real.zip,Products-Real/train/images/img_00413.jpg,img_00413.jpg,739,985,ba68cc96b961d10d041ef61637d6b1a7fb41496193b89f405f8a80b802177118,CC BY 4.0,https://felizang.github.io/expdate/index_expdate.html
003766.jpg,ExpDate,real_train,Products-Real.zip,Products-Real/train/images/img_00414.jpg,img_00414.jpg,723,965,c73f98c54907569cc17e3728ff7aca9f3713bb5aca23048af5323c282ecd3852,CC BY 4.0,https://felizang.github.io/expdate/index_expdate.html
003767.jpg,ExpDate,real_train,Products-Real.zip,Products-Real/train/images/img_00415.jpg,img_00415.jpg,756,1008,21d453d713f097fd5a105e4c63006ad6adaa20e997abed7740fb378819faddc6,CC BY 4.0,https://felizang.github.io/expdate/index_expdate.html
003768.jpg,ExpDate,real_train,Products-Real.zip,Products-Real/train/images/img_00416.jpg,img_00416.jpg,731,993,c825240f3ae482c5d4ab9a0c9c1b30bc644317f7c4f6095b710a38239ad93772,CC BY 4.0,https://felizang.github.io/expdate/index_expdate.html
003769.jpg,ExpDate,real_train,Products-Real.zip,Products-Real/train/images/img_00417.jpg,img_00417.jpg,728,981,154c0aa77185fab7b5291c5df95eb20b4998054a76f10c48430cc343187dc045,CC BY 4.0,https://felizang.github.io/expdate/index_expdate.html
003770.jpg,ExpDate,real_train,Products-Real.zip,Products-Real/train/images/img_00418.jpg,img_00418.jpg,710,946,82484e357da0a9e4f670b726aee11d65f5b08ff900d32bef06ac9813ef2633dd,CC BY 4.0,https://felizang.github.io/expdate/index_expdate.html
003771.jpg,ExpDate,real_train,Products-Real.zip,Products-Real/train/images/img_00419.jpg,img_00419.jpg,756,1008,cbc3ff4d68cff66642a3aa7e89bb86e8bc9fe30653a0b31fcea646a2981b74af,CC BY 4.0,https://felizang.github.io/expdate/index_expdate.html
003772.jpg,ExpDate,real_train,Products-Real.zip,Products-Real/train/images/img_00420.jpg,img_00420.jpg,680,907,b37a8fd3217d52e03b527eada2aec1ac39f9c69f810a52763891d19491467b90,CC BY 4.0,https://felizang.github.io/expdate/index_expdate.html
003773.jpg,ExpDate,real_train,Products-Real.zip,Products-Real/train/images/img_00421.jpg,img_00421.jpg,680,910,d1ecfc06aa1f75b61fb32700e2cffdf78028be9b7c1c36ac551f9fdbd168a58b,CC BY 4.0,https://felizang.github.io/expdate/index_expdate.html
003774.jpg,ExpDate,real_train,Products-Real.zip,Products-Real/train/images/img_00422.jpg,img_00422.jpg,644,863,8faf9070fbc0813f33e35a570bb94a15c9d16718cd0d24a87f5ea1173ecb9f9b,CC BY 4.0,https://felizang.github.io/expdate/index_expdate.html
003775.jpg,ExpDate,real_train,Products-Real.zip,Products-Real/train/images/img_00423.jpg,img_00423.jpg,685,914,bd4766f0eb318df9c2cc4bab18d198c3b9b635e4c618a0b486faa52254d06fc3,CC BY 4.0,https://felizang.github.io/expdate/index_expdate.html
003776.jpg,ExpDate,real_train,Products-Real.zip,Products-Real/train/images/img_00424.jpg,img_00424.jpg,645,871,6ff3693ba33e9fc0daa11a8ff3e7d0342a75d3d82ba4bb22e84910b18d04c01d,CC BY 4.0,https://felizang.github.io/expdate/index_expdate.html
003777.jpg,ExpDate,real_train,Products-Real.zip,Products-Real/train/images/img_00425.jpg,img_00425.jpg,717,957,43beb57e87858f99239d87f7aafa98391e96d9e4a23ae58da2d5fb865c5563e2,CC BY 4.0,https://felizang.github.io/expdate/index_expdate.html
003778.jpg,ExpDate,real_train,Products-Real.zip,Products-Real/train/images/img_00426.jpg,img_00426.jpg,756,1008,1fe99252cd7cab3c7feb248f87943525b9bed327ed76465217bc44d103973a97,CC BY 4.0,https://felizang.github.io/expdate/index_expdate.html
003779.jpg,ExpDate,real_train,Products-Real.zip,Products-Real/train/images/img_00427.jpg,img_00427.jpg,649,866,3609a6ae4da2dd2ade8d0478e2199c38584ec5bc2c3a9b36efad59c00c9894f2,CC BY 4.0,https://felizang.github.io/expdate/index_expdate.html
003780.jpg,ExpDate,real_train,Products-Real.zip,Products-Real/train/images/img_00428.jpg,img_00428.jpg,631,839,feeb91eac2ef724351dcf0e818c8ae4467de8568d7df7d724f9355566035508e,CC BY 4.0,https://felizang.github.io/expdate/index_expdate.html
003781.jpg,ExpDate,real_train,Products-Real.zip,Products-Real/train/images/img_00429.jpg,img_00429.jpg,756,1008,eba31a2c86a50f9333340b21abe9758906ab11e962783b979dcd0e3e3190252d,CC BY 4.0,https://felizang.github.io/expdate/index_expdate.html
003782.jpg,ExpDate,real_train,Products-Real.zip,Products-Real/train/images/img_00430.jpg,img_00430.jpg,656,876,8d434a8f9ddebeb16a6c5a943826fb4c3edbe5ff4c5bc69dfc4b2b94506a55e8,CC BY 4.0,https://felizang.github.io/expdate/index_expdate.html
003783.jpg,ExpDate,real_train,Products-Real.zip,Products-Real/train/images/img_00431.jpg,img_00431.jpg,644,857,00327f947fc15bb4c8514e5f77c9b24d56434da94bef4badb6995fb3bc9bf649,CC BY 4.0,https://felizang.github.io/expdate/index_expdate.html
003784.jpg,ExpDate,real_train,Products-Real.zip,Products-Real/train/images/img_00432.jpg,img_00432.jpg,756,1008,64c3000736c009a62020cefe1983849e84728c7693e5a2425f71f9a184cf064e,CC BY 4.0,https://felizang.github.io/expdate/index_expdate.html
003785.jpg,ExpDate,real_train,Products-Real.zip,Products-Real/train/images/img_00433.jpg,img_00433.jpg,756,1008,0f6c115331ee8c953a946e579310712d8be90d00c3529ae213d450f4d2c9038f,CC BY 4.0,https://felizang.github.io/expdate/index_expdate.html
003786.jpg,ExpDate,real_train,Products-Real.zip,Products-Real/train/images/img_00434.jpg,img_00434.jpg,756,1008,0e35e4d4828159d86435923c72eb3932430b8ac678c304ae93d767875e39767b,CC BY 4.0,https://felizang.github.io/expdate/index_expdate.html
003787.jpg,ExpDate,real_train,Products-Real.zip,Products-Real/train/images/img_00435.jpg,img_00435.jpg,756,1008,1cf0bfc5ff71544c80e765cf2d2bc674fa0f6d6fad9fc4e2aa83771bc3bc2c73,CC BY 4.0,https://felizang.github.io/expdate/index_expdate.html
003788.jpg,ExpDate,real_train,Products-Real.zip,Products-Real/train/images/img_00436.jpg,img_00436.jpg,652,870,e9e9a230ea4fcc8e915b38803214f3a4c91a4a77ff5570ba31363596aabf6b60,CC BY 4.0,https://felizang.github.io/expdate/index_expdate.html
003789.jpg,ExpDate,real_train,Products-Real.zip,Products-Real/train/images/img_00437.jpg,img_00437.jpg,756,1008,3353131d1642876cc3461df346f2e67dbd2ae6093c435c5fba0cc8d482cafbc4,CC BY 4.0,https://felizang.github.io/expdate/index_expdate.html
003790.jpg,ExpDate,real_train,Products-Real.zip,Products-Real/train/images/img_00438.jpg,img_00438.jpg,695,929,c9328c4643d3417a5cd85ace1d876d1e1803e3408a078ebcd83587b06a5b1d3c,CC BY 4.0,https://felizang.github.io/expdate/index_expdate.html
003791.jpg,ExpDate,real_train,Products-Real.zip,Products-Real/train/images/img_00439.jpg,img_00439.jpg,756,1008,dd0f2e981dc9c8590cfcb23dc978d38ace3f6d53017772f71ede96f853dc022b,CC BY 4.0,https://felizang.github.io/expdate/index_expdate.html
003792.jpg,ExpDate,real_train,Products-Real.zip,Products-Real/train/images/img_00440.jpg,img_00440.jpg,756,1008,650255350364dd3ad2cae3d6057e6072e18b4b162a6da3ab086560262f1b8597,CC BY 4.0,https://felizang.github.io/expdate/index_expdate.html
003793.jpg,ExpDate,real_train,Products-Real.zip,Products-Real/train/images/img_00441.jpg,img_00441.jpg,756,1008,31dd052755a9d98bd4353daf8162dfd8b7f13469b0feef88109db4fa8d203037,CC BY 4.0,https://felizang.github.io/expdate/index_expdate.html
003794.jpg,ExpDate,real_train,Products-Real.zip,Products-Real/train/images/img_00442.jpg,img_00442.jpg,756,1008,f10caded5cbcf091289ac8dfe3480ad270cac26bece863f7cae5e59e99ffe84e,CC BY 4.0,https://felizang.github.io/expdate/index_expdate.html
003795.jpg,ExpDate,real_train,Products-Real.zip,Products-Real/train/images/img_00443.jpg,img_00443.jpg,756,1008,8aa2ed6bf51856f01f986da4deecaaedc4750267e78155562825ff45e34f502c,CC BY 4.0,https://felizang.github.io/expdate/index_expdate.html
003796.jpg,ExpDate,real_train,Products-Real.zip,Products-Real/train/images/img_00444.jpg,img_00444.jpg,756,1008,3edd008d3c1be009030ea47fd3678a7894d252d8c7dbae0f134449d0b7d0b5ae,CC BY 4.0,https://felizang.github.io/expdate/index_expdate.html
003797.jpg,ExpDate,real_train,Products-Real.zip,Products-Real/train/images/img_00445.jpg,img_00445.jpg,653,871,eb22ea4e23dfc22ffb0a05071ed41fdb35858804e61e7642d08cee85fb766122,CC BY 4.0,https://felizang.github.io/expdate/index_expdate.html
003798.jpg,ExpDate,real_train,Products-Real.zip,Products-Real/train/images/img_00446.jpg,img_00446.jpg,739,985,15f943a466d2ac20332c4b828d9f301e2dd4ec74c8b3227b0b1fea99be88c3e4,CC BY 4.0,https://felizang.github.io/expdate/index_expdate.html
003799.jpg,ExpDate,real_train,Products-Real.zip,Products-Real/train/images/img_00447.jpg,img_00447.jpg,723,965,6ed26cfb9e789d0fc267f1e7193f4c4506ec62ea62fcfab8fcd8cbabb38db4b6,CC BY 4.0,https://felizang.github.io/expdate/index_expdate.html
003800.jpg,ExpDate,real_train,Products-Real.zip,Products-Real/train/images/img_00448.jpg,img_00448.jpg,756,1008,7503220a7675a9cc37ca2ca288f12147b6f96284269f6a04066b72256a94cc17,CC BY 4.0,https://felizang.github.io/expdate/index_expdate.html
003801.jpg,ExpDate,real_train,Products-Real.zip,Products-Real/train/images/img_00449.jpg,img_00449.jpg,756,1008,1c34c8d9d5517cea99b1a64465c824154f1f48d0b453c990dce461c5cb8ad28b,CC BY 4.0,https://felizang.github.io/expdate/index_expdate.html
003802.jpg,ExpDate,real_train,Products-Real.zip,Products-Real/train/images/img_00450.jpg,img_00450.jpg,756,1008,975a4fa545194e572a79c7b1eac8d62141b56359bf1bc2e41d1657baf1c4ea8a,CC BY 4.0,https://felizang.github.io/expdate/index_expdate.html
003803.jpg,ExpDate,real_train,Products-Real.zip,Products-Real/train/images/img_00451.jpg,img_00451.jpg,656,873,6fe5d7329c867fd01856f0d3ecec7c14803bcaf18acc4707fb3290465a8e4a59,CC BY 4.0,https://felizang.github.io/expdate/index_expdate.html
003804.jpg,ExpDate,real_train,Products-Real.zip,Products-Real/train/images/img_00452.jpg,img_00452.jpg,639,856,8c5cc8885f3bd1880cfae0bde6a4ffd131d6ceb05eacbcc7f5fb32dcdca8dd37,CC BY 4.0,https://felizang.github.io/expdate/index_expdate.html
003805.jpg,ExpDate,real_train,Products-Real.zip,Products-Real/train/images/img_00453.jpg,img_00453.jpg,690,922,f1d28edd748bfa3b81e03de242dc268f736245d6cb26b4a751bb9ff5ee0b0ba2,CC BY 4.0,https://felizang.github.io/expdate/index_expdate.html
003806.jpg,ExpDate,real_train,Products-Real.zip,Products-Real/train/images/img_00454.jpg,img_00454.jpg,756,1008,f5790cb6799309dc4101b794413714ac25fc3de36594afeb0effe77f10eefe39,CC BY 4.0,https://felizang.github.io/expdate/index_expdate.html
003807.jpg,ExpDate,real_train,Products-Real.zip,Products-Real/train/images/img_00455.jpg,img_00455.jpg,729,973,67f8e0e91b9b9cabecdb59fa8154f96ba9f0e5ebe060d9bda01d65ba128c4a9f,CC BY 4.0,https://felizang.github.io/expdate/index_expdate.html
003808.jpg,ExpDate,real_train,Products-Real.zip,Products-Real/train/images/img_00456.jpg,img_00456.jpg,756,1008,7c29adb846fa258e5f521978ace2354b64321bf4852a00576f1291a69cfa2e77,CC BY 4.0,https://felizang.github.io/expdate/index_expdate.html
003809.jpg,ExpDate,real_train,Products-Real.zip,Products-Real/train/images/img_00457.jpg,img_00457.jpg,756,1008,b5d5f28def0cfbcd3006edb73fd2c314989174d07e1fcdd925cf7ec039ff1b42,CC BY 4.0,https://felizang.github.io/expdate/index_expdate.html
003810.jpg,ExpDate,real_train,Products-Real.zip,Products-Real/train/images/img_00458.jpg,img_00458.jpg,756,1008,7be7a5c7b90b640bb2e78491c7683ce606a0ca36b083b56fec5716ca6ae22b8c,CC BY 4.0,https://felizang.github.io/expdate/index_expdate.html
003811.jpg,ExpDate,real_train,Products-Real.zip,Products-Real/train/images/img_00459.jpg,img_00459.jpg,723,965,99317e08b459b287d36f69f6a43ebf86be4316581d6633b63d1e1043816db43d,CC BY 4.0,https://felizang.github.io/expdate/index_expdate.html
003812.jpg,ExpDate,real_train,Products-Real.zip,Products-Real/train/images/img_00460.jpg,img_00460.jpg,699,933,f6721bfb1ffec7a9dd9ae100b55b2f81d73946900f471deab1c2cf476a1fe51e,CC BY 4.0,https://felizang.github.io/expdate/index_expdate.html
003813.jpg,ExpDate,real_train,Products-Real.zip,Products-Real/train/images/img_00461.jpg,img_00461.jpg,756,1008,754077f7bf57b36b67bffc60e0821c189988599855473674d54cde908f758a5d,CC BY 4.0,https://felizang.github.io/expdate/index_expdate.html
003814.jpg,ExpDate,real_train,Products-Real.zip,Products-Real/train/images/img_00462.jpg,img_00462.jpg,831,1032,f99499d162be55d7744890b841aa7fff55f092a795a6883e1dcf9c4e0fa8499b,CC BY 4.0,https://felizang.github.io/expdate/index_expdate.html
003815.jpg,ExpDate,real_train,Products-Real.zip,Products-Real/train/images/img_00463.jpg,img_00463.jpg,793,925,5d0ac2136bfca8690c6d07b02d69c26065c0862ac7049824637797bba4444612,CC BY 4.0,https://felizang.github.io/expdate/index_expdate.html
003816.jpg,ExpDate,real_train,Products-Real.zip,Products-Real/train/images/img_00464.jpg,img_00464.jpg,824,1051,74f5e12fad4e804f526601be2182c18a5b703316f964a56ee1536ca230099fdf,CC BY 4.0,https://felizang.github.io/expdate/index_expdate.html
003817.jpg,ExpDate,real_train,Products-Real.zip,Products-Real/train/images/img_00465.jpg,img_00465.jpg,972,1296,2a97c7b72f2b5cff8a119d0188b3a19bfff3a773e8aec249026fbd561a6fa082,CC BY 4.0,https://felizang.github.io/expdate/index_expdate.html
003818.jpg,ExpDate,real_train,Products-Real.zip,Products-Real/train/images/img_00466.jpg,img_00466.jpg,767,1023,ac66007286f12e0df395908ba3b5aa615bf79373d4f798e1e77e7d79306bf23a,CC BY 4.0,https://felizang.github.io/expdate/index_expdate.html
003819.jpg,ExpDate,real_train,Products-Real.zip,Products-Real/train/images/img_00467.jpg,img_00467.jpg,781,1041,f1bd2342e3fae0221b1d1d0cfad57852d1cc5263c34bb995210dbaa237678dd7,CC BY 4.0,https://felizang.github.io/expdate/index_expdate.html
003820.jpg,ExpDate,real_train,Products-Real.zip,Products-Real/train/images/img_00468.jpg,img_00468.jpg,709,945,8b6c195d7b496476d0beab01d0a7735422066f1eb64324a1658b65b48653e139,CC BY 4.0,https://felizang.github.io/expdate/index_expdate.html
003821.jpg,ExpDate,real_train,Products-Real.zip,Products-Real/train/images/img_00469.jpg,img_00469.jpg,914,1218,19f225aeafcb9040a661d37b44be4017b04a4ec5568966a02f05f20cab8f1b3a,CC BY 4.0,https://felizang.github.io/expdate/index_expdate.html
003822.jpg,ExpDate,real_train,Products-Real.zip,Products-Real/train/images/img_00470.jpg,img_00470.jpg,782,1043,ca76fd5449332be14e502bb75d07e7561dd83c1810978e4a5ec89ee349a14095,CC BY 4.0,https://felizang.github.io/expdate/index_expdate.html
003823.jpg,ExpDate,real_train,Products-Real.zip,Products-Real/train/images/img_00471.jpg,img_00471.jpg,860,1146,2aa8c712076b15f1b8cf232174f7e10381ae09e4997913ffbce7217689a0eee2,CC BY 4.0,https://felizang.github.io/expdate/index_expdate.html
003824.jpg,ExpDate,real_train,Products-Real.zip,Products-Real/train/images/img_00472.jpg,img_00472.jpg,835,1113,e5e1b08e46e958da2fe161432dcafebe8d38f808951f6f0c06a8d8f8621382dc,CC BY 4.0,https://felizang.github.io/expdate/index_expdate.html
003825.jpg,ExpDate,real_train,Products-Real.zip,Products-Real/train/images/img_00473.jpg,img_00473.jpg,815,1086,ec398e76ec9b68d02e131286cdee5910f656525d48bc920dbd08a161415261f4,CC BY 4.0,https://felizang.github.io/expdate/index_expdate.html
003826.jpg,ExpDate,real_train,Products-Real.zip,Products-Real/train/images/img_00474.jpg,img_00474.jpg,907,1210,39f5ae2e3249e70310c2124acd7443918a6b1c5ef01f3d7e8c6e4f973c053493,CC BY 4.0,https://felizang.github.io/expdate/index_expdate.html
003827.jpg,ExpDate,real_train,Products-Real.zip,Products-Real/train/images/img_00475.jpg,img_00475.jpg,795,1060,bbc9fbea852311749587ca0bac9b65818718e5948331a0e7d4347f150b51aa59,CC BY 4.0,https://felizang.github.io/expdate/index_expdate.html
003828.jpg,ExpDate,real_train,Products-Real.zip,Products-Real/train/images/img_00476.jpg,img_00476.jpg,773,1009,8c977f81a84f9e08911e7d2cc9d5fa8bced95e05b78fba0881d88f1a3fea1f22,CC BY 4.0,https://felizang.github.io/expdate/index_expdate.html
003829.jpg,ExpDate,real_train,Products-Real.zip,Products-Real/train/images/img_00477.jpg,img_00477.jpg,854,1138,9305edf6ee8206c82759fecc82f60ee8d1ca04c3dd262321c233a4f12fe4c504,CC BY 4.0,https://felizang.github.io/expdate/index_expdate.html
003830.jpg,ExpDate,real_train,Products-Real.zip,Products-Real/train/images/img_00478.jpg,img_00478.jpg,874,1166,f6273e634c170cf9b8e2c410290cda409f2a26aadb37910403970b8da9b8739a,CC BY 4.0,https://felizang.github.io/expdate/index_expdate.html
003831.jpg,ExpDate,real_train,Products-Real.zip,Products-Real/train/images/img_00479.jpg,img_00479.jpg,912,1216,2e2f78732ec74141f4cde4f38ea30988fc6cf8cdd4f947837586a643a699a6af,CC BY 4.0,https://felizang.github.io/expdate/index_expdate.html
003832.jpg,ExpDate,real_train,Products-Real.zip,Products-Real/train/images/img_00480.jpg,img_00480.jpg,879,1173,6ffe01376efbfe1f29ae0cb3ed90b05b28782809d11b077ea160c949727a7d92,CC BY 4.0,https://felizang.github.io/expdate/index_expdate.html
003833.jpg,ExpDate,real_train,Products-Real.zip,Products-Real/train/images/img_00481.jpg,img_00481.jpg,869,1159,3d3e54b99e3e70a68740cc94ea8e2c0d5a6086893bdb004d733467939bcfbf69,CC BY 4.0,https://felizang.github.io/expdate/index_expdate.html
003834.jpg,ExpDate,real_train,Products-Real.zip,Products-Real/train/images/img_00482.jpg,img_00482.jpg,883,1177,e1f80f448497263778b3c166a1e1957ae4bb9ceb65b416027c3497426668761c,CC BY 4.0,https://felizang.github.io/expdate/index_expdate.html
003835.jpg,ExpDate,real_train,Products-Real.zip,Products-Real/train/images/img_00483.jpg,img_00483.jpg,823,1097,29391d63cef3b2872add9bdaa61f0999bf12d5fc020680b930bd2042f77507a2,CC BY 4.0,https://felizang.github.io/expdate/index_expdate.html
003836.jpg,ExpDate,real_train,Products-Real.zip,Products-Real/train/images/img_00484.jpg,img_00484.jpg,866,1155,f5f2de4c72745b8d8d3f1db27d807dc8d00f04403a5656f856a58d454329fe2c,CC BY 4.0,https://felizang.github.io/expdate/index_expdate.html
003837.jpg,ExpDate,real_train,Products-Real.zip,Products-Real/train/images/img_00485.jpg,img_00485.jpg,911,1215,3176bfe4500a95cce4766ac19d6d770f7181c05c87ff7f5bfb55a3990e8c520d,CC BY 4.0,https://felizang.github.io/expdate/index_expdate.html
003838.jpg,ExpDate,real_train,Products-Real.zip,Products-Real/train/images/img_00486.jpg,img_00486.jpg,807,1077,5bc81d561a2afd61c23265acf8f7e92f0636a2567b28808f78905336f69decfa,CC BY 4.0,https://felizang.github.io/expdate/index_expdate.html
003839.jpg,ExpDate,real_train,Products-Real.zip,Products-Real/train/images/img_00487.jpg,img_00487.jpg,935,1247,0396fd3698134da659d65d90be2b5305f2ae98b5db66fcc85d9a4925a0194b1a,CC BY 4.0,https://felizang.github.io/expdate/index_expdate.html
003840.jpg,ExpDate,real_train,Products-Real.zip,Products-Real/train/images/img_00488.jpg,img_00488.jpg,775,1034,8f68120bdbd26d7920ef202c3acc8c534abcc71939032672578e55a75e3adb0b,CC BY 4.0,https://felizang.github.io/expdate/index_expdate.html
003841.jpg,ExpDate,real_train,Products-Real.zip,Products-Real/train/images/img_00489.jpg,img_00489.jpg,899,1210,1111d49678448017ca15df6691b8b5b0b0f532e729a2d977b0d0164350bc4340,CC BY 4.0,https://felizang.github.io/expdate/index_expdate.html
003842.jpg,ExpDate,real_train,Products-Real.zip,Products-Real/train/images/img_00490.jpg,img_00490.jpg,868,1157,559b4d167dd69e94ccc1644e8ca3bd0fea29062efbb5495a7a52105b8b01d751,CC BY 4.0,https://felizang.github.io/expdate/index_expdate.html
003843.jpg,ExpDate,real_train,Products-Real.zip,Products-Real/train/images/img_00491.jpg,img_00491.jpg,865,1152,d8c936fec6d0a66bbc260f179d8742adab4085fe62e017f6de2e560412035bad,CC BY 4.0,https://felizang.github.io/expdate/index_expdate.html
003844.jpg,ExpDate,real_train,Products-Real.zip,Products-Real/train/images/img_00492.jpg,img_00492.jpg,825,1100,5acfe12729e2a32a0a2386b7bea8dc1d0c0c9f490487268536f85d88d8d9954b,CC BY 4.0,https://felizang.github.io/expdate/index_expdate.html
003845.jpg,ExpDate,real_train,Products-Real.zip,Products-Real/train/images/img_00493.jpg,img_00493.jpg,828,1105,7cb65024e72d0845f2089e7c507205d6a80b0f87a3f7c64c20d323ff4c65222c,CC BY 4.0,https://felizang.github.io/expdate/index_expdate.html
003846.jpg,ExpDate,real_train,Products-Real.zip,Products-Real/train/images/img_00494.jpg,img_00494.jpg,968,1290,48459c163ffc46c25e9d5cacfe62353d9f50b20bc0cfb801b7b42e81401e725f,CC BY 4.0,https://felizang.github.io/expdate/index_expdate.html
003847.jpg,ExpDate,real_train,Products-Real.zip,Products-Real/train/images/img_00495.jpg,img_00495.jpg,782,1043,36972e315685730d8b368f535c57862977261604dd1e203fed90a8a8d9a2a5dd,CC BY 4.0,https://felizang.github.io/expdate/index_expdate.html
003848.jpg,ExpDate,real_train,Products-Real.zip,Products-Real/train/images/img_00496.jpg,img_00496.jpg,747,995,28ec14c139a168897997264eb7522093d9cdf4a71ff7e370a86358e4aaf3d82d,CC BY 4.0,https://felizang.github.io/expdate/index_expdate.html
003849.jpg,ExpDate,real_train,Products-Real.zip,Products-Real/train/images/img_00497.jpg,img_00497.jpg,690,886,8298f12cc14ed24d832b88fdf563efc6f47518466286ea8921443c824189e509,CC BY 4.0,https://felizang.github.io/expdate/index_expdate.html
003850.jpg,ExpDate,real_train,Products-Real.zip,Products-Real/train/images/img_00498.jpg,img_00498.jpg,717,957,47277b7d8344d21ca61229b1ddb44d9a31c4a0d0222113569cc31801478a4c57,CC BY 4.0,https://felizang.github.io/expdate/index_expdate.html
003851.jpg,ExpDate,real_train,Products-Real.zip,Products-Real/train/images/img_00499.jpg,img_00499.jpg,607,844,ee6fb8642d7b556f8dedafe8abb7a2029113be2c358be14970217f415af8b75f,CC BY 4.0,https://felizang.github.io/expdate/index_expdate.html
003852.jpg,ExpDate,real_train,Products-Real.zip,Products-Real/train/images/img_00500.jpg,img_00500.jpg,2048,1536,27a43be3cd866f0f1b1709e82e569b37187e924e1c746065e01265ed54fd3741,CC BY 4.0,https://felizang.github.io/expdate/index_expdate.html
003853.jpg,ExpDate,real_train,Products-Real.zip,Products-Real/train/images/img_00501.jpg,img_00501.jpg,710,993,4530000c7f0810bc84686412097c1791908e25e8789284c3836ece7ee4b6d853,CC BY 4.0,https://felizang.github.io/expdate/index_expdate.html
003854.jpg,ExpDate,real_train,Products-Real.zip,Products-Real/train/images/img_00502.jpg,img_00502.jpg,675,983,7e018ab2ae68a129adb2f30f41460f9cd6b2884d7de4c685312c8d98b55b6cf0,CC BY 4.0,https://felizang.github.io/expdate/index_expdate.html
003855.jpg,ExpDate,real_train,Products-Real.zip,Products-Real/train/images/img_00503.jpg,img_00503.jpg,756,1008,b70f969e58739c9965aad45e74210fccff81b492eb511ca4ca072e6d5551fe09,CC BY 4.0,https://felizang.github.io/expdate/index_expdate.html
003856.jpg,ExpDate,real_train,Products-Real.zip,Products-Real/train/images/img_00504.jpg,img_00504.jpg,711,949,1f23f29c077fa9536a387036b34c3f9081cebe1f355a0629a09b7f19db54cfe2,CC BY 4.0,https://felizang.github.io/expdate/index_expdate.html
003857.jpg,ExpDate,real_train,Products-Real.zip,Products-Real/train/images/img_00505.jpg,img_00505.jpg,717,957,152dfe038154dce87d431653a00577cb97810e78262ccfa933a4c0da7a9ae5c7,CC BY 4.0,https://felizang.github.io/expdate/index_expdate.html
003858.jpg,ExpDate,real_train,Products-Real.zip,Products-Real/train/images/img_00506.jpg,img_00506.jpg,702,939,41610d2d1ccf39d576b608d66fbb290a973c050f371ebb1e85109035d9b4bd3b,CC BY 4.0,https://felizang.github.io/expdate/index_expdate.html
003859.jpg,ExpDate,real_train,Products-Real.zip,Products-Real/train/images/img_00507.jpg,img_00507.jpg,607,810,6eaa08e8a0f86ce48c2f9c2b6dd1766033e6f9fddcb6229f001b117adceeb396,CC BY 4.0,https://felizang.github.io/expdate/index_expdate.html
003860.jpg,ExpDate,real_train,Products-Real.zip,Products-Real/train/images/img_00508.jpg,img_00508.jpg,622,829,87aeec0e26fdf22c2a243070cac5aa86ce90221b0b1bff804ab624b773d1119f,CC BY 4.0,https://felizang.github.io/expdate/index_expdate.html
003861.jpg,ExpDate,real_train,Products-Real.zip,Products-Real/train/images/img_00509.jpg,img_00509.jpg,626,847,cd3a7619cf4e31a789b32d055ff23c57e97b320bf434f1a90bd65da3b32eec60,CC BY 4.0,https://felizang.github.io/expdate/index_expdate.html
003862.jpg,ExpDate,real_train,Products-Real.zip,Products-Real/train/images/img_00510.jpg,img_00510.jpg,700,934,6a042ddd74dd402f0cd34e53d88cbe8f3f667caa0b5eb8b3bdf12e211af9e57c,CC BY 4.0,https://felizang.github.io/expdate/index_expdate.html
003863.jpg,ExpDate,real_train,Products-Real.zip,Products-Real/train/images/img_00511.jpg,img_00511.jpg,756,1008,9e6f612e8a72e9fc3fc619aa6335dffe1e2a094c887fa050ee450a4bc4e3dd73,CC BY 4.0,https://felizang.github.io/expdate/index_expdate.html
003864.jpg,ExpDate,real_train,Products-Real.zip,Products-Real/train/images/img_00512.jpg,img_00512.jpg,756,1008,4b337c08bd3e82f5238f0571e0d1ccdbff77f6576f787e532ad6a4247ddaf36f,CC BY 4.0,https://felizang.github.io/expdate/index_expdate.html
003865.jpg,ExpDate,real_train,Products-Real.zip,Products-Real/train/images/img_00513.jpg,img_00513.jpg,736,981,c277182d00d529bcb490831b0250dd27fec97f8983d41c68ac1ab68676d23c22,CC BY 4.0,https://felizang.github.io/expdate/index_expdate.html
003866.jpg,ExpDate,real_train,Products-Real.zip,Products-Real/train/images/img_00514.jpg,img_00514.jpg,814,1085,80a4ad68755a66d211a4287e75cb78e0aef5ad151c58fbe8c5dcbfc12cd1b47d,CC BY 4.0,https://felizang.github.io/expdate/index_expdate.html
003867.jpg,ExpDate,real_train,Products-Real.zip,Products-Real/train/images/img_00515.jpg,img_00515.jpg,806,1074,0419e660e34ea995f80faf91aefb7bce95782173824dc0041e3898cf293521c9,CC BY 4.0,https://felizang.github.io/expdate/index_expdate.html
003868.jpg,ExpDate,real_train,Products-Real.zip,Products-Real/train/images/img_00516.jpg,img_00516.jpg,757,1010,6b43f6308d6f77024ce9eb8cc3cac2252899c36655147a601f777b0d94e97f09,CC BY 4.0,https://felizang.github.io/expdate/index_expdate.html
003869.jpg,ExpDate,real_train,Products-Real.zip,Products-Real/train/images/img_00517.jpg,img_00517.jpg,765,1020,55895bafa33103d9bdda15c14112dec360df9e31d53067bbaa642f7c181fe8ab,CC BY 4.0,https://felizang.github.io/expdate/index_expdate.html
003870.jpg,ExpDate,real_train,Products-Real.zip,Products-Real/train/images/img_00518.jpg,img_00518.jpg,783,1044,5c01fc6493043a855e4860b431f169f3f6e05a6ce7a15d0f86682b45cf4dab75,CC BY 4.0,https://felizang.github.io/expdate/index_expdate.html
003871.jpg,ExpDate,real_train,Products-Real.zip,Products-Real/train/images/img_00519.jpg,img_00519.jpg,777,1036,bfb2f7a0c4ab5f0876d646b25822af116d34bfc33f81da27e2ace9568d1ae469,CC BY 4.0,https://felizang.github.io/expdate/index_expdate.html
003872.jpg,ExpDate,real_train,Products-Real.zip,Products-Real/train/images/img_00520.jpg,img_00520.jpg,785,1047,73352706c4af05641b98f9dc6eb3da311755f7cb81e41e4f179a860d87f3ab5b,CC BY 4.0,https://felizang.github.io/expdate/index_expdate.html
003873.jpg,ExpDate,real_train,Products-Real.zip,Products-Real/train/images/img_00521.jpg,img_00521.jpg,890,1185,8eeeca97ed2c0185da69f380f0f0c432e729abd07ace12731f6b93c22b6cebdc,CC BY 4.0,https://felizang.github.io/expdate/index_expdate.html
003874.jpg,ExpDate,real_train,Products-Real.zip,Products-Real/train/images/img_00522.jpg,img_00522.jpg,797,1062,1324be788fa8b406308c13b5b3cf09992eef055d37ee20297f3f76458705c050,CC BY 4.0,https://felizang.github.io/expdate/index_expdate.html
003875.jpg,ExpDate,real_train,Products-Real.zip,Products-Real/train/images/img_00523.jpg,img_00523.jpg,815,1086,8fec320c2a154cecef3af10ebaa8cf219e67b9fd882c007f50cca92b74accf38,CC BY 4.0,https://felizang.github.io/expdate/index_expdate.html
003876.jpg,ExpDate,real_train,Products-Real.zip,Products-Real/train/images/img_00524.jpg,img_00524.jpg,845,1126,a91bf2039621051cc363e1c8f4ab3de0dcaa7c02574b244f1f3fdd8064a19472,CC BY 4.0,https://felizang.github.io/expdate/index_expdate.html
003877.jpg,ExpDate,real_train,Products-Real.zip,Products-Real/train/images/img_00525.jpg,img_00525.jpg,767,1023,bc08fda2fdca7d628e4b49447218ff78f40ef63590f37b5c1f9ab88fdae20dab,CC BY 4.0,https://felizang.github.io/expdate/index_expdate.html
003878.jpg,ExpDate,real_train,Products-Real.zip,Products-Real/train/images/img_00526.jpg,img_00526.jpg,875,1166,c23ba45392d52c8d7cabc17e59ce4f1c35d8c70dc0e5690ff3fc7823d9df7797,CC BY 4.0,https://felizang.github.io/expdate/index_expdate.html
003879.jpg,ExpDate,real_train,Products-Real.zip,Products-Real/train/images/img_00527.jpg,img_00527.jpg,766,1021,07b79116670f5a31d9e4b88ad90f73c4f29aee8ecb6babff4c16f876e6fc13de,CC BY 4.0,https://felizang.github.io/expdate/index_expdate.html
003880.jpg,ExpDate,real_train,Products-Real.zip,Products-Real/train/images/img_00528.jpg,img_00528.jpg,961,1281,0ded3371dc7dd31abf0c45d1183e7a8c5b38fd108aa12c9b973bc19e7a4773e3,CC BY 4.0,https://felizang.github.io/expdate/index_expdate.html
003881.jpg,ExpDate,real_train,Products-Real.zip,Products-Real/train/images/img_00529.jpg,img_00529.jpg,839,1118,b8588286cc9cf26329109efd1a1e530b1713d6277d4a05dbf275c0387fc36e3e,CC BY 4.0,https://felizang.github.io/expdate/index_expdate.html
003882.jpg,ExpDate,real_train,Products-Real.zip,Products-Real/train/images/img_00530.jpg,img_00530.jpg,796,1061,28814da41953a96c405f59a5b277c1fe0aafca31cbaae0669acabde33b7617a6,CC BY 4.0,https://felizang.github.io/expdate/index_expdate.html
003883.jpg,ExpDate,real_train,Products-Real.zip,Products-Real/train/images/img_00531.jpg,img_00531.jpg,873,1164,8906d09b2236f13ec0f9078f3ef10fabce7cce87d42959e86a77907a9b291e2c,CC BY 4.0,https://felizang.github.io/expdate/index_expdate.html
003884.jpg,ExpDate,real_train,Products-Real.zip,Products-Real/train/images/img_00532.jpg,img_00532.jpg,765,1021,ee7216a2fbb96debe712bcbe8cd0debc2f0867249226692142bee13500f020b9,CC BY 4.0,https://felizang.github.io/expdate/index_expdate.html
003885.jpg,ExpDate,real_train,Products-Real.zip,Products-Real/train/images/img_00533.jpg,img_00533.jpg,789,1053,0744c73e60e78ab5e122e6eca43679ededc4a864289e08322537faf1377ae93b,CC BY 4.0,https://felizang.github.io/expdate/index_expdate.html
003886.jpg,ExpDate,real_train,Products-Real.zip,Products-Real/train/images/img_00534.jpg,img_00534.jpg,766,1021,3cbf940dd941aa2833d461bbe7f94a9a87a94a1dbf8bc52564fffaef6181f010,CC BY 4.0,https://felizang.github.io/expdate/index_expdate.html
003887.jpg,ExpDate,real_train,Products-Real.zip,Products-Real/train/images/img_00535.jpg,img_00535.jpg,759,1012,6c3926d242eb6991f98647ded12a039adec535bfd19570f73e34ead468d7f32a,CC BY 4.0,https://felizang.github.io/expdate/index_expdate.html
003888.jpg,ExpDate,real_train,Products-Real.zip,Products-Real/train/images/img_00536.jpg,img_00536.jpg,776,1034,bd9985bcec70c6541c79e2a37a60fef10515759c8c4d5efd9ac4b19b328da0b9,CC BY 4.0,https://felizang.github.io/expdate/index_expdate.html
003889.jpg,ExpDate,real_train,Products-Real.zip,Products-Real/train/images/img_00537.jpg,img_00537.jpg,794,1059,886e1595b465de0599a75716602fb8a88104aa52c762b13d47475ee078d13a49,CC BY 4.0,https://felizang.github.io/expdate/index_expdate.html
003890.jpg,ExpDate,real_train,Products-Real.zip,Products-Real/train/images/img_00538.jpg,img_00538.jpg,763,1018,279821827b5375e29ff2ed1039827edb1e3eab662609bb1993209dfad4040982,CC BY 4.0,https://felizang.github.io/expdate/index_expdate.html
003891.jpg,ExpDate,real_train,Products-Real.zip,Products-Real/train/images/img_00539.jpg,img_00539.jpg,810,1080,1d07d2103b447dd191ae1c59d25e6e52fb2f7e14a6bdeb8640a5007ad081ed5d,CC BY 4.0,https://felizang.github.io/expdate/index_expdate.html
003892.jpg,ExpDate,real_train,Products-Real.zip,Products-Real/train/images/img_00540.jpg,img_00540.jpg,787,1050,e0c919e6db981326e149c3827c34073d06e1a2ed47c768e344b4e48f35290db0,CC BY 4.0,https://felizang.github.io/expdate/index_expdate.html
003893.jpg,ExpDate,real_train,Products-Real.zip,Products-Real/train/images/img_00541.jpg,img_00541.jpg,806,1074,dee93a7d90e20711f66adfa335ddfeaa7248d346b5389bb894816de1a37a9e85,CC BY 4.0,https://felizang.github.io/expdate/index_expdate.html
003894.jpg,ExpDate,real_train,Products-Real.zip,Products-Real/train/images/img_00542.jpg,img_00542.jpg,782,1043,5d0ae5391bed301e37c2027349e0a0298fa49a1d9a2dcc6836c7214039504ae7,CC BY 4.0,https://felizang.github.io/expdate/index_expdate.html
003895.jpg,ExpDate,real_train,Products-Real.zip,Products-Real/train/images/img_00543.jpg,img_00543.jpg,887,1182,d32e7d51242a14d385d6e901c8a300eb2eba40d4d7dfd3df3cab668dc351c0ca,CC BY 4.0,https://felizang.github.io/expdate/index_expdate.html
003896.jpg,ExpDate,real_train,Products-Real.zip,Products-Real/train/images/img_00544.jpg,img_00544.jpg,781,1040,5a7c6b3853b767c32903f330f09ce65b439d16e2ebcb739fb64f610a82779a6f,CC BY 4.0,https://felizang.github.io/expdate/index_expdate.html
003897.jpg,ExpDate,real_train,Products-Real.zip,Products-Real/train/images/img_00545.jpg,img_00545.jpg,754,1006,5d9bbf5a1cbce750e0db4fbfd78821aca2bef85b50a794aeaeddb1fef13f2836,CC BY 4.0,https://felizang.github.io/expdate/index_expdate.html
003898.jpg,ExpDate,real_train,Products-Real.zip,Products-Real/train/images/img_00546.jpg,img_00546.jpg,762,1016,e49c3b58a3b082cf214ad86ce3758808f7297694ba9a8d9d3b521c6e1e5041e3,CC BY 4.0,https://felizang.github.io/expdate/index_expdate.html
003899.jpg,ExpDate,real_train,Products-Real.zip,Products-Real/train/images/img_00547.jpg,img_00547.jpg,759,1011,b61d7a251c6c79883bbfcb380c642ef7b7b7f4b502ae76d8666a451abafc398a,CC BY 4.0,https://felizang.github.io/expdate/index_expdate.html
003900.jpg,ExpDate,real_train,Products-Real.zip,Products-Real/train/images/img_00548.jpg,img_00548.jpg,820,1093,5b74280440b208b9cc92b6127a2cb1b330b4b746f6281079b280e834cfb9e2ec,CC BY 4.0,https://felizang.github.io/expdate/index_expdate.html
003901.jpg,ExpDate,real_train,Products-Real.zip,Products-Real/train/images/img_00549.jpg,img_00549.jpg,1536,2048,8f9f8fb4dd6d9aab8589657db82a59646e743631e8e07b70e1a3649fe31b89c9,CC BY 4.0,https://felizang.github.io/expdate/index_expdate.html
003902.jpg,ExpDate,real_train,Products-Real.zip,Products-Real/train/images/img_00550.jpg,img_00550.jpg,631,741,bfe34d52a5e07dd5faec14880ebe7e81ed62cbbc63100eb94beb90bae10fe41c,CC BY 4.0,https://felizang.github.io/expdate/index_expdate.html
003903.jpg,ExpDate,real_train,Products-Real.zip,Products-Real/train/images/img_00551.jpg,img_00551.jpg,691,875,fe5238fab11b2ee0abc549eae551f3c7f537fed7a317ded4faf0702e4ed783bb,CC BY 4.0,https://felizang.github.io/expdate/index_expdate.html
003904.jpg,ExpDate,real_train,Products-Real.zip,Products-Real/train/images/img_00552.jpg,img_00552.jpg,577,738,35a05cd5b58366f839d4061c47f0466159e1dcbad4a6f4c61d2582a3aabe3d24,CC BY 4.0,https://felizang.github.io/expdate/index_expdate.html
003905.jpg,ExpDate,real_train,Products-Real.zip,Products-Real/train/images/img_00553.jpg,img_00553.jpg,804,1072,2bdc8939f6e3ad2178343c2f76749378d848b5b9c74bf0ec727cc82fb419d1c7,CC BY 4.0,https://felizang.github.io/expdate/index_expdate.html
003906.jpg,ExpDate,real_train,Products-Real.zip,Products-Real/train/images/img_00554.jpg,img_00554.jpg,767,1022,9a9f633dcee146262e8e501d116366a6905485595702c65dafc8a3d0a064edca,CC BY 4.0,https://felizang.github.io/expdate/index_expdate.html
003907.jpg,ExpDate,real_train,Products-Real.zip,Products-Real/train/images/img_00555.jpg,img_00555.jpg,765,1020,0f6e3dd1e18f919d751f11c1159679cf197050b54cca4006b428d5da8de03a67,CC BY 4.0,https://felizang.github.io/expdate/index_expdate.html
003908.jpg,ExpDate,real_train,Products-Real.zip,Products-Real/train/images/img_00556.jpg,img_00556.jpg,771,1028,cf2430c44f0512c98b60afc1de562a2edd54cfaf3f2cc7b25ef799cfe641b235,CC BY 4.0,https://felizang.github.io/expdate/index_expdate.html
003909.jpg,ExpDate,real_train,Products-Real.zip,Products-Real/train/images/img_00557.jpg,img_00557.jpg,680,987,efb3b12e50b7664249aa8758d5f4284c0a154f8421f5d0edc11b4d0023672125,CC BY 4.0,https://felizang.github.io/expdate/index_expdate.html
003910.jpg,ExpDate,real_train,Products-Real.zip,Products-Real/train/images/img_00558.jpg,img_00558.jpg,772,899,45d6095a87f5c8ea0b3b733d6a15d524d2302dd40ecd497b3b8f03b7273a0ab6,CC BY 4.0,https://felizang.github.io/expdate/index_expdate.html
003911.jpg,ExpDate,real_train,Products-Real.zip,Products-Real/train/images/img_00559.jpg,img_00559.jpg,716,1136,6c7eb38aad107b4763c4da829f87ac13c69fcca0da7befe929a4f753dbe9b5fe,CC BY 4.0,https://felizang.github.io/expdate/index_expdate.html
003912.jpg,ExpDate,real_train,Products-Real.zip,Products-Real/train/images/img_00560.jpg,img_00560.jpg,861,1316,a0255e632ca8f248cad96dcd744f4682f1e647a86d6221f29fd785c7886653e8,CC BY 4.0,https://felizang.github.io/expdate/index_expdate.html
003913.jpg,ExpDate,real_train,Products-Real.zip,Products-Real/train/images/img_00561.jpg,img_00561.jpg,1001,1316,bd2f095e29c20dfc8c4f554c9792a587e1553c89daa91bbef79597d326be4fe7,CC BY 4.0,https://felizang.github.io/expdate/index_expdate.html
003914.jpg,ExpDate,real_train,Products-Real.zip,Products-Real/train/images/img_00562.jpg,img_00562.jpg,1004,1320,1d2c59dd29c412ec1e479531ca11e59f9dbd3f2243b2bd2b77ddaddc2c2cf6dd,CC BY 4.0,https://felizang.github.io/expdate/index_expdate.html
003915.jpg,ExpDate,real_train,Products-Real.zip,Products-Real/train/images/img_00563.jpg,img_00563.jpg,717,1197,5f674e2374efd6541d748624b4eea74407f106632ed36c7708fc5c61a1ae872a,CC BY 4.0,https://felizang.github.io/expdate/index_expdate.html
003916.jpg,ExpDate,real_train,Products-Real.zip,Products-Real/train/images/img_00564.jpg,img_00564.jpg,717,1134,38c8c3f48a303b6b97f6edbdcfc4e12aca3562fd8f188ba5408f50782cad0300,CC BY 4.0,https://felizang.github.io/expdate/index_expdate.html
003917.jpg,ExpDate,real_train,Products-Real.zip,Products-Real/train/images/img_00565.jpg,img_00565.jpg,756,1008,5ed6a75291a75d6d8dac5b2a96bcaaa423bb783984c06dd771bfe3de0a77c604,CC BY 4.0,https://felizang.github.io/expdate/index_expdate.html
003918.jpg,ExpDate,real_train,Products-Real.zip,Products-Real/train/images/img_00566.jpg,img_00566.jpg,756,1008,620abb2e1cb2d9b5d13738295a310cd71575728f0dda725989e0cb968f762a0b,CC BY 4.0,https://felizang.github.io/expdate/index_expdate.html
003919.jpg,ExpDate,real_train,Products-Real.zip,Products-Real/train/images/img_00567.jpg,img_00567.jpg,875,1167,ed2e369825f3a83c75a1c764e11980544bb0a57e72a4c5835c98a08a67ceb2cd,CC BY 4.0,https://felizang.github.io/expdate/index_expdate.html
003920.jpg,ExpDate,real_train,Products-Real.zip,Products-Real/train/images/img_00568.jpg,img_00568.jpg,907,1209,f9fe682e1812c7e221001295b79cc77bf93a7d510cd0ceb15e08e0aabf805245,CC BY 4.0,https://felizang.github.io/expdate/index_expdate.html
003921.jpg,ExpDate,real_train,Products-Real.zip,Products-Real/train/images/img_00569.jpg,img_00569.jpg,978,1304,486bfe82def0b192d1ad10908674c688b999ea3f03f4aeff896581d9f90a452a,CC BY 4.0,https://felizang.github.io/expdate/index_expdate.html
003922.jpg,ExpDate,real_train,Products-Real.zip,Products-Real/train/images/img_00570.jpg,img_00570.jpg,996,1328,654813737975b802d984b549b4341886495deb94cbe7c0464fcaa1302d7434f0,CC BY 4.0,https://felizang.github.io/expdate/index_expdate.html
003923.jpg,ExpDate,real_train,Products-Real.zip,Products-Real/train/images/img_00571.jpg,img_00571.jpg,909,1212,230e1535e1efe5a77530666a75fa48d0311bc26cf516fa8497d728c65903f4b4,CC BY 4.0,https://felizang.github.io/expdate/index_expdate.html
003924.jpg,ExpDate,real_train,Products-Real.zip,Products-Real/train/images/img_00572.jpg,img_00572.jpg,949,1266,94b2212d1b6b39d19048405dfec2e1ba6e23f0478e0e85b250651671f01557d0,CC BY 4.0,https://felizang.github.io/expdate/index_expdate.html
003925.jpg,ExpDate,real_train,Products-Real.zip,Products-Real/train/images/img_00573.jpg,img_00573.jpg,1005,1340,c2cbf4f19d0e1838464d3f4fcdfac78fe03afeaae3d7c22413cf425a4eae68f0,CC BY 4.0,https://felizang.github.io/expdate/index_expdate.html
003926.jpg,ExpDate,real_train,Products-Real.zip,Products-Real/train/images/img_00574.jpg,img_00574.jpg,928,1237,efde81002999240eff6df25491ae39530796c189d613654f5245d0df6b18411c,CC BY 4.0,https://felizang.github.io/expdate/index_expdate.html
003927.jpg,ExpDate,real_train,Products-Real.zip,Products-Real/train/images/img_00575.jpg,img_00575.jpg,896,1195,12c08c0485df4164776197ad07d2f816ceabfc9f864801835048cb4f8634fd54,CC BY 4.0,https://felizang.github.io/expdate/index_expdate.html
003928.jpg,ExpDate,real_train,Products-Real.zip,Products-Real/train/images/img_00576.jpg,img_00576.jpg,930,1257,8cf5aa612b00b7e7b83ae6cfbf9ec8a6c586a85b8f18f56d5d4929a8fec8de9a,CC BY 4.0,https://felizang.github.io/expdate/index_expdate.html
003929.jpg,ExpDate,real_train,Products-Real.zip,Products-Real/train/images/img_00577.jpg,img_00577.jpg,933,1243,338848691c555dc4d862b073bb5bd21d10ba53b949f8f50bd9d2332256c33ed6,CC BY 4.0,https://felizang.github.io/expdate/index_expdate.html
003930.jpg,ExpDate,real_train,Products-Real.zip,Products-Real/train/images/img_00578.jpg,img_00578.jpg,1023,1364,aaddde30c348f629e73c881bd102ef53f58713f0fdb28b87248d124090db8392,CC BY 4.0,https://felizang.github.io/expdate/index_expdate.html
003931.jpg,ExpDate,real_train,Products-Real.zip,Products-Real/train/images/img_00579.jpg,img_00579.jpg,973,1298,5ab4b92234cfd56bde966620fc24f7a171fb3d6cbc462931e395a144d24c0680,CC BY 4.0,https://felizang.github.io/expdate/index_expdate.html
003932.jpg,ExpDate,real_train,Products-Real.zip,Products-Real/train/images/img_00580.jpg,img_00580.jpg,991,1321,0393f66a7ba2c916bc5ba844645a94671c135581dc476f6f66a01b9a28addc68,CC BY 4.0,https://felizang.github.io/expdate/index_expdate.html
003933.jpg,ExpDate,real_train,Products-Real.zip,Products-Real/train/images/img_00581.jpg,img_00581.jpg,917,1223,dffbfa4f2327377d9debefd690a1ac23c2f87a5e7076e7db87bbaf04803ebabc,CC BY 4.0,https://felizang.github.io/expdate/index_expdate.html
003934.jpg,ExpDate,real_train,Products-Real.zip,Products-Real/train/images/img_00582.jpg,img_00582.jpg,993,1324,1ff6afb0a39bb6d5f23f91f70b7377f28c8481b88879bb793611c8fd86d05d53,CC BY 4.0,https://felizang.github.io/expdate/index_expdate.html
003935.jpg,ExpDate,real_train,Products-Real.zip,Products-Real/train/images/img_00583.jpg,img_00583.jpg,1054,1405,b28f441f26722345f2142255d3ed55490bd23089d801108deffeaa644defdcf1,CC BY 4.0,https://felizang.github.io/expdate/index_expdate.html
003936.jpg,ExpDate,real_train,Products-Real.zip,Products-Real/train/images/img_00584.jpg,img_00584.jpg,989,1318,26b6eb0ea845185da4e230d4c4e72f61bbb4ca0280e39e6373135265350a9c4f,CC BY 4.0,https://felizang.github.io/expdate/index_expdate.html
003937.jpg,ExpDate,real_train,Products-Real.zip,Products-Real/train/images/img_00585.jpg,img_00585.jpg,1025,1367,25ca933b4a8b6f81063e07c3f1c1c192f83d8392c525e5bbc793f9154ffce413,CC BY 4.0,https://felizang.github.io/expdate/index_expdate.html
003938.jpg,ExpDate,real_train,Products-Real.zip,Products-Real/train/images/img_00586.jpg,img_00586.jpg,711,1030,1282a3662e605b16c708b25fbac0de05b5f66e6513c544e611ba3d80e3e08b71,CC BY 4.0,https://felizang.github.io/expdate/index_expdate.html
003939.jpg,ExpDate,real_train,Products-Real.zip,Products-Real/train/images/img_00587.jpg,img_00587.jpg,1046,1395,05ca6292a1b12c225a5ada4a228db8816fe7b42f1b92b41b52b4f825c1d452e0,CC BY 4.0,https://felizang.github.io/expdate/index_expdate.html
003940.jpg,ExpDate,real_train,Products-Real.zip,Products-Real/train/images/img_00588.jpg,img_00588.jpg,1058,1411,f04bbdfc3a08f2c4df36358cc9e6f3660c86732a11e684865685ffa522cef4ca,CC BY 4.0,https://felizang.github.io/expdate/index_expdate.html
003941.jpg,ExpDate,real_train,Products-Real.zip,Products-Real/train/images/img_00589.jpg,img_00589.jpg,950,1267,8386dac8e4b5cda1517c9910ec0873cf00449d4ad5060288b5af4015931177f8,CC BY 4.0,https://felizang.github.io/expdate/index_expdate.html
003942.jpg,ExpDate,real_train,Products-Real.zip,Products-Real/train/images/img_00590.jpg,img_00590.jpg,874,1166,a8f9720c7e60c004e9aeb091c6360232c1b117daeb9e94894622b164d11507ef,CC BY 4.0,https://felizang.github.io/expdate/index_expdate.html
003943.jpg,ExpDate,real_train,Products-Real.zip,Products-Real/train/images/img_00591.jpg,img_00591.jpg,943,1258,2e7841dc358062ae8033304d289fa130a239d1f5217dcf781f6f98e55b6c603a,CC BY 4.0,https://felizang.github.io/expdate/index_expdate.html
003944.jpg,ExpDate,real_train,Products-Real.zip,Products-Real/train/images/img_00592.jpg,img_00592.jpg,1000,1334,d06a4b637ed69e4972b698513257867062f3d4b9b7cb049f31da0d4db1455695,CC BY 4.0,https://felizang.github.io/expdate/index_expdate.html
003945.jpg,ExpDate,real_train,Products-Real.zip,Products-Real/train/images/img_00593.jpg,img_00593.jpg,917,1223,5e34855e4f3964fdf31d5ff574849dca3655bf3363029fbf6aef1200ab462a73,CC BY 4.0,https://felizang.github.io/expdate/index_expdate.html
003946.jpg,ExpDate,real_train,Products-Real.zip,Products-Real/train/images/img_00594.jpg,img_00594.jpg,985,1314,9747b061cfebd9dcde5f95f3971c767017f843e6f718422b667ded247b44744f,CC BY 4.0,https://felizang.github.io/expdate/index_expdate.html
003947.jpg,ExpDate,real_train,Products-Real.zip,Products-Real/train/images/img_00595.jpg,img_00595.jpg,795,1060,63aefce36a4a6d293b5b869e7e893cf72fe48971843f9dcb564e19e2d0dbd8b1,CC BY 4.0,https://felizang.github.io/expdate/index_expdate.html
003948.jpg,ExpDate,real_train,Products-Real.zip,Products-Real/train/images/img_00596.jpg,img_00596.jpg,1024,1365,8d7fd3323627e129ed4c9aa90632c9639110ea0a13e8c2da64a186d3197ef187,CC BY 4.0,https://felizang.github.io/expdate/index_expdate.html
003949.jpg,ExpDate,real_train,Products-Real.zip,Products-Real/train/images/img_00597.jpg,img_00597.jpg,965,1285,c82d0914be2397fed7201c0ae12cec87c77da7bd8c4f034c7aa7f57d7d1132ec,CC BY 4.0,https://felizang.github.io/expdate/index_expdate.html
003950.jpg,ExpDate,real_train,Products-Real.zip,Products-Real/train/images/img_00598.jpg,img_00598.jpg,939,1253,ee48e0319e28e1ce9985a512ee1294bec3083e36e563a7a97976ef0f20913cc7,CC BY 4.0,https://felizang.github.io/expdate/index_expdate.html
003951.jpg,ExpDate,real_train,Products-Real.zip,Products-Real/train/images/img_00599.jpg,img_00599.jpg,962,1282,5bedcdd216d9ad74fc414cb3d3f09c88e16014c5544740b11a1a7c2ee98527ce,CC BY 4.0,https://felizang.github.io/expdate/index_expdate.html
003952.jpg,ExpDate,real_train,Products-Real.zip,Products-Real/train/images/img_00600.jpg,img_00600.jpg,1535,2048,a5aab24f3cc32179546f179b8762d5b6cc797548e070a388ecc0926f5bcca194,CC BY 4.0,https://felizang.github.io/expdate/index_expdate.html
003953.jpg,ExpDate,real_train,Products-Real.zip,Products-Real/train/images/img_00601.jpg,img_00601.jpg,900,1201,94d1793e5c77f496c83dc150921c124591e40ea1d40dcf8c5b5ca5249ca38d7c,CC BY 4.0,https://felizang.github.io/expdate/index_expdate.html
003954.jpg,ExpDate,real_train,Products-Real.zip,Products-Real/train/images/img_00602.jpg,img_00602.jpg,949,1266,a71a2963cf29b79765d50fffcb285fa74614a5d684b5ca641ef0742755aabd89,CC BY 4.0,https://felizang.github.io/expdate/index_expdate.html
003955.jpg,ExpDate,real_train,Products-Real.zip,Products-Real/train/images/img_00603.jpg,img_00603.jpg,1044,1392,958fa4eb346f8e9d68f2f1ba34bb7abe18b0245cda65eb01572d8b6f87eeb2db,CC BY 4.0,https://felizang.github.io/expdate/index_expdate.html
003956.jpg,ExpDate,real_train,Products-Real.zip,Products-Real/train/images/img_00604.jpg,img_00604.jpg,1041,1387,bc3c0019cc545c936f4a0a8070ff19b28cab7a137720b0ba368cf44edd7bf486,CC BY 4.0,https://felizang.github.io/expdate/index_expdate.html
003957.jpg,ExpDate,real_train,Products-Real.zip,Products-Real/train/images/img_00605.jpg,img_00605.jpg,981,1308,04f459b7a91134594c282feed3567feac40ebc0e90064edad2f6496022f2b2e8,CC BY 4.0,https://felizang.github.io/expdate/index_expdate.html
003958.jpg,ExpDate,real_train,Products-Real.zip,Products-Real/train/images/img_00606.jpg,img_00606.jpg,889,1185,1e2b434cbdf282fef6889dde6bb5ac50488a0496528063358c53c20426867a6a,CC BY 4.0,https://felizang.github.io/expdate/index_expdate.html
003959.jpg,ExpDate,real_train,Products-Real.zip,Products-Real/train/images/img_00607.jpg,img_00607.jpg,1012,1350,991b72990f6f21ecf06ad764f2cb95d06caa343a747029e366f14cc6a38c2d07,CC BY 4.0,https://felizang.github.io/expdate/index_expdate.html
003960.jpg,ExpDate,real_train,Products-Real.zip,Products-Real/train/images/img_00608.jpg,img_00608.jpg,1000,1333,4442c045e78d776baf80936dc307da717398d5548a4d96319c33c8610369db59,CC BY 4.0,https://felizang.github.io/expdate/index_expdate.html
003961.jpg,ExpDate,real_train,Products-Real.zip,Products-Real/train/images/img_00609.jpg,img_00609.jpg,827,1103,4496c7d5a723d9413f4d7aadb0e78137a64220397ad7e56f4bb05e96d153e78f,CC BY 4.0,https://felizang.github.io/expdate/index_expdate.html
003962.jpg,ExpDate,real_train,Products-Real.zip,Products-Real/train/images/img_00610.jpg,img_00610.jpg,988,1317,ec9b6d5056e4604a25dc265042fb8d02d4ad62bd6ba0c27a31aceed370d7608a,CC BY 4.0,https://felizang.github.io/expdate/index_expdate.html
003963.jpg,ExpDate,real_train,Products-Real.zip,Products-Real/train/images/img_00611.jpg,img_00611.jpg,1040,1387,c75820a5a2b36b69db3666fbf23fdb045d11106e65e8b15a2c7a69bda963fd09,CC BY 4.0,https://felizang.github.io/expdate/index_expdate.html
003964.jpg,ExpDate,real_train,Products-Real.zip,Products-Real/train/images/img_00612.jpg,img_00612.jpg,1057,1410,56f5e7f7273bfe31f98d2fa31a352694a147b8fc0c08797da75d5da380af435a,CC BY 4.0,https://felizang.github.io/expdate/index_expdate.html
003965.jpg,ExpDate,real_train,Products-Real.zip,Products-Real/train/images/img_00613.jpg,img_00613.jpg,917,1223,ebda9acc648b237a92b08ce818b7441d83daa2a7f9ab6a1dd16fa2bcb5eba36b,CC BY 4.0,https://felizang.github.io/expdate/index_expdate.html
003966.jpg,ExpDate,real_train,Products-Real.zip,Products-Real/train/images/img_00614.jpg,img_00614.jpg,959,1278,87b9aaca8321b8686a879e215929f26f8d839ca56e19cca37c8712ebbd5cb04b,CC BY 4.0,https://felizang.github.io/expdate/index_expdate.html
003967.jpg,ExpDate,real_train,Products-Real.zip,Products-Real/train/images/img_00615.jpg,img_00615.jpg,999,1333,95d2882abfd0b1861813bc722c5c3f5e9ac16236cc7d1783c41cb0a09d3a34fa,CC BY 4.0,https://felizang.github.io/expdate/index_expdate.html
003968.jpg,ExpDate,real_train,Products-Real.zip,Products-Real/train/images/img_00616.jpg,img_00616.jpg,1051,1402,39328aca9efddda03bbc5bf0f67b8831bed3ac112ba8814ace16d3cfe6b2f7f2,CC BY 4.0,https://felizang.github.io/expdate/index_expdate.html
003969.jpg,ExpDate,real_train,Products-Real.zip,Products-Real/train/images/img_00617.jpg,img_00617.jpg,856,1141,e0e05606fedb6773f6b8a9c24cb2d4898b2c5f3a3f2ed3a25ff7cc2f4f6b2893,CC BY 4.0,https://felizang.github.io/expdate/index_expdate.html
003970.jpg,ExpDate,real_train,Products-Real.zip,Products-Real/train/images/img_00618.jpg,img_00618.jpg,1009,1345,cdea78e51e8b83e445116168099167280f2a1db3b6f9b414a637d9a4a0065f0d,CC BY 4.0,https://felizang.github.io/expdate/index_expdate.html
003971.jpg,ExpDate,real_train,Products-Real.zip,Products-Real/train/images/img_00619.jpg,img_00619.jpg,854,1138,c10c9e9a13b52636a98e56efe2208fa5ed898c4e7082b98565cd0005ad6eda9e,CC BY 4.0,https://felizang.github.io/expdate/index_expdate.html
003972.jpg,ExpDate,real_train,Products-Real.zip,Products-Real/train/images/img_00620.jpg,img_00620.jpg,904,1206,2e5d7add8947c3e81037ed4f556bd5f90e3fd74d955f7dbc9c833cd1499924ac,CC BY 4.0,https://felizang.github.io/expdate/index_expdate.html
003973.jpg,ExpDate,real_train,Products-Real.zip,Products-Real/train/images/img_00621.jpg,img_00621.jpg,916,1223,cb242869178bc0456908523546e78ec0226b12ae1040aad3a41a38ae1ed5f5f1,CC BY 4.0,https://felizang.github.io/expdate/index_expdate.html
003974.jpg,ExpDate,real_train,Products-Real.zip,Products-Real/train/images/img_00622.jpg,img_00622.jpg,956,1275,52eae2d5c5a69d82e65f2119bb629b04de3646016f7e91a5efeef3847c5534f4,CC BY 4.0,https://felizang.github.io/expdate/index_expdate.html
003975.jpg,ExpDate,real_train,Products-Real.zip,Products-Real/train/images/img_00623.jpg,img_00623.jpg,927,1033,51ed042a91667ba19ea2d9645dfe236eadac67a101944febb076e011571ee7c2,CC BY 4.0,https://felizang.github.io/expdate/index_expdate.html
003976.jpg,ExpDate,real_train,Products-Real.zip,Products-Real/train/images/img_00624.jpg,img_00624.jpg,992,1323,5348a66dbbc4cef5773c320cd3f704013e8a248d0de1fe3d1701d917337191f2,CC BY 4.0,https://felizang.github.io/expdate/index_expdate.html
003977.jpg,ExpDate,real_train,Products-Real.zip,Products-Real/train/images/img_00625.jpg,img_00625.jpg,904,1206,f6a4bb628e9798df1f9d9d723a7d945f0b6dbafcdfa27276408fd160e6442531,CC BY 4.0,https://felizang.github.io/expdate/index_expdate.html
003978.jpg,ExpDate,real_train,Products-Real.zip,Products-Real/train/images/img_00626.jpg,img_00626.jpg,778,1037,c26bb63d17d5e3f38b48fb98b73876fc6c30b31fccc1b0bc81321066af6c7524,CC BY 4.0,https://felizang.github.io/expdate/index_expdate.html
003979.jpg,ExpDate,real_train,Products-Real.zip,Products-Real/train/images/img_00627.jpg,img_00627.jpg,963,1284,0ba11e8ad3523ba4494de05dbce36ad288de3b41d8c89fc3c772c3ed1c72aa93,CC BY 4.0,https://felizang.github.io/expdate/index_expdate.html
003980.jpg,ExpDate,real_train,Products-Real.zip,Products-Real/train/images/img_00628.jpg,img_00628.jpg,1024,1365,f2ccd6576063f9ed3663f55a0c22f388749c99630473f662f999b5212f64d83d,CC BY 4.0,https://felizang.github.io/expdate/index_expdate.html
003981.jpg,ExpDate,real_train,Products-Real.zip,Products-Real/train/images/img_00629.jpg,img_00629.jpg,999,1331,e20c2837874e754d47cd41efd3bff046c80e734bbd10768d06304f91e0b1be47,CC BY 4.0,https://felizang.github.io/expdate/index_expdate.html
003982.jpg,ExpDate,real_train,Products-Real.zip,Products-Real/train/images/img_00630.jpg,img_00630.jpg,1006,560,416c436c6ba45314387890f5af2947274e3e3f6ce34a4860534e6d8fb8020616,CC BY 4.0,https://felizang.github.io/expdate/index_expdate.html
003983.jpg,ExpDate,real_train,Products-Real.zip,Products-Real/train/images/img_00631.jpg,img_00631.jpg,1008,756,2cd73d83c763eda03923524a59f498a176645f7ebb08a762e25ff286249711fb,CC BY 4.0,https://felizang.github.io/expdate/index_expdate.html
003984.jpg,ExpDate,real_train,Products-Real.zip,Products-Real/train/images/img_00632.jpg,img_00632.jpg,1008,756,5cbcb562f430276496766fa71fbe1d620bdd1325d0ae0863fa861635a5c81875,CC BY 4.0,https://felizang.github.io/expdate/index_expdate.html
003985.jpg,ExpDate,real_train,Products-Real.zip,Products-Real/train/images/img_00633.jpg,img_00633.jpg,1008,756,44d9484a2b278dd58282d6104b7a426bba28660751cc3e96f4b8e891fbcbc8bd,CC BY 4.0,https://felizang.github.io/expdate/index_expdate.html
003986.jpg,ExpDate,real_train,Products-Real.zip,Products-Real/train/images/img_00634.jpg,img_00634.jpg,850,701,5bcd1c7de07fba36b4e424672e3727a3e2c732e56c99a1824f483640e9c04c8f,CC BY 4.0,https://felizang.github.io/expdate/index_expdate.html
003987.jpg,ExpDate,real_train,Products-Real.zip,Products-Real/train/images/img_00635.jpg,img_00635.jpg,708,531,5ee515764d5d38ff39324dd9774e3795606d97fdb2aef265b9a4b4205f60e444,CC BY 4.0,https://felizang.github.io/expdate/index_expdate.html
003988.jpg,ExpDate,real_train,Products-Real.zip,Products-Real/train/images/img_00636.jpg,img_00636.jpg,770,578,6da90ff2284babe04144b32084082b16dd9d66f5cd95a9fb40fd88a2e0e91243,CC BY 4.0,https://felizang.github.io/expdate/index_expdate.html
003989.jpg,ExpDate,real_train,Products-Real.zip,Products-Real/train/images/img_00637.jpg,img_00637.jpg,1008,756,db015a12e9f5a48471b4fa78e2a2d0d478b677a57afaaf5408b9f6a1d14ce486,CC BY 4.0,https://felizang.github.io/expdate/index_expdate.html
003990.jpg,ExpDate,real_train,Products-Real.zip,Products-Real/train/images/img_00638.jpg,img_00638.jpg,930,698,8c631171335d634e42d9fc000f8cc42e600732efd9093083b5a58ce9515d9f46,CC BY 4.0,https://felizang.github.io/expdate/index_expdate.html
003991.jpg,ExpDate,real_train,Products-Real.zip,Products-Real/train/images/img_00639.jpg,img_00639.jpg,979,759,2aac021ebb46235b1903130b302be868b1c929f361aeeb75bef4efd79cf2ae6f,CC BY 4.0,https://felizang.github.io/expdate/index_expdate.html
003992.jpg,ExpDate,real_train,Products-Real.zip,Products-Real/train/images/img_00640.jpg,img_00640.jpg,992,768,b0a6b12276a951b34245fe6996fce6a3b47c3108c51e424d4c11ecbf81e0723c,CC BY 4.0,https://felizang.github.io/expdate/index_expdate.html
003993.jpg,ExpDate,real_train,Products-Real.zip,Products-Real/train/images/img_00641.jpg,img_00641.jpg,964,789,4f3372860e9bc2fded20bd06fe8842035f4df4b214f45910bf253fccc67067a0,CC BY 4.0,https://felizang.github.io/expdate/index_expdate.html
003994.jpg,ExpDate,real_train,Products-Real.zip,Products-Real/train/images/img_00642.jpg,img_00642.jpg,1193,1000,6dfaa1571bb605e4228fa5faee6228a243ccebd185ccff4991bffacd2dc20c2b,CC BY 4.0,https://felizang.github.io/expdate/index_expdate.html
003995.jpg,ExpDate,real_train,Products-Real.zip,Products-Real/train/images/img_00643.jpg,img_00643.jpg,943,859,7ba5d76c3880d1fa8e9ce7e5a3306fde2c51fc23550347fbaf2127c4b95a2b92,CC BY 4.0,https://felizang.github.io/expdate/index_expdate.html
003996.jpg,ExpDate,real_train,Products-Real.zip,Products-Real/train/images/img_00644.jpg,img_00644.jpg,1160,870,c36dc080e538313836c1b8fb903a79fd45af803df72016373d4d155dc3620dfb,CC BY 4.0,https://felizang.github.io/expdate/index_expdate.html
003997.jpg,ExpDate,real_train,Products-Real.zip,Products-Real/train/images/img_00645.jpg,img_00645.jpg,1112,800,216cbe099499ab5405fa52e49c51a6786d4116bd804f488d9e30e2070ce17d62,CC BY 4.0,https://felizang.github.io/expdate/index_expdate.html
003998.jpg,ExpDate,real_train,Products-Real.zip,Products-Real/train/images/img_00646.jpg,img_00646.jpg,650,466,01294b5b034eab9ee8d2fae00236a7661189d97ac65baf09b58fb6a7809ed849,CC BY 4.0,https://felizang.github.io/expdate/index_expdate.html
003999.jpg,ExpDate,real_train,Products-Real.zip,Products-Real/train/images/img_00647.jpg,img_00647.jpg,1110,602,46984ff7e86ca8e3efa82d51843dd02e1a11e1b42cbfc353f4da8445ad67a7a9,CC BY 4.0,https://felizang.github.io/expdate/index_expdate.html
004000.jpg,ExpDate,real_train,Products-Real.zip,Products-Real/train/images/img_00648.jpg,img_00648.jpg,981,552,6a75eda1cbd8330ffd7fcd6d8fee5470d162da7cd2c6d25cb39c8c8fd5899055,CC BY 4.0,https://felizang.github.io/expdate/index_expdate.html
004001.jpg,ExpDate,real_train,Products-Real.zip,Products-Real/train/images/img_00649.jpg,img_00649.jpg,1033,596,c9368752f20fd9f25deea2de402f40a7ddca35242a907ad0e2a466e74f5005ee,CC BY 4.0,https://felizang.github.io/expdate/index_expdate.html
004002.jpg,ExpDate,real_train,Products-Real.zip,Products-Real/train/images/img_00650.jpg,img_00650.jpg,1307,980,ca15e9a9c79615a5dee64d9f53ef329768e6e58cc954a4f75f127a08b34de9a7,CC BY 4.0,https://felizang.github.io/expdate/index_expdate.html
004003.jpg,ExpDate,real_train,Products-Real.zip,Products-Real/train/images/img_00651.jpg,img_00651.jpg,975,617,11c06bcb4dbea1308b6f9a99948b0cbcb23e1d6470cb6cfb4f216f1b6edfa773,CC BY 4.0,https://felizang.github.io/expdate/index_expdate.html
004004.jpg,ExpDate,real_train,Products-Real.zip,Products-Real/train/images/img_00652.jpg,img_00652.jpg,605,604,591928f32e956f577535843a6daf22cdbb702f64ec80b49f6b880c06abb48da5,CC BY 4.0,https://felizang.github.io/expdate/index_expdate.html
004005.jpg,ExpDate,real_train,Products-Real.zip,Products-Real/train/images/img_00653.jpg,img_00653.jpg,946,675,479b9a54354961a72f81480e9ef7baaaf8c24762a79b7630ca61828eec7c515e,CC BY 4.0,https://felizang.github.io/expdate/index_expdate.html
004006.jpg,ExpDate,real_train,Products-Real.zip,Products-Real/train/images/img_00654.jpg,img_00654.jpg,750,519,63bbc5b2816ab056ad37d71346a0bb17a2111f83e627154c0f940332d957cb78,CC BY 4.0,https://felizang.github.io/expdate/index_expdate.html
004007.jpg,ExpDate,real_train,Products-Real.zip,Products-Real/train/images/img_00655.jpg,img_00655.jpg,802,697,3bdcabdce597102a54335c56dea97e6eed2c602ed32eb0c58dfeb86001670d27,CC BY 4.0,https://felizang.github.io/expdate/index_expdate.html
004008.jpg,ExpDate,real_train,Products-Real.zip,Products-Real/train/images/img_00656.jpg,img_00656.jpg,864,628,4c13bd29ba35a9a6e255c00681043c58bc5f972cce4eef3b6592314d701d5349,CC BY 4.0,https://felizang.github.io/expdate/index_expdate.html
004009.jpg,ExpDate,real_train,Products-Real.zip,Products-Real/train/images/img_00657.jpg,img_00657.jpg,964,644,c4f803ca71f4a712562b0ec6151c7d39d3256eb0078816e32dd8bc9347eb1b1c,CC BY 4.0,https://felizang.github.io/expdate/index_expdate.html
004010.jpg,ExpDate,real_train,Products-Real.zip,Products-Real/train/images/img_00658.jpg,img_00658.jpg,968,672,2309828683099b627cc0ff4ee71a2e29dadf2e3273cf2a2bfe4bed52eb922962,CC BY 4.0,https://felizang.github.io/expdate/index_expdate.html
004011.jpg,ExpDate,real_train,Products-Real.zip,Products-Real/train/images/img_00659.jpg,img_00659.jpg,1134,576,1dc08cbd3928d44dcb06e44ef7ba538e110b604b054b9531b9888603ffb6296b,CC BY 4.0,https://felizang.github.io/expdate/index_expdate.html
004012.jpg,ExpDate,real_train,Products-Real.zip,Products-Real/train/images/img_00660.jpg,img_00660.jpg,822,616,a594a9473619bcf39f6152d0fd52be27acd04abbc0f8bf8d35bfe5811b92a6f3,CC BY 4.0,https://felizang.github.io/expdate/index_expdate.html
004013.jpg,ExpDate,real_train,Products-Real.zip,Products-Real/train/images/img_00661.jpg,img_00661.jpg,948,705,93845b81a3c43e4355a7db24795b31cff865b65c368e2867ae57e96dee323e87,CC BY 4.0,https://felizang.github.io/expdate/index_expdate.html
004014.jpg,ExpDate,real_train,Products-Real.zip,Products-Real/train/images/img_00662.jpg,img_00662.jpg,965,724,088b5b343f193da26402e81226599e8b4a9e825bdfcb8e364cee8aac309e7af9,CC BY 4.0,https://felizang.github.io/expdate/index_expdate.html
004015.jpg,ExpDate,real_train,Products-Real.zip,Products-Real/train/images/img_00663.jpg,img_00663.jpg,745,729,cd54c75a550e5469124c9dcb959224e438e8b6d2169a71f1e17183a97e06b4f0,CC BY 4.0,https://felizang.github.io/expdate/index_expdate.html
004016.jpg,ExpDate,real_train,Products-Real.zip,Products-Real/train/images/img_00664.jpg,img_00664.jpg,1082,799,90ab468fd8c0600dfc438d4aa75da4c1316556728b442085f111d186094ab27b,CC BY 4.0,https://felizang.github.io/expdate/index_expdate.html
004017.jpg,ExpDate,real_train,Products-Real.zip,Products-Real/train/images/img_00665.jpg,img_00665.jpg,1008,756,438ff354c0d03fa4af402bfa26015cecd54e86a014415a5f3d70bf4eff394759,CC BY 4.0,https://felizang.github.io/expdate/index_expdate.html
004018.jpg,ExpDate,real_train,Products-Real.zip,Products-Real/train/images/img_00666.jpg,img_00666.jpg,1008,756,b83be621cf48e4629b30f2b605d0c3b86fddc334b1b02c105433c4a233c66477,CC BY 4.0,https://felizang.github.io/expdate/index_expdate.html
004019.jpg,ExpDate,real_train,Products-Real.zip,Products-Real/train/images/img_00667.jpg,img_00667.jpg,1008,756,304bdacf868b88a347439d7ae24a2f8391e16c4674ecf58192e7bcb7ba2d6cd7,CC BY 4.0,https://felizang.github.io/expdate/index_expdate.html
004020.jpg,ExpDate,real_train,Products-Real.zip,Products-Real/train/images/img_00668.jpg,img_00668.jpg,1019,799,72c5ad193d1d2ba5ff33dd8d8a4805876317de9fc2bdd7d13901782f14716e37,CC BY 4.0,https://felizang.github.io/expdate/index_expdate.html
004021.jpg,ExpDate,real_train,Products-Real.zip,Products-Real/train/images/img_00669.jpg,img_00669.jpg,1033,914,1c41a0667c91fdaf49719dd32ed5a35bac3e8c28a76a579fa862c3ecd1293e88,CC BY 4.0,https://felizang.github.io/expdate/index_expdate.html
004022.jpg,ExpDate,real_train,Products-Real.zip,Products-Real/train/images/img_00670.jpg,img_00670.jpg,1016,912,81ec458bd348c0b374038634be94ee04434ec48a90e064647d4b354063c6960b,CC BY 4.0,https://felizang.github.io/expdate/index_expdate.html
004023.jpg,ExpDate,real_train,Products-Real.zip,Products-Real/train/images/img_00671.jpg,img_00671.jpg,756,734,b0e9d2b83cdb98e1ae6c5302df5f2abc323adeee48c43eca07e4ed567bd27b06,CC BY 4.0,https://felizang.github.io/expdate/index_expdate.html
004024.jpg,ExpDate,real_train,Products-Real.zip,Products-Real/train/images/img_00672.jpg,img_00672.jpg,893,637,9755fad71c4bb1f195dacea9dff9a8819a883eefcbeb07d183c8ceffe0d4dd63,CC BY 4.0,https://felizang.github.io/expdate/index_expdate.html
004025.jpg,ExpDate,real_train,Products-Real.zip,Products-Real/train/images/img_00673.jpg,img_00673.jpg,1008,756,8a399ed8c2ee038ade03a1933782ce39f6c83074f0908853bd82209978a15d94,CC BY 4.0,https://felizang.github.io/expdate/index_expdate.html
004026.jpg,ExpDate,real_train,Products-Real.zip,Products-Real/train/images/img_00674.jpg,img_00674.jpg,1008,756,bb11e49e3816a0f619ec34809b23807816dfa38bf048e8bcb8380d63a2c89a4e,CC BY 4.0,https://felizang.github.io/expdate/index_expdate.html
004027.jpg,ExpDate,real_train,Products-Real.zip,Products-Real/train/images/img_00675.jpg,img_00675.jpg,1130,847,e0d07da73dd146924ec8e483a0516df13647c44d4d01c4fa83fec25c60fb2f2f,CC BY 4.0,https://felizang.github.io/expdate/index_expdate.html
004028.jpg,ExpDate,real_train,Products-Real.zip,Products-Real/train/images/img_00676.jpg,img_00676.jpg,1066,800,fc128bea8f74ab85af2f1f64dbfac99b2b5f8c72a3fcdefb6ed21e98ae7f711e,CC BY 4.0,https://felizang.github.io/expdate/index_expdate.html
004029.jpg,ExpDate,real_train,Products-Real.zip,Products-Real/train/images/img_00677.jpg,img_00677.jpg,1049,787,d9888e83f3b315c1bf591598802e8d4dc8425155f2d9cebf98711a8f56d1667c,CC BY 4.0,https://felizang.github.io/expdate/index_expdate.html
004030.jpg,ExpDate,real_train,Products-Real.zip,Products-Real/train/images/img_00678.jpg,img_00678.jpg,1039,911,3a6d4b9f5687e4daa13787203190385c6e4bc2d34a7a55b1f90b25d126bdc985,CC BY 4.0,https://felizang.github.io/expdate/index_expdate.html
004031.jpg,ExpDate,real_train,Products-Real.zip,Products-Real/train/images/img_00679.jpg,img_00679.jpg,1041,755,6c0659137c9aa8a96425d5b10330be30bc3f8e77b83d83451afbc052e5c75e84,CC BY 4.0,https://felizang.github.io/expdate/index_expdate.html
004032.jpg,ExpDate,real_train,Products-Real.zip,Products-Real/train/images/img_00680.jpg,img_00680.jpg,915,1220,e8322e43cf5b33aa17d02b96313098ec2781af9638176f91dfa0da18972e9deb,CC BY 4.0,https://felizang.github.io/expdate/index_expdate.html
004033.jpg,ExpDate,real_train,Products-Real.zip,Products-Real/train/images/img_00681.jpg,img_00681.jpg,1338,904,f392e443a3b545e077c835715bf7346ed8561fbfe1ed29ebaaeb556d3e855cb3,CC BY 4.0,https://felizang.github.io/expdate/index_expdate.html
004034.jpg,ExpDate,real_train,Products-Real.zip,Products-Real/train/images/img_00682.jpg,img_00682.jpg,1152,817,53a43ee79722b6d957724d502f72a4146cd79118efe2df6e1246de5210cdcce9,CC BY 4.0,https://felizang.github.io/expdate/index_expdate.html
004035.jpg,ExpDate,real_train,Products-Real.zip,Products-Real/train/images/img_00683.jpg,img_00683.jpg,1270,861,b24701a85d08e8eb1727bac766f29ee8073c9fe92b339297b8c77282d07efdf8,CC BY 4.0,https://felizang.github.io/expdate/index_expdate.html
004036.jpg,ExpDate,real_train,Products-Real.zip,Products-Real/train/images/img_00684.jpg,img_00684.jpg,1099,744,7196f1264b5bcbb256bfe4ce8238c7e22455dfc89b6dc915ba1887d9dfe06587,CC BY 4.0,https://felizang.github.io/expdate/index_expdate.html
004037.jpg,ExpDate,real_train,Products-Real.zip,Products-Real/train/images/img_00685.jpg,img_00685.jpg,1095,1460,0bd42d47261fee3e28d71ce22da9aa625a13cf347f29d1f202d1b1972a8196bc,CC BY 4.0,https://felizang.github.io/expdate/index_expdate.html
004038.jpg,ExpDate,real_train,Products-Real.zip,Products-Real/train/images/img_00686.jpg,img_00686.jpg,1019,1359,21227919ee5744b733b9c3914e6074667a2c3f217c8ed9c3e13cf7653bb3fc35,CC BY 4.0,https://felizang.github.io/expdate/index_expdate.html
004039.jpg,ExpDate,real_train,Products-Real.zip,Products-Real/train/images/img_00687.jpg,img_00687.jpg,1027,1370,07c6acef470b923c1d04927c13c186ee5e782b2eedde08134a6f71774a12d52a,CC BY 4.0,https://felizang.github.io/expdate/index_expdate.html
004040.jpg,ExpDate,real_train,Products-Real.zip,Products-Real/train/images/img_00688.jpg,img_00688.jpg,992,1322,eeb9451c8493433ff3571a79f7f3983cec1e4b61d1c7fed1402d54dcf03414f8,CC BY 4.0,https://felizang.github.io/expdate/index_expdate.html
004041.jpg,ExpDate,real_train,Products-Real.zip,Products-Real/train/images/img_00689.jpg,img_00689.jpg,987,1316,b9ee8edbd987f304b9c0be4b1748a2b84f0fdabe3e333620a1be132c6657f32d,CC BY 4.0,https://felizang.github.io/expdate/index_expdate.html
004042.jpg,ExpDate,real_train,Products-Real.zip,Products-Real/train/images/img_00690.jpg,img_00690.jpg,912,1216,1cc12dff751210b82dd23b8b9ef3f7cb24454ce702388d598a6e4f061fd66622,CC BY 4.0,https://felizang.github.io/expdate/index_expdate.html
004043.jpg,ExpDate,real_train,Products-Real.zip,Products-Real/train/images/img_00691.jpg,img_00691.jpg,1023,1364,a92a13df2857abd521855cab47d65d0734b99097fa0db1d168b169d740c160c1,CC BY 4.0,https://felizang.github.io/expdate/index_expdate.html
004044.jpg,ExpDate,real_train,Products-Real.zip,Products-Real/train/images/img_00692.jpg,img_00692.jpg,1112,1483,46bf1d887bd878f554d5673a7d8c10490ac37e40c8a95a2205d2434363142134,CC BY 4.0,https://felizang.github.io/expdate/index_expdate.html
004045.jpg,ExpDate,real_train,Products-Real.zip,Products-Real/train/images/img_00693.jpg,img_00693.jpg,1060,1414,2fae2881d19150c9485f0531e5a5687575ba8ae62158b155d165da4bf2ee1b39,CC BY 4.0,https://felizang.github.io/expdate/index_expdate.html
004046.jpg,ExpDate,real_train,Products-Real.zip,Products-Real/train/images/img_00694.jpg,img_00694.jpg,979,1305,74812d884b23d35478a053440d678b3bd8fe3d0f437807c46326a6ec6ddc0453,CC BY 4.0,https://felizang.github.io/expdate/index_expdate.html
004047.jpg,ExpDate,real_train,Products-Real.zip,Products-Real/train/images/img_00695.jpg,img_00695.jpg,913,1218,be4cb76d327d13105da5c1d54f4b203a3b35d07e3754537cb4ee44351d3027ec,CC BY 4.0,https://felizang.github.io/expdate/index_expdate.html
004048.jpg,ExpDate,real_train,Products-Real.zip,Products-Real/train/images/img_00696.jpg,img_00696.jpg,974,1298,b32240cf76ff8560c48c601e4691edb4b1201a79181e597fffb18e1b7f396b22,CC BY 4.0,https://felizang.github.io/expdate/index_expdate.html
004049.jpg,ExpDate,real_train,Products-Real.zip,Products-Real/train/images/img_00697.jpg,img_00697.jpg,795,1135,efda307cc1426963e0efa6d61eb91caae427b64747eb3286c4255c6025380b99,CC BY 4.0,https://felizang.github.io/expdate/index_expdate.html
004050.jpg,ExpDate,real_train,Products-Real.zip,Products-Real/train/images/img_00698.jpg,img_00698.jpg,824,1003,f9aad2765f8311d2aa183f65db6c7f1735976c9053c432731378bfd4cf2ae161,CC BY 4.0,https://felizang.github.io/expdate/index_expdate.html
004051.jpg,ExpDate,real_train,Products-Real.zip,Products-Real/train/images/img_00699.jpg,img_00699.jpg,940,1253,d505c71c874e14bee93345e929579ca73a890e8c1a4fc292d9720ce37c95828c,CC BY 4.0,https://felizang.github.io/expdate/index_expdate.html
004052.jpg,ExpDate,real_train,Products-Real.zip,Products-Real/train/images/img_00700.jpg,img_00700.jpg,1073,1431,1af758d095192f71d7f88dd84ef6d8a47fbfe66e10a46d44a7788e60aaae8369,CC BY 4.0,https://felizang.github.io/expdate/index_expdate.html
004053.jpg,ExpDate,real_train,Products-Real.zip,Products-Real/train/images/img_00701.jpg,img_00701.jpg,1122,1496,7b10e5009696964eaa78362bc3e47e991a967e3b8841dddeabcf74bf2938c538,CC BY 4.0,https://felizang.github.io/expdate/index_expdate.html
004054.jpg,ExpDate,real_train,Products-Real.zip,Products-Real/train/images/img_00702.jpg,img_00702.jpg,1076,1434,0adcaac4ce8743c26af7406f8d25f78e7ff1dace939fda156ed9ead9e7195118,CC BY 4.0,https://felizang.github.io/expdate/index_expdate.html
004055.jpg,ExpDate,real_train,Products-Real.zip,Products-Real/train/images/img_00703.jpg,img_00703.jpg,856,1188,f5dffce17cf28504667e96acc960619a47f64d08869eeabcb9b92435d474ca3c,CC BY 4.0,https://felizang.github.io/expdate/index_expdate.html
004056.jpg,ExpDate,real_train,Products-Real.zip,Products-Real/train/images/img_00704.jpg,img_00704.jpg,1008,1344,7c15d8ddfd9920ac5d6945abe4b82fa9b6c7c793f312a9b04034824eadaeffbc,CC BY 4.0,https://felizang.github.io/expdate/index_expdate.html
004057.jpg,ExpDate,real_train,Products-Real.zip,Products-Real/train/images/img_00705.jpg,img_00705.jpg,1125,1500,df638a5f3d2a039d5a51f99f100c0bef7b7564b0b6878190518a11d14ae47293,CC BY 4.0,https://felizang.github.io/expdate/index_expdate.html
004058.jpg,ExpDate,real_train,Products-Real.zip,Products-Real/train/images/img_00706.jpg,img_00706.jpg,936,1248,bee5052a63cc6d24fb3b94c132d7fde5c548450607fdcb8b6b29d733d8e0e168,CC BY 4.0,https://felizang.github.io/expdate/index_expdate.html
004059.jpg,ExpDate,real_train,Products-Real.zip,Products-Real/train/images/img_00707.jpg,img_00707.jpg,971,1377,da1a2f8ba6a6f5b94c5a7ea1199ab51fc68e2bd8f7a4d50cff6c064a9cae31fe,CC BY 4.0,https://felizang.github.io/expdate/index_expdate.html
004060.jpg,ExpDate,real_train,Products-Real.zip,Products-Real/train/images/img_00708.jpg,img_00708.jpg,934,1298,89a3c657098f4c89db2ff257f36b0f4d035ef9b94f8cb699dc6ec945af379c1b,CC BY 4.0,https://felizang.github.io/expdate/index_expdate.html
004061.jpg,ExpDate,real_train,Products-Real.zip,Products-Real/train/images/img_00709.jpg,img_00709.jpg,983,1311,a42040779d3babe85f2c37d723e2f700a9666b3d2d042a0ba9053f78d0df3ad5,CC BY 4.0,https://felizang.github.io/expdate/index_expdate.html
004062.jpg,ExpDate,real_train,Products-Real.zip,Products-Real/train/images/img_00710.jpg,img_00710.jpg,1084,1445,d4e65e0f412d2d5200f682c5a856e834d585e94fa8ef4965d5d68cc1814a79d5,CC BY 4.0,https://felizang.github.io/expdate/index_expdate.html
004063.jpg,ExpDate,real_train,Products-Real.zip,Products-Real/train/images/img_00711.jpg,img_00711.jpg,1114,1485,bd3ad6c886c4962a287233e4d921137c08a1320f2d36c29289250cedcc150efa,CC BY 4.0,https://felizang.github.io/expdate/index_expdate.html
004064.jpg,ExpDate,real_train,Products-Real.zip,Products-Real/train/images/img_00712.jpg,img_00712.jpg,848,1038,0737bfc190ea88cee64a831ac38a3941d13d0606c4bbcebb1a53c49e313bc289,CC BY 4.0,https://felizang.github.io/expdate/index_expdate.html
004065.jpg,ExpDate,real_train,Products-Real.zip,Products-Real/train/images/img_00713.jpg,img_00713.jpg,816,1024,39a9356210ada3604322c26dac99c5aaa6f9a56461a5d890eb54171428f14464,CC BY 4.0,https://felizang.github.io/expdate/index_expdate.html
004066.jpg,ExpDate,real_train,Products-Real.zip,Products-Real/train/images/img_00714.jpg,img_00714.jpg,1049,1399,918485881eae4965a45e429cd2bc9a1cea66cac1cf1c57185f26cbeb924c3eb6,CC BY 4.0,https://felizang.github.io/expdate/index_expdate.html
004067.jpg,ExpDate,real_train,Products-Real.zip,Products-Real/train/images/img_00715.jpg,img_00715.jpg,884,1179,810744cd615b6e975717928890dbfa644e585ec304d5c85906812cb4e2c4865c,CC BY 4.0,https://felizang.github.io/expdate/index_expdate.html
004068.jpg,ExpDate,real_train,Products-Real.zip,Products-Real/train/images/img_00716.jpg,img_00716.jpg,1037,1383,048af917d01c90456fac172942b7c6dd77ac6250917685f4d00047552778ef77,CC BY 4.0,https://felizang.github.io/expdate/index_expdate.html
004069.jpg,ExpDate,real_train,Products-Real.zip,Products-Real/train/images/img_00717.jpg,img_00717.jpg,1056,1408,b4034c7c715cfbe3e42996e8f42a31ca00c03c09f2b5f74b5e59bf1ff72ff018,CC BY 4.0,https://felizang.github.io/expdate/index_expdate.html
004070.jpg,ExpDate,real_train,Products-Real.zip,Products-Real/train/images/img_00718.jpg,img_00718.jpg,1040,1387,420beb13b811b87d11eaf1196ba17af2cc4ac9591f1fbf79417e9f08aeac54e7,CC BY 4.0,https://felizang.github.io/expdate/index_expdate.html
004071.jpg,ExpDate,real_train,Products-Real.zip,Products-Real/train/images/img_00719.jpg,img_00719.jpg,916,1222,b0408e13c82f7b7a7f930b726190b66972aeb2cb9ad755d7e7d759936213d453,CC BY 4.0,https://felizang.github.io/expdate/index_expdate.html
004072.jpg,ExpDate,real_train,Products-Real.zip,Products-Real/train/images/img_00720.jpg,img_00720.jpg,1019,1359,5ea9f6df1a4e012e7f70ff4594829810e06166669ea490e3a05ce066a2ed2949,CC BY 4.0,https://felizang.github.io/expdate/index_expdate.html
004073.jpg,ExpDate,real_train,Products-Real.zip,Products-Real/train/images/img_00721.jpg,img_00721.jpg,975,1300,5f7ed60bf6c0f29b0b81c279fbf357b0b3f63a29fa3035fb0e4bc9a75504b849,CC BY 4.0,https://felizang.github.io/expdate/index_expdate.html
004074.jpg,ExpDate,real_train,Products-Real.zip,Products-Real/train/images/img_00722.jpg,img_00722.jpg,1083,1444,54ee2b717fbac0887a99dc1ea5635942cf3e834bbbdfe7fc66ed7f8a80e312f9,CC BY 4.0,https://felizang.github.io/expdate/index_expdate.html
004075.jpg,ExpDate,real_train,Products-Real.zip,Products-Real/train/images/img_00723.jpg,img_00723.jpg,988,1317,cc840f3eb7fe55f51d4788886d68884da680544a237f211b43b73a20f4c644ed,CC BY 4.0,https://felizang.github.io/expdate/index_expdate.html
004076.jpg,ExpDate,real_train,Products-Real.zip,Products-Real/train/images/img_00724.jpg,img_00724.jpg,831,1118,910490d0a51cb6bc27893c850d5e33c895e84eedc944c59405f2fcaf9598efcd,CC BY 4.0,https://felizang.github.io/expdate/index_expdate.html
004077.jpg,ExpDate,real_train,Products-Real.zip,Products-Real/train/images/img_00725.jpg,img_00725.jpg,1121,1495,547174b9cbbc4280f3cf6f329196b9269964a9b7560c8213420a413d10c9c40f,CC BY 4.0,https://felizang.github.io/expdate/index_expdate.html
004078.jpg,ExpDate,real_train,Products-Real.zip,Products-Real/train/images/img_00726.jpg,img_00726.jpg,894,1185,5d1ba3b19892d4daf4935ddb3075ca17118d359a010e01c914e6df01fbc4b5b6,CC BY 4.0,https://felizang.github.io/expdate/index_expdate.html
004079.jpg,ExpDate,real_train,Products-Real.zip,Products-Real/train/images/img_00727.jpg,img_00727.jpg,955,1301,5b9e361871b7cd5712fc8bb980237b6039c26d35972e0f916a21adffe74bd536,CC BY 4.0,https://felizang.github.io/expdate/index_expdate.html
004080.jpg,ExpDate,real_train,Products-Real.zip,Products-Real/train/images/img_00728.jpg,img_00728.jpg,1536,2048,372ed57caef7d2faf48ab55a2edff7df0e70cd5134a1a674c9f2c42bed429d19,CC BY 4.0,https://felizang.github.io/expdate/index_expdate.html
004081.jpg,ExpDate,real_train,Products-Real.zip,Products-Real/train/images/img_00729.jpg,img_00729.jpg,1026,1368,89f8b1941fb2fddaea780ddf71897d7eb1c91ccdd845848010ddb1056491966d,CC BY 4.0,https://felizang.github.io/expdate/index_expdate.html
004082.jpg,ExpDate,real_train,Products-Real.zip,Products-Real/train/images/img_00730.jpg,img_00730.jpg,1116,1489,cc85119d86b516926b0f1578406296b7aad43e1c344afe14a95ba68a7f73cfda,CC BY 4.0,https://felizang.github.io/expdate/index_expdate.html
004083.jpg,ExpDate,real_train,Products-Real.zip,Products-Real/train/images/img_00731.jpg,img_00731.jpg,1251,938,c931feb94eaf6915263d8b386c4ee5877657253339d3ca47ae2f4b8e28c7a85d,CC BY 4.0,https://felizang.github.io/expdate/index_expdate.html
004084.jpg,ExpDate,real_train,Products-Real.zip,Products-Real/train/images/img_00732.jpg,img_00732.jpg,1373,947,e91d4ab42c1e1bd032a4d50e8451c460583b71b850113eef811b485244727ba6,CC BY 4.0,https://felizang.github.io/expdate/index_expdate.html
004085.jpg,ExpDate,real_train,Products-Real.zip,Products-Real/train/images/img_00733.jpg,img_00733.jpg,1126,1501,0bc1a7451c50278e1abdef688aa113443667138f3d3a652832e53181e9abbe01,CC BY 4.0,https://felizang.github.io/expdate/index_expdate.html
004086.jpg,ExpDate,real_train,Products-Real.zip,Products-Real/train/images/img_00734.jpg,img_00734.jpg,1061,1415,b39ee8276f10af5b12d06b7ca670b6758f0ec2e3a17d4606de0444d279605308,CC BY 4.0,https://felizang.github.io/expdate/index_expdate.html
004087.jpg,ExpDate,real_train,Products-Real.zip,Products-Real/train/images/img_00735.jpg,img_00735.jpg,1077,1435,095f6211c447221bf58b5a0f4b5d8842daeb01e1ed4acc13013c8229133637b9,CC BY 4.0,https://felizang.github.io/expdate/index_expdate.html
004088.jpg,ExpDate,real_train,Products-Real.zip,Products-Real/train/images/img_00736.jpg,img_00736.jpg,922,1230,39c5ca84b00b15f2e204478684fd478666526c9d6a740c0b51971de4f3bb8f53,CC BY 4.0,https://felizang.github.io/expdate/index_expdate.html
004089.jpg,ExpDate,real_train,Products-Real.zip,Products-Real/train/images/img_00737.jpg,img_00737.jpg,991,1322,695be307a5f22963c2ce569eb32fc606cb966143c4df6dba37753cc9473e06d5,CC BY 4.0,https://felizang.github.io/expdate/index_expdate.html
004090.jpg,ExpDate,real_train,Products-Real.zip,Products-Real/train/images/img_00738.jpg,img_00738.jpg,937,1279,d6680fdfe8a9827150653a7e95d9be82ed9a1d765629766058c0b42e12741b7d,CC BY 4.0,https://felizang.github.io/expdate/index_expdate.html
004091.jpg,ExpDate,real_train,Products-Real.zip,Products-Real/train/images/img_00739.jpg,img_00739.jpg,947,1262,4dd5c2e47fc43bb3a204686e650cf96796d264c1991ebf79ea5823c773d2ff13,CC BY 4.0,https://felizang.github.io/expdate/index_expdate.html
004092.jpg,ExpDate,real_train,Products-Real.zip,Products-Real/train/images/img_00740.jpg,img_00740.jpg,923,1231,b76de0170119aac2f303a814c42391136de0099ac975558185f4a2f8ba917b79,CC BY 4.0,https://felizang.github.io/expdate/index_expdate.html
004093.jpg,ExpDate,real_train,Products-Real.zip,Products-Real/train/images/img_00741.jpg,img_00741.jpg,934,1245,b290b62cfbf7c2d05dd24ec5a45cfdad04827001fbee156539e92783aad64dc6,CC BY 4.0,https://felizang.github.io/expdate/index_expdate.html
004094.jpg,ExpDate,real_train,Products-Real.zip,Products-Real/train/images/img_00742.jpg,img_00742.jpg,1213,910,820b03c7fcedf50148911633ce937a31a7d17124b4249df1f876931d3972df97,CC BY 4.0,https://felizang.github.io/expdate/index_expdate.html
004095.jpg,ExpDate,real_train,Products-Real.zip,Products-Real/train/images/img_00743.jpg,img_00743.jpg,918,1223,f7aed9523c19dd7a6b4238f5a3dfeff49125d30dd9c4ed84c8d54eb04b914313,CC BY 4.0,https://felizang.github.io/expdate/index_expdate.html
004096.jpg,ExpDate,real_train,Products-Real.zip,Products-Real/train/images/img_00744.jpg,img_00744.jpg,957,1280,ca1a6eb232f0b1a6a89309f2254cbcb8ca9db0d869e693e2ffd97102715151c1,CC BY 4.0,https://felizang.github.io/expdate/index_expdate.html
004097.jpg,ExpDate,real_train,Products-Real.zip,Products-Real/train/images/img_00745.jpg,img_00745.jpg,990,1320,50cdccb424f8ba98520d9621567d7dad2b7b550c5a123ddd1ff41234ca41b4b9,CC BY 4.0,https://felizang.github.io/expdate/index_expdate.html
004098.jpg,ExpDate,real_train,Products-Real.zip,Products-Real/train/images/img_00746.jpg,img_00746.jpg,1132,1509,94bb5ba96d6b440ffa9de5afd8ed2c32076af3daf9f4db83b1d489e88b66e27e,CC BY 4.0,https://felizang.github.io/expdate/index_expdate.html
004099.jpg,ExpDate,real_train,Products-Real.zip,Products-Real/train/images/img_00747.jpg,img_00747.jpg,1051,1402,791819b160fa934a8e94ccea14097c41ea35b2281d77f75c9f7e14866e45ef22,CC BY 4.0,https://felizang.github.io/expdate/index_expdate.html
004100.jpg,ExpDate,real_train,Products-Real.zip,Products-Real/train/images/img_00748.jpg,img_00748.jpg,895,1198,098011a121184e25b3aeeadaeff63d22d648ac203dfb7458e9da08367e40502f,CC BY 4.0,https://felizang.github.io/expdate/index_expdate.html
004101.jpg,ExpDate,real_train,Products-Real.zip,Products-Real/train/images/img_00749.jpg,img_00749.jpg,994,1325,5d771fd549da6d4a235670325433115e642fe0b41ccd6dc0ab80eb6cfe04ea94,CC BY 4.0,https://felizang.github.io/expdate/index_expdate.html
004102.jpg,ExpDate,real_train,Products-Real.zip,Products-Real/train/images/img_00750.jpg,img_00750.jpg,1074,1433,d0073c5e89fb7aaa963d5d5e7be9a89d9b3ebb75298e279020d348c0c15f1363,CC BY 4.0,https://felizang.github.io/expdate/index_expdate.html
004103.jpg,ExpDate,real_train,Products-Real.zip,Products-Real/train/images/img_00751.jpg,img_00751.jpg,934,1245,69ff6727b37b4e201b4cf898c5834b30033dc8978a144649340be798b6df8bb8,CC BY 4.0,https://felizang.github.io/expdate/index_expdate.html
004104.jpg,ExpDate,real_train,Products-Real.zip,Products-Real/train/images/img_00752.jpg,img_00752.jpg,1052,1403,f5f27107a5638fe7833b254c291fc8179d16a91dcd8ecdc9c27b4ac98010c5be,CC BY 4.0,https://felizang.github.io/expdate/index_expdate.html
004105.jpg,ExpDate,real_train,Products-Real.zip,Products-Real/train/images/img_00753.jpg,img_00753.jpg,1004,1338,3a14ae23b82516b46c273c20983cf141b0cdb3149fc2dbf0117df5479bee586b,CC BY 4.0,https://felizang.github.io/expdate/index_expdate.html
004106.jpg,ExpDate,real_train,Products-Real.zip,Products-Real/train/images/img_00754.jpg,img_00754.jpg,934,1245,fe5494e8b54d84b034230b78c35e0fee38f7d80c4e7eac5e65fd995d9e773c7f,CC BY 4.0,https://felizang.github.io/expdate/index_expdate.html
004107.jpg,ExpDate,real_train,Products-Real.zip,Products-Real/train/images/img_00755.jpg,img_00755.jpg,994,1325,b05be8ded2b098f1f4b6046c019bd4eea7a76ec59565caa5f1b458b1200c7432,CC BY 4.0,https://felizang.github.io/expdate/index_expdate.html
004108.jpg,ExpDate,real_train,Products-Real.zip,Products-Real/train/images/img_00756.jpg,img_00756.jpg,883,1222,f1bc576be6e73d62d39da40d01765e3d8db4290231623a74be6fd1debc824527,CC BY 4.0,https://felizang.github.io/expdate/index_expdate.html
004109.jpg,ExpDate,real_train,Products-Real.zip,Products-Real/train/images/img_00757.jpg,img_00757.jpg,907,1209,84679eba0875527026d9847d6ef1225e9340a4024dd3597ef28f10897684b08b,CC BY 4.0,https://felizang.github.io/expdate/index_expdate.html
004110.jpg,ExpDate,real_train,Products-Real.zip,Products-Real/train/images/img_00758.jpg,img_00758.jpg,1055,1407,28a11f33ed8a7f151ec2ba533d2e7d2d9adbef353a4f060d044e6ce226d8fccd,CC BY 4.0,https://felizang.github.io/expdate/index_expdate.html
004111.jpg,ExpDate,real_train,Products-Real.zip,Products-Real/train/images/img_00759.jpg,img_00759.jpg,791,1026,e27a6ede7ac37472f8683c5b7e4b6b361f3c041fa3287ad41994ab60958fe47b,CC BY 4.0,https://felizang.github.io/expdate/index_expdate.html
004112.jpg,ExpDate,real_train,Products-Real.zip,Products-Real/train/images/img_00760.jpg,img_00760.jpg,1236,927,bf4cd5e2107657f21a120139d65aa8990b0a965298b770a7bdb49051ff10929f,CC BY 4.0,https://felizang.github.io/expdate/index_expdate.html
004113.jpg,ExpDate,real_train,Products-Real.zip,Products-Real/train/images/img_00761.jpg,img_00761.jpg,1296,972,64f627278bc1f3c5acdfd3f30a31af8931d34554dc508986c9766694792a652e,CC BY 4.0,https://felizang.github.io/expdate/index_expdate.html
004114.jpg,ExpDate,real_train,Products-Real.zip,Products-Real/train/images/img_00762.jpg,img_00762.jpg,919,1225,e0fbfe78c13da5c8586219913580e37e0c1af2cc1a0e3b64f0d9372861fb1186,CC BY 4.0,https://felizang.github.io/expdate/index_expdate.html
004115.jpg,ExpDate,real_train,Products-Real.zip,Products-Real/train/images/img_00763.jpg,img_00763.jpg,2048,1536,afbac1dc021b89e13f3dfde86f3e4462a37a55c95a550d370bc74a5dc2038abe,CC BY 4.0,https://felizang.github.io/expdate/index_expdate.html
004116.jpg,ExpDate,real_train,Products-Real.zip,Products-Real/train/images/img_00764.jpg,img_00764.jpg,957,1276,ba447de729bb89eda0768602d732c6195bbc006dc2aa8cf952e1126849591461,CC BY 4.0,https://felizang.github.io/expdate/index_expdate.html
004117.jpg,ExpDate,real_train,Products-Real.zip,Products-Real/train/images/img_00765.jpg,img_00765.jpg,924,1232,cd1604a743de770383c9011f663ecc6a1ef64b7fe8af4cca743a786569c21cd0,CC BY 4.0,https://felizang.github.io/expdate/index_expdate.html
004118.jpg,ExpDate,real_train,Products-Real.zip,Products-Real/train/images/img_00766.jpg,img_00766.jpg,977,1302,635354891f45cfb5f91f69c4e5c0f8db6ed85c9656c86ae9f4cd83a3f6590da1,CC BY 4.0,https://felizang.github.io/expdate/index_expdate.html
004119.jpg,ExpDate,real_train,Products-Real.zip,Products-Real/train/images/img_00767.jpg,img_00767.jpg,902,1203,9b1d5bc169ac0304222f51921e205a390ac05eefad38221f959a51c985302ee6,CC BY 4.0,https://felizang.github.io/expdate/index_expdate.html
004120.jpg,ExpDate,real_train,Products-Real.zip,Products-Real/train/images/img_00768.jpg,img_00768.jpg,816,1124,bde4ec6a526405d588a22ad897bc24b1633c499bb0d91e06125590d9cb080711,CC BY 4.0,https://felizang.github.io/expdate/index_expdate.html
004121.jpg,ExpDate,real_train,Products-Real.zip,Products-Real/train/images/img_00769.jpg,img_00769.jpg,1277,958,d63bfdedbaeeeb62b665833f934605cd516bc07edc74a60a93276c422540080f,CC BY 4.0,https://felizang.github.io/expdate/index_expdate.html
004122.jpg,ExpDate,real_train,Products-Real.zip,Products-Real/train/images/img_00770.jpg,img_00770.jpg,1210,907,c41d27512df6c52a44d20e09bdf9e5a8d022d2b79d7fb7be538214ff0404b62d,CC BY 4.0,https://felizang.github.io/expdate/index_expdate.html
004123.jpg,ExpDate,real_train,Products-Real.zip,Products-Real/train/images/img_00771.jpg,img_00771.jpg,1227,860,f6198142a1cd96c47a24c77da2c8a1035532e44fdd4fa23d60c20c00f2606013,CC BY 4.0,https://felizang.github.io/expdate/index_expdate.html
004124.jpg,ExpDate,real_train,Products-Real.zip,Products-Real/train/images/img_00772.jpg,img_00772.jpg,881,1175,daf67f468b1b75729918b6a2b4f3a650a4ddf2d8f94cb12599dcc2d44a831034,CC BY 4.0,https://felizang.github.io/expdate/index_expdate.html
004125.jpg,ExpDate,real_train,Products-Real.zip,Products-Real/train/images/img_00773.jpg,img_00773.jpg,1023,1365,333eb737a2562d8ff480868e5da93ac4b8aeb267c047c02f618134f13254071b,CC BY 4.0,https://felizang.github.io/expdate/index_expdate.html
004126.jpg,ExpDate,real_train,Products-Real.zip,Products-Real/train/images/img_00774.jpg,img_00774.jpg,1310,982,8575da7d2deb147d02e1bce1884edc44f42f941c30580f968c11e64b91685ec8,CC BY 4.0,https://felizang.github.io/expdate/index_expdate.html
004127.jpg,ExpDate,real_train,Products-Real.zip,Products-Real/train/images/img_00775.jpg,img_00775.jpg,965,1286,227c3172dc46c69be3927cc34c1460d6b64d394eabd6f63b0f9dad6252aa5363,CC BY 4.0,https://felizang.github.io/expdate/index_expdate.html
004128.jpg,ExpDate,real_train,Products-Real.zip,Products-Real/train/images/img_00776.jpg,img_00776.jpg,942,1256,484485c18f916d394164e5300634d186ae9092f41f75b74dc8872bca5f8e3e0f,CC BY 4.0,https://felizang.github.io/expdate/index_expdate.html
004129.jpg,ExpDate,real_train,Products-Real.zip,Products-Real/train/images/img_00777.jpg,img_00777.jpg,970,1293,e26167a88723315daece48bd5e2f0262d0b91a72a4a081d3134347e0ac302bb2,CC BY 4.0,https://felizang.github.io/expdate/index_expdate.html
004130.jpg,ExpDate,real_train,Products-Real.zip,Products-Real/train/images/img_00778.jpg,img_00778.jpg,951,1269,d0ab04ac016b96a6ea212f847023e42563bf040b6c5d20a180f07accd2d1a976,CC BY 4.0,https://felizang.github.io/expdate/index_expdate.html
004131.jpg,ExpDate,real_train,Products-Real.zip,Products-Real/train/images/img_00779.jpg,img_00779.jpg,1068,1423,ae76d8ab50a53ea945ebe3a84d1c38ecc0b6e83ea3788529a5f3c19e42ddd5c8,CC BY 4.0,https://felizang.github.io/expdate/index_expdate.html
004132.jpg,ExpDate,real_train,Products-Real.zip,Products-Real/train/images/img_00780.jpg,img_00780.jpg,942,1256,85fde33be54356648b023b0dab0c5afab72cb558b0138b443e7a538b4ce107f9,CC BY 4.0,https://felizang.github.io/expdate/index_expdate.html
004133.jpg,ExpDate,real_train,Products-Real.zip,Products-Real/train/images/img_00781.jpg,img_00781.jpg,738,1066,5dbfb2292cd9ecb3c030e130845f6df9bef7b95d456bbfb80c6ce0eb8ad59146,CC BY 4.0,https://felizang.github.io/expdate/index_expdate.html
004134.jpg,ExpDate,real_train,Products-Real.zip,Products-Real/train/images/img_00782.jpg,img_00782.jpg,1018,1383,38f6161b769561ec0046097bb94a737f25a326465978e11ee14ac66700cb078e,CC BY 4.0,https://felizang.github.io/expdate/index_expdate.html
004135.jpg,ExpDate,real_train,Products-Real.zip,Products-Real/train/images/img_00783.jpg,img_00783.jpg,1536,2048,1dd3a93f4f9999f6ceab9dbf378186050fecf85a18d316c8a2ba8c9cf59ad99f,CC BY 4.0,https://felizang.github.io/expdate/index_expdate.html
004136.jpg,ExpDate,real_train,Products-Real.zip,Products-Real/train/images/img_00784.jpg,img_00784.jpg,935,1126,54958bb0619295abaf370bf692eeffe712eb183e8535c9c5c7cea24512c0e404,CC BY 4.0,https://felizang.github.io/expdate/index_expdate.html
004137.jpg,ExpDate,real_train,Products-Real.zip,Products-Real/train/images/img_00785.jpg,img_00785.jpg,1086,1448,99b02805a6a4eb0cab75442f9ff92db437edd40005bf3a38b51f04f034f76d18,CC BY 4.0,https://felizang.github.io/expdate/index_expdate.html
004138.jpg,ExpDate,real_train,Products-Real.zip,Products-Real/train/images/img_00786.jpg,img_00786.jpg,1090,1454,82267e39c27568a385169d8701405989d5ac4d5d1a55a9d11c1096ae21e60326,CC BY 4.0,https://felizang.github.io/expdate/index_expdate.html
004139.jpg,ExpDate,real_train,Products-Real.zip,Products-Real/train/images/img_00787.jpg,img_00787.jpg,1258,944,9c825904e706df0f3bb508c9cfbb0ce957e5a73ed40db5bc71d25fcb14f7c181,CC BY 4.0,https://felizang.github.io/expdate/index_expdate.html
004140.jpg,ExpDate,real_train,Products-Real.zip,Products-Real/train/images/img_00788.jpg,img_00788.jpg,1059,1412,6e59f5d4693dfc6123dd921e6f4e9428d97587330f76c641257894efacec9c95,CC BY 4.0,https://felizang.github.io/expdate/index_expdate.html
004141.jpg,ExpDate,real_train,Products-Real.zip,Products-Real/train/images/img_00789.jpg,img_00789.jpg,1133,1510,9c9d6bb8d8c90db2f4da53bf3fa972317ceaa8f479cb494bf7c608afe1ae8e5c,CC BY 4.0,https://felizang.github.io/expdate/index_expdate.html
004142.jpg,ExpDate,real_train,Products-Real.zip,Products-Real/train/images/img_00790.jpg,img_00790.jpg,1343,1007,a0908717f8a9edfb7dd8f6857297b40a40fd0be79cb429563aa9363930983714,CC BY 4.0,https://felizang.github.io/expdate/index_expdate.html
004143.jpg,ExpDate,real_train,Products-Real.zip,Products-Real/train/images/img_00791.jpg,img_00791.jpg,900,1200,1a4359ded5dcb8be859224ccc539ba3e8467d5316a17824ac70feb63dd865484,CC BY 4.0,https://felizang.github.io/expdate/index_expdate.html
004144.jpg,ExpDate,real_train,Products-Real.zip,Products-Real/train/images/img_00792.jpg,img_00792.jpg,975,1300,7754e3a83f1fe3e10bc754be1f9dbd972492d58ab07456dfb60675a66f563b8a,CC BY 4.0,https://felizang.github.io/expdate/index_expdate.html
004145.jpg,ExpDate,real_train,Products-Real.zip,Products-Real/train/images/img_00793.jpg,img_00793.jpg,919,1225,b2f1a51b48abc53a9f4bcc5dcfe9e48d31c7cc30f3648c574fd1ec3c2eb3cea9,CC BY 4.0,https://felizang.github.io/expdate/index_expdate.html
004146.jpg,ExpDate,real_train,Products-Real.zip,Products-Real/train/images/img_00794.jpg,img_00794.jpg,983,1310,2da75b23beed9dc615d931c933a0e19f7b607c480cc453588bf836bfd2f3f529,CC BY 4.0,https://felizang.github.io/expdate/index_expdate.html
004147.jpg,ExpDate,real_train,Products-Real.zip,Products-Real/train/images/img_00795.jpg,img_00795.jpg,927,1236,a350399787e195bcd95638c744c5b59933c9b43d8546b55685854c8d366ab0b8,CC BY 4.0,https://felizang.github.io/expdate/index_expdate.html
004148.jpg,ExpDate,real_train,Products-Real.zip,Products-Real/train/images/img_00796.jpg,img_00796.jpg,1068,1425,d3f2f699936409dae4f3c9bc31585e649f158c5432878039c7046af9bb301682,CC BY 4.0,https://felizang.github.io/expdate/index_expdate.html
004149.jpg,ExpDate,real_train,Products-Real.zip,Products-Real/train/images/img_00797.jpg,img_00797.jpg,1025,1367,7e1f6868898d2f027f5bf144c5c00d1ac55c3eaa9ef55ffe4a6d47f873f70df3,CC BY 4.0,https://felizang.github.io/expdate/index_expdate.html
004150.jpg,ExpDate,real_train,Products-Real.zip,Products-Real/train/images/img_00798.jpg,img_00798.jpg,1094,1458,5c1ddd8a46ac8b9e2e8dce792599c1ba40c45c592277f73648ae111ead136089,CC BY 4.0,https://felizang.github.io/expdate/index_expdate.html
004151.jpg,ExpDate,real_train,Products-Real.zip,Products-Real/train/images/img_00799.jpg,img_00799.jpg,955,1273,9448501074c6c55238c6001c182a2675c866ae11c16b81384398a5d26d550a50,CC BY 4.0,https://felizang.github.io/expdate/index_expdate.html
004152.jpg,ExpDate,real_train,Products-Real.zip,Products-Real/train/images/img_00800.jpg,img_00800.jpg,939,1252,aead34c70cce38a47ad6da98d5b88e53f4f6392bb568225525c43b520ca8635b,CC BY 4.0,https://felizang.github.io/expdate/index_expdate.html
004153.jpg,ExpDate,real_train,Products-Real.zip,Products-Real/train/images/img_00801.jpg,img_00801.jpg,1050,1400,c437c9b3ad1d683c6670ef49dd344deb84851f81f7b83449c2c53c7b4c9ca9dc,CC BY 4.0,https://felizang.github.io/expdate/index_expdate.html
004154.jpg,ExpDate,real_train,Products-Real.zip,Products-Real/train/images/img_00802.jpg,img_00802.jpg,1025,1367,69ba86dcaeb7f6e392fe2144a5dcfe96030866320e92f0ddd326e2c843ee1e62,CC BY 4.0,https://felizang.github.io/expdate/index_expdate.html
004155.jpg,ExpDate,real_train,Products-Real.zip,Products-Real/train/images/img_00803.jpg,img_00803.jpg,861,1148,d2aa852bf40fd3ea010e3c5fe5148280017ac2a58156a4ada003f38debf3ddef,CC BY 4.0,https://felizang.github.io/expdate/index_expdate.html
004156.jpg,ExpDate,real_train,Products-Real.zip,Products-Real/train/images/img_00804.jpg,img_00804.jpg,1043,1391,a112c46dcdb616a70d68d7d2a3285e6a56690b1455060c80d3155982aa6d49ed,CC BY 4.0,https://felizang.github.io/expdate/index_expdate.html
004157.jpg,ExpDate,real_train,Products-Real.zip,Products-Real/train/images/img_00805.jpg,img_00805.jpg,914,1219,33cb6f8d22b5107d90ec144c6895e3dec0f0862a889a5b6dd0ca9ffc750903ef,CC BY 4.0,https://felizang.github.io/expdate/index_expdate.html
004158.jpg,ExpDate,real_train,Products-Real.zip,Products-Real/train/images/img_00806.jpg,img_00806.jpg,1074,1432,c9dd0884e278b3edc867361076cb1f10f067a62b2d035c89acb55d0208f692ea,CC BY 4.0,https://felizang.github.io/expdate/index_expdate.html
004159.jpg,ExpDate,real_train,Products-Real.zip,Products-Real/train/images/img_00807.jpg,img_00807.jpg,1077,1435,e4e98f3b001337f5566bc9af3a5662201292cc99a6682a78ec47f27b2cc264e0,CC BY 4.0,https://felizang.github.io/expdate/index_expdate.html
004160.jpg,ExpDate,real_train,Products-Real.zip,Products-Real/train/images/img_00808.jpg,img_00808.jpg,942,1256,b2a3b8c57deb54f351109fb463f87fa3b960119965d27e71e657b14d87cbbb68,CC BY 4.0,https://felizang.github.io/expdate/index_expdate.html
004161.jpg,ExpDate,real_train,Products-Real.zip,Products-Real/train/images/img_00809.jpg,img_00809.jpg,927,1236,e6d961f24248b86a4a676faf7f05c928477a8f6c96c9e2369991964e11a96c12,CC BY 4.0,https://felizang.github.io/expdate/index_expdate.html
004162.jpg,ExpDate,real_train,Products-Real.zip,Products-Real/train/images/img_00810.jpg,img_00810.jpg,1102,1470,b53d0dd662829da9fc77edbcd55a7d9f60bbd04659e3fba540eb1e43da228e81,CC BY 4.0,https://felizang.github.io/expdate/index_expdate.html
004163.jpg,ExpDate,real_train,Products-Real.zip,Products-Real/train/images/img_00811.jpg,img_00811.jpg,1041,1388,218efd7c291f08cf73de105b969129667e0dae7748f3076a616804bbd47a5fbf,CC BY 4.0,https://felizang.github.io/expdate/index_expdate.html
004164.jpg,ExpDate,real_train,Products-Real.zip,Products-Real/train/images/img_00812.jpg,img_00812.jpg,931,1241,1f81d7b14a5d45c60005380b57dcaf06e1bd39b3c45edac680301499e606fe3e,CC BY 4.0,https://felizang.github.io/expdate/index_expdate.html
004165.jpg,ExpDate,real_train,Products-Real.zip,Products-Real/train/images/img_00813.jpg,img_00813.jpg,902,1199,ee63c32cb249dcac3d815c3eceeaf9be5d8fb3fee197dc058f452b0cf0b4fbd3,CC BY 4.0,https://felizang.github.io/expdate/index_expdate.html
004166.jpg,ExpDate,real_train,Products-Real.zip,Products-Real/train/images/img_00814.jpg,img_00814.jpg,1031,1374,6764a36a1cc6d3e08574453c14d542b3d07c92ea351be72a2f75783a5619983c,CC BY 4.0,https://felizang.github.io/expdate/index_expdate.html
004167.jpg,ExpDate,real_train,Products-Real.zip,Products-Real/train/images/img_00815.jpg,img_00815.jpg,1494,1121,4e7533c5d1969751fe460f6bc25c2486216f20b587eed2a9fbc184d2509eca78,CC BY 4.0,https://felizang.github.io/expdate/index_expdate.html
004168.jpg,ExpDate,real_train,Products-Real.zip,Products-Real/train/images/img_00816.jpg,img_00816.jpg,1029,1353,0f24fd8f16360d5267453d6766cdea8b76bcb9e6cc4ebbcb85a44efa1c9c4a96,CC BY 4.0,https://felizang.github.io/expdate/index_expdate.html
004169.jpg,ExpDate,real_train,Products-Real.zip,Products-Real/train/images/img_00817.jpg,img_00817.jpg,956,1128,9a6b981a6efc7342680f2171b9da11f247eaf05ea12bbb7a4ea6c20332a39222,CC BY 4.0,https://felizang.github.io/expdate/index_expdate.html
004170.jpg,ExpDate,real_train,Products-Real.zip,Products-Real/train/images/img_00818.jpg,img_00818.jpg,975,1300,72ec54687d1559dadd8a13592282dcc2542019066f264c7dda5346022c0aa3f2,CC BY 4.0,https://felizang.github.io/expdate/index_expdate.html
004171.jpg,ExpDate,real_train,Products-Real.zip,Products-Real/train/images/img_00819.jpg,img_00819.jpg,913,1282,3addd8909b123ff976975dde67279286e45078011c13ca787a2906a265eb18ca,CC BY 4.0,https://felizang.github.io/expdate/index_expdate.html
004172.jpg,ExpDate,real_train,Products-Real.zip,Products-Real/train/images/img_00820.jpg,img_00820.jpg,715,844,0627893cd89e9d97ea2c0eae3757a6c2f9a8902c664e12110043beb9955535c0,CC BY 4.0,https://felizang.github.io/expdate/index_expdate.html
004173.jpg,ExpDate,real_train,Products-Real.zip,Products-Real/train/images/img_00821.jpg,img_00821.jpg,716,956,85a11f34cd21eec7cce887fe22c0cb75ca282b2a1433214e6e874a52a6aa741b,CC BY 4.0,https://felizang.github.io/expdate/index_expdate.html
004174.jpg,ExpDate,real_train,Products-Real.zip,Products-Real/train/images/img_00822.jpg,img_00822.jpg,775,946,6fccf6d9619362215dae02a60ccbb8755316f50adc5b1469c249886a20e91bcb,CC BY 4.0,https://felizang.github.io/expdate/index_expdate.html
004175.jpg,ExpDate,real_train,Products-Real.zip,Products-Real/train/images/img_00823.jpg,img_00823.jpg,756,1008,9c7fd134d0f603ef1457bd511dec2bddcac0d6066215cbea1fb34b1920229a60,CC BY 4.0,https://felizang.github.io/expdate/index_expdate.html
004176.jpg,ExpDate,real_train,Products-Real.zip,Products-Real/train/images/img_00824.jpg,img_00824.jpg,534,726,56a64ecd4a23d6ed3ebaca496dc528e3760321cde3f4667b9b0982ab22ee7aff,CC BY 4.0,https://felizang.github.io/expdate/index_expdate.html
004177.jpg,ExpDate,real_train,Products-Real.zip,Products-Real/train/images/img_00825.jpg,img_00825.jpg,716,884,0d02adaac9a5847b734daaeef063440c3d282474ba919fad3559a65ce6bdf39b,CC BY 4.0,https://felizang.github.io/expdate/index_expdate.html
004178.jpg,ExpDate,real_train,Products-Real.zip,Products-Real/train/images/img_00826.jpg,img_00826.jpg,727,782,1a54f0c3b45baef0b33a63cdfd65ce5c0a016749cb5b0da06507d8b00bec9167,CC BY 4.0,https://felizang.github.io/expdate/index_expdate.html
004179.jpg,ExpDate,real_train,Products-Real.zip,Products-Real/train/images/img_00827.jpg,img_00827.jpg,598,856,f9450869e76f07ce3774483849477f89f82d9156985e61fa0e59a175ca6d5cc5,CC BY 4.0,https://felizang.github.io/expdate/index_expdate.html
004180.jpg,ExpDate,real_train,Products-Real.zip,Products-Real/train/images/img_00828.jpg,img_00828.jpg,521,846,fe4e645aa7c6c0a0fe3a08c696b1d9bf112152890fe66b9c95ebba2925646f6f,CC BY 4.0,https://felizang.github.io/expdate/index_expdate.html
004181.jpg,ExpDate,real_train,Products-Real.zip,Products-Real/train/images/img_00829.jpg,img_00829.jpg,655,957,ceef1a56c3106115ec74518e6e144bb43bf95d807ed21b06006843a9a5fded1f,CC BY 4.0,https://felizang.github.io/expdate/index_expdate.html
004182.jpg,ExpDate,real_train,Products-Real.zip,Products-Real/train/images/img_00830.jpg,img_00830.jpg,775,793,68f661c36bdec21befd1d0f9faa076f7467304bfb69619d655104c745c94dfaa,CC BY 4.0,https://felizang.github.io/expdate/index_expdate.html
004183.jpg,ExpDate,real_train,Products-Real.zip,Products-Real/train/images/img_00831.jpg,img_00831.jpg,601,633,03373dcbf616038cadb3ab6af4fea586e52c91c17b5640cd859d38bec861eeb6,CC BY 4.0,https://felizang.github.io/expdate/index_expdate.html
004184.jpg,ExpDate,real_train,Products-Real.zip,Products-Real/train/images/img_00832.jpg,img_00832.jpg,616,720,9c924e91f294b2b8bdb5cd2f22ad666ad7f241a7150e926205c2e0ff9eb665aa,CC BY 4.0,https://felizang.github.io/expdate/index_expdate.html
004185.jpg,ExpDate,real_train,Products-Real.zip,Products-Real/train/images/img_00833.jpg,img_00833.jpg,729,833,33679f10cb387fe680f226ff1f9cae64e75351677923622769ac6e344aaba767,CC BY 4.0,https://felizang.github.io/expdate/index_expdate.html
004186.jpg,ExpDate,real_train,Products-Real.zip,Products-Real/train/images/img_00834.jpg,img_00834.jpg,657,847,d891bad470573f90dd875073c4a7a28fc15e9760209ba22b4f68aff9f30917a8,CC BY 4.0,https://felizang.github.io/expdate/index_expdate.html
004187.jpg,ExpDate,real_train,Products-Real.zip,Products-Real/train/images/img_00835.jpg,img_00835.jpg,641,873,23f988f105fb3b71e7e80b251e3c2254837df8fa3f09b5dc90a30e22318181be,CC BY 4.0,https://felizang.github.io/expdate/index_expdate.html
004188.jpg,ExpDate,real_train,Products-Real.zip,Products-Real/train/images/img_00836.jpg,img_00836.jpg,678,903,9756de13ffe55517fdc1525b832a6140c1bee4cf009b032060468e93a2507e05,CC BY 4.0,https://felizang.github.io/expdate/index_expdate.html
004189.jpg,ExpDate,real_train,Products-Real.zip,Products-Real/train/images/img_00837.jpg,img_00837.jpg,642,856,cbc2fc2a2a664be59044d934a7bf16ed08b9ca518cf6676566ad674e76911579,CC BY 4.0,https://felizang.github.io/expdate/index_expdate.html
004190.jpg,ExpDate,real_train,Products-Real.zip,Products-Real/train/images/img_00838.jpg,img_00838.jpg,541,721,1907a9a33fa073f1e74287583a07f307b874cd0a5999aa9a3f41d5649e962653,CC BY 4.0,https://felizang.github.io/expdate/index_expdate.html
004191.jpg,ExpDate,real_train,Products-Real.zip,Products-Real/train/images/img_00839.jpg,img_00839.jpg,599,685,453202c804bb949a1d7f655880beb2dd19e15be794f7bd7934ffb9f021d83b3e,CC BY 4.0,https://felizang.github.io/expdate/index_expdate.html
004192.jpg,ExpDate,real_train,Products-Real.zip,Products-Real/train/images/img_00840.jpg,img_00840.jpg,567,824,767ed5548647e9d2a55a73faf3bc6d8904216509250f508ae6b2c927ee62e20a,CC BY 4.0,https://felizang.github.io/expdate/index_expdate.html
004193.jpg,ExpDate,real_train,Products-Real.zip,Products-Real/train/images/img_00841.jpg,img_00841.jpg,551,851,7167808a800d0eb52b618965b4c2100d7a9af05a742e9cda2e3fb28fb9cc231a,CC BY 4.0,https://felizang.github.io/expdate/index_expdate.html
004194.jpg,ExpDate,real_train,Products-Real.zip,Products-Real/train/images/img_00842.jpg,img_00842.jpg,653,674,e6f28787925f2b68ae7d89466c0a77b0f218e5d8c4a5024af02f696c5f8097af,CC BY 4.0,https://felizang.github.io/expdate/index_expdate.html
004195.jpg,ExpDate,real_train,Products-Real.zip,Products-Real/train/images/img_00843.jpg,img_00843.jpg,736,887,ff425ae05339cb93bdf40322912489000ecc4829bf6235ad2a8a77fba3ffd314,CC BY 4.0,https://felizang.github.io/expdate/index_expdate.html
004196.jpg,ExpDate,real_train,Products-Real.zip,Products-Real/train/images/img_00844.jpg,img_00844.jpg,710,962,a97f198186a393f3b4c87cef786139515ec99022f032c22d3519131d318e8384,CC BY 4.0,https://felizang.github.io/expdate/index_expdate.html
004197.jpg,ExpDate,real_train,Products-Real.zip,Products-Real/train/images/img_00845.jpg,img_00845.jpg,643,859,9272bb906365632b9de298cf40e3b37cc9fcd83e34a516f66afe4ec90d72a924,CC BY 4.0,https://felizang.github.io/expdate/index_expdate.html
004198.jpg,ExpDate,real_train,Products-Real.zip,Products-Real/train/images/img_00846.jpg,img_00846.jpg,526,665,5f4d93938070b0f3c7ee1434a1753e9099c55fe8e00204e86dcd6c92c513644b,CC BY 4.0,https://felizang.github.io/expdate/index_expdate.html
004199.jpg,ExpDate,real_train,Products-Real.zip,Products-Real/train/images/img_00847.jpg,img_00847.jpg,506,567,8d6d69e32157db7c9b2ffad9592914dd243cc6078b05e0071386aab3abeb87d0,CC BY 4.0,https://felizang.github.io/expdate/index_expdate.html
004200.jpg,ExpDate,real_train,Products-Real.zip,Products-Real/train/images/img_00848.jpg,img_00848.jpg,556,818,4ad9d825c722ec7c6b652a7323bc064161657a99ec0128821c5877b5ccb20099,CC BY 4.0,https://felizang.github.io/expdate/index_expdate.html
004201.jpg,ExpDate,real_train,Products-Real.zip,Products-Real/train/images/img_00849.jpg,img_00849.jpg,593,794,52e06b7d39c6d96506003f8c98d331c33185b4e3d3a2e63737368fbd4a53a52d,CC BY 4.0,https://felizang.github.io/expdate/index_expdate.html
004202.jpg,ExpDate,real_train,Products-Real.zip,Products-Real/train/images/img_00850.jpg,img_00850.jpg,523,791,18303155cf31b525257159d4b30ddf74e9041286ce997557c494d98baa9e8530,CC BY 4.0,https://felizang.github.io/expdate/index_expdate.html
004203.jpg,ExpDate,real_train,Products-Real.zip,Products-Real/train/images/img_00851.jpg,img_00851.jpg,609,700,7ffabe18b40271059bb6681beb62b515b7f9b6b185f3e3b0e523765bebd6ab54,CC BY 4.0,https://felizang.github.io/expdate/index_expdate.html
004204.jpg,ExpDate,real_train,Products-Real.zip,Products-Real/train/images/img_00852.jpg,img_00852.jpg,503,534,6d3892faf2750b3d328b33bd58b6941958c28a8a5670850aa6d8e29d53ffb502,CC BY 4.0,https://felizang.github.io/expdate/index_expdate.html
004205.jpg,ExpDate,real_train,Products-Real.zip,Products-Real/train/images/img_00853.jpg,img_00853.jpg,516,679,8abfd3ead7f90348cd5e6352c4151f62f645a69de9aa4c39aa9ad546971a7a32,CC BY 4.0,https://felizang.github.io/expdate/index_expdate.html
004206.jpg,ExpDate,real_train,Products-Real.zip,Products-Real/train/images/img_00854.jpg,img_00854.jpg,2048,1536,1bee024a385754fa6f438c905ccedd39ab327c15d6711db8d5b71a59d7b6987f,CC BY 4.0,https://felizang.github.io/expdate/index_expdate.html
004207.jpg,ExpDate,real_train,Products-Real.zip,Products-Real/train/images/img_00855.jpg,img_00855.jpg,482,592,d566bff8d872bca7c336e90cff87e00b94ed5032b17bea4ebe11fef1501ed375,CC BY 4.0,https://felizang.github.io/expdate/index_expdate.html
004208.jpg,ExpDate,real_train,Products-Real.zip,Products-Real/train/images/img_00856.jpg,img_00856.jpg,650,867,6be4b3886a610f1f791ce8720b8732544828035887e6cb2af645362566ba2b7a,CC BY 4.0,https://felizang.github.io/expdate/index_expdate.html
004209.jpg,ExpDate,real_train,Products-Real.zip,Products-Real/train/images/img_00857.jpg,img_00857.jpg,561,677,f133f627407dc24bdd294455ed9cdbd56594aa2759fab371e439e42b269743f4,CC BY 4.0,https://felizang.github.io/expdate/index_expdate.html
004210.jpg,ExpDate,real_train,Products-Real.zip,Products-Real/train/images/img_00858.jpg,img_00858.jpg,511,710,afbf6173a33ef84562e380cee1e02871736efbe1ee984d1882ce31a178141ded,CC BY 4.0,https://felizang.github.io/expdate/index_expdate.html
004211.jpg,ExpDate,real_train,Products-Real.zip,Products-Real/train/images/img_00859.jpg,img_00859.jpg,669,892,1f29bf295ff723813209b4980eef4fe818974e87c4b01a229a5f93976ca30ea2,CC BY 4.0,https://felizang.github.io/expdate/index_expdate.html
004212.jpg,ExpDate,real_train,Products-Real.zip,Products-Real/train/images/img_00860.jpg,img_00860.jpg,756,1008,ebb0303353b907dbf5def29f4328fa21f06570a9a9761975ac1006f51c6609ae,CC BY 4.0,https://felizang.github.io/expdate/index_expdate.html
004213.jpg,ExpDate,real_train,Products-Real.zip,Products-Real/train/images/img_00861.jpg,img_00861.jpg,686,917,6edbf67f9b044fe4d085ef7d83499aa047a37e7e647e25bbae223c1b00cf019b,CC BY 4.0,https://felizang.github.io/expdate/index_expdate.html
004214.jpg,ExpDate,real_train,Products-Real.zip,Products-Real/train/images/img_00862.jpg,img_00862.jpg,644,1121,b6e0f0da23e75d0dcce255a01f6ff12b4299b79d907b3511b076aace2801ff04,CC BY 4.0,https://felizang.github.io/expdate/index_expdate.html
004215.jpg,ExpDate,real_train,Products-Real.zip,Products-Real/train/images/img_00863.jpg,img_00863.jpg,614,939,d2c5209a69ff210e7fde03521482b453f9b801393f7e3761dffbaf2462a83eb9,CC BY 4.0,https://felizang.github.io/expdate/index_expdate.html
004216.jpg,ExpDate,real_train,Products-Real.zip,Products-Real/train/images/img_00864.jpg,img_00864.jpg,783,1032,e2e08ef4de3f95e74b1ff4a775c935157dd2a43651d5826004310302ee536b8d,CC BY 4.0,https://felizang.github.io/expdate/index_expdate.html
004217.jpg,ExpDate,real_train,Products-Real.zip,Products-Real/train/images/img_00865.jpg,img_00865.jpg,956,1047,b1fb3421e5d0ab9d6cc124952ef3460982d0cf518356acd76a4367952f4bede2,CC BY 4.0,https://felizang.github.io/expdate/index_expdate.html
004218.jpg,ExpDate,real_train,Products-Real.zip,Products-Real/train/images/img_00866.jpg,img_00866.jpg,974,1180,8e45c5f3c6e589a85a8169144146a733a447d47bdb014bcc0c830c8587b2038e,CC BY 4.0,https://felizang.github.io/expdate/index_expdate.html
004219.jpg,ExpDate,real_train,Products-Real.zip,Products-Real/train/images/img_00867.jpg,img_00867.jpg,1548,2032,aa5a0abd9494487c7c88d3e16db8566f66055e9202e767c67718d85e5966bd74,CC BY 4.0,https://felizang.github.io/expdate/index_expdate.html
004220.jpg,ExpDate,real_train,Products-Real.zip,Products-Real/train/images/img_00868.jpg,img_00868.jpg,715,1147,cb87934438e5284126ab572f8fa88ecf335c6a7770ea9ccb87e789494dcb90d7,CC BY 4.0,https://felizang.github.io/expdate/index_expdate.html
004221.jpg,ExpDate,real_train,Products-Real.zip,Products-Real/train/images/img_00869.jpg,img_00869.jpg,723,965,7d27249de2897f57ba4f390f53072fa071c125705ff7447f7c87ec6ba29ea257,CC BY 4.0,https://felizang.github.io/expdate/index_expdate.html
004222.jpg,ExpDate,real_train,Products-Real.zip,Products-Real/train/images/img_00870.jpg,img_00870.jpg,692,924,42602d24d91b0751106d6a1a0ccb9b8121eb1866767e513ff5faa88b0d282eb5,CC BY 4.0,https://felizang.github.io/expdate/index_expdate.html
004223.jpg,ExpDate,real_train,Products-Real.zip,Products-Real/train/images/img_00871.jpg,img_00871.jpg,672,889,7c61e7c8144655f57facf40c79ec1ffe918ce3c2170e3cf68279613ffe2bb741,CC BY 4.0,https://felizang.github.io/expdate/index_expdate.html
004224.jpg,ExpDate,real_train,Products-Real.zip,Products-Real/train/images/img_00872.jpg,img_00872.jpg,756,1008,214d82e7ad70b77cbea13555a0a6653bfdce31afbb8efbed512bd0202faa2592,CC BY 4.0,https://felizang.github.io/expdate/index_expdate.html
004225.jpg,ExpDate,real_train,Products-Real.zip,Products-Real/train/images/img_00873.jpg,img_00873.jpg,756,1008,1e68021b34fd6609628036d29a1170a0d4075e19c4ed90abe17cddea4380bc4d,CC BY 4.0,https://felizang.github.io/expdate/index_expdate.html
004226.jpg,ExpDate,real_train,Products-Real.zip,Products-Real/train/images/img_00874.jpg,img_00874.jpg,700,934,d7d745ff8e7260ee60b04f3d523f065b0395c03ce9928673878977450860e800,CC BY 4.0,https://felizang.github.io/expdate/index_expdate.html
004227.jpg,ExpDate,real_train,Products-Real.zip,Products-Real/train/images/img_00875.jpg,img_00875.jpg,646,864,55b584f61a989033400e958ff4188726d5bf913e2f87329b6e8e8be1c6067845,CC BY 4.0,https://felizang.github.io/expdate/index_expdate.html
004228.jpg,ExpDate,real_train,Products-Real.zip,Products-Real/train/images/img_00876.jpg,img_00876.jpg,680,907,1e4a68a78cb393a3c58d01a11aff5c88e115fcba5d31e24ac41f715025b49baa,CC BY 4.0,https://felizang.github.io/expdate/index_expdate.html
004229.jpg,ExpDate,real_train,Products-Real.zip,Products-Real/train/images/img_00877.jpg,img_00877.jpg,756,1008,01f3a345d1a6490fbd71ee2e45cec5f5dd9592579ad466993a3baea69388cff1,CC BY 4.0,https://felizang.github.io/expdate/index_expdate.html
004230.jpg,ExpDate,real_train,Products-Real.zip,Products-Real/train/images/img_00878.jpg,img_00878.jpg,690,919,f54c1bebcd202748caf96da567788a92b052c861c44174d6d8571b02c8d249f9,CC BY 4.0,https://felizang.github.io/expdate/index_expdate.html
004231.jpg,ExpDate,real_train,Products-Real.zip,Products-Real/train/images/img_00879.jpg,img_00879.jpg,756,1008,96c000dd42e0975a5373f93bc7a61edde22a08ea2ceda0fe88ba263449e2bceb,CC BY 4.0,https://felizang.github.io/expdate/index_expdate.html
004232.jpg,ExpDate,real_train,Products-Real.zip,Products-Real/train/images/img_00880.jpg,img_00880.jpg,756,1008,af6744ce2fa181c48c68ec4b879208c1d9c5dc5bcdb684b1ef392fc8370f7c3d,CC BY 4.0,https://felizang.github.io/expdate/index_expdate.html
004233.jpg,ExpDate,real_train,Products-Real.zip,Products-Real/train/images/img_00881.jpg,img_00881.jpg,756,1008,d78e843a8b1fe21d896000062713fad07eb8db94e0783d967439bb70acc0cd2b,CC BY 4.0,https://felizang.github.io/expdate/index_expdate.html
004234.jpg,ExpDate,real_train,Products-Real.zip,Products-Real/train/images/img_00882.jpg,img_00882.jpg,799,1065,8d42d7ce323914460a954b522a99b351e925e777f2bd235c7b6f36ab73f61d33,CC BY 4.0,https://felizang.github.io/expdate/index_expdate.html
004235.jpg,ExpDate,real_train,Products-Real.zip,Products-Real/train/images/img_00883.jpg,img_00883.jpg,955,1274,75385b1cabed6f19f879bd78e8e4c0eb50918d3c11d3543dbd812051053d234c,CC BY 4.0,https://felizang.github.io/expdate/index_expdate.html
004236.jpg,ExpDate,real_train,Products-Real.zip,Products-Real/train/images/img_00884.jpg,img_00884.jpg,802,1069,4cc0a73ea76964f7597ebfe698db92b0496dea1585734749a3c575a334cc564c,CC BY 4.0,https://felizang.github.io/expdate/index_expdate.html
004237.jpg,ExpDate,real_train,Products-Real.zip,Products-Real/train/images/img_00885.jpg,img_00885.jpg,822,1096,3cc3b950416bec19d74248dfbe16a8516a59417ad17d15eb37cc7f7c343e10f3,CC BY 4.0,https://felizang.github.io/expdate/index_expdate.html
004238.jpg,ExpDate,real_train,Products-Real.zip,Products-Real/train/images/img_00886.jpg,img_00886.jpg,676,1022,4a093ce8e05e408a61a17df8bab6a836ac12675dc689e30b6f7669f61ed920ef,CC BY 4.0,https://felizang.github.io/expdate/index_expdate.html
004239.jpg,ExpDate,real_train,Products-Real.zip,Products-Real/train/images/img_00887.jpg,img_00887.jpg,656,1015,854434c9e0279ff2ec2a764bf6beb9ea44defe913408c7bd55712a7e9db07a6a,CC BY 4.0,https://felizang.github.io/expdate/index_expdate.html
004240.jpg,ExpDate,real_train,Products-Real.zip,Products-Real/train/images/img_00888.jpg,img_00888.jpg,739,985,0ce489bc1c685481986c096c81a7c9fb585f06dbfa9d8c013447888e82c4b4ea,CC BY 4.0,https://felizang.github.io/expdate/index_expdate.html
004241.jpg,ExpDate,real_train,Products-Real.zip,Products-Real/train/images/img_00889.jpg,img_00889.jpg,715,932,600eb5a47ebfe89fb90930aa4dd37de5b9c13ea8e1c4a616bd76cc55429c0d34,CC BY 4.0,https://felizang.github.io/expdate/index_expdate.html
004242.jpg,ExpDate,real_train,Products-Real.zip,Products-Real/train/images/img_00890.jpg,img_00890.jpg,640,951,059d89157277a6b72696b30ccd6411148aa8eb8a2a31e8d94bbcecd4456896d0,CC BY 4.0,https://felizang.github.io/expdate/index_expdate.html
004243.jpg,ExpDate,real_train,Products-Real.zip,Products-Real/train/images/img_00891.jpg,img_00891.jpg,885,928,ac4584c4dfb26f18bdcb51a7fd652c00c11c8baea1abf244196698bc18c99e40,CC BY 4.0,https://felizang.github.io/expdate/index_expdate.html
004244.jpg,ExpDate,real_train,Products-Real.zip,Products-Real/train/images/img_00892.jpg,img_00892.jpg,712,831,b8c7252df34f3636dce2d8a2776f0dab454b4a4c21720435f6b25253047cbb95,CC BY 4.0,https://felizang.github.io/expdate/index_expdate.html
004245.jpg,ExpDate,real_train,Products-Real.zip,Products-Real/train/images/img_00893.jpg,img_00893.jpg,716,1024,55af3032170019c7a07e6ecaf654b40516954842547c9caced10ee9440f76c0c,CC BY 4.0,https://felizang.github.io/expdate/index_expdate.html
004246.jpg,ExpDate,real_train,Products-Real.zip,Products-Real/train/images/img_00894.jpg,img_00894.jpg,697,947,a1f6612b4630e969fd84621303be7d383aad30f19421c04c26aea7fb8725a62b,CC BY 4.0,https://felizang.github.io/expdate/index_expdate.html
004247.jpg,ExpDate,real_train,Products-Real.zip,Products-Real/train/images/img_00895.jpg,img_00895.jpg,756,1008,7bbed6646395e7a62e142100c5aad4008978eac5c69b983a92386f560497e17c,CC BY 4.0,https://felizang.github.io/expdate/index_expdate.html
004248.jpg,ExpDate,real_train,Products-Real.zip,Products-Real/train/images/img_00896.jpg,img_00896.jpg,756,1008,22297ee949a7732335ab44cc0364c2074e7b09253159788fd27eec6727252671,CC BY 4.0,https://felizang.github.io/expdate/index_expdate.html
004249.jpg,ExpDate,real_train,Products-Real.zip,Products-Real/train/images/img_00897.jpg,img_00897.jpg,756,1008,815899bc8d8cd1388cf861c18ef845253f0473f82a8bbb25d53fbd30cfec4d4c,CC BY 4.0,https://felizang.github.io/expdate/index_expdate.html
004250.jpg,ExpDate,real_train,Products-Real.zip,Products-Real/train/images/img_00898.jpg,img_00898.jpg,686,959,c1df964a7a0863273fffd8b9193e26e039c0cf0756b366e21bda805117236afa,CC BY 4.0,https://felizang.github.io/expdate/index_expdate.html
004251.jpg,ExpDate,real_train,Products-Real.zip,Products-Real/train/images/img_00899.jpg,img_00899.jpg,923,1231,d1a6e4e45a16c0c1abc808bccc753158384959ebf1eb3a400fb491e09498f0c4,CC BY 4.0,https://felizang.github.io/expdate/index_expdate.html
004252.jpg,ExpDate,real_train,Products-Real.zip,Products-Real/train/images/img_00900.jpg,img_00900.jpg,873,1163,233fe53ef9391da681c6920f1d00ad70dc6b8b7e18083cb1a302e11bf48b18cf,CC BY 4.0,https://felizang.github.io/expdate/index_expdate.html
004253.jpg,ExpDate,real_train,Products-Real.zip,Products-Real/train/images/img_00901.jpg,img_00901.jpg,756,1008,5a9a606acb978f768789017413099923e5ea25e56cc14e0a9219273c97b146c5,CC BY 4.0,https://felizang.github.io/expdate/index_expdate.html
004254.jpg,ExpDate,real_train,Products-Real.zip,Products-Real/train/images/img_00902.jpg,img_00902.jpg,910,1067,06c55a4dfb71edb919ad44b4b0fe08f622d0a1e27046aa1b157b4fe4d1289409,CC BY 4.0,https://felizang.github.io/expdate/index_expdate.html
004255.jpg,ExpDate,real_train,Products-Real.zip,Products-Real/train/images/img_00903.jpg,img_00903.jpg,756,1008,dcdd763522a03e7e0e4e353973c96cff994f5195df03ce7477774977f261b8c7,CC BY 4.0,https://felizang.github.io/expdate/index_expdate.html
004256.jpg,ExpDate,real_train,Products-Real.zip,Products-Real/train/images/img_00904.jpg,img_00904.jpg,697,950,0d7edfd4bfa2418060e28ea6767c46cbedefd6f58f2d73bf3729cdfd24c5f8f3,CC BY 4.0,https://felizang.github.io/expdate/index_expdate.html
004257.jpg,ExpDate,real_train,Products-Real.zip,Products-Real/train/images/img_00905.jpg,img_00905.jpg,756,1008,f91e0b2fb9cf1a32e632e1a0edcde321c44b45288a63e0aeaed7b793b72d3098,CC BY 4.0,https://felizang.github.io/expdate/index_expdate.html
004258.jpg,ExpDate,real_train,Products-Real.zip,Products-Real/train/images/img_00906.jpg,img_00906.jpg,947,1262,748b57120532dde725e2479cf19e9859d2415bcbbbb7915e27f648b13d021adc,CC BY 4.0,https://felizang.github.io/expdate/index_expdate.html
004259.jpg,ExpDate,real_train,Products-Real.zip,Products-Real/train/images/img_00907.jpg,img_00907.jpg,763,1017,3dd129c1fa634a3f67c5801b2ec8ee19bc018ed03586fdc3aa5ee08f8e74e7c0,CC BY 4.0,https://felizang.github.io/expdate/index_expdate.html
004260.jpg,ExpDate,real_train,Products-Real.zip,Products-Real/train/images/img_00908.jpg,img_00908.jpg,817,1089,6f930dccab8173884601171eedef95abc5348323d6affab5c4ae9431222fe0af,CC BY 4.0,https://felizang.github.io/expdate/index_expdate.html
004261.jpg,ExpDate,real_train,Products-Real.zip,Products-Real/train/images/img_00909.jpg,img_00909.jpg,756,1008,4d1ea5d1a2c12121d1dd98002282a8e58262ef2d9ecc8713a0564b36503aa04a,CC BY 4.0,https://felizang.github.io/expdate/index_expdate.html
004262.jpg,ExpDate,real_train,Products-Real.zip,Products-Real/train/images/img_00910.jpg,img_00910.jpg,828,1104,1568da8f3ba078ee3d0c21534287a96866f475c20b6993febbd7d48fd3d4be29,CC BY 4.0,https://felizang.github.io/expdate/index_expdate.html
004263.jpg,ExpDate,real_train,Products-Real.zip,Products-Real/train/images/img_00911.jpg,img_00911.jpg,842,1122,9b865fb4fb174f5d76691d9f605d528b7b2924c08229de5138d06c501e25107b,CC BY 4.0,https://felizang.github.io/expdate/index_expdate.html
004264.jpg,ExpDate,real_train,Products-Real.zip,Products-Real/train/images/img_00912.jpg,img_00912.jpg,696,990,10a10d40097e068c9a3eda4c5904e14722502f4750d773e1ec53106dd42d3fed,CC BY 4.0,https://felizang.github.io/expdate/index_expdate.html
004265.jpg,ExpDate,real_train,Products-Real.zip,Products-Real/train/images/img_00913.jpg,img_00913.jpg,678,1216,12873e121d5569d2b27a53bb035147e2a31aa07877c17943e0cc59d028b34a02,CC BY 4.0,https://felizang.github.io/expdate/index_expdate.html
004266.jpg,ExpDate,real_train,Products-Real.zip,Products-Real/train/images/img_00914.jpg,img_00914.jpg,658,889,d7b61d8ec1f8ba088ccaa550b7ced50cb45858500f9431f049a6cb3db7426453,CC BY 4.0,https://felizang.github.io/expdate/index_expdate.html
004267.jpg,ExpDate,real_train,Products-Real.zip,Products-Real/train/images/img_00915.jpg,img_00915.jpg,892,1189,a835f141b4f5e69a2ce7c5640b59b90bb11621af9ae32f61a147a3c287a53fb8,CC BY 4.0,https://felizang.github.io/expdate/index_expdate.html
004268.jpg,ExpDate,real_train,Products-Real.zip,Products-Real/train/images/img_00916.jpg,img_00916.jpg,756,1008,8ed1a34a07da47421d6c65e1d0c844d74982ee2459b59d1f0874fd4dfe8ba73e,CC BY 4.0,https://felizang.github.io/expdate/index_expdate.html
004269.jpg,ExpDate,real_train,Products-Real.zip,Products-Real/train/images/img_00917.jpg,img_00917.jpg,787,1050,7b395e5ea76daace8708fe2a5b23afbe39572f4e3babd9e6b334e66f4546c103,CC BY 4.0,https://felizang.github.io/expdate/index_expdate.html
004270.jpg,ExpDate,real_train,Products-Real.zip,Products-Real/train/images/img_00918.jpg,img_00918.jpg,664,1081,5f11a74914f5f0069e8a0eb7c1a3a2fe12c8a11adb0c670b07fe5721742292c2,CC BY 4.0,https://felizang.github.io/expdate/index_expdate.html
004271.jpg,ExpDate,real_train,Products-Real.zip,Products-Real/train/images/img_00919.jpg,img_00919.jpg,892,1189,fa24688ca3e803386cd85db5a8f0705ba825e9ba96205ef5ab05f3a8e904101d,CC BY 4.0,https://felizang.github.io/expdate/index_expdate.html
004272.jpg,ExpDate,real_train,Products-Real.zip,Products-Real/train/images/img_00920.jpg,img_00920.jpg,928,1238,bd0cd1b06cceb7b92504fff80f8958cfcd27172a2477b4a39522411931643e17,CC BY 4.0,https://felizang.github.io/expdate/index_expdate.html
004273.jpg,ExpDate,real_train,Products-Real.zip,Products-Real/train/images/img_00921.jpg,img_00921.jpg,908,1210,554a0681cdcb506e83f1eb18455e65f38e9248301f158bec7ad3b57f0eeca5be,CC BY 4.0,https://felizang.github.io/expdate/index_expdate.html
004274.jpg,ExpDate,real_train,Products-Real.zip,Products-Real/train/images/img_00922.jpg,img_00922.jpg,1032,1376,464b618106fb3e9c89ec64ca99cad46b0c1b19c1ea2a425d8c982006fa978e7f,CC BY 4.0,https://felizang.github.io/expdate/index_expdate.html
004275.jpg,ExpDate,real_train,Products-Real.zip,Products-Real/train/images/img_00923.jpg,img_00923.jpg,1012,1350,a7eb5334936d86f8f476a298c172c001de3cd82adce1cc494c5a7a7691027d47,CC BY 4.0,https://felizang.github.io/expdate/index_expdate.html
004276.jpg,ExpDate,real_train,Products-Real.zip,Products-Real/train/images/img_00924.jpg,img_00924.jpg,972,1203,ecddb922ef344b2d2ed8a25a6f1cc3a08a1be9399d9b7f06bf0429b6e75d93ff,CC BY 4.0,https://felizang.github.io/expdate/index_expdate.html
004277.jpg,ExpDate,real_train,Products-Real.zip,Products-Real/train/images/img_00925.jpg,img_00925.jpg,1004,1257,5d02f166bd04e15a67c150184ddd2097fb5df35b44f9e40db6bb4b472b76f83e,CC BY 4.0,https://felizang.github.io/expdate/index_expdate.html
004278.jpg,ExpDate,real_train,Products-Real.zip,Products-Real/train/images/img_00926.jpg,img_00926.jpg,865,1344,1280de3be036d3d5eab0ef4a765dc6fc98c50ce9bbb553747f3e1764b8a4f69b,CC BY 4.0,https://felizang.github.io/expdate/index_expdate.html
004279.jpg,ExpDate,real_train,Products-Real.zip,Products-Real/train/images/img_00927.jpg,img_00927.jpg,719,1269,4549e33cc436059ef522287c184a8781ea425eb78e54b166dfb541578726e941,CC BY 4.0,https://felizang.github.io/expdate/index_expdate.html
004280.jpg,ExpDate,real_train,Products-Real.zip,Products-Real/train/images/img_00928.jpg,img_00928.jpg,884,1179,cfbe4178a660cffbcb4569ccba16a2813421ce4b73c5bc0aed7c0dcc8d36d16a,CC BY 4.0,https://felizang.github.io/expdate/index_expdate.html
004281.jpg,ExpDate,real_train,Products-Real.zip,Products-Real/train/images/img_00929.jpg,img_00929.jpg,914,1219,b621e84577d661dfddfd95eb014941bb68b62853bdccbf8d720d8e875d2e1a28,CC BY 4.0,https://felizang.github.io/expdate/index_expdate.html
004282.jpg,ExpDate,real_train,Products-Real.zip,Products-Real/train/images/img_00930.jpg,img_00930.jpg,1009,1345,993abec0e167206f57252a6ed03f98330639c28c45cce472e4a28e438cf5f0e3,CC BY 4.0,https://felizang.github.io/expdate/index_expdate.html
004283.jpg,ExpDate,real_train,Products-Real.zip,Products-Real/train/images/img_00931.jpg,img_00931.jpg,936,1248,1f8bdc8d6ccab022c41bbd35e149ea3678fb0502233c71a6fc6e9ca11e2175b8,CC BY 4.0,https://felizang.github.io/expdate/index_expdate.html
004284.jpg,ExpDate,real_train,Products-Real.zip,Products-Real/train/images/img_00932.jpg,img_00932.jpg,746,1267,5c66ad541e0ce370a4ad9bb6e305925d776adfe1383659c295fadb633e653e0f,CC BY 4.0,https://felizang.github.io/expdate/index_expdate.html
004285.jpg,ExpDate,real_train,Products-Real.zip,Products-Real/train/images/img_00933.jpg,img_00933.jpg,920,1344,9d9175fab9696df8cedc1214430e96d7437c9ebe9b543387d5ff5d88a0cb5981,CC BY 4.0,https://felizang.github.io/expdate/index_expdate.html
004286.jpg,ExpDate,real_train,Products-Real.zip,Products-Real/train/images/img_00934.jpg,img_00934.jpg,1004,1344,36129dde1a346c3befc1cb3814278aee79636684cd6ebea5fb53c98abc99e6d3,CC BY 4.0,https://felizang.github.io/expdate/index_expdate.html
004287.jpg,ExpDate,real_train,Products-Real.zip,Products-Real/train/images/img_00935.jpg,img_00935.jpg,1007,1322,796fc542745bb695c7fa48f5909e2d7d986ad3208ceeea6aa6ee8bc45a3eeecc,CC BY 4.0,https://felizang.github.io/expdate/index_expdate.html
004288.jpg,ExpDate,real_train,Products-Real.zip,Products-Real/train/images/img_00936.jpg,img_00936.jpg,831,1147,bc1d45da63554fdc1806a16cd4921bec3e0742dd27c363b56d34ebe3d4a3b171,CC BY 4.0,https://felizang.github.io/expdate/index_expdate.html
004289.jpg,ExpDate,real_train,Products-Real.zip,Products-Real/train/images/img_00937.jpg,img_00937.jpg,1001,1302,e3e54156a31bdbe533a4fdc6bfe7553ad10b6e4bc79ccc5d45cf44a92a0ef553,CC BY 4.0,https://felizang.github.io/expdate/index_expdate.html
004290.jpg,ExpDate,real_train,Products-Real.zip,Products-Real/train/images/img_00938.jpg,img_00938.jpg,1036,1381,724fdb22e052fefdec69315db6c71b20c22062187fa51474216b1da07c4686a7,CC BY 4.0,https://felizang.github.io/expdate/index_expdate.html
004291.jpg,ExpDate,real_train,Products-Real.zip,Products-Real/train/images/img_00939.jpg,img_00939.jpg,641,452,b3a6b5bfb561ceb5a0615ebe14d0c95161afc74f3f600a0f4faa30493f8ae0fe,CC BY 4.0,https://felizang.github.io/expdate/index_expdate.html
004292.jpg,ExpDate,real_train,Products-Real.zip,Products-Real/train/images/img_00940.jpg,img_00940.jpg,1172,532,1aca07c31b1c62faf11fadf91b23c11159ecce68364c8466d6d6a179e9859ffb,CC BY 4.0,https://felizang.github.io/expdate/index_expdate.html
004293.jpg,ExpDate,real_train,Products-Real.zip,Products-Real/train/images/img_00941.jpg,img_00941.jpg,787,585,b1fa3c7d93b125c2fbdb12926d8c9198958395b26f5ebf0b5edb101861358717,CC BY 4.0,https://felizang.github.io/expdate/index_expdate.html
004294.jpg,ExpDate,real_train,Products-Real.zip,Products-Real/train/images/img_00942.jpg,img_00942.jpg,936,563,6a7d5ef1bfa1a24b99cc2b677fe00b8c72c3c0bab204ed9f3ac248d8a1ebc9c3,CC BY 4.0,https://felizang.github.io/expdate/index_expdate.html
004295.jpg,ExpDate,real_train,Products-Real.zip,Products-Real/train/images/img_00943.jpg,img_00943.jpg,1055,686,fdfaa643e698634d928a8b0fcb377701bf8dc6cecb4c7ce760cfea0c95821fb1,CC BY 4.0,https://felizang.github.io/expdate/index_expdate.html
004296.jpg,ExpDate,real_train,Products-Real.zip,Products-Real/train/images/img_00944.jpg,img_00944.jpg,922,686,39673d235de3762d56e5bf8a2c77336cd8adb6b5245559b7237a4ce8ddf98afa,CC BY 4.0,https://felizang.github.io/expdate/index_expdate.html
004297.jpg,ExpDate,real_train,Products-Real.zip,Products-Real/train/images/img_00945.jpg,img_00945.jpg,787,597,f9c45703005d0148420fa6ee10821751ce75a83987054d34e3b4c1edf6c359ab,CC BY 4.0,https://felizang.github.io/expdate/index_expdate.html
004298.jpg,ExpDate,real_train,Products-Real.zip,Products-Real/train/images/img_00946.jpg,img_00946.jpg,792,638,99d8f2cbdd6564e6dd4f5c8a87c3b2fc0a8231cb031cc72c203c60d9a31fc067,CC BY 4.0,https://felizang.github.io/expdate/index_expdate.html
004299.jpg,ExpDate,real_train,Products-Real.zip,Products-Real/train/images/img_00947.jpg,img_00947.jpg,832,600,f8a586f34a47b692c212a713d9375d1ebad774f3b9682697ec23a64de3995f79,CC BY 4.0,https://felizang.github.io/expdate/index_expdate.html
004300.jpg,ExpDate,real_train,Products-Real.zip,Products-Real/train/images/img_00948.jpg,img_00948.jpg,913,677,01723d258062bdff37ea8e61da1bbf45e902ab4ddba17235436f1bf0f2d662ed,CC BY 4.0,https://felizang.github.io/expdate/index_expdate.html
004301.jpg,ExpDate,real_train,Products-Real.zip,Products-Real/train/images/img_00949.jpg,img_00949.jpg,749,594,e54f4ca54939689396e52de9fdb587f9f54764de93ec0f7fdf1581543c8c6226,CC BY 4.0,https://felizang.github.io/expdate/index_expdate.html
004302.jpg,ExpDate,real_train,Products-Real.zip,Products-Real/train/images/img_00950.jpg,img_00950.jpg,1063,731,6c8cf3c7b4f25ee6c12c4443fea34a1d0e57da9396ee6de205a7de748e90bdc3,CC BY 4.0,https://felizang.github.io/expdate/index_expdate.html
004303.jpg,ExpDate,real_train,Products-Real.zip,Products-Real/train/images/img_00951.jpg,img_00951.jpg,896,578,1c3107204ffe7f85a6d2bde13ea50a52c3a6960985aa17587cf73792a9870b83,CC BY 4.0,https://felizang.github.io/expdate/index_expdate.html
004304.jpg,ExpDate,real_train,Products-Real.zip,Products-Real/train/images/img_00952.jpg,img_00952.jpg,779,570,14f8033f13306934de738943448aa4e04aa45b2233497558ab58970d01424393,CC BY 4.0,https://felizang.github.io/expdate/index_expdate.html
004305.jpg,ExpDate,real_train,Products-Real.zip,Products-Real/train/images/img_00953.jpg,img_00953.jpg,1246,723,1223594fcc3c7320f580bd772811eccc98c805ccf146a42e99c75720d05d11b5,CC BY 4.0,https://felizang.github.io/expdate/index_expdate.html
004306.jpg,ExpDate,real_train,Products-Real.zip,Products-Real/train/images/img_00954.jpg,img_00954.jpg,1200,851,93561a64b69530d3b9ac70b3f7203729d3dd37b58037863e7f40a3a7ed04de0f,CC BY 4.0,https://felizang.github.io/expdate/index_expdate.html
004307.jpg,ExpDate,real_train,Products-Real.zip,Products-Real/train/images/img_00955.jpg,img_00955.jpg,928,904,996d906bd49cdd57d6451aeaac18dc051d535195a9aaa573a51af91ea336d23a,CC BY 4.0,https://felizang.github.io/expdate/index_expdate.html
004308.jpg,ExpDate,real_train,Products-Real.zip,Products-Real/train/images/img_00956.jpg,img_00956.jpg,1008,756,739c710190ad769bbbc18e4ba66f7180cc0c5c8b37b45a3e34e6ec1823c9ccef,CC BY 4.0,https://felizang.github.io/expdate/index_expdate.html
004309.jpg,ExpDate,real_train,Products-Real.zip,Products-Real/train/images/img_00957.jpg,img_00957.jpg,1008,756,93da337fa30af5055c11d4b0ce4ceb1620e9a1ee1daedacb00a7a1f1375055ed,CC BY 4.0,https://felizang.github.io/expdate/index_expdate.html
004310.jpg,ExpDate,real_train,Products-Real.zip,Products-Real/train/images/img_00958.jpg,img_00958.jpg,1535,2048,66039a3a57a3a8b434fcc3664d04f16d39126ef27dcb4105120b885022eeb6c7,CC BY 4.0,https://felizang.github.io/expdate/index_expdate.html
004311.jpg,ExpDate,real_train,Products-Real.zip,Products-Real/train/images/img_00959.jpg,img_00959.jpg,1270,750,31a7c1a06f757e170245bc008b3534bffe306c6473484183ef8cff1e1ddf9bc0,CC BY 4.0,https://felizang.github.io/expdate/index_expdate.html
004312.jpg,ExpDate,real_train,Products-Real.zip,Products-Real/train/images/img_00960.jpg,img_00960.jpg,1057,792,04fda14fb0080d0be95962662c5040ce17c76dd451873d0ad52d6716164c3973,CC BY 4.0,https://felizang.github.io/expdate/index_expdate.html
004313.jpg,ExpDate,real_train,Products-Real.zip,Products-Real/train/images/img_00961.jpg,img_00961.jpg,1008,756,65f7223d46d3cc61b238159f121643365e6d6276f09899098d6445f59166f041,CC BY 4.0,https://felizang.github.io/expdate/index_expdate.html
004314.jpg,ExpDate,real_train,Products-Real.zip,Products-Real/train/images/img_00962.jpg,img_00962.jpg,1236,926,8b6b8456af8beb945d1555a389e65072a49404e3b1880f2b9188ecd852025de9,CC BY 4.0,https://felizang.github.io/expdate/index_expdate.html
004315.jpg,ExpDate,real_train,Products-Real.zip,Products-Real/train/images/img_00963.jpg,img_00963.jpg,984,1312,2d95ad68f099aef4088fad3cb06fa7c4d1e93ccd79115cba0a3cdd110318357c,CC BY 4.0,https://felizang.github.io/expdate/index_expdate.html
004316.jpg,ExpDate,real_train,Products-Real.zip,Products-Real/train/images/img_00964.jpg,img_00964.jpg,972,1296,272d885336e2673959835118bc8b141187a7d6e2dcf36711dc4ca1086b7381dc,CC BY 4.0,https://felizang.github.io/expdate/index_expdate.html
004317.jpg,ExpDate,real_train,Products-Real.zip,Products-Real/train/images/img_00965.jpg,img_00965.jpg,995,1327,e75d9e92b9b8dbe35df248ae0c16eb3322a9265849d4b75f26a6f2ffa1b74de2,CC BY 4.0,https://felizang.github.io/expdate/index_expdate.html
004318.jpg,ExpDate,real_train,Products-Real.zip,Products-Real/train/images/img_00966.jpg,img_00966.jpg,1110,1480,4876bff014f7230c40debdcf697ab370ec241359389ed5a1964dff3f12d4bc75,CC BY 4.0,https://felizang.github.io/expdate/index_expdate.html
004319.jpg,ExpDate,real_train,Products-Real.zip,Products-Real/train/images/img_00967.jpg,img_00967.jpg,974,1298,8ec02cd90f3efb4ed083532e0dc982d8b9b266d736c107fba6e8bb144773b818,CC BY 4.0,https://felizang.github.io/expdate/index_expdate.html
004320.jpg,ExpDate,real_train,Products-Real.zip,Products-Real/train/images/img_00968.jpg,img_00968.jpg,1040,1387,74f877567cc27d3ae37e9d83d3c3aa0edd6bad29b1a4adb67709d05ed8c30f43,CC BY 4.0,https://felizang.github.io/expdate/index_expdate.html
004321.jpg,ExpDate,real_train,Products-Real.zip,Products-Real/train/images/img_00969.jpg,img_00969.jpg,1104,1473,157e74ddab8cbe9dfc46173a7be3a1478f2b091d00f647f07a01522627ff38e4,CC BY 4.0,https://felizang.github.io/expdate/index_expdate.html
004322.jpg,ExpDate,real_train,Products-Real.zip,Products-Real/train/images/img_00970.jpg,img_00970.jpg,1114,1485,d8d6fa16f7d289e6f5bf0dee032cbcba2cdd61b4cc80016968a2d6acd77425c2,CC BY 4.0,https://felizang.github.io/expdate/index_expdate.html
004323.jpg,ExpDate,real_train,Products-Real.zip,Products-Real/train/images/img_00971.jpg,img_00971.jpg,1000,1333,57a5067c1f8e911170457e3f4f9828070764a32aa297e9224bc987bb3944a829,CC BY 4.0,https://felizang.github.io/expdate/index_expdate.html
004324.jpg,ExpDate,real_train,Products-Real.zip,Products-Real/train/images/img_00972.jpg,img_00972.jpg,1082,1442,fdddcc3d6aebca68a4b098d40341a4bcfdc2146d7e7de494d337ecadd5ef944c,CC BY 4.0,https://felizang.github.io/expdate/index_expdate.html
004325.jpg,ExpDate,real_train,Products-Real.zip,Products-Real/train/images/img_00973.jpg,img_00973.jpg,910,1213,59811a948c0eeeb2f5aedbd9a51b67c2820c4e62a91b945c09459b1f8ee723b4,CC BY 4.0,https://felizang.github.io/expdate/index_expdate.html
004326.jpg,ExpDate,real_train,Products-Real.zip,Products-Real/train/images/img_00974.jpg,img_00974.jpg,1110,1480,8dac22cb027f4556870dd34a5e49dc1f7af2a2ba57a8ebf80ecd013e166d3e1f,CC BY 4.0,https://felizang.github.io/expdate/index_expdate.html
004327.jpg,ExpDate,real_train,Products-Real.zip,Products-Real/train/images/img_00975.jpg,img_00975.jpg,953,1271,d925f9030907de574afc3151c8c87abd1b0f9639b6b4db6721ccf4c7464efccb,CC BY 4.0,https://felizang.github.io/expdate/index_expdate.html
004328.jpg,ExpDate,real_train,Products-Real.zip,Products-Real/train/images/img_00976.jpg,img_00976.jpg,982,1309,ba28061016290219b110d32b6864b1a5e6735522435febd4cfd1b0879a0c038e,CC BY 4.0,https://felizang.github.io/expdate/index_expdate.html
004329.jpg,ExpDate,real_train,Products-Real.zip,Products-Real/train/images/img_00977.jpg,img_00977.jpg,984,1312,69bda307edc0fcbfe71c6a58db2ee289819b5a90d04926260a5fc4ac5d3dfe45,CC BY 4.0,https://felizang.github.io/expdate/index_expdate.html
004330.jpg,ExpDate,real_train,Products-Real.zip,Products-Real/train/images/img_00978.jpg,img_00978.jpg,1046,1395,d14bb6d5a2933d51872e86a6d1affd8cd11f49c29b7ddad3ca60082580f09bea,CC BY 4.0,https://felizang.github.io/expdate/index_expdate.html
004331.jpg,ExpDate,real_train,Products-Real.zip,Products-Real/train/images/img_00979.jpg,img_00979.jpg,979,1306,903887a7bd40747c59f2c4b64946e0ddff461a02a7b5182507a7762433ee37ba,CC BY 4.0,https://felizang.github.io/expdate/index_expdate.html
004332.jpg,ExpDate,real_train,Products-Real.zip,Products-Real/train/images/img_00980.jpg,img_00980.jpg,1035,1379,f35701568d969829910a2b6406fbcc8be1a66222525abb1186dc860eaea33586,CC BY 4.0,https://felizang.github.io/expdate/index_expdate.html
004333.jpg,ExpDate,real_train,Products-Real.zip,Products-Real/train/images/img_00981.jpg,img_00981.jpg,956,1265,3937271cc4a19f42e9a2c0bca7436aa3443c80bb730f738f7fa15dfe3580faa3,CC BY 4.0,https://felizang.github.io/expdate/index_expdate.html
004334.jpg,ExpDate,real_train,Products-Real.zip,Products-Real/train/images/img_00982.jpg,img_00982.jpg,916,1221,944f82de9add2f55155c17eb5ae2077a4dc6d60cb77296d48eef8acdc4b0ce46,CC BY 4.0,https://felizang.github.io/expdate/index_expdate.html
004335.jpg,ExpDate,real_train,Products-Real.zip,Products-Real/train/images/img_00983.jpg,img_00983.jpg,1076,1434,f5e4ccca5dcf62c3fbfb3ad9af3d281f8cdc810d693b46afdfff9a0089f355f2,CC BY 4.0,https://felizang.github.io/expdate/index_expdate.html
004336.jpg,ExpDate,real_train,Products-Real.zip,Products-Real/train/images/img_00984.jpg,img_00984.jpg,1030,1374,37444e97bcdda362f3fe7867646b9b355a0ceeabae8218a90bcca0bee048ba2a,CC BY 4.0,https://felizang.github.io/expdate/index_expdate.html
004337.jpg,ExpDate,real_train,Products-Real.zip,Products-Real/train/images/img_00985.jpg,img_00985.jpg,939,1252,1c911808ca003c3aeee41caa64ebf9cd83cd7d64631c804285d1b9865e5eb2c9,CC BY 4.0,https://felizang.github.io/expdate/index_expdate.html
004338.jpg,ExpDate,real_train,Products-Real.zip,Products-Real/train/images/img_00986.jpg,img_00986.jpg,1002,1336,cbbd712c78e7360d7458482d5deac8545b4e530ef9ceaefe074f1d716d3fe460,CC BY 4.0,https://felizang.github.io/expdate/index_expdate.html
004339.jpg,ExpDate,real_train,Products-Real.zip,Products-Real/train/images/img_00987.jpg,img_00987.jpg,1116,1488,8a13df50e7529754a6e60aa7d48cb2d73ef5fa3a7c4a0880a1e92b83886bea10,CC BY 4.0,https://felizang.github.io/expdate/index_expdate.html
004340.jpg,ExpDate,real_train,Products-Real.zip,Products-Real/train/images/img_00988.jpg,img_00988.jpg,927,1236,0750e3ae6830f91f44ed5fc2ad6980efe605c3af451094d937e024fe2bcdc591,CC BY 4.0,https://felizang.github.io/expdate/index_expdate.html
004341.jpg,ExpDate,real_train,Products-Real.zip,Products-Real/train/images/img_00989.jpg,img_00989.jpg,1113,1484,a44317708aa1154ed7ba3dd52ed45b26372c2c57fef060d9dd3014e8f3b292ab,CC BY 4.0,https://felizang.github.io/expdate/index_expdate.html
004342.jpg,ExpDate,real_train,Products-Real.zip,Products-Real/train/images/img_00990.jpg,img_00990.jpg,969,1292,85e2642bb2114ef51ecb3a0711664c56274b2f5b3478a1e7f08360a226e5f642,CC BY 4.0,https://felizang.github.io/expdate/index_expdate.html
004343.jpg,ExpDate,real_train,Products-Real.zip,Products-Real/train/images/img_00991.jpg,img_00991.jpg,864,1152,4068fe2171c52def07049088602f1e34e654a1bee5f728409c0a49eb432c7c3e,CC BY 4.0,https://felizang.github.io/expdate/index_expdate.html
004344.jpg,ExpDate,real_train,Products-Real.zip,Products-Real/train/images/img_00992.jpg,img_00992.jpg,847,1194,7712038eb2f335d28ac4436f0e5d0f14893c215a057522c82b86034123ee0b74,CC BY 4.0,https://felizang.github.io/expdate/index_expdate.html
004345.jpg,ExpDate,real_train,Products-Real.zip,Products-Real/train/images/img_00993.jpg,img_00993.jpg,874,1165,2d52ccddc50143a79fcb2d25168e21c21ddeef2f0bb696628cb9bc7b4d28d4c8,CC BY 4.0,https://felizang.github.io/expdate/index_expdate.html
004346.jpg,ExpDate,real_train,Products-Real.zip,Products-Real/train/images/img_00994.jpg,img_00994.jpg,932,1242,4f76a481045e81d7ad92d13c3f4af0fac40475cbc14c769c42ef705a0db2bf8f,CC BY 4.0,https://felizang.github.io/expdate/index_expdate.html
004347.jpg,ExpDate,real_train,Products-Real.zip,Products-Real/train/images/img_00995.jpg,img_00995.jpg,1132,1509,cc6e37869f6a054d4af1e4f8f28fd5db584e188373a18f086b43667001b31e9e,CC BY 4.0,https://felizang.github.io/expdate/index_expdate.html
004348.jpg,ExpDate,real_train,Products-Real.zip,Products-Real/train/images/img_00996.jpg,img_00996.jpg,771,1006,8f413986baf5e544beb55d1dad5d179c2b917732cbc920fbbe2770f03e99a1a7,CC BY 4.0,https://felizang.github.io/expdate/index_expdate.html
004349.jpg,ExpDate,real_train,Products-Real.zip,Products-Real/train/images/img_00997.jpg,img_00997.jpg,786,1083,24bf40702a4791387b82e70901f91fd742ac806d4de6e83c2e7f1e43a6c522c2,CC BY 4.0,https://felizang.github.io/expdate/index_expdate.html
004350.jpg,ExpDate,real_train,Products-Real.zip,Products-Real/train/images/img_00998.jpg,img_00998.jpg,934,1237,f9a3578907d64a7a576b88eebd7dac8ba64d6078058238b87a713bcc9debdeb6,CC BY 4.0,https://felizang.github.io/expdate/index_expdate.html
004351.jpg,ExpDate,real_train,Products-Real.zip,Products-Real/train/images/img_00999.jpg,img_00999.jpg,938,1251,292c9654ac31e4fc7fe13eb3eac70b3b7d7fb0a4f4f59dfdc1d6ce1ab93c1879,CC BY 4.0,https://felizang.github.io/expdate/index_expdate.html
004352.jpg,ExpDate,real_train,Products-Real.zip,Products-Real/train/images/img_01000.jpg,img_01000.jpg,1077,1435,703a9514116cebd60212cca78676ac1c214be3a30f231246e6fad6a0d7f870a2,CC BY 4.0,https://felizang.github.io/expdate/index_expdate.html
004353.jpg,ExpDate,real_train,Products-Real.zip,Products-Real/train/images/img_01001.jpg,img_01001.jpg,913,1217,cdf7e2599c95b89f72f084c6c9fdac8bf1e8589d151109f0bf3ee01a1b3e46cc,CC BY 4.0,https://felizang.github.io/expdate/index_expdate.html
004354.jpg,ExpDate,real_train,Products-Real.zip,Products-Real/train/images/img_01002.jpg,img_01002.jpg,1007,1343,2f902f885469eebde649762b61970a03b23b9fbcb6869d917a9ccfd43c0ed356,CC BY 4.0,https://felizang.github.io/expdate/index_expdate.html
004355.jpg,ExpDate,real_train,Products-Real.zip,Products-Real/train/images/img_01003.jpg,img_01003.jpg,909,1212,f614934a72b5033729aafdbdfb3894d4d3e6d74e1c53e4e3cf507c0b1b76661f,CC BY 4.0,https://felizang.github.io/expdate/index_expdate.html
004356.jpg,ExpDate,real_train,Products-Real.zip,Products-Real/train/images/img_01004.jpg,img_01004.jpg,1006,1342,3a445f0536da263368e35759b9b0489cb80fbb678f2e10a5ca74858cb24c0401,CC BY 4.0,https://felizang.github.io/expdate/index_expdate.html
004357.jpg,ExpDate,real_train,Products-Real.zip,Products-Real/train/images/img_01005.jpg,img_01005.jpg,989,1319,ef53c3721a880068d8d09d02e347dd3f31081f5cfcc10d4d54e3e206e6f751a6,CC BY 4.0,https://felizang.github.io/expdate/index_expdate.html
004358.jpg,ExpDate,real_train,Products-Real.zip,Products-Real/train/images/img_01006.jpg,img_01006.jpg,1089,1453,d27e12094e05804b08fa69874494a1ad69fc4dab67b661acb9bc0debc73e0d9d,CC BY 4.0,https://felizang.github.io/expdate/index_expdate.html
004359.jpg,ExpDate,real_train,Products-Real.zip,Products-Real/train/images/img_01007.jpg,img_01007.jpg,996,1328,3f15a1adec0668af01dfac1079434fb3ed27a47caf79201c16fe8edde5e0487b,CC BY 4.0,https://felizang.github.io/expdate/index_expdate.html
004360.jpg,ExpDate,real_train,Products-Real.zip,Products-Real/train/images/img_01008.jpg,img_01008.jpg,951,1268,0985c428e6f5358a5f3aa9bb791dab9e5c52e87b5ed6cfcf00d5b7b5a515cc04,CC BY 4.0,https://felizang.github.io/expdate/index_expdate.html
004361.jpg,ExpDate,real_train,Products-Real.zip,Products-Real/train/images/img_01009.jpg,img_01009.jpg,1060,1414,1bb80b7717ba008b502ac233e23b826e6f75542b6fdffbcad5a61ee284d6fc47,CC BY 4.0,https://felizang.github.io/expdate/index_expdate.html
004362.jpg,ExpDate,real_train,Products-Real.zip,Products-Real/train/images/img_01010.jpg,img_01010.jpg,890,1197,1083cc69a31234db42b45e54ef2df00949f16780600845c0009059b714850836,CC BY 4.0,https://felizang.github.io/expdate/index_expdate.html
004363.jpg,ExpDate,real_train,Products-Real.zip,Products-Real/train/images/img_01011.jpg,img_01011.jpg,1086,1448,27aebcc8dfcf94df8b7157724dead0c5f4f924c89207f434825dc49630fb6713,CC BY 4.0,https://felizang.github.io/expdate/index_expdate.html
004364.jpg,ExpDate,real_train,Products-Real.zip,Products-Real/train/images/img_01012.jpg,img_01012.jpg,952,1270,e2d566c12a6a1c54b8a363a9c184526a369f31c8cb75271c035218b225be2afd,CC BY 4.0,https://felizang.github.io/expdate/index_expdate.html
004365.jpg,ExpDate,real_train,Products-Real.zip,Products-Real/train/images/img_01013.jpg,img_01013.jpg,918,1223,533dddd4dcd7fb6b9dffddcf5f3309086d4295bfc609965036fc98facbfe39de,CC BY 4.0,https://felizang.github.io/expdate/index_expdate.html
004366.jpg,ExpDate,real_train,Products-Real.zip,Products-Real/train/images/img_01014.jpg,img_01014.jpg,969,1292,cf7435cfaa4b53bbeecea986ec356dd39f8d431a7455a51a16a24e3366033141,CC BY 4.0,https://felizang.github.io/expdate/index_expdate.html
004367.jpg,ExpDate,real_train,Products-Real.zip,Products-Real/train/images/img_01015.jpg,img_01015.jpg,1026,1368,381f9770046ce5f7ff427ab95303f2c3e9865a4d1218fccbdd81cd41fb1d9d31,CC BY 4.0,https://felizang.github.io/expdate/index_expdate.html
004368.jpg,ExpDate,real_train,Products-Real.zip,Products-Real/train/images/img_01016.jpg,img_01016.jpg,1056,1408,40e6cf1f2349171211aaa4ce5dc4f34ac4f82627642b15ef10dd864d8aa5a15e,CC BY 4.0,https://felizang.github.io/expdate/index_expdate.html
004369.jpg,ExpDate,real_train,Products-Real.zip,Products-Real/train/images/img_01017.jpg,img_01017.jpg,1090,1454,1c30fb214f79c9ef0113b895c6862e53c2641e4f923eb0a5e0b9d916ee09f6a9,CC BY 4.0,https://felizang.github.io/expdate/index_expdate.html
004370.jpg,ExpDate,real_train,Products-Real.zip,Products-Real/train/images/img_01018.jpg,img_01018.jpg,887,1183,47083bff90fcad2378d57954cc2abded33640edb3af2eba5b9e2c0eed38d18ed,CC BY 4.0,https://felizang.github.io/expdate/index_expdate.html
004371.jpg,ExpDate,real_train,Products-Real.zip,Products-Real/train/images/img_01019.jpg,img_01019.jpg,1096,1462,a1709bba18f77596c2497aa192ddaea9f514b0514a0a568d8135ad13b2064758,CC BY 4.0,https://felizang.github.io/expdate/index_expdate.html
004372.jpg,ExpDate,real_train,Products-Real.zip,Products-Real/train/images/img_01020.jpg,img_01020.jpg,1050,1400,4e3d1ab6a91922edc0e077eed503da4465e85944f22b04f5fb5cb9178fa64203,CC BY 4.0,https://felizang.github.io/expdate/index_expdate.html
004373.jpg,ExpDate,real_train,Products-Real.zip,Products-Real/train/images/img_01021.jpg,img_01021.jpg,1026,1368,5cb9fe326a421dc5236f6958298190d17856f56f93cb2538e8c64faad34b3e99,CC BY 4.0,https://felizang.github.io/expdate/index_expdate.html
004374.jpg,ExpDate,real_train,Products-Real.zip,Products-Real/train/images/img_01022.jpg,img_01022.jpg,620,710,7f12d6c94e0c50d94e5c6d95cebb729369cc48c8b4294e86bcb3d497a201f395,CC BY 4.0,https://felizang.github.io/expdate/index_expdate.html
004375.jpg,ExpDate,real_train,Products-Real.zip,Products-Real/train/images/img_01023.jpg,img_01023.jpg,567,714,c7f0ec06ccbbe46306c05d2182ed94ccb1f3f77bc531059d64861b37e6cd077f,CC BY 4.0,https://felizang.github.io/expdate/index_expdate.html
004376.jpg,ExpDate,real_train,Products-Real.zip,Products-Real/train/images/img_01024.jpg,img_01024.jpg,593,726,58a107f504c86694d387bb4800c01a40f53140d5c902e937a28ec96763298c6c,CC BY 4.0,https://felizang.github.io/expdate/index_expdate.html
004377.jpg,ExpDate,real_train,Products-Real.zip,Products-Real/train/images/img_01025.jpg,img_01025.jpg,687,738,a391be48c5b4ad7b78f537875531bd3eb7cb77a8cc2c832e944dac5b51f57a9d,CC BY 4.0,https://felizang.github.io/expdate/index_expdate.html
004378.jpg,ExpDate,real_train,Products-Real.zip,Products-Real/train/images/img_01026.jpg,img_01026.jpg,656,866,d3eba20fc4e40f948d768dfb0f88a5a041c24d9b7a7874e0d41fd9bc9ac38187,CC BY 4.0,https://felizang.github.io/expdate/index_expdate.html
004379.jpg,ExpDate,real_train,Products-Real.zip,Products-Real/train/images/img_01027.jpg,img_01027.jpg,702,815,28004abbff6aaff456988da6aca66f99a1975a633be03745b807dd832965dbf0,CC BY 4.0,https://felizang.github.io/expdate/index_expdate.html
004380.jpg,ExpDate,real_train,Products-Real.zip,Products-Real/train/images/img_01028.jpg,img_01028.jpg,756,1008,d34a79ff798d877b62c77a3cc4f84097d8f783f699ea6b806c32de2a22eb73ed,CC BY 4.0,https://felizang.github.io/expdate/index_expdate.html
004381.jpg,ExpDate,real_train,Products-Real.zip,Products-Real/train/images/img_01029.jpg,img_01029.jpg,712,948,863b73c729110acd257b751f5199c733aca5b2a9d2db4a831895f13cafde9d9f,CC BY 4.0,https://felizang.github.io/expdate/index_expdate.html
004382.jpg,ExpDate,real_train,Products-Real.zip,Products-Real/train/images/img_01030.jpg,img_01030.jpg,667,826,5a3d0160bacc9a5b4812ce009d0bbe6340701de3ecdc90fba76a33e86e4d04fd,CC BY 4.0,https://felizang.github.io/expdate/index_expdate.html
004383.jpg,ExpDate,real_train,Products-Real.zip,Products-Real/train/images/img_01031.jpg,img_01031.jpg,756,1008,27214c0cd2e9521ba44e265cba63ee7bb373f0db7dfcf9731dd65a2a281ec9b9,CC BY 4.0,https://felizang.github.io/expdate/index_expdate.html
004384.jpg,ExpDate,real_train,Products-Real.zip,Products-Real/train/images/img_01032.jpg,img_01032.jpg,756,1008,4326ec6ffbda3252a179af1ac5a15dae8f89f39e4eea5c40c8255b6081020dd5,CC BY 4.0,https://felizang.github.io/expdate/index_expdate.html
004385.jpg,ExpDate,real_train,Products-Real.zip,Products-Real/train/images/img_01033.jpg,img_01033.jpg,756,1008,28d626146aae9b6750a98192525b0123c4e2fa954c012937eefc7f424694de09,CC BY 4.0,https://felizang.github.io/expdate/index_expdate.html
004386.jpg,ExpDate,real_train,Products-Real.zip,Products-Real/train/images/img_01034.jpg,img_01034.jpg,756,1008,f6b81883c19ea29224c4ffcb487ad0b841db02f297330f9757c1855e9e789e1a,CC BY 4.0,https://felizang.github.io/expdate/index_expdate.html
004387.jpg,ExpDate,real_train,Products-Real.zip,Products-Real/train/images/img_01035.jpg,img_01035.jpg,756,1008,d40b21fe9bc5401bafc312185ac9e8a4f40d35e1ec337b63234861f923bf74f4,CC BY 4.0,https://felizang.github.io/expdate/index_expdate.html
004388.jpg,ExpDate,real_train,Products-Real.zip,Products-Real/train/images/img_01036.jpg,img_01036.jpg,756,1008,3c31099f05197a0770287a0bb12cbe05be4bc778ad01681f2fc46c300b96707b,CC BY 4.0,https://felizang.github.io/expdate/index_expdate.html
004389.jpg,ExpDate,real_train,Products-Real.zip,Products-Real/train/images/img_01037.jpg,img_01037.jpg,756,1008,c423e68629f1d56d3ae1ffe8c194cea23346798d1b6c08f22be53bba68507504,CC BY 4.0,https://felizang.github.io/expdate/index_expdate.html
004390.jpg,ExpDate,real_train,Products-Real.zip,Products-Real/train/images/img_01038.jpg,img_01038.jpg,717,957,4bf604eef488e91559692f870e0e5352a57ce61c45edf99dc9b0323e4eb4d766,CC BY 4.0,https://felizang.github.io/expdate/index_expdate.html
004391.jpg,ExpDate,real_train,Products-Real.zip,Products-Real/train/images/img_01039.jpg,img_01039.jpg,702,869,2651c2804d8aebc46ebe02fc2cd6a72d84192e31c70e3d7063c75ed84c4d4ee1,CC BY 4.0,https://felizang.github.io/expdate/index_expdate.html
004392.jpg,ExpDate,real_train,Products-Real.zip,Products-Real/train/images/img_01040.jpg,img_01040.jpg,775,1033,40e651e0e8a3d440e9f015a287077f515b940a9994b7e1daf3a794f53a9b0bf6,CC BY 4.0,https://felizang.github.io/expdate/index_expdate.html
004393.jpg,ExpDate,real_train,Products-Real.zip,Products-Real/train/images/img_01041.jpg,img_01041.jpg,999,1131,a62710059443f71618001b616a195fd0fd48dc600d49963c89fad80fbf53c9ee,CC BY 4.0,https://felizang.github.io/expdate/index_expdate.html
004394.jpg,ExpDate,real_train,Products-Real.zip,Products-Real/train/images/img_01042.jpg,img_01042.jpg,756,1139,807b129435ca93eca8899c6887c171e43024dfb7bf9482a63f1c5f5c73f11d91,CC BY 4.0,https://felizang.github.io/expdate/index_expdate.html
004395.jpg,ExpDate,real_train,Products-Real.zip,Products-Real/train/images/img_01043.jpg,img_01043.jpg,756,1008,cb8df5f6d3804ffd1d8f18876db01f15459dea1b91d329d6a9b8d0fbe92b1857,CC BY 4.0,https://felizang.github.io/expdate/index_expdate.html
004396.jpg,ExpDate,real_train,Products-Real.zip,Products-Real/train/images/img_01044.jpg,img_01044.jpg,900,1200,19b9a196b040e5a6faa11dbd5681b1e36464deac0957ece89da2873cabf81b59,CC BY 4.0,https://felizang.github.io/expdate/index_expdate.html
004397.jpg,ExpDate,real_train,Products-Real.zip,Products-Real/train/images/img_01045.jpg,img_01045.jpg,967,1317,c4eeb36b2116d0c5b7f1a1d528603a80ccc7f43f469b4bb651e7042c88082729,CC BY 4.0,https://felizang.github.io/expdate/index_expdate.html
004398.jpg,ExpDate,real_train,Products-Real.zip,Products-Real/train/images/img_01046.jpg,img_01046.jpg,1013,1351,68d205656ad43be4429889ccefe976b4eea48efca57d430e5749f777adac9e43,CC BY 4.0,https://felizang.github.io/expdate/index_expdate.html
004399.jpg,ExpDate,real_train,Products-Real.zip,Products-Real/train/images/img_01047.jpg,img_01047.jpg,595,1274,8b100c464d81e7eebc8de517fdcd0a4a4eb609ff57ebe73e212e0079d7f43e2f,CC BY 4.0,https://felizang.github.io/expdate/index_expdate.html
004400.jpg,ExpDate,real_train,Products-Real.zip,Products-Real/train/images/img_01048.jpg,img_01048.jpg,482,835,3f361bc812441ace5c1567575309e232e7049dbc696be9741036d60b4df5a0ad,CC BY 4.0,https://felizang.github.io/expdate/index_expdate.html
004401.jpg,ExpDate,real_train,Products-Real.zip,Products-Real/train/images/img_01049.jpg,img_01049.jpg,597,775,6e49bf02d791fb4314507e89e3c57a4a2dba162b6b8d6d8ca6d8fb9bd9ed9d11,CC BY 4.0,https://felizang.github.io/expdate/index_expdate.html
004402.jpg,ExpDate,real_train,Products-Real.zip,Products-Real/train/images/img_01050.jpg,img_01050.jpg,520,925,034d056364706585d24931afcea27da20156338f001490bd281f6496370e4dcc,CC BY 4.0,https://felizang.github.io/expdate/index_expdate.html
004403.jpg,ExpDate,real_train,Products-Real.zip,Products-Real/train/images/img_01051.jpg,img_01051.jpg,673,860,539080027f328cc455a88e8e202492836127ebdd77c31749524308ffa8e7da52,CC BY 4.0,https://felizang.github.io/expdate/index_expdate.html
004404.jpg,ExpDate,real_train,Products-Real.zip,Products-Real/train/images/img_01052.jpg,img_01052.jpg,574,845,75599ff3737d9156bd9b5eb0fe10eb926418dd2ee329e72565e77c1a6b67d7cd,CC BY 4.0,https://felizang.github.io/expdate/index_expdate.html
004405.jpg,ExpDate,real_train,Products-Real.zip,Products-Real/train/images/img_01053.jpg,img_01053.jpg,716,927,87038cf87133d5bc445896f0fcbe9a827df33a8d80aadbe462dccfee099e42e7,CC BY 4.0,https://felizang.github.io/expdate/index_expdate.html
004406.jpg,ExpDate,real_train,Products-Real.zip,Products-Real/train/images/img_01054.jpg,img_01054.jpg,813,1084,ac0ec1290e6f5d4f9cbd70ee24f42ec9e97707ac7852391faf8878f8c0b23193,CC BY 4.0,https://felizang.github.io/expdate/index_expdate.html
004407.jpg,ExpDate,real_train,Products-Real.zip,Products-Real/train/images/img_01055.jpg,img_01055.jpg,757,1077,523d320da1533c72a9c2e3865dcc5289866263828f79ed1bd0a77bbcea351ec7,CC BY 4.0,https://felizang.github.io/expdate/index_expdate.html
004408.jpg,ExpDate,real_train,Products-Real.zip,Products-Real/train/images/img_01056.jpg,img_01056.jpg,756,1008,0f6ff918cceba2927f4dae9d02a28615ef2aa035147f8bd74e0af9348fc4cd1b,CC BY 4.0,https://felizang.github.io/expdate/index_expdate.html
004409.jpg,ExpDate,real_train,Products-Real.zip,Products-Real/train/images/img_01057.jpg,img_01057.jpg,695,927,98ec4dd06d02b8189983cb2d33ba150efb151e4b330cd60a65828d08b6447ea2,CC BY 4.0,https://felizang.github.io/expdate/index_expdate.html
004410.jpg,ExpDate,real_train,Products-Real.zip,Products-Real/train/images/img_01058.jpg,img_01058.jpg,724,966,d5dd5d5110d771d8f11e3680779cd8c70baad9df12313aded39710fa48256352,CC BY 4.0,https://felizang.github.io/expdate/index_expdate.html
004411.jpg,ExpDate,real_train,Products-Real.zip,Products-Real/train/images/img_01059.jpg,img_01059.jpg,623,1172,a6c1d84227e6b1985d94f00d40a84b9860731f1ce37429c6cbcb0116a5c41481,CC BY 4.0,https://felizang.github.io/expdate/index_expdate.html
004412.jpg,ExpDate,real_train,Products-Real.zip,Products-Real/train/images/img_01060.jpg,img_01060.jpg,756,1008,d5d3a050a08f495d6050dca555f7217aabaf4c998e3d8fe617570a12ab86913f,CC BY 4.0,https://felizang.github.io/expdate/index_expdate.html
004413.jpg,ExpDate,real_train,Products-Real.zip,Products-Real/train/images/img_01061.jpg,img_01061.jpg,756,1008,873d71c3961bff92f0f4509c0273e10c7ccc1e23bee4808df9b926791ae976a1,CC BY 4.0,https://felizang.github.io/expdate/index_expdate.html
004414.jpg,ExpDate,real_train,Products-Real.zip,Products-Real/train/images/img_01062.jpg,img_01062.jpg,730,973,14d9f1cb6c19538c6d6774c7b16c2ed803bcbdb640a7dc9b5210902c0b33c3fb,CC BY 4.0,https://felizang.github.io/expdate/index_expdate.html
004415.jpg,ExpDate,real_train,Products-Real.zip,Products-Real/train/images/img_01063.jpg,img_01063.jpg,965,1290,773ba9d98d82a0a1f8b94a49b9acfe6ba7cb1d13c20b945530a866f1598b7093,CC BY 4.0,https://felizang.github.io/expdate/index_expdate.html
004416.jpg,ExpDate,real_train,Products-Real.zip,Products-Real/train/images/img_01064.jpg,img_01064.jpg,1056,1408,d21737cb948dcc84e3195d6ef61be26ab6f4c33847d416e7bf4e200a2b8fb745,CC BY 4.0,https://felizang.github.io/expdate/index_expdate.html
004417.jpg,ExpDate,real_train,Products-Real.zip,Products-Real/train/images/img_01065.jpg,img_01065.jpg,854,1200,d2d8a4e6b82af3c667eba268737578a8cd1eb866df118c56b81965f9156750c7,CC BY 4.0,https://felizang.github.io/expdate/index_expdate.html
004418.jpg,ExpDate,real_train,Products-Real.zip,Products-Real/train/images/img_01066.jpg,img_01066.jpg,739,1161,9f3463b4dbbb0bd7e59fe1f35c0132058eb4fa6b85cc2add494d86bf73608efc,CC BY 4.0,https://felizang.github.io/expdate/index_expdate.html
004419.jpg,ExpDate,real_train,Products-Real.zip,Products-Real/train/images/img_01067.jpg,img_01067.jpg,891,544,42849df687000aeac9e0039a70fe6fca7108efa4467659ba87a32664fd31afbb,CC BY 4.0,https://felizang.github.io/expdate/index_expdate.html
004420.jpg,ExpDate,real_train,Products-Real.zip,Products-Real/train/images/img_01068.jpg,img_01068.jpg,997,551,6318c11def021b26950d6153e7357738d81d551d1e6864bc6b23ce0069f31c5b,CC BY 4.0,https://felizang.github.io/expdate/index_expdate.html
004421.jpg,ExpDate,real_train,Products-Real.zip,Products-Real/train/images/img_01069.jpg,img_01069.jpg,940,566,a5b113e7615fbe5464ffd8133baa8fa5538dc9f95fb07507126f60bc36792ac5,CC BY 4.0,https://felizang.github.io/expdate/index_expdate.html
004422.jpg,ExpDate,real_train,Products-Real.zip,Products-Real/train/images/img_01070.jpg,img_01070.jpg,951,502,859b303fc8b43d9d21bb709287d4f23e42c1663eca8d6c9c05800908b36863a8,CC BY 4.0,https://felizang.github.io/expdate/index_expdate.html
004423.jpg,ExpDate,real_train,Products-Real.zip,Products-Real/train/images/img_01071.jpg,img_01071.jpg,898,542,021f3185c43895c5be4db18bbfafccec3e21d6a38280f3527cd40b8ed952754d,CC BY 4.0,https://felizang.github.io/expdate/index_expdate.html
004424.jpg,ExpDate,real_train,Products-Real.zip,Products-Real/train/images/img_01072.jpg,img_01072.jpg,1256,714,e4f86671054593b8c1eecdae0578800d357b6249a6f73489b61b7cd79c3b1f3b,CC BY 4.0,https://felizang.github.io/expdate/index_expdate.html
004425.jpg,ExpDate,real_train,Products-Real.zip,Products-Real/train/images/img_01073.jpg,img_01073.jpg,838,1117,ddc2af5654d3bcf8c8aacff72905a5eb32493fe035ff914350e39d5c7b20a743,CC BY 4.0,https://felizang.github.io/expdate/index_expdate.html
004426.jpg,ExpDate,real_train,Products-Real.zip,Products-Real/train/images/img_01074.jpg,img_01074.jpg,1001,1335,3693528baf56bb7793ee31ed405cb90e6f672172f032e526bdaa0484bddfd7ad,CC BY 4.0,https://felizang.github.io/expdate/index_expdate.html
004427.jpg,ExpDate,real_train,Products-Real.zip,Products-Real/train/images/img_01075.jpg,img_01075.jpg,1058,1410,ccb0dd4e522c0ac296f0464a2c7e472025d5e877945f4e1b7ff6987cb8afb961,CC BY 4.0,https://felizang.github.io/expdate/index_expdate.html
004428.jpg,ExpDate,real_train,Products-Real.zip,Products-Real/train/images/img_01076.jpg,img_01076.jpg,958,1277,c4471e5faad37779feff751dea9feea5e277a2c6cab2e292399f50e378bae0c7,CC BY 4.0,https://felizang.github.io/expdate/index_expdate.html
004429.jpg,ExpDate,real_train,Products-Real.zip,Products-Real/train/images/img_01077.jpg,img_01077.jpg,1082,1443,ac1427be063f6219fb208ad00cac39961dda997c27a203b07b9661e74516607f,CC BY 4.0,https://felizang.github.io/expdate/index_expdate.html
004430.jpg,ExpDate,real_train,Products-Real.zip,Products-Real/train/images/img_01078.jpg,img_01078.jpg,1010,1346,c403795499eef076bba9b65872f916be2f1db118c7460a40ba224a10faa0058f,CC BY 4.0,https://felizang.github.io/expdate/index_expdate.html
004431.jpg,ExpDate,real_train,Products-Real.zip,Products-Real/train/images/img_01079.jpg,img_01079.jpg,981,1308,00a104df3b5167c8ba8cb334f291295d629eff93018e91a106b753814deb1176,CC BY 4.0,https://felizang.github.io/expdate/index_expdate.html
004432.jpg,ExpDate,real_train,Products-Real.zip,Products-Real/train/images/img_01080.jpg,img_01080.jpg,966,1288,8f893158ec47bd21f6f60ae1cb25189968a819c0830a63847c5892f5337ee515,CC BY 4.0,https://felizang.github.io/expdate/index_expdate.html
004433.jpg,ExpDate,real_train,Products-Real.zip,Products-Real/train/images/img_01081.jpg,img_01081.jpg,937,1249,3f4c1a686d859d5a0186aba8a898285e772476a97cb04e9f6ce994e5f69c3f0b,CC BY 4.0,https://felizang.github.io/expdate/index_expdate.html
004434.jpg,ExpDate,real_train,Products-Real.zip,Products-Real/train/images/img_01082.jpg,img_01082.jpg,1022,1362,31f7465d4567ac0c5941454915f016984c599005eacd7c77b65c799ab20cbb81,CC BY 4.0,https://felizang.github.io/expdate/index_expdate.html
004435.jpg,ExpDate,real_train,Products-Real.zip,Products-Real/train/images/img_01083.jpg,img_01083.jpg,987,1316,1652a46cd2afbd65895306e6fdd20b5c031a16f16c3edcbc20d19400143663a3,CC BY 4.0,https://felizang.github.io/expdate/index_expdate.html
004436.jpg,ExpDate,real_train,Products-Real.zip,Products-Real/train/images/img_01084.jpg,img_01084.jpg,1386,1039,55621f31be958923739c987fb95c80a2e15ac0a9d7ae2f860c641cf1919bf950,CC BY 4.0,https://felizang.github.io/expdate/index_expdate.html
004437.jpg,ExpDate,real_train,Products-Real.zip,Products-Real/train/images/img_01085.jpg,img_01085.jpg,825,1114,563bcc015f8ba49bb35d88e48b9c9bffe562b6c598dd9c8af1c4a1b84be542d1,CC BY 4.0,https://felizang.github.io/expdate/index_expdate.html
004438.jpg,ExpDate,real_train,Products-Real.zip,Products-Real/train/images/img_01086.jpg,img_01086.jpg,975,1300,73e6366b534fc290407ce661d0e4a52219d8829ffca23cabf6d0862eb112d3f3,CC BY 4.0,https://felizang.github.io/expdate/index_expdate.html
004439.jpg,ExpDate,real_train,Products-Real.zip,Products-Real/train/images/img_01087.jpg,img_01087.jpg,1080,1439,72f5ce86e4da40b33a7b9dcbe2a3e642fa8473531d2cb65708eace5e30885415,CC BY 4.0,https://felizang.github.io/expdate/index_expdate.html
004440.jpg,ExpDate,real_train,Products-Real.zip,Products-Real/train/images/img_01088.jpg,img_01088.jpg,1245,934,fd88551743f2be7ac5107b640a400340c8ad69560b91925f229a3aa29cf910e2,CC BY 4.0,https://felizang.github.io/expdate/index_expdate.html
004441.jpg,ExpDate,real_train,Products-Real.zip,Products-Real/train/images/img_01089.jpg,img_01089.jpg,1127,1502,1b9de65a9b7ea1da829490af114b49f0911db624da640fb88f2c542d4d08f33a,CC BY 4.0,https://felizang.github.io/expdate/index_expdate.html
004442.jpg,ExpDate,real_train,Products-Real.zip,Products-Real/train/images/img_01090.jpg,img_01090.jpg,516,608,cd730811f00cafcfcd3ce26f5b238973face6df95b8cebb578d0c8a3e06c5a04,CC BY 4.0,https://felizang.github.io/expdate/index_expdate.html
004443.jpg,ExpDate,real_train,Products-Real.zip,Products-Real/train/images/img_01091.jpg,img_01091.jpg,695,1154,b4e5f6fbde1a64da4e7eb8f3d83a43b7e38d1f6b53a70c2fa2a240c38f80a77f,CC BY 4.0,https://felizang.github.io/expdate/index_expdate.html
004444.jpg,ExpDate,real_train,Products-Real.zip,Products-Real/train/images/img_01092.jpg,img_01092.jpg,665,886,40c139b211465f47167752b925cd6b22acbf12e13858d261a59b2a6357362916,CC BY 4.0,https://felizang.github.io/expdate/index_expdate.html
004445.jpg,ExpDate,real_train,Products-Real.zip,Products-Real/train/images/img_01093.jpg,img_01093.jpg,585,760,80bdd40604b0da32b8a42ff2b0dfd87287d4c04070e88540df1ae956f24e34e3,CC BY 4.0,https://felizang.github.io/expdate/index_expdate.html
004446.jpg,ExpDate,real_train,Products-Real.zip,Products-Real/train/images/img_01094.jpg,img_01094.jpg,1083,665,d4ff3f8af8502d3394d68489c9e2812fb4184eff516cea7880ce87d0b169013e,CC BY 4.0,https://felizang.github.io/expdate/index_expdate.html
004447.jpg,ExpDate,real_train,Products-Real.zip,Products-Real/train/images/img_01095.jpg,img_01095.jpg,1008,756,4b40f851ba6d360904b59917a759829457a971c4844351b32dde639299e40a49,CC BY 4.0,https://felizang.github.io/expdate/index_expdate.html
004448.jpg,ExpDate,real_train,Products-Real.zip,Products-Real/train/images/img_01096.jpg,img_01096.jpg,857,1143,32bd2b0ffd224ffd6ffbbcd1888a58234fa19dceaa55416c17d6c3924296ff3c,CC BY 4.0,https://felizang.github.io/expdate/index_expdate.html
004449.jpg,ExpDate,real_train,Products-Real.zip,Products-Real/train/images/img_01097.jpg,img_01097.jpg,902,1203,27603bd03691864d751584e588e7e0c0d5de288a6190fecdbabb274dc5ac9d5b,CC BY 4.0,https://felizang.github.io/expdate/index_expdate.html
004450.jpg,ExpDate,real_train,Products-Real.zip,Products-Real/train/images/img_01098.jpg,img_01098.jpg,777,991,e85777a97abae449bee543516f240140f10233bac0dec56b26239ff4a341a517,CC BY 4.0,https://felizang.github.io/expdate/index_expdate.html
004451.jpg,ExpDate,real_train,Products-Real.zip,Products-Real/train/images/img_01099.jpg,img_01099.jpg,1004,1285,3cd6a73b31d83a331843bdbf592a2605c5450f45f5380e2619ab3de80305b9be,CC BY 4.0,https://felizang.github.io/expdate/index_expdate.html
004452.jpg,ExpDate,real_train,Products-Real.zip,Products-Real/train/images/img_01100.jpg,img_01100.jpg,756,1008,236cf71a2d4a54f00763bccbf9c380335f9fec59cf804071640f71b3405f6e19,CC BY 4.0,https://felizang.github.io/expdate/index_expdate.html
004453.jpg,ExpDate,real_train,Products-Real.zip,Products-Real/train/images/img_01101.jpg,img_01101.jpg,1009,613,3f0c86419e11b90229c1cbf484d0f8607addb34ea7c609552fd909a62395068a,CC BY 4.0,https://felizang.github.io/expdate/index_expdate.html
004454.jpg,ExpDate,real_train,Products-Real.zip,Products-Real/train/images/img_01102.jpg,img_01102.jpg,1131,1507,5466155a9eb1fc6935ca14ec6fdbeb6096a67d5407d7f770d0d046603c5339d9,CC BY 4.0,https://felizang.github.io/expdate/index_expdate.html
004455.jpg,ExpDate,real_evaluation,Products-Real.zip,Products-Real/evaluation/images/test_00001.jpg,test_00001.jpg,1455,1092,d399758962ba52c72b704c7c2ac88eaac46e951b15a49e9cd15b84bb47cf5a0c,CC BY 4.0,https://felizang.github.io/expdate/index_expdate.html
004456.jpg,ExpDate,real_evaluation,Products-Real.zip,Products-Real/evaluation/images/test_00002.jpg,test_00002.jpg,1350,1802,b359748e3aaf236b0826798f6b1e7b3bae0b6f26b1dbebe0cc13fd0f1f8b041f,CC BY 4.0,https://felizang.github.io/expdate/index_expdate.html
004457.jpg,ExpDate,real_evaluation,Products-Real.zip,Products-Real/evaluation/images/test_00003.jpg,test_00003.jpg,1318,925,e73d9067475fa81782e5df9cfe5e6ead1b5633ad564c9edc9a8b695ce79907e7,CC BY 4.0,https://felizang.github.io/expdate/index_expdate.html
004458.jpg,ExpDate,real_evaluation,Products-Real.zip,Products-Real/evaluation/images/test_00004.jpg,test_00004.jpg,1071,1429,380a1a555eb8fbd913352fa2f476031d87a06afe0bff3ff767e1eff31553a11e,CC BY 4.0,https://felizang.github.io/expdate/index_expdate.html
004459.jpg,ExpDate,real_evaluation,Products-Real.zip,Products-Real/evaluation/images/test_00005.jpg,test_00005.jpg,1037,1382,7aebf6bf61ad22580642b2f26c55741826bc153c0b361900186a87ce2038ab3a,CC BY 4.0,https://felizang.github.io/expdate/index_expdate.html
004460.jpg,ExpDate,real_evaluation,Products-Real.zip,Products-Real/evaluation/images/test_00006.jpg,test_00006.jpg,1082,1442,d0b91338e3dd1107d1b3ed110c6ed1eb1c3e67ba078588fb4450632cd9ecef0a,CC BY 4.0,https://felizang.github.io/expdate/index_expdate.html
004461.jpg,ExpDate,real_evaluation,Products-Real.zip,Products-Real/evaluation/images/test_00007.jpg,test_00007.jpg,938,1251,4b07a9640befa0b25b2d3762615bd950655521149d4c95696ccd416176656f37,CC BY 4.0,https://felizang.github.io/expdate/index_expdate.html
004462.jpg,ExpDate,real_evaluation,Products-Real.zip,Products-Real/evaluation/images/test_00008.jpg,test_00008.jpg,958,1277,95b9e209db729d4e993e428e74d18d6de7cf81e44fd74e997f9ea20cee06c151,CC BY 4.0,https://felizang.github.io/expdate/index_expdate.html
004463.jpg,ExpDate,real_evaluation,Products-Real.zip,Products-Real/evaluation/images/test_00009.jpg,test_00009.jpg,948,1264,b1aef0dba5400b4a2f1afe7896ad0b835e53e57dcbfd76356e957ac6f79d336e,CC BY 4.0,https://felizang.github.io/expdate/index_expdate.html
004464.jpg,ExpDate,real_evaluation,Products-Real.zip,Products-Real/evaluation/images/test_00010.jpg,test_00010.jpg,1004,1338,f62a60f91df82f94189491301f36f53c6772ba166ed8dc0f16c79f68e65ca81c,CC BY 4.0,https://felizang.github.io/expdate/index_expdate.html
004465.jpg,ExpDate,real_evaluation,Products-Real.zip,Products-Real/evaluation/images/test_00011.jpg,test_00011.jpg,851,1135,e2e7940389f6cdb5c6187b1cc530d64bc5d50c8016bcc0d800d9f211c456cc4b,CC BY 4.0,https://felizang.github.io/expdate/index_expdate.html
004466.jpg,ExpDate,real_evaluation,Products-Real.zip,Products-Real/evaluation/images/test_00012.jpg,test_00012.jpg,1028,1274,4698ac31d5c5e8a4f310ab4f3e37987680b6930018f97cd1fea5dbb7e719605f,CC BY 4.0,https://felizang.github.io/expdate/index_expdate.html
004467.jpg,ExpDate,real_evaluation,Products-Real.zip,Products-Real/evaluation/images/test_00013.jpg,test_00013.jpg,1067,1422,77d4202af5022dd14da82aaa45b6fe6002c900c9681d218d4cecaef9d798534d,CC BY 4.0,https://felizang.github.io/expdate/index_expdate.html
004468.jpg,ExpDate,real_evaluation,Products-Real.zip,Products-Real/evaluation/images/test_00014.jpg,test_00014.jpg,897,1196,12896d2e508308b2cf1f26a795e3ae6d66782124917a62c8d7f0c3bd7198ca8d,CC BY 4.0,https://felizang.github.io/expdate/index_expdate.html
004469.jpg,ExpDate,real_evaluation,Products-Real.zip,Products-Real/evaluation/images/test_00015.jpg,test_00015.jpg,983,1311,786733a4773aecd42287ef7981193f92128ed053b8cd6602ca707a14b3b7960f,CC BY 4.0,https://felizang.github.io/expdate/index_expdate.html
004470.jpg,ExpDate,real_evaluation,Products-Real.zip,Products-Real/evaluation/images/test_00016.jpg,test_00016.jpg,927,1236,bd85377210be451fcf4e1b49e1b446f9b9a2a0a0ab99aad847b533b9b0ca4d87,CC BY 4.0,https://felizang.github.io/expdate/index_expdate.html
004471.jpg,ExpDate,real_evaluation,Products-Real.zip,Products-Real/evaluation/images/test_00017.jpg,test_00017.jpg,1132,1510,925897ca56ef37f96f31d34ab7609d02794b2504c9dab57ac1635530585d43f6,CC BY 4.0,https://felizang.github.io/expdate/index_expdate.html
004472.jpg,ExpDate,real_evaluation,Products-Real.zip,Products-Real/evaluation/images/test_00018.jpg,test_00018.jpg,1042,1389,23a289209fd14b95c9b36d9666953554975f0d513272c1770b61041c78e9f8af,CC BY 4.0,https://felizang.github.io/expdate/index_expdate.html
004473.jpg,ExpDate,real_evaluation,Products-Real.zip,Products-Real/evaluation/images/test_00019.jpg,test_00019.jpg,1142,722,8091b87ccf3969c68b8f50bd28595306809d6dc88ee5228d6c3459f32ec51367,CC BY 4.0,https://felizang.github.io/expdate/index_expdate.html
004474.jpg,ExpDate,real_evaluation,Products-Real.zip,Products-Real/evaluation/images/test_00020.jpg,test_00020.jpg,947,1263,8c8262287230958ec89901cc75477c08575e6661ab6fd51a859a411d53230e3c,CC BY 4.0,https://felizang.github.io/expdate/index_expdate.html
004475.jpg,ExpDate,real_evaluation,Products-Real.zip,Products-Real/evaluation/images/test_00021.jpg,test_00021.jpg,944,1259,666b97b6db22f2fad3c628ba92ca61b53b998b67a4ea3976ed692efa71da75c8,CC BY 4.0,https://felizang.github.io/expdate/index_expdate.html
004476.jpg,ExpDate,real_evaluation,Products-Real.zip,Products-Real/evaluation/images/test_00022.jpg,test_00022.jpg,1403,1052,4547f3133be91ee5930a73a40e00d9ff7331c5243a43771f2ca455a7b501aa0c,CC BY 4.0,https://felizang.github.io/expdate/index_expdate.html
004477.jpg,ExpDate,real_evaluation,Products-Real.zip,Products-Real/evaluation/images/test_00023.jpg,test_00023.jpg,1536,2048,d2449972016f8fc96d03d7fa1f2562a57a0bbd53c4cd48fe1a969b02174480dd,CC BY 4.0,https://felizang.github.io/expdate/index_expdate.html
004478.jpg,ExpDate,real_evaluation,Products-Real.zip,Products-Real/evaluation/images/test_00024.jpg,test_00024.jpg,1066,1422,2ec3627d83e8c1bfca1e86add38ac401e69211ea1838dab2aecbd7f49dd0a3fb,CC BY 4.0,https://felizang.github.io/expdate/index_expdate.html
004479.jpg,ExpDate,real_evaluation,Products-Real.zip,Products-Real/evaluation/images/test_00025.jpg,test_00025.jpg,1440,1080,57ace6401228e8312daba4621770a3192aded7c5e3cb1090e12afe671ebe4224,CC BY 4.0,https://felizang.github.io/expdate/index_expdate.html
004480.jpg,ExpDate,real_evaluation,Products-Real.zip,Products-Real/evaluation/images/test_00026.jpg,test_00026.jpg,908,1210,af23d4041ac5d1d56d92d50743d46fa49d20993063ca353d48ce78983ca88f7b,CC BY 4.0,https://felizang.github.io/expdate/index_expdate.html
004481.jpg,ExpDate,real_evaluation,Products-Real.zip,Products-Real/evaluation/images/test_00027.jpg,test_00027.jpg,784,1046,2454f8a1229097d61650eee8e92532002e695979a990cca968ac408d0191287b,CC BY 4.0,https://felizang.github.io/expdate/index_expdate.html
004482.jpg,ExpDate,real_evaluation,Products-Real.zip,Products-Real/evaluation/images/test_00028.jpg,test_00028.jpg,1038,1384,cbbae6092e46ea9555596d2c73da8782dcacdbacc25c0ea5c0ecc2f945ae1a66,CC BY 4.0,https://felizang.github.io/expdate/index_expdate.html
004483.jpg,ExpDate,real_evaluation,Products-Real.zip,Products-Real/evaluation/images/test_00029.jpg,test_00029.jpg,873,1096,59e9f602c8d13f6b7aee7340a6536dc2727988d1d0e91d95a4c659d1994a28b3,CC BY 4.0,https://felizang.github.io/expdate/index_expdate.html
004484.jpg,ExpDate,real_evaluation,Products-Real.zip,Products-Real/evaluation/images/test_00030.jpg,test_00030.jpg,673,770,e8855f7b2fbc4b8c50066867a54cc95546afba049976b54832d4a11fe630ea58,CC BY 4.0,https://felizang.github.io/expdate/index_expdate.html
004485.jpg,ExpDate,real_evaluation,Products-Real.zip,Products-Real/evaluation/images/test_00031.jpg,test_00031.jpg,1016,1355,302d703be123c423d05344cc2aac0e98402ad99006a28cfb90841e95fdc4f5e9,CC BY 4.0,https://felizang.github.io/expdate/index_expdate.html
004486.jpg,ExpDate,real_evaluation,Products-Real.zip,Products-Real/evaluation/images/test_00032.jpg,test_00032.jpg,981,1244,4065540195d387e69ad107c02a2490731169b155ae3b83f95b1bfbe4fa24679d,CC BY 4.0,https://felizang.github.io/expdate/index_expdate.html
004487.jpg,ExpDate,real_evaluation,Products-Real.zip,Products-Real/evaluation/images/test_00033.jpg,test_00033.jpg,876,1139,52a485f88aa5390f94b15e28a6900de8d7313692e61b2c4633ad6ea407ec7942,CC BY 4.0,https://felizang.github.io/expdate/index_expdate.html
004488.jpg,ExpDate,real_evaluation,Products-Real.zip,Products-Real/evaluation/images/test_00034.jpg,test_00034.jpg,886,1181,8ae55b2424256b03b66c0043d0149366fa6c81bc7e7e96e0ca377aba7b9a7877,CC BY 4.0,https://felizang.github.io/expdate/index_expdate.html
004489.jpg,ExpDate,real_evaluation,Products-Real.zip,Products-Real/evaluation/images/test_00035.jpg,test_00035.jpg,910,1235,fca4f4dc9eee920e959e4bdeaa0a32ee1ed94f467323a00edc2d520e70139440,CC BY 4.0,https://felizang.github.io/expdate/index_expdate.html
004490.jpg,ExpDate,real_evaluation,Products-Real.zip,Products-Real/evaluation/images/test_00036.jpg,test_00036.jpg,1004,1339,f1f185d70f567689867ed85062120bbc00a7dacff811a55e98e88627a5735a64,CC BY 4.0,https://felizang.github.io/expdate/index_expdate.html
004491.jpg,ExpDate,real_evaluation,Products-Real.zip,Products-Real/evaluation/images/test_00037.jpg,test_00037.jpg,1096,1462,2bd088af685002857e13ebe63993a7e90622892c44e92ff5d57e2d6355f4dbee,CC BY 4.0,https://felizang.github.io/expdate/index_expdate.html
004492.jpg,ExpDate,real_evaluation,Products-Real.zip,Products-Real/evaluation/images/test_00038.jpg,test_00038.jpg,1055,1406,ff79641c7056a8239769040affbebb5fd25aea45c89f997687bdd50af90cf7fd,CC BY 4.0,https://felizang.github.io/expdate/index_expdate.html
004493.jpg,ExpDate,real_evaluation,Products-Real.zip,Products-Real/evaluation/images/test_00039.jpg,test_00039.jpg,981,1308,786b964752d32db861e0e8a166231c901ea26794080c722a4aea45efdbc7b89a,CC BY 4.0,https://felizang.github.io/expdate/index_expdate.html
004494.jpg,ExpDate,real_evaluation,Products-Real.zip,Products-Real/evaluation/images/test_00040.jpg,test_00040.jpg,1303,977,371ef8ac82c7e3ba70aa3a31f94c90b7bc82843b36c64134566c3b676b575d63,CC BY 4.0,https://felizang.github.io/expdate/index_expdate.html
004495.jpg,ExpDate,real_evaluation,Products-Real.zip,Products-Real/evaluation/images/test_00041.jpg,test_00041.jpg,943,1258,1436417c7291d67610278653bb17c29e0f9115ea6e054cf5547fd531e7a64d76,CC BY 4.0,https://felizang.github.io/expdate/index_expdate.html
004496.jpg,ExpDate,real_evaluation,Products-Real.zip,Products-Real/evaluation/images/test_00042.jpg,test_00042.jpg,1384,1038,9592d8db01ed9bfe66434d25412db54c5a329079bf50b9756c928dbf6459f06b,CC BY 4.0,https://felizang.github.io/expdate/index_expdate.html
004497.jpg,ExpDate,real_evaluation,Products-Real.zip,Products-Real/evaluation/images/test_00043.jpg,test_00043.jpg,1077,1436,075f3b88429e4215bdbd6345644041c8bf7fdc36338c44f0ffd1bbf80efa11fa,CC BY 4.0,https://felizang.github.io/expdate/index_expdate.html
004498.jpg,ExpDate,real_evaluation,Products-Real.zip,Products-Real/evaluation/images/test_00044.jpg,test_00044.jpg,1017,1356,7aa951762010476fcb3326310562c0403bbcc2aa26cab4f95e7dbdf43e3c2017,CC BY 4.0,https://felizang.github.io/expdate/index_expdate.html
004499.jpg,ExpDate,real_evaluation,Products-Real.zip,Products-Real/evaluation/images/test_00045.jpg,test_00045.jpg,899,1198,ca2f9ce8909a89f3bf121e71726f64f7b6cd2fc55a7da0d7d7afe565c25427c3,CC BY 4.0,https://felizang.github.io/expdate/index_expdate.html
004500.jpg,ExpDate,real_evaluation,Products-Real.zip,Products-Real/evaluation/images/test_00046.jpg,test_00046.jpg,1487,1115,1ffba19abab0e455cac92681dca2020dca90989c076c1f26f5401e91d8f0b97d,CC BY 4.0,https://felizang.github.io/expdate/index_expdate.html
004501.jpg,ExpDate,real_evaluation,Products-Real.zip,Products-Real/evaluation/images/test_00047.jpg,test_00047.jpg,946,1261,998a7ff04a031b9030bad5710bb142c1b43f8335495c763a32f8b7539ea52ebf,CC BY 4.0,https://felizang.github.io/expdate/index_expdate.html
004502.jpg,ExpDate,real_evaluation,Products-Real.zip,Products-Real/evaluation/images/test_00048.jpg,test_00048.jpg,1017,1357,4ed651305880af2f75cb205a6ed19b8c131ff0a2b14f4d43b3cafb470c9a4f74,CC BY 4.0,https://felizang.github.io/expdate/index_expdate.html
004503.jpg,ExpDate,real_evaluation,Products-Real.zip,Products-Real/evaluation/images/test_00049.jpg,test_00049.jpg,953,1242,2a9af9c8fb84869f909b6cf58d0077b4c98b4d451ea5ca09df069af3bac1d442,CC BY 4.0,https://felizang.github.io/expdate/index_expdate.html
004504.jpg,ExpDate,real_evaluation,Products-Real.zip,Products-Real/evaluation/images/test_00050.jpg,test_00050.jpg,1062,1416,9a117e3e87422e13001abffdda686791990aab4e588afa127ca8c8927bcdaabc,CC BY 4.0,https://felizang.github.io/expdate/index_expdate.html
004505.jpg,ExpDate,real_evaluation,Products-Real.zip,Products-Real/evaluation/images/test_00051.jpg,test_00051.jpg,1105,1474,9b0a53059f20aea1e32f403ae7e67e3c75cd9a4a9a554569b45d6b6b1fcc3025,CC BY 4.0,https://felizang.github.io/expdate/index_expdate.html
004506.jpg,ExpDate,real_evaluation,Products-Real.zip,Products-Real/evaluation/images/test_00052.jpg,test_00052.jpg,949,1266,f8f3bf9447e4c02a797e9cfe5e2a3860d7358b0f6942c8218a72497ef73b5445,CC BY 4.0,https://felizang.github.io/expdate/index_expdate.html
004507.jpg,ExpDate,real_evaluation,Products-Real.zip,Products-Real/evaluation/images/test_00053.jpg,test_00053.jpg,1036,1381,efce1f0785f6e82065485010ecebe53396ff38e100b2aad2efdf0500f051a602,CC BY 4.0,https://felizang.github.io/expdate/index_expdate.html
004508.jpg,ExpDate,real_evaluation,Products-Real.zip,Products-Real/evaluation/images/test_00054.jpg,test_00054.jpg,815,1109,76ee1c8076cedf315c19f7ff70de0a4b6efe94c31fa70d078bd09576983781bb,CC BY 4.0,https://felizang.github.io/expdate/index_expdate.html
004509.jpg,ExpDate,real_evaluation,Products-Real.zip,Products-Real/evaluation/images/test_00055.jpg,test_00055.jpg,1040,1387,43ab0c8530441abdabea75b726596062246f0e49fee3b433d9289b96ea05810a,CC BY 4.0,https://felizang.github.io/expdate/index_expdate.html
004510.jpg,ExpDate,real_evaluation,Products-Real.zip,Products-Real/evaluation/images/test_00056.jpg,test_00056.jpg,1105,1473,767e76e4f88a60b22f214e3578a155ecd0ab41358c99a341b0b2c85f4cba591e,CC BY 4.0,https://felizang.github.io/expdate/index_expdate.html
004511.jpg,ExpDate,real_evaluation,Products-Real.zip,Products-Real/evaluation/images/test_00057.jpg,test_00057.jpg,972,1296,b524b4462b7c08c399bd9515bc4b45710f93abbf9eba3edc03eb6c98cada2bc5,CC BY 4.0,https://felizang.github.io/expdate/index_expdate.html
004512.jpg,ExpDate,real_evaluation,Products-Real.zip,Products-Real/evaluation/images/test_00058.jpg,test_00058.jpg,978,1303,17400d24631f89b9785338bcc2aa26c41090915cfa58cad090130632b55d68d4,CC BY 4.0,https://felizang.github.io/expdate/index_expdate.html
004513.jpg,ExpDate,real_evaluation,Products-Real.zip,Products-Real/evaluation/images/test_00059.jpg,test_00059.jpg,821,1105,795d38d940de8662301f4b50f4aa2a3f40f063f11bdf6035f942b1f07da82318,CC BY 4.0,https://felizang.github.io/expdate/index_expdate.html
004514.jpg,ExpDate,real_evaluation,Products-Real.zip,Products-Real/evaluation/images/test_00060.jpg,test_00060.jpg,994,1326,f27b61d229c7df58211347f447fadcd730579f9fa44bf3ec07d8bc74f318cae4,CC BY 4.0,https://felizang.github.io/expdate/index_expdate.html
004515.jpg,ExpDate,real_evaluation,Products-Real.zip,Products-Real/evaluation/images/test_00061.jpg,test_00061.jpg,1109,1478,74c965b0e73a3090b92642b32a10d7e8900261a323de1c7b81bc83e0e5032803,CC BY 4.0,https://felizang.github.io/expdate/index_expdate.html
004516.jpg,ExpDate,real_evaluation,Products-Real.zip,Products-Real/evaluation/images/test_00062.jpg,test_00062.jpg,1091,1454,f2a7de54710182b3cdcd0d22ff947790a510d98e138f0d1da6d44ffe0d355f3c,CC BY 4.0,https://felizang.github.io/expdate/index_expdate.html
004517.jpg,ExpDate,real_evaluation,Products-Real.zip,Products-Real/evaluation/images/test_00063.jpg,test_00063.jpg,923,1231,92ded468fb184733da20d51d830096e8dbbf02825bd4b57ca01877e25d0a0714,CC BY 4.0,https://felizang.github.io/expdate/index_expdate.html
004518.jpg,ExpDate,real_evaluation,Products-Real.zip,Products-Real/evaluation/images/test_00064.jpg,test_00064.jpg,957,733,495b24fa23955a32db7f86ac572e3b2ebd46a3672be7f964421255b2e68fe1fb,CC BY 4.0,https://felizang.github.io/expdate/index_expdate.html
004519.jpg,ExpDate,real_evaluation,Products-Real.zip,Products-Real/evaluation/images/test_00065.jpg,test_00065.jpg,1006,1341,cacbbcec73cc58b483930a0d866236aed61898b00b394b7e3e6202331a9de6b2,CC BY 4.0,https://felizang.github.io/expdate/index_expdate.html
004520.jpg,ExpDate,real_evaluation,Products-Real.zip,Products-Real/evaluation/images/test_00066.jpg,test_00066.jpg,1113,1484,f285a367c6fa3ac3c100a99d64fe91fa575a13dfdd12d8fc514ed45104288b13,CC BY 4.0,https://felizang.github.io/expdate/index_expdate.html
004521.jpg,ExpDate,real_evaluation,Products-Real.zip,Products-Real/evaluation/images/test_00067.jpg,test_00067.jpg,1059,1412,9690895f270c10ca61efd836d3b8b694672aa284c2241c4977befba7a84b7e91,CC BY 4.0,https://felizang.github.io/expdate/index_expdate.html
004522.jpg,ExpDate,real_evaluation,Products-Real.zip,Products-Real/evaluation/images/test_00068.jpg,test_00068.jpg,1105,1474,59ba61f42feeaf5676b765387f1a12b3935a3f781cf80787fd7edeab55e4ddcd,CC BY 4.0,https://felizang.github.io/expdate/index_expdate.html
004523.jpg,ExpDate,real_evaluation,Products-Real.zip,Products-Real/evaluation/images/test_00069.jpg,test_00069.jpg,1103,1471,55634f4d316718386cf8b762d959f5354d96cb7dc44ec4e317bb6bc02f633997,CC BY 4.0,https://felizang.github.io/expdate/index_expdate.html
004524.jpg,ExpDate,real_evaluation,Products-Real.zip,Products-Real/evaluation/images/test_00070.jpg,test_00070.jpg,1075,1433,6655374a35f280c9292b9b1c924637c1c4bd6d2269801aa3a1017d15a640aa30,CC BY 4.0,https://felizang.github.io/expdate/index_expdate.html
004525.jpg,ExpDate,real_evaluation,Products-Real.zip,Products-Real/evaluation/images/test_00071.jpg,test_00071.jpg,947,1263,b6b0038e3ca4532425d1630c69f3c92b4900dca39d3cd533e19281be9c075958,CC BY 4.0,https://felizang.github.io/expdate/index_expdate.html
004526.jpg,ExpDate,real_evaluation,Products-Real.zip,Products-Real/evaluation/images/test_00072.jpg,test_00072.jpg,981,1309,91d1b5465ed932c456c45de81e7732c72b698d29e90815d6559397bcaeabf589,CC BY 4.0,https://felizang.github.io/expdate/index_expdate.html
004527.jpg,ExpDate,real_evaluation,Products-Real.zip,Products-Real/evaluation/images/test_00073.jpg,test_00073.jpg,872,1162,79cf09129a106a25547d122676827feb3cf300168f7d00cae7a489e6c867649b,CC BY 4.0,https://felizang.github.io/expdate/index_expdate.html
004528.jpg,ExpDate,real_evaluation,Products-Real.zip,Products-Real/evaluation/images/test_00074.jpg,test_00074.jpg,2048,1536,fe977583e99d7ea74ca40eed4a36b7851418a0aea0e5721e30fe2501a6bd0c06,CC BY 4.0,https://felizang.github.io/expdate/index_expdate.html
004529.jpg,ExpDate,real_evaluation,Products-Real.zip,Products-Real/evaluation/images/test_00075.jpg,test_00075.jpg,940,1253,4e8ab5bbe8ae80dd6b0f142738805a9aca8d3fb91b7bc4e3c7d9de8885e45dc6,CC BY 4.0,https://felizang.github.io/expdate/index_expdate.html
004530.jpg,ExpDate,real_evaluation,Products-Real.zip,Products-Real/evaluation/images/test_00076.jpg,test_00076.jpg,903,1202,3b3fe54a2ea6325e2633e7740174a4742ec45179dd7aceb5bb54952a9bad42e0,CC BY 4.0,https://felizang.github.io/expdate/index_expdate.html
004531.jpg,ExpDate,real_evaluation,Products-Real.zip,Products-Real/evaluation/images/test_00077.jpg,test_00077.jpg,980,1307,d05f5cf38f221cc9d426e068529dc8b4dc145acdfb6de24e9f881073fb175828,CC BY 4.0,https://felizang.github.io/expdate/index_expdate.html
004532.jpg,ExpDate,real_evaluation,Products-Real.zip,Products-Real/evaluation/images/test_00078.jpg,test_00078.jpg,1099,1465,aea6cce3c7f1a5559e0080cf0fb50da15e65d2fee8ea1b69edadd27eae8eec19,CC BY 4.0,https://felizang.github.io/expdate/index_expdate.html
004533.jpg,ExpDate,real_evaluation,Products-Real.zip,Products-Real/evaluation/images/test_00079.jpg,test_00079.jpg,958,1229,b7141cdba58cfe25c3fa72f1194d813b2d42c96f370bf29c4d68c2b745cd4199,CC BY 4.0,https://felizang.github.io/expdate/index_expdate.html
004534.jpg,ExpDate,real_evaluation,Products-Real.zip,Products-Real/evaluation/images/test_00080.jpg,test_00080.jpg,878,1171,5ab0334ad134d60f8bf2f16330b1e458bffe80498ace9b9de17b7af222cf25ac,CC BY 4.0,https://felizang.github.io/expdate/index_expdate.html
004535.jpg,ExpDate,real_evaluation,Products-Real.zip,Products-Real/evaluation/images/test_00081.jpg,test_00081.jpg,1052,1403,3f9d72817042cea60ba676dfdf76b4b8f37f6b7ee8769488a81308055be63888,CC BY 4.0,https://felizang.github.io/expdate/index_expdate.html
004536.jpg,ExpDate,real_evaluation,Products-Real.zip,Products-Real/evaluation/images/test_00082.jpg,test_00082.jpg,1033,1377,90a1248da9a9f16e4c4da0ee7ee3c285683d78e3ce899fc66b3faeb934700af3,CC BY 4.0,https://felizang.github.io/expdate/index_expdate.html
004537.jpg,ExpDate,real_evaluation,Products-Real.zip,Products-Real/evaluation/images/test_00083.jpg,test_00083.jpg,1085,1447,ab546dcc5a1a65f3d5a50c06763661f4de0551bb23bc415b40914ef5f521c372,CC BY 4.0,https://felizang.github.io/expdate/index_expdate.html
004538.jpg,ExpDate,real_evaluation,Products-Real.zip,Products-Real/evaluation/images/test_00084.jpg,test_00084.jpg,1059,1413,a5651ca51fa250d8b465931d62b74b8590b0a409182518b63362651b1f37fe12,CC BY 4.0,https://felizang.github.io/expdate/index_expdate.html
004539.jpg,ExpDate,real_evaluation,Products-Real.zip,Products-Real/evaluation/images/test_00085.jpg,test_00085.jpg,1013,1351,f1cd41397921a2f128801ba27d27debc462fa788697e0be7befb047f1b92aca3,CC BY 4.0,https://felizang.github.io/expdate/index_expdate.html
004540.jpg,ExpDate,real_evaluation,Products-Real.zip,Products-Real/evaluation/images/test_00086.jpg,test_00086.jpg,1535,2048,400181d8e3211d1b0c610b326d4b9b6283817fa682e2f6904459de2b8b20c7d8,CC BY 4.0,https://felizang.github.io/expdate/index_expdate.html
004541.jpg,ExpDate,real_evaluation,Products-Real.zip,Products-Real/evaluation/images/test_00087.jpg,test_00087.jpg,916,1221,4e1242aa86784922992695b0dc98838cfadba3647742ef1df28f35db9fc5555a,CC BY 4.0,https://felizang.github.io/expdate/index_expdate.html
004542.jpg,ExpDate,real_evaluation,Products-Real.zip,Products-Real/evaluation/images/test_00088.jpg,test_00088.jpg,1473,1105,e3338f8e6770093ef14bbc5a10d4b2ee6d818a44660b8c154d92c524f0a6a214,CC BY 4.0,https://felizang.github.io/expdate/index_expdate.html
004543.jpg,ExpDate,real_evaluation,Products-Real.zip,Products-Real/evaluation/images/test_00089.jpg,test_00089.jpg,849,1132,905dbdb97e0482782b4c00e4f507f7dd397917f8a0c59102aa172021aaa76a01,CC BY 4.0,https://felizang.github.io/expdate/index_expdate.html
004544.jpg,ExpDate,real_evaluation,Products-Real.zip,Products-Real/evaluation/images/test_00090.jpg,test_00090.jpg,1098,1464,e4f671366dd4e561b7ec67b4fa98b1709ef460ccddc3e23bd72a016f974d99b5,CC BY 4.0,https://felizang.github.io/expdate/index_expdate.html
004545.jpg,ExpDate,real_evaluation,Products-Real.zip,Products-Real/evaluation/images/test_00091.jpg,test_00091.jpg,978,1304,80323a8e4f9f19ce4b42b64014c9741daadaaa9e7f3ef011f83106ba0471a2e0,CC BY 4.0,https://felizang.github.io/expdate/index_expdate.html
004546.jpg,ExpDate,real_evaluation,Products-Real.zip,Products-Real/evaluation/images/test_00092.jpg,test_00092.jpg,1093,1458,1eeb1969d2602820ddf9873921f69ccd94cd050780ded6f995f5cf3587b8b92a,CC BY 4.0,https://felizang.github.io/expdate/index_expdate.html
004547.jpg,ExpDate,real_evaluation,Products-Real.zip,Products-Real/evaluation/images/test_00093.jpg,test_00093.jpg,991,1322,4128829c6112feba24f96bd9449768fc1db9d71b09c76783690f8dfe7296dadd,CC BY 4.0,https://felizang.github.io/expdate/index_expdate.html
004548.jpg,ExpDate,real_evaluation,Products-Real.zip,Products-Real/evaluation/images/test_00094.jpg,test_00094.jpg,719,1015,8537ac1d9f49a680de7b83696d4990bdb09170a357d2d142944f04030326af4d,CC BY 4.0,https://felizang.github.io/expdate/index_expdate.html
004549.jpg,ExpDate,real_evaluation,Products-Real.zip,Products-Real/evaluation/images/test_00095.jpg,test_00095.jpg,929,1239,7442e5be2e08711df1f0de3ecb8b4d973777c07f1cf8f9b96a8867af0b270047,CC BY 4.0,https://felizang.github.io/expdate/index_expdate.html
004550.jpg,ExpDate,real_evaluation,Products-Real.zip,Products-Real/evaluation/images/test_00096.jpg,test_00096.jpg,1126,1501,d0ee8e67fa09711bdd6a15936a3010efd6444d22a9e8511630a79702a71739e8,CC BY 4.0,https://felizang.github.io/expdate/index_expdate.html
004551.jpg,ExpDate,real_evaluation,Products-Real.zip,Products-Real/evaluation/images/test_00097.jpg,test_00097.jpg,676,903,43cea66ddfb009d6433b49e10ac65dd70a1f247ff746c2afe9fd2b4c687e87d2,CC BY 4.0,https://felizang.github.io/expdate/index_expdate.html
004552.jpg,ExpDate,real_evaluation,Products-Real.zip,Products-Real/evaluation/images/test_00098.jpg,test_00098.jpg,917,1222,a2721d31ee4f165bcd26fd41303ab5e0c042f16e512ae6b7061f87ca45ccb3e9,CC BY 4.0,https://felizang.github.io/expdate/index_expdate.html
004553.jpg,ExpDate,real_evaluation,Products-Real.zip,Products-Real/evaluation/images/test_00099.jpg,test_00099.jpg,928,1237,4c52b6c65429b90a6f3cb095bc9a865d2dd5c4442577f164ccda40fb3c744cfa,CC BY 4.0,https://felizang.github.io/expdate/index_expdate.html
004554.jpg,ExpDate,real_evaluation,Products-Real.zip,Products-Real/evaluation/images/test_00100.jpg,test_00100.jpg,833,1109,e8fb53fab861c3f8451429d6da06d7d14c94ce020ecc158a89394eb26b5d7bfe,CC BY 4.0,https://felizang.github.io/expdate/index_expdate.html
004555.jpg,ExpDate,real_evaluation,Products-Real.zip,Products-Real/evaluation/images/test_00101.jpg,test_00101.jpg,929,1238,c8bfbaf01ea94f548d4e3dc3eda0a6be8194383c8832f60e907cb23251ca7f83,CC BY 4.0,https://felizang.github.io/expdate/index_expdate.html
004556.jpg,ExpDate,real_evaluation,Products-Real.zip,Products-Real/evaluation/images/test_00102.jpg,test_00102.jpg,1053,1405,855282e6d803d386429de1eb131be7c4daff64a0fdc3cde255b3be64a15d2cca,CC BY 4.0,https://felizang.github.io/expdate/index_expdate.html
004557.jpg,ExpDate,real_evaluation,Products-Real.zip,Products-Real/evaluation/images/test_00103.jpg,test_00103.jpg,1038,1385,21585d6b4a1da7deea4ae8ab00a2e5e18f4b5272ef81164563e4a7c6f5b760ea,CC BY 4.0,https://felizang.github.io/expdate/index_expdate.html
004558.jpg,ExpDate,real_evaluation,Products-Real.zip,Products-Real/evaluation/images/test_00104.jpg,test_00104.jpg,1016,1355,5857a83d8487bded5b56ea224643ec2abdd5f17ff365bc1a30508d6762ab777b,CC BY 4.0,https://felizang.github.io/expdate/index_expdate.html
004559.jpg,ExpDate,real_evaluation,Products-Real.zip,Products-Real/evaluation/images/test_00105.jpg,test_00105.jpg,1017,1356,3df8dbd06039c4dea119bf9a2f99eec4f5215d16756e064435302c2fa118e55a,CC BY 4.0,https://felizang.github.io/expdate/index_expdate.html
004560.jpg,ExpDate,real_evaluation,Products-Real.zip,Products-Real/evaluation/images/test_00106.jpg,test_00106.jpg,941,1255,f79e2d49f57bd68447dba28d2927b1bc693526828393fb37bbc11e8ccf96050e,CC BY 4.0,https://felizang.github.io/expdate/index_expdate.html
004561.jpg,ExpDate,real_evaluation,Products-Real.zip,Products-Real/evaluation/images/test_00107.jpg,test_00107.jpg,925,1233,473bcb4193859dab7a19bea8b98c9eea2fc3af06a12c2bfbde8fe49d3d2322fa,CC BY 4.0,https://felizang.github.io/expdate/index_expdate.html
004562.jpg,ExpDate,real_evaluation,Products-Real.zip,Products-Real/evaluation/images/test_00108.jpg,test_00108.jpg,1008,1344,b39ecccc332506da2b4b945cef90cd8425c32917d11173d7e07ab3b1db30a31c,CC BY 4.0,https://felizang.github.io/expdate/index_expdate.html
004563.jpg,ExpDate,real_evaluation,Products-Real.zip,Products-Real/evaluation/images/test_00109.jpg,test_00109.jpg,971,1294,15a9f8c214a79e41c946105ec1e648864efbd6263cc4877c192aa4db9a63b25c,CC BY 4.0,https://felizang.github.io/expdate/index_expdate.html
004564.jpg,ExpDate,real_evaluation,Products-Real.zip,Products-Real/evaluation/images/test_00110.jpg,test_00110.jpg,965,1278,3532cedee51c4eedca4180a3c10207582d28607910ac352af167ebb3e152b227,CC BY 4.0,https://felizang.github.io/expdate/index_expdate.html
004565.jpg,ExpDate,real_evaluation,Products-Real.zip,Products-Real/evaluation/images/test_00111.jpg,test_00111.jpg,861,1255,d5c2f5f94f4e16729e10dbd3f506c74fe0e69a85e4c33abd06d3210328ec0db5,CC BY 4.0,https://felizang.github.io/expdate/index_expdate.html
004566.jpg,ExpDate,real_evaluation,Products-Real.zip,Products-Real/evaluation/images/test_00112.jpg,test_00112.jpg,917,1109,76d49101c106e298650a777d9d0e72b3851fe692c4d69bee04e5ec2dc96b1c85,CC BY 4.0,https://felizang.github.io/expdate/index_expdate.html
004567.jpg,ExpDate,real_evaluation,Products-Real.zip,Products-Real/evaluation/images/test_00113.jpg,test_00113.jpg,744,993,f4726ac22ef2fde706d3fd0c7a84cfd515a56e323146a178378a1eca286b56e3,CC BY 4.0,https://felizang.github.io/expdate/index_expdate.html
004568.jpg,ExpDate,real_evaluation,Products-Real.zip,Products-Real/evaluation/images/test_00114.jpg,test_00114.jpg,1536,2048,6ef3786076b2cf651815ac5ea1a13baf538152c719748a4e00d09caf4706c2bd,CC BY 4.0,https://felizang.github.io/expdate/index_expdate.html
004569.jpg,ExpDate,real_evaluation,Products-Real.zip,Products-Real/evaluation/images/test_00115.jpg,test_00115.jpg,2048,1536,ed96a13227f296c6a6785f96b70055ce396a62dc98d192c846f0d44e57fc1e78,CC BY 4.0,https://felizang.github.io/expdate/index_expdate.html
004570.jpg,ExpDate,real_evaluation,Products-Real.zip,Products-Real/evaluation/images/test_00116.jpg,test_00116.jpg,911,1215,6821dbf7e3bde5b9019a88a244cf3f065f74e925bca9e6801f81645a3cf64866,CC BY 4.0,https://felizang.github.io/expdate/index_expdate.html
004571.jpg,ExpDate,real_evaluation,Products-Real.zip,Products-Real/evaluation/images/test_00117.jpg,test_00117.jpg,1058,1411,c029efc39335a95a69c8deb3aa38b57205a0078419f65397dd122bf8363c2297,CC BY 4.0,https://felizang.github.io/expdate/index_expdate.html
004572.jpg,ExpDate,real_evaluation,Products-Real.zip,Products-Real/evaluation/images/test_00118.jpg,test_00118.jpg,1077,1436,d3017c3932cec3653eedb47027c53a66e1b84b7f5d7e6fa5c554cb157058e2c5,CC BY 4.0,https://felizang.github.io/expdate/index_expdate.html
004573.jpg,ExpDate,real_evaluation,Products-Real.zip,Products-Real/evaluation/images/test_00119.jpg,test_00119.jpg,976,1301,b20a2179628d597b6bfec014313ce3202f2376192047140f1ce00004e23f0dc2,CC BY 4.0,https://felizang.github.io/expdate/index_expdate.html
004574.jpg,ExpDate,real_evaluation,Products-Real.zip,Products-Real/evaluation/images/test_00120.jpg,test_00120.jpg,1019,1358,e635d3cac831b225c5a90e6b57eeefb9281ce69d962e14a9f6c096787f36ac69,CC BY 4.0,https://felizang.github.io/expdate/index_expdate.html
004575.jpg,ExpDate,real_evaluation,Products-Real.zip,Products-Real/evaluation/images/test_00121.jpg,test_00121.jpg,1062,1416,1d7ca90626eb2533e173cbe115d7ec7bc68ae1037b145b6dab6a670c92e9aa57,CC BY 4.0,https://felizang.github.io/expdate/index_expdate.html
004576.jpg,ExpDate,real_evaluation,Products-Real.zip,Products-Real/evaluation/images/test_00122.jpg,test_00122.jpg,1051,1401,78b233315c56a894c27b709aa8b55a849aca0053ad668b98a99ec99f88683776,CC BY 4.0,https://felizang.github.io/expdate/index_expdate.html
004577.jpg,ExpDate,real_evaluation,Products-Real.zip,Products-Real/evaluation/images/test_00123.jpg,test_00123.jpg,916,1221,012b20ec80e8c3c620b6d75820a056b7803632b549f81b3378332ce9ae21fc39,CC BY 4.0,https://felizang.github.io/expdate/index_expdate.html
004578.jpg,ExpDate,real_evaluation,Products-Real.zip,Products-Real/evaluation/images/test_00124.jpg,test_00124.jpg,1270,882,b05b58d1ce80468b88d7fe463b3da15d7839e2e1f23c0e8c107dd921541b336c,CC BY 4.0,https://felizang.github.io/expdate/index_expdate.html
004579.jpg,ExpDate,real_evaluation,Products-Real.zip,Products-Real/evaluation/images/test_00125.jpg,test_00125.jpg,903,1204,3bc7b1433fe7e5886e6601f8f7185a7b307823fb7ac4b58f26be39c19afed29a,CC BY 4.0,https://felizang.github.io/expdate/index_expdate.html
004580.jpg,ExpDate,real_evaluation,Products-Real.zip,Products-Real/evaluation/images/test_00126.jpg,test_00126.jpg,1095,1460,274c6702c4a44d6a62555cb832afcb143ea4d50c3bd6fa966b8e316ea660acc4,CC BY 4.0,https://felizang.github.io/expdate/index_expdate.html
004581.jpg,ExpDate,real_evaluation,Products-Real.zip,Products-Real/evaluation/images/test_00127.jpg,test_00127.jpg,1198,898,1fd8e1db01fde03e04dffc7fb57fbc0929a6b220aa78013ba655ad6682aa08c8,CC BY 4.0,https://felizang.github.io/expdate/index_expdate.html
004582.jpg,ExpDate,real_evaluation,Products-Real.zip,Products-Real/evaluation/images/test_00128.jpg,test_00128.jpg,1025,1367,ee82f74d2ce7701a5fca2df9f5643d3170c9695930e364e70b3f7b2864724fc9,CC BY 4.0,https://felizang.github.io/expdate/index_expdate.html
004583.jpg,ExpDate,real_evaluation,Products-Real.zip,Products-Real/evaluation/images/test_00129.jpg,test_00129.jpg,1016,1354,740004196e9791ca972ceaff46876b41185906ee6ea6e280f2c04a1da5cd41a1,CC BY 4.0,https://felizang.github.io/expdate/index_expdate.html
004584.jpg,ExpDate,real_evaluation,Products-Real.zip,Products-Real/evaluation/images/test_00130.jpg,test_00130.jpg,1006,1342,ed91de6503bbce85a40bc0d0c94373e56b19b6c87dfdcc46f39262070b6569d9,CC BY 4.0,https://felizang.github.io/expdate/index_expdate.html
004585.jpg,ExpDate,real_evaluation,Products-Real.zip,Products-Real/evaluation/images/test_00131.jpg,test_00131.jpg,997,1330,9804d09294363d1ad9d5264409ffbc98668c6b20c0dcf4013b7a23b28af413d2,CC BY 4.0,https://felizang.github.io/expdate/index_expdate.html
004586.jpg,ExpDate,real_evaluation,Products-Real.zip,Products-Real/evaluation/images/test_00132.jpg,test_00132.jpg,1004,1338,5bd18f9ee896094abe024fd81b18b41204ac81f83c62a8d9d15ca678071ea739,CC BY 4.0,https://felizang.github.io/expdate/index_expdate.html
004587.jpg,ExpDate,real_evaluation,Products-Real.zip,Products-Real/evaluation/images/test_00133.jpg,test_00133.jpg,1044,1392,d1531582c800e2074fba2c8746bffbb04d0709dca10c3f11e603d0e96aaeb137,CC BY 4.0,https://felizang.github.io/expdate/index_expdate.html
004588.jpg,ExpDate,real_evaluation,Products-Real.zip,Products-Real/evaluation/images/test_00134.jpg,test_00134.jpg,970,1294,1af2628ed01061dbce0c3b6b164e4f32a74ae4dfc6133616916f2f2880aa7788,CC BY 4.0,https://felizang.github.io/expdate/index_expdate.html
004589.jpg,ExpDate,real_evaluation,Products-Real.zip,Products-Real/evaluation/images/test_00135.jpg,test_00135.jpg,1312,984,f0ea0936c19d9e29c45082933ee77ceeaa07fdb7602d71431760d02b8adc97d0,CC BY 4.0,https://felizang.github.io/expdate/index_expdate.html
004590.jpg,ExpDate,real_evaluation,Products-Real.zip,Products-Real/evaluation/images/test_00136.jpg,test_00136.jpg,1536,2048,054395fb8ba5e6c26d39e15ffaa6e14a491d708c1159ef2b5611569c955ad496,CC BY 4.0,https://felizang.github.io/expdate/index_expdate.html
004591.jpg,ExpDate,real_evaluation,Products-Real.zip,Products-Real/evaluation/images/test_00137.jpg,test_00137.jpg,940,1253,64f009b3b45bed38162ed0e7034dd927e0188dcdfaf3e531e7b9809d92bdb93b,CC BY 4.0,https://felizang.github.io/expdate/index_expdate.html
004592.jpg,ExpDate,real_evaluation,Products-Real.zip,Products-Real/evaluation/images/test_00138.jpg,test_00138.jpg,909,1212,3377b0bea3e6bb184d612f96bb0c045ef88bdc5dd0e5d90b925b28810a7791c0,CC BY 4.0,https://felizang.github.io/expdate/index_expdate.html
004593.jpg,ExpDate,real_evaluation,Products-Real.zip,Products-Real/evaluation/images/test_00139.jpg,test_00139.jpg,923,1230,5bac016eae72ece999314fc217c4111025da92f8bccc717f76678e7ee6a4ae67,CC BY 4.0,https://felizang.github.io/expdate/index_expdate.html
004594.jpg,ExpDate,real_evaluation,Products-Real.zip,Products-Real/evaluation/images/test_00140.jpg,test_00140.jpg,1251,938,de29a12cde395e5840c88a20d25fb2d49c612891d42149f679cc0e9575dbe463,CC BY 4.0,https://felizang.github.io/expdate/index_expdate.html
004595.jpg,ExpDate,real_evaluation,Products-Real.zip,Products-Real/evaluation/images/test_00141.jpg,test_00141.jpg,1250,837,05fab41fb1c429bb9dbec2b37a416f95aa75fd03a03d6f41c6902f7e90a152df,CC BY 4.0,https://felizang.github.io/expdate/index_expdate.html
004596.jpg,ExpDate,real_evaluation,Products-Real.zip,Products-Real/evaluation/images/test_00142.jpg,test_00142.jpg,1009,1345,a6dd7bb593292a1f530f92bc349cc8692b31d068c1dc8f4aff3ab337532ea7b9,CC BY 4.0,https://felizang.github.io/expdate/index_expdate.html
004597.jpg,ExpDate,real_evaluation,Products-Real.zip,Products-Real/evaluation/images/test_00143.jpg,test_00143.jpg,1536,2048,6f71cacb24114fb3c1f032005a88bc670a8b394d27f35a02b67b7faa638ac66c,CC BY 4.0,https://felizang.github.io/expdate/index_expdate.html
004598.jpg,ExpDate,real_evaluation,Products-Real.zip,Products-Real/evaluation/images/test_00144.jpg,test_00144.jpg,1408,1876,136f5e2d3a2ffc902f2b663e662c42c642d106d6e35ca8e1cc754044eab39c76,CC BY 4.0,https://felizang.github.io/expdate/index_expdate.html
004599.jpg,ExpDate,real_evaluation,Products-Real.zip,Products-Real/evaluation/images/test_00145.jpg,test_00145.jpg,809,1079,99f8d523635122cc4b8092f078a97c7f03e4663eabe71232e4b70828ce42bf57,CC BY 4.0,https://felizang.github.io/expdate/index_expdate.html
004600.jpg,ExpDate,real_evaluation,Products-Real.zip,Products-Real/evaluation/images/test_00146.jpg,test_00146.jpg,916,1199,209a7356caaa7243a1975bae209bdcc22b9a46ecce065728c0fc4dccd657cacf,CC BY 4.0,https://felizang.github.io/expdate/index_expdate.html
004601.jpg,ExpDate,real_evaluation,Products-Real.zip,Products-Real/evaluation/images/test_00147.jpg,test_00147.jpg,913,1217,9a3f479fa480e721b4e0cbc951ca15e6d89a14ea6733521e0298cc5035056bb8,CC BY 4.0,https://felizang.github.io/expdate/index_expdate.html
004602.jpg,ExpDate,real_evaluation,Products-Real.zip,Products-Real/evaluation/images/test_00148.jpg,test_00148.jpg,1042,1390,4731b01079ef9d36cb81af0cf2a5a7d9ad6dc042957bb6fd2235cdd952811085,CC BY 4.0,https://felizang.github.io/expdate/index_expdate.html
004603.jpg,ExpDate,real_evaluation,Products-Real.zip,Products-Real/evaluation/images/test_00149.jpg,test_00149.jpg,1088,1451,eb711fcd45a6976046ba75c5cea848e39199fc8bd2c91d9ce0b7f116440bf2b4,CC BY 4.0,https://felizang.github.io/expdate/index_expdate.html
004604.jpg,ExpDate,real_evaluation,Products-Real.zip,Products-Real/evaluation/images/test_00150.jpg,test_00150.jpg,855,1154,d3cd8c82425da0535092b3325dbae53f57d92efcba51c1f723660dbd0394711c,CC BY 4.0,https://felizang.github.io/expdate/index_expdate.html
004605.jpg,ExpDate,real_evaluation,Products-Real.zip,Products-Real/evaluation/images/test_00151.jpg,test_00151.jpg,1055,1406,d24eefa6824c01947dab8ad669b4c32beadd437f64cf4c5e7614178107ffc400,CC BY 4.0,https://felizang.github.io/expdate/index_expdate.html
004606.jpg,ExpDate,real_evaluation,Products-Real.zip,Products-Real/evaluation/images/test_00152.jpg,test_00152.jpg,959,1278,640d8a382276c8854354075a50fbe902180b4ea4ba0042007156e7a004d97dc8,CC BY 4.0,https://felizang.github.io/expdate/index_expdate.html
004607.jpg,ExpDate,real_evaluation,Products-Real.zip,Products-Real/evaluation/images/test_00153.jpg,test_00153.jpg,1472,1104,c11dcfd54c85bff177d16c4b6e8dea3bd6da8ebf1f44f4e8186050719dd80d7e,CC BY 4.0,https://felizang.github.io/expdate/index_expdate.html
004608.jpg,ExpDate,real_evaluation,Products-Real.zip,Products-Real/evaluation/images/test_00154.jpg,test_00154.jpg,1121,1495,7f942ddff21c0fbe9f056360aa096524c21f10e957d75587c3e5b6b0f117ddbc,CC BY 4.0,https://felizang.github.io/expdate/index_expdate.html
004609.jpg,ExpDate,real_evaluation,Products-Real.zip,Products-Real/evaluation/images/test_00155.jpg,test_00155.jpg,915,1220,454ced8131d09b8ffad6d04a91aa49294895f962755022fcf528c7e29ddd6e43,CC BY 4.0,https://felizang.github.io/expdate/index_expdate.html
004610.jpg,ExpDate,real_evaluation,Products-Real.zip,Products-Real/evaluation/images/test_00156.jpg,test_00156.jpg,1294,970,a5afd6552249b9702f947e2c3d25200a9c14a59db36c0613dbc293af0960ea1c,CC BY 4.0,https://felizang.github.io/expdate/index_expdate.html
004611.jpg,ExpDate,real_evaluation,Products-Real.zip,Products-Real/evaluation/images/test_00157.jpg,test_00157.jpg,1096,1461,a4c32e2d3e6c2f80e3da3d48be2e12f9264e5967bee0cac0b890571e2b97eb72,CC BY 4.0,https://felizang.github.io/expdate/index_expdate.html
004612.jpg,ExpDate,real_evaluation,Products-Real.zip,Products-Real/evaluation/images/test_00158.jpg,test_00158.jpg,884,1179,f4351005d22200f1eeac8bfcb1d7de3545f5daf37ec7c585c378c4c890cdb6ca,CC BY 4.0,https://felizang.github.io/expdate/index_expdate.html
004613.jpg,ExpDate,real_evaluation,Products-Real.zip,Products-Real/evaluation/images/test_00159.jpg,test_00159.jpg,931,1242,f7c16266096e14b8a8bca49d9e6980eb4692d91254d320c129e5056f65b2396b,CC BY 4.0,https://felizang.github.io/expdate/index_expdate.html
004614.jpg,ExpDate,real_evaluation,Products-Real.zip,Products-Real/evaluation/images/test_00160.jpg,test_00160.jpg,999,1332,a12e6ff3136b3b216721dd3886728d373fc2a6e6173ff27261afe95583ff504d,CC BY 4.0,https://felizang.github.io/expdate/index_expdate.html
004615.jpg,ExpDate,real_evaluation,Products-Real.zip,Products-Real/evaluation/images/test_00161.jpg,test_00161.jpg,1116,1489,7ca7c012c685e0bab486b006b6732c66298a57c0bf5fc3153dffd7e65f8b4596,CC BY 4.0,https://felizang.github.io/expdate/index_expdate.html
004616.jpg,ExpDate,real_evaluation,Products-Real.zip,Products-Real/evaluation/images/test_00162.jpg,test_00162.jpg,1353,1015,824d7304d98aac097d5bf72322d4fecbcbf8f69e58bb497714a335ef7b79f76a,CC BY 4.0,https://felizang.github.io/expdate/index_expdate.html
004617.jpg,ExpDate,real_evaluation,Products-Real.zip,Products-Real/evaluation/images/test_00163.jpg,test_00163.jpg,940,1252,c6585ca903d9d2ab99162de6b6516861bf15fe66203db84d20d0e43787e96445,CC BY 4.0,https://felizang.github.io/expdate/index_expdate.html
004618.jpg,ExpDate,real_evaluation,Products-Real.zip,Products-Real/evaluation/images/test_00164.jpg,test_00164.jpg,1535,2048,aa6c021af1f14ef25a7322e1d835d2d3ea1a314cf60009b753aac10181b5670a,CC BY 4.0,https://felizang.github.io/expdate/index_expdate.html
004619.jpg,ExpDate,real_evaluation,Products-Real.zip,Products-Real/evaluation/images/test_00165.jpg,test_00165.jpg,1122,1497,092d58fca784e512b1ee39175c59a21892804d28d4105a16b2c16930176b4ef5,CC BY 4.0,https://felizang.github.io/expdate/index_expdate.html
004620.jpg,ExpDate,real_evaluation,Products-Real.zip,Products-Real/evaluation/images/test_00166.jpg,test_00166.jpg,1030,1374,cd28fdb3705600396fda9bcae383732fdca44b0ff83de2c2deedb27502a132c7,CC BY 4.0,https://felizang.github.io/expdate/index_expdate.html
004621.jpg,ExpDate,real_evaluation,Products-Real.zip,Products-Real/evaluation/images/test_00167.jpg,test_00167.jpg,972,1296,dc0f34d2665d22f6e18023335dd553cfc5f1e0dbca64f258f81d673fd7e35297,CC BY 4.0,https://felizang.github.io/expdate/index_expdate.html
004622.jpg,ExpDate,real_evaluation,Products-Real.zip,Products-Real/evaluation/images/test_00168.jpg,test_00168.jpg,1271,953,8b56f017c1b2b931a4b36590394d6cff62e425e5d22e198e0ef0ed28ed3057ba,CC BY 4.0,https://felizang.github.io/expdate/index_expdate.html
004623.jpg,ExpDate,real_evaluation,Products-Real.zip,Products-Real/evaluation/images/test_00169.jpg,test_00169.jpg,1015,1354,25ce83426800803ef17cc3226e97bc1dd5c70479e816434c86559ea658dfa6f8,CC BY 4.0,https://felizang.github.io/expdate/index_expdate.html
004624.jpg,ExpDate,real_evaluation,Products-Real.zip,Products-Real/evaluation/images/test_00170.jpg,test_00170.jpg,954,1272,4c6278ddd89492b6b5e6268198ea3d6241432896da7605a6e190eccbbd413b15,CC BY 4.0,https://felizang.github.io/expdate/index_expdate.html
004625.jpg,ExpDate,real_evaluation,Products-Real.zip,Products-Real/evaluation/images/test_00171.jpg,test_00171.jpg,996,1328,2fe966c9923e11a556311419b129965f0d2d6458ccd473202a592a16006b268d,CC BY 4.0,https://felizang.github.io/expdate/index_expdate.html
004626.jpg,ExpDate,real_evaluation,Products-Real.zip,Products-Real/evaluation/images/test_00172.jpg,test_00172.jpg,1108,1477,07539480a0fb9e5dc0543b7bf2855f9649f31abcb1f62563a409df4800e7a26e,CC BY 4.0,https://felizang.github.io/expdate/index_expdate.html
004627.jpg,ExpDate,real_evaluation,Products-Real.zip,Products-Real/evaluation/images/test_00173.jpg,test_00173.jpg,910,1213,ad506e71283cadf51c9f962fd1ec4402e3f5f50ef8abdd99d87b4e8a01bd517b,CC BY 4.0,https://felizang.github.io/expdate/index_expdate.html
004628.jpg,ExpDate,real_evaluation,Products-Real.zip,Products-Real/evaluation/images/test_00174.jpg,test_00174.jpg,1092,1455,004ed8ad0cb457423c8a23c30dd15c8b5d5d12e2cf5ad1fa6e46908f17eb55d8,CC BY 4.0,https://felizang.github.io/expdate/index_expdate.html
004629.jpg,ExpDate,real_evaluation,Products-Real.zip,Products-Real/evaluation/images/test_00175.jpg,test_00175.jpg,845,1109,4ef7f6e5775989b65ace3a3c3b1a29922c71a291a0c73dcafd5ec9da8afaf6e0,CC BY 4.0,https://felizang.github.io/expdate/index_expdate.html
004630.jpg,ExpDate,real_evaluation,Products-Real.zip,Products-Real/evaluation/images/test_00176.jpg,test_00176.jpg,959,1278,bb1cdc372e22c3825c515edf309435b1a5ee31baa8b17cdbff4a27a3c0707a4d,CC BY 4.0,https://felizang.github.io/expdate/index_expdate.html
004631.jpg,ExpDate,real_evaluation,Products-Real.zip,Products-Real/evaluation/images/test_00177.jpg,test_00177.jpg,912,1217,7a4bca0bb4b3a6ef9b003e4f2600a7845f11def2f45ab8fdd82b56c72acc7997,CC BY 4.0,https://felizang.github.io/expdate/index_expdate.html
004632.jpg,ExpDate,real_evaluation,Products-Real.zip,Products-Real/evaluation/images/test_00178.jpg,test_00178.jpg,910,1213,53b97556fa20a9b69405c91b29afcdc8bf654b2ad16cce8576af3c178e764969,CC BY 4.0,https://felizang.github.io/expdate/index_expdate.html
004633.jpg,ExpDate,real_evaluation,Products-Real.zip,Products-Real/evaluation/images/test_00179.jpg,test_00179.jpg,948,1264,ba49f14e2c461ad818e34378c65dcf5ffa48b1746814eb4cd555e9b880cf0a68,CC BY 4.0,https://felizang.github.io/expdate/index_expdate.html
004634.jpg,ExpDate,real_evaluation,Products-Real.zip,Products-Real/evaluation/images/test_00180.jpg,test_00180.jpg,1504,1128,984dd74ee8591c1da25d3c47dcec504d6e5935c88501c1fd5e96c3e595e02dd3,CC BY 4.0,https://felizang.github.io/expdate/index_expdate.html
004635.jpg,ExpDate,real_evaluation,Products-Real.zip,Products-Real/evaluation/images/test_00181.jpg,test_00181.jpg,919,1226,8ac2ddee85a2406ad160d82129f6aa015a47624edc4ddabec9373e0d02c835d0,CC BY 4.0,https://felizang.github.io/expdate/index_expdate.html
004636.jpg,ExpDate,real_evaluation,Products-Real.zip,Products-Real/evaluation/images/test_00182.jpg,test_00182.jpg,1131,1509,b96a08bb10d7ec58b895316013ff229d2fe8d6d9aef3b4cca385c3c1c4c9607a,CC BY 4.0,https://felizang.github.io/expdate/index_expdate.html
004637.jpg,ExpDate,real_evaluation,Products-Real.zip,Products-Real/evaluation/images/test_00183.jpg,test_00183.jpg,908,1211,6dc2e6ba4ac7fc3145ed0a04ebdd3e72be25fc305a0f9165ebe4add5db42b01b,CC BY 4.0,https://felizang.github.io/expdate/index_expdate.html
004638.jpg,ExpDate,real_evaluation,Products-Real.zip,Products-Real/evaluation/images/test_00184.jpg,test_00184.jpg,1054,1235,880605d97a1f19424cbceb22d36a4579156957568e3ec58748c36149c0006abb,CC BY 4.0,https://felizang.github.io/expdate/index_expdate.html
004639.jpg,ExpDate,real_evaluation,Products-Real.zip,Products-Real/evaluation/images/test_00185.jpg,test_00185.jpg,1010,1347,03e1faee1028c7fafbd2383b0208eeea1552f38e0f84e9441dafa65a5cb0b317,CC BY 4.0,https://felizang.github.io/expdate/index_expdate.html
004640.jpg,ExpDate,real_evaluation,Products-Real.zip,Products-Real/evaluation/images/test_00186.jpg,test_00186.jpg,1095,1459,7ffa988c45241bf0681893f0795650b5d4176cf62c555b075adbe8065aa21e85,CC BY 4.0,https://felizang.github.io/expdate/index_expdate.html
004641.jpg,ExpDate,real_evaluation,Products-Real.zip,Products-Real/evaluation/images/test_00187.jpg,test_00187.jpg,839,1072,5479b52a8ec07fbcf1ad0b36f92505dcc04ca0db8546bb634e37397d40006159,CC BY 4.0,https://felizang.github.io/expdate/index_expdate.html
004642.jpg,ExpDate,real_evaluation,Products-Real.zip,Products-Real/evaluation/images/test_00188.jpg,test_00188.jpg,1080,1440,dddba6568dedbef042f8d63becc54e56eebbb7784dd1d0949cf0496c0d73785d,CC BY 4.0,https://felizang.github.io/expdate/index_expdate.html
004643.jpg,ExpDate,real_evaluation,Products-Real.zip,Products-Real/evaluation/images/test_00189.jpg,test_00189.jpg,1098,1464,6d93275d4f0fba5723daeb5876a196fcf3a2b5694dcc4ac0fb1b403fd650c877,CC BY 4.0,https://felizang.github.io/expdate/index_expdate.html
004644.jpg,ExpDate,real_evaluation,Products-Real.zip,Products-Real/evaluation/images/test_00190.jpg,test_00190.jpg,1214,911,d0aae9e6f038286b79d2f3baa34c1edfa1c6e50a5ff0d295188aa70884351994,CC BY 4.0,https://felizang.github.io/expdate/index_expdate.html
004645.jpg,ExpDate,real_evaluation,Products-Real.zip,Products-Real/evaluation/images/test_00191.jpg,test_00191.jpg,1070,1426,aebafa4a0a5e444e775ae1a488192664c490364613a9fe6d023433f26feab699,CC BY 4.0,https://felizang.github.io/expdate/index_expdate.html
004646.jpg,ExpDate,real_evaluation,Products-Real.zip,Products-Real/evaluation/images/test_00192.jpg,test_00192.jpg,996,1328,b93a187e594c97bf2687ffc02c8bb4bf30160982d0366c83e06f808f62e5469e,CC BY 4.0,https://felizang.github.io/expdate/index_expdate.html
004647.jpg,ExpDate,real_evaluation,Products-Real.zip,Products-Real/evaluation/images/test_00193.jpg,test_00193.jpg,989,1319,e29f001748045a261c24255389663ff54730a54e8f2d7a3d1725e134ea1ff4ff,CC BY 4.0,https://felizang.github.io/expdate/index_expdate.html
004648.jpg,ExpDate,real_evaluation,Products-Real.zip,Products-Real/evaluation/images/test_00194.jpg,test_00194.jpg,943,1257,f468962e05939093f05cc13860099fc046dedd46389d38435f52113992adb7c2,CC BY 4.0,https://felizang.github.io/expdate/index_expdate.html
004649.jpg,ExpDate,real_evaluation,Products-Real.zip,Products-Real/evaluation/images/test_00195.jpg,test_00195.jpg,1515,2073,7aeaf09915a4486da171398bff4ee370c76da19b37b55515d12fade0ff4e5c12,CC BY 4.0,https://felizang.github.io/expdate/index_expdate.html
004650.jpg,ExpDate,real_evaluation,Products-Real.zip,Products-Real/evaluation/images/test_00196.jpg,test_00196.jpg,1440,1080,c8ffef94a4ec0192fd23435b7f246e2480d4debb385854405f358e047f76f612,CC BY 4.0,https://felizang.github.io/expdate/index_expdate.html
004651.jpg,ExpDate,real_evaluation,Products-Real.zip,Products-Real/evaluation/images/test_00197.jpg,test_00197.jpg,1345,917,a961e709da5d971a714c11c0bad7f3881d8a1dd0d62c13fbcbecb13903cec8a6,CC BY 4.0,https://felizang.github.io/expdate/index_expdate.html
004652.jpg,ExpDate,real_evaluation,Products-Real.zip,Products-Real/evaluation/images/test_00198.jpg,test_00198.jpg,1536,2048,eb486c0b466e9aab65fe0dd1417ed4ff68b3f5bd788ce9481039676085322d09,CC BY 4.0,https://felizang.github.io/expdate/index_expdate.html
004653.jpg,ExpDate,real_evaluation,Products-Real.zip,Products-Real/evaluation/images/test_00199.jpg,test_00199.jpg,897,1211,ebf418267a3c685f8f6fa4de83a47e84e7dde8984bdc9f1726f4ff8101b27a29,CC BY 4.0,https://felizang.github.io/expdate/index_expdate.html
004654.jpg,ExpDate,real_evaluation,Products-Real.zip,Products-Real/evaluation/images/test_00200.jpg,test_00200.jpg,1016,817,32244a0016c5f16510fa99a3716c90af620dcdc924dc136ae3c9241a32496204,CC BY 4.0,https://felizang.github.io/expdate/index_expdate.html
004655.jpg,ExpDate,real_evaluation,Products-Real.zip,Products-Real/evaluation/images/test_00201.jpg,test_00201.jpg,1014,1352,39e0e5d2647fa486cfab30a6a3a2024614ca71257a5de07a47bf9cff3349e217,CC BY 4.0,https://felizang.github.io/expdate/index_expdate.html
004656.jpg,ExpDate,real_evaluation,Products-Real.zip,Products-Real/evaluation/images/test_00202.jpg,test_00202.jpg,1120,1493,c79193a6020bcf67fd37ccddd40a316378a75b070bad1fe53fdfa3a53e5a1148,CC BY 4.0,https://felizang.github.io/expdate/index_expdate.html
004657.jpg,ExpDate,real_evaluation,Products-Real.zip,Products-Real/evaluation/images/test_00203.jpg,test_00203.jpg,1057,806,2ffb6631d581f19795bc9a8b91410197b63cd160cdae71f22cf302ef4687dfa8,CC BY 4.0,https://felizang.github.io/expdate/index_expdate.html
004658.jpg,ExpDate,real_evaluation,Products-Real.zip,Products-Real/evaluation/images/test_00204.jpg,test_00204.jpg,1007,1342,f20693b83e69a845703fc9b8e6bbf55447f50a01c61ab545a9e3518d72dc26bf,CC BY 4.0,https://felizang.github.io/expdate/index_expdate.html
004659.jpg,ExpDate,real_evaluation,Products-Real.zip,Products-Real/evaluation/images/test_00205.jpg,test_00205.jpg,830,1135,2a22e3844797a51f056169a485b9625bf560e4cde3d23d5a557ca7f36a5e2b75,CC BY 4.0,https://felizang.github.io/expdate/index_expdate.html
004660.jpg,ExpDate,real_evaluation,Products-Real.zip,Products-Real/evaluation/images/test_00206.jpg,test_00206.jpg,1921,1441,be5eea68c31e64b2a29104d3a42a8c0bc1fa475c5efd34b30d62b3c431ad891a,CC BY 4.0,https://felizang.github.io/expdate/index_expdate.html
004661.jpg,ExpDate,real_evaluation,Products-Real.zip,Products-Real/evaluation/images/test_00207.jpg,test_00207.jpg,1334,910,5f756fe24edbf7ca51cbc5e1a2ebeca9a69909a5d0eab68ddaeddf0ce3ccb1be,CC BY 4.0,https://felizang.github.io/expdate/index_expdate.html
004662.jpg,ExpDate,real_evaluation,Products-Real.zip,Products-Real/evaluation/images/test_00208.jpg,test_00208.jpg,1536,2048,00ffa039fb0d3728b4a2a485ca88ce614bec6ae8904cea1dd03c39a123c1133b,CC BY 4.0,https://felizang.github.io/expdate/index_expdate.html
004663.jpg,ExpDate,real_evaluation,Products-Real.zip,Products-Real/evaluation/images/test_00209.jpg,test_00209.jpg,1535,2048,650679cab0b0a0239e443277f80663117ba29a2f344b64e02d0658ef1706499a,CC BY 4.0,https://felizang.github.io/expdate/index_expdate.html
004664.jpg,ExpDate,real_evaluation,Products-Real.zip,Products-Real/evaluation/images/test_00210.jpg,test_00210.jpg,999,1332,ea5bc7733cb3eeeb62d013ae639ca741e7489c973f945d7e8732ef884337fe34,CC BY 4.0,https://felizang.github.io/expdate/index_expdate.html
004665.jpg,ExpDate,real_evaluation,Products-Real.zip,Products-Real/evaluation/images/test_00211.jpg,test_00211.jpg,966,1287,1f767c6525dfb9fd9c521652840030ea0d2841d64f70be321ad1eb087946a3a2,CC BY 4.0,https://felizang.github.io/expdate/index_expdate.html
004666.jpg,ExpDate,real_evaluation,Products-Real.zip,Products-Real/evaluation/images/test_00212.jpg,test_00212.jpg,944,1258,09bc1b4b73d49ea52235f4fa4eece9ad5b00f5053c771e3d68592dc74225438b,CC BY 4.0,https://felizang.github.io/expdate/index_expdate.html
004667.jpg,ExpDate,real_evaluation,Products-Real.zip,Products-Real/evaluation/images/test_00213.jpg,test_00213.jpg,1017,1355,ad22e90346ba2a34768ba8e86f474adf742a1096217822c15b4853fd6be7aa1e,CC BY 4.0,https://felizang.github.io/expdate/index_expdate.html
004668.jpg,ExpDate,real_evaluation,Products-Real.zip,Products-Real/evaluation/images/test_00214.jpg,test_00214.jpg,1010,1347,7ca10eefbb1f08a8aba2241ad1dabf740f1951be562e4262c8a6884efb17858c,CC BY 4.0,https://felizang.github.io/expdate/index_expdate.html
004669.jpg,ExpDate,real_evaluation,Products-Real.zip,Products-Real/evaluation/images/test_00215.jpg,test_00215.jpg,1018,1357,5df1a2343c356efe2413be2b530b97ee6a4c6e8d069e642bb85b6e7072988b08,CC BY 4.0,https://felizang.github.io/expdate/index_expdate.html
004670.jpg,ExpDate,real_evaluation,Products-Real.zip,Products-Real/evaluation/images/test_00216.jpg,test_00216.jpg,1227,838,9921e912614e5fa39a4f02d105d2bb54d9c1f3f3307df87f8b2421dbf4cdf29b,CC BY 4.0,https://felizang.github.io/expdate/index_expdate.html
004671.jpg,ExpDate,real_evaluation,Products-Real.zip,Products-Real/evaluation/images/test_00217.jpg,test_00217.jpg,909,1212,e51b2a5a52686ac2380b2b0647e365f3b335dd07ac7595c3f90b1f29597cdd8f,CC BY 4.0,https://felizang.github.io/expdate/index_expdate.html
004672.jpg,ExpDate,real_evaluation,Products-Real.zip,Products-Real/evaluation/images/test_00218.jpg,test_00218.jpg,1221,916,b39e94d27fe9d17492c961e37ee7dd5bf477df71ff63efa197131f4bb2b2a42c,CC BY 4.0,https://felizang.github.io/expdate/index_expdate.html
004673.jpg,ExpDate,real_evaluation,Products-Real.zip,Products-Real/evaluation/images/test_00219.jpg,test_00219.jpg,743,871,b08db77f9674f341b922ab45c7bca8bef5baa7eae10ae28ed87a587adad15e46,CC BY 4.0,https://felizang.github.io/expdate/index_expdate.html
004674.jpg,ExpDate,real_evaluation,Products-Real.zip,Products-Real/evaluation/images/test_00220.jpg,test_00220.jpg,808,1125,a94bd6e3a7a9f1aadfd5fe31973d75cfb417f630c916b5eca25f04d0d6dffebc,CC BY 4.0,https://felizang.github.io/expdate/index_expdate.html
004675.jpg,ExpDate,real_evaluation,Products-Real.zip,Products-Real/evaluation/images/test_00221.jpg,test_00221.jpg,1386,879,90cf2b69b7815d15f04c069253b8876652d61c6eef4d36b64ead4bb93538c33a,CC BY 4.0,https://felizang.github.io/expdate/index_expdate.html
004676.jpg,ExpDate,real_evaluation,Products-Real.zip,Products-Real/evaluation/images/test_00222.jpg,test_00222.jpg,940,1134,0224cf3495334f773062c93b2181134cceca15cbd3c9511070b2640fe44be66a,CC BY 4.0,https://felizang.github.io/expdate/index_expdate.html
004677.jpg,ExpDate,real_evaluation,Products-Real.zip,Products-Real/evaluation/images/test_00223.jpg,test_00223.jpg,887,1182,c3e097cc626f6522e7cdb26421dec00912b59b5d0bbe79e2d98ffabd2dad9b28,CC BY 4.0,https://felizang.github.io/expdate/index_expdate.html
004678.jpg,ExpDate,real_evaluation,Products-Real.zip,Products-Real/evaluation/images/test_00224.jpg,test_00224.jpg,933,1244,b82695d9b45ea3b958376a0d1e14c5787a50c3fdd4f1578e14f03189f568be79,CC BY 4.0,https://felizang.github.io/expdate/index_expdate.html
004679.jpg,ExpDate,real_evaluation,Products-Real.zip,Products-Real/evaluation/images/test_00225.jpg,test_00225.jpg,1300,879,f1f624c619d4ca027cdd661deba9cab6cb4950ef4a39b494d69f8cc3ea8b34ec,CC BY 4.0,https://felizang.github.io/expdate/index_expdate.html
004680.jpg,ExpDate,real_evaluation,Products-Real.zip,Products-Real/evaluation/images/test_00226.jpg,test_00226.jpg,962,1283,d0bf2090a8da4d0273fabdfd3c591390507a61c3c7d8517bc93a1f531870237a,CC BY 4.0,https://felizang.github.io/expdate/index_expdate.html
004681.jpg,ExpDate,real_evaluation,Products-Real.zip,Products-Real/evaluation/images/test_00227.jpg,test_00227.jpg,1376,988,f74b45c434573dea6eff2e3c3a1ffc7758c8d35638458a2aecf08c629cf7b209,CC BY 4.0,https://felizang.github.io/expdate/index_expdate.html
004682.jpg,ExpDate,real_evaluation,Products-Real.zip,Products-Real/evaluation/images/test_00228.jpg,test_00228.jpg,1536,2048,32c8e1879e41c3a871de0332e779f25f039f3d8a42a24559eb85942c39576d5e,CC BY 4.0,https://felizang.github.io/expdate/index_expdate.html
004683.jpg,ExpDate,real_evaluation,Products-Real.zip,Products-Real/evaluation/images/test_00229.jpg,test_00229.jpg,1536,2048,951509baab346edff9aef670e68274818b52518f97a6853ef74392539b6f02de,CC BY 4.0,https://felizang.github.io/expdate/index_expdate.html
004684.jpg,ExpDate,real_evaluation,Products-Real.zip,Products-Real/evaluation/images/test_00230.jpg,test_00230.jpg,960,683,fbb2989b6842cac8f033b8a659c86973a04a72911974793736921db1010bce80,CC BY 4.0,https://felizang.github.io/expdate/index_expdate.html
004685.jpg,ExpDate,real_evaluation,Products-Real.zip,Products-Real/evaluation/images/test_00231.jpg,test_00231.jpg,577,882,53c783929375bc26206b3c4aed349356c46437a67f810916930de7e15f1b39bd,CC BY 4.0,https://felizang.github.io/expdate/index_expdate.html
004686.jpg,ExpDate,real_evaluation,Products-Real.zip,Products-Real/evaluation/images/test_00232.jpg,test_00232.jpg,1402,1052,16dde050e29858184200b77a94e0b67eed2c8a8bef0e9c55a61d4265ee64f0e1,CC BY 4.0,https://felizang.github.io/expdate/index_expdate.html
004687.jpg,ExpDate,real_evaluation,Products-Real.zip,Products-Real/evaluation/images/test_00233.jpg,test_00233.jpg,1223,789,18c18dea00cd5f51d9c4b950b7b3d59a20fd2a0f9530b2909a3f51bd494b0c56,CC BY 4.0,https://felizang.github.io/expdate/index_expdate.html
004688.jpg,ExpDate,real_evaluation,Products-Real.zip,Products-Real/evaluation/images/test_00234.jpg,test_00234.jpg,929,652,cc768c6bcb292a5c3266074cf18fb8c884f6663530405b706f0af385695406d1,CC BY 4.0,https://felizang.github.io/expdate/index_expdate.html
004689.jpg,ExpDate,real_evaluation,Products-Real.zip,Products-Real/evaluation/images/test_00235.jpg,test_00235.jpg,1112,803,228cb400ad47b11d64605f37f8480b1d16584575230513159e4f00d42437a955,CC BY 4.0,https://felizang.github.io/expdate/index_expdate.html
004690.jpg,ExpDate,real_evaluation,Products-Real.zip,Products-Real/evaluation/images/test_00236.jpg,test_00236.jpg,860,1024,12652116db04b104e749e1c53e1bbfe6247f496b5b2eff430c2798fe2c7b863c,CC BY 4.0,https://felizang.github.io/expdate/index_expdate.html
004691.jpg,ExpDate,real_evaluation,Products-Real.zip,Products-Real/evaluation/images/test_00237.jpg,test_00237.jpg,1076,807,3cd04d42c4b4f56830cdb390b2311e633f0c7398d92d75fdf36e9f0b960f5530,CC BY 4.0,https://felizang.github.io/expdate/index_expdate.html
004692.jpg,ExpDate,real_evaluation,Products-Real.zip,Products-Real/evaluation/images/test_00238.jpg,test_00238.jpg,651,840,d0077166149128099bf5122db5bed873e367c57ce213e6a53c86c17e475adce7,CC BY 4.0,https://felizang.github.io/expdate/index_expdate.html
004693.jpg,ExpDate,real_evaluation,Products-Real.zip,Products-Real/evaluation/images/test_00239.jpg,test_00239.jpg,1039,779,65b6ccacfb1c78b261e779dafa0a34f94d7ea64887908c20aa2e3562ceed57bd,CC BY 4.0,https://felizang.github.io/expdate/index_expdate.html
004694.jpg,ExpDate,real_evaluation,Products-Real.zip,Products-Real/evaluation/images/test_00240.jpg,test_00240.jpg,743,1034,b61ccafd1aca9620c29555c0966e65d3ce7f02e6090d3a3b0e07920ea9691495,CC BY 4.0,https://felizang.github.io/expdate/index_expdate.html
004695.jpg,ExpDate,real_evaluation,Products-Real.zip,Products-Real/evaluation/images/test_00241.jpg,test_00241.jpg,524,556,0d2f5352ad8904ba78abbb9fa5eb78e59cc994aa65ec0d6e923c1e44a0ccdcec,CC BY 4.0,https://felizang.github.io/expdate/index_expdate.html
004696.jpg,ExpDate,real_evaluation,Products-Real.zip,Products-Real/evaluation/images/test_00242.jpg,test_00242.jpg,768,1024,d06ce0f2788c82f97a9dd5c2fb35820fa2ab0236952392a50edad3bf7bcfdd89,CC BY 4.0,https://felizang.github.io/expdate/index_expdate.html
004697.jpg,ExpDate,real_evaluation,Products-Real.zip,Products-Real/evaluation/images/test_00243.jpg,test_00243.jpg,768,1024,bb7ac5b61a62ff917b1d66ebd28db00076b7739570d52a0a520640eb39918132,CC BY 4.0,https://felizang.github.io/expdate/index_expdate.html
004698.jpg,ExpDate,real_evaluation,Products-Real.zip,Products-Real/evaluation/images/test_00244.jpg,test_00244.jpg,674,898,658d6d50eca638a29a76ff70b91d1c7cd72ab3e97d9e64d5be2e114131530d14,CC BY 4.0,https://felizang.github.io/expdate/index_expdate.html
004699.jpg,ExpDate,real_evaluation,Products-Real.zip,Products-Real/evaluation/images/test_00245.jpg,test_00245.jpg,772,1029,ca6c8972e1d677feb8ab428b9abe4a04396312c945b9ce8f7ae608d4c4a9731b,CC BY 4.0,https://felizang.github.io/expdate/index_expdate.html
004700.jpg,ExpDate,real_evaluation,Products-Real.zip,Products-Real/evaluation/images/test_00246.jpg,test_00246.jpg,809,1014,b2e208998548d10f5cb77a22af5aa937df8af0e7e2184fd5d0f86f7721299146,CC BY 4.0,https://felizang.github.io/expdate/index_expdate.html
004701.jpg,ExpDate,real_evaluation,Products-Real.zip,Products-Real/evaluation/images/test_00247.jpg,test_00247.jpg,805,960,4aadae524fccfe8d038e4ed38e6525d924c077b78a07df937d99fb6807c99e1a,CC BY 4.0,https://felizang.github.io/expdate/index_expdate.html
004702.jpg,ExpDate,real_evaluation,Products-Real.zip,Products-Real/evaluation/images/test_00248.jpg,test_00248.jpg,794,846,6c62fdc6154925f92c178b652edfb59028ce25008ffb1565f83911c85f5eacf9,CC BY 4.0,https://felizang.github.io/expdate/index_expdate.html
004703.jpg,ExpDate,real_evaluation,Products-Real.zip,Products-Real/evaluation/images/test_00249.jpg,test_00249.jpg,1500,2000,9db9227c88486e65123a252cc2d88ea83f7b9986bc9d6375be6dd422db33719b,CC BY 4.0,https://felizang.github.io/expdate/index_expdate.html
004704.jpg,ExpDate,real_evaluation,Products-Real.zip,Products-Real/evaluation/images/test_00250.jpg,test_00250.jpg,550,733,7d2a11aee9a654c5a9d631557a6cdea28c6a226fd68a1d3bc9006a00f01bb116,CC BY 4.0,https://felizang.github.io/expdate/index_expdate.html
004705.jpg,ExpDate,real_evaluation,Products-Real.zip,Products-Real/evaluation/images/test_00251.jpg,test_00251.jpg,650,705,906f9724a25ee887e480aaf3d0f1dbf881113169a3d79da60e8712bafec2dd27,CC BY 4.0,https://felizang.github.io/expdate/index_expdate.html
004706.jpg,ExpDate,real_evaluation,Products-Real.zip,Products-Real/evaluation/images/test_00252.jpg,test_00252.jpg,1005,1341,7fa65cc0690ac70a202bc134c477e82ad7fd34b10caeb3bd24bd16e9b595a7ac,CC BY 4.0,https://felizang.github.io/expdate/index_expdate.html
004707.jpg,ExpDate,real_evaluation,Products-Real.zip,Products-Real/evaluation/images/test_00253.jpg,test_00253.jpg,1144,858,dbb8c890472d69e4488b373cb212e533ab789853b3db85632d21c2288b1d2f49,CC BY 4.0,https://felizang.github.io/expdate/index_expdate.html
004708.jpg,ExpDate,real_evaluation,Products-Real.zip,Products-Real/evaluation/images/test_00254.jpg,test_00254.jpg,732,975,657cad3d44fb4be644add05906c985e84956a93996803ee5e87aa0a25fa0db4d,CC BY 4.0,https://felizang.github.io/expdate/index_expdate.html
004709.jpg,ExpDate,real_evaluation,Products-Real.zip,Products-Real/evaluation/images/test_00255.jpg,test_00255.jpg,853,1138,47d315a31c13cbe87ac82c5935f3de38e2ce8d9aff127bcd2c45b13ada4ca24b,CC BY 4.0,https://felizang.github.io/expdate/index_expdate.html
004710.jpg,ExpDate,real_evaluation,Products-Real.zip,Products-Real/evaluation/images/test_00256.jpg,test_00256.jpg,1084,772,e8ae1cbff9931cdf4753416e62f0936c43df8c1ece48047fac02c738d91554ce,CC BY 4.0,https://felizang.github.io/expdate/index_expdate.html
004711.jpg,ExpDate,real_evaluation,Products-Real.zip,Products-Real/evaluation/images/test_00257.jpg,test_00257.jpg,756,1008,7ae048c912512dca4dce79af5eac74aec5f9bd7f8d4870c78b891083f3e3e83a,CC BY 4.0,https://felizang.github.io/expdate/index_expdate.html
004712.jpg,ExpDate,real_evaluation,Products-Real.zip,Products-Real/evaluation/images/test_00258.jpg,test_00258.jpg,985,1313,3938d167501f5d815e1fb3866de1b11b1d8946c9cc65f0b6b3ce30f2973248b5,CC BY 4.0,https://felizang.github.io/expdate/index_expdate.html
004713.jpg,ExpDate,real_evaluation,Products-Real.zip,Products-Real/evaluation/images/test_00259.jpg,test_00259.jpg,766,1021,a81c967e950bac0e18784babd4d8c7532e0c83901b08ecfae9e6ddbb7a5f440e,CC BY 4.0,https://felizang.github.io/expdate/index_expdate.html
004714.jpg,ExpDate,real_evaluation,Products-Real.zip,Products-Real/evaluation/images/test_00260.jpg,test_00260.jpg,1536,2048,45f9266b90b63c5a58a9a17597bbb1009537ef8830f016f82c151ed9e71f8337,CC BY 4.0,https://felizang.github.io/expdate/index_expdate.html
004715.jpg,ExpDate,real_evaluation,Products-Real.zip,Products-Real/evaluation/images/test_00261.jpg,test_00261.jpg,905,1207,85fa7111d08f320d7527f9abe3fdad3597c0ebbc007111d909f8bd58d310a467,CC BY 4.0,https://felizang.github.io/expdate/index_expdate.html
004716.jpg,ExpDate,real_evaluation,Products-Real.zip,Products-Real/evaluation/images/test_00262.jpg,test_00262.jpg,949,1266,89b3b08c54b564a24570701e5748927f01e45b69983a7498deec87e494616670,CC BY 4.0,https://felizang.github.io/expdate/index_expdate.html
004717.jpg,ExpDate,real_evaluation,Products-Real.zip,Products-Real/evaluation/images/test_00263.jpg,test_00263.jpg,965,1308,a5a3cd4f454acdc1f5edeeba57d200f30621f5d80b77e7b025070c31b3844c5f,CC BY 4.0,https://felizang.github.io/expdate/index_expdate.html
004718.jpg,ExpDate,real_evaluation,Products-Real.zip,Products-Real/evaluation/images/test_00264.jpg,test_00264.jpg,731,991,6079c5ace32190d49cec2ba577838137e5f1b36bf1bc4083110b3f3e3457c73c,CC BY 4.0,https://felizang.github.io/expdate/index_expdate.html
004719.jpg,ExpDate,real_evaluation,Products-Real.zip,Products-Real/evaluation/images/test_00265.jpg,test_00265.jpg,768,1022,97ae013b22ea564f8e1134a304f78ba5aaa70013535e6d5e143d5d1f45c4f97b,CC BY 4.0,https://felizang.github.io/expdate/index_expdate.html
004720.jpg,ExpDate,real_evaluation,Products-Real.zip,Products-Real/evaluation/images/test_00266.jpg,test_00266.jpg,776,1035,1d2c4717f2985c22bfbbac2f839aeec58f7e91d18a330342bafe7ebef7d28abf,CC BY 4.0,https://felizang.github.io/expdate/index_expdate.html
004721.jpg,ExpDate,real_evaluation,Products-Real.zip,Products-Real/evaluation/images/test_00267.jpg,test_00267.jpg,991,1321,854758227af064833a967a71083b7aea89a985bfc67ae082672263dee7b9b40c,CC BY 4.0,https://felizang.github.io/expdate/index_expdate.html
004722.jpg,ExpDate,real_evaluation,Products-Real.zip,Products-Real/evaluation/images/test_00268.jpg,test_00268.jpg,852,1137,5cb2f9308f7e250a176fbd56456c1c7125530b33ee67ccd166b0961e7b64e830,CC BY 4.0,https://felizang.github.io/expdate/index_expdate.html
004723.jpg,ExpDate,real_evaluation,Products-Real.zip,Products-Real/evaluation/images/test_00269.jpg,test_00269.jpg,963,1284,1379cf2065b74b6a80d686c0c60138de1db0bf596e81dce9c358cec7dcdab2a9,CC BY 4.0,https://felizang.github.io/expdate/index_expdate.html
004724.jpg,ExpDate,real_evaluation,Products-Real.zip,Products-Real/evaluation/images/test_00270.jpg,test_00270.jpg,931,1242,6503e1c9a0b341d217493eb04809729c7b448b93377b5add02633c29de24242e,CC BY 4.0,https://felizang.github.io/expdate/index_expdate.html
004725.jpg,ExpDate,real_evaluation,Products-Real.zip,Products-Real/evaluation/images/test_00271.jpg,test_00271.jpg,847,1128,6ec54cef234a798bf8a66b6cca12bd12f401324216ec54d9c2cb51bfa8d2b3e6,CC BY 4.0,https://felizang.github.io/expdate/index_expdate.html
004726.jpg,ExpDate,real_evaluation,Products-Real.zip,Products-Real/evaluation/images/test_00272.jpg,test_00272.jpg,994,1325,a4c70b3ee04e7472ab0272072c56710961c538b92977608cbf3f49f0b2125af4,CC BY 4.0,https://felizang.github.io/expdate/index_expdate.html
004727.jpg,ExpDate,real_evaluation,Products-Real.zip,Products-Real/evaluation/images/test_00273.jpg,test_00273.jpg,883,1178,463889168f1bee906b11d3bc1c698cd9f46dca70c79910fb5ca40bb172326254,CC BY 4.0,https://felizang.github.io/expdate/index_expdate.html
004728.jpg,ExpDate,real_evaluation,Products-Real.zip,Products-Real/evaluation/images/test_00274.jpg,test_00274.jpg,787,1051,af9fb9187ffb80de2471ecbb3a2525796f487d173e93dfbf692c8cfc1026fb2c,CC BY 4.0,https://felizang.github.io/expdate/index_expdate.html
004729.jpg,ExpDate,real_evaluation,Products-Real.zip,Products-Real/evaluation/images/test_00275.jpg,test_00275.jpg,974,1298,71c204074d216e56df01857a85dbdf626b4ad24d4dc5e8ab61b31fd5124d08c9,CC BY 4.0,https://felizang.github.io/expdate/index_expdate.html
004730.jpg,ExpDate,real_evaluation,Products-Real.zip,Products-Real/evaluation/images/test_00276.jpg,test_00276.jpg,830,1107,a6d25f55783521c56312e7c8cd27eb96ee86f6c5bb39236fb6a8bc926b8d83db,CC BY 4.0,https://felizang.github.io/expdate/index_expdate.html
004731.jpg,ExpDate,real_evaluation,Products-Real.zip,Products-Real/evaluation/images/test_00277.jpg,test_00277.jpg,762,1014,2fc83557806757574622355d62d67b1a7bc87431f8151291a4fe25ad16960f36,CC BY 4.0,https://felizang.github.io/expdate/index_expdate.html
004732.jpg,ExpDate,real_evaluation,Products-Real.zip,Products-Real/evaluation/images/test_00278.jpg,test_00278.jpg,725,967,ade210372e94dfc6f49198946760cc98c9a85b522154dc4088095fdb07769a29,CC BY 4.0,https://felizang.github.io/expdate/index_expdate.html
004733.jpg,ExpDate,real_evaluation,Products-Real.zip,Products-Real/evaluation/images/test_00279.jpg,test_00279.jpg,704,848,615b7acf83a7d9554fdbc97b611bbe526a9b667a018b496f1fc762c346c699d9,CC BY 4.0,https://felizang.github.io/expdate/index_expdate.html
004734.jpg,ExpDate,real_evaluation,Products-Real.zip,Products-Real/evaluation/images/test_00280.jpg,test_00280.jpg,1536,2048,c7a70764a8efb4ae9bb0dbec9ab9a60fa8168ff16220602eb0d125a46a6221f2,CC BY 4.0,https://felizang.github.io/expdate/index_expdate.html
004735.jpg,ExpDate,real_evaluation,Products-Real.zip,Products-Real/evaluation/images/test_00281.jpg,test_00281.jpg,714,960,925626022287d90d40630d86e9674770168d3414cd3154a57449b022f7363fc5,CC BY 4.0,https://felizang.github.io/expdate/index_expdate.html
004736.jpg,ExpDate,real_evaluation,Products-Real.zip,Products-Real/evaluation/images/test_00282.jpg,test_00282.jpg,891,1188,da1d9939f37413942279dc0892c9667a42e24f17a6691829aedfc888d6b6f13a,CC BY 4.0,https://felizang.github.io/expdate/index_expdate.html
004737.jpg,ExpDate,real_evaluation,Products-Real.zip,Products-Real/evaluation/images/test_00283.jpg,test_00283.jpg,780,1039,3c1374f3e3f894dede85d9b2d59c27a07f19c78a16d5e84f054187f38d2fa721,CC BY 4.0,https://felizang.github.io/expdate/index_expdate.html
004738.jpg,ExpDate,real_evaluation,Products-Real.zip,Products-Real/evaluation/images/test_00284.jpg,test_00284.jpg,825,1101,81f96c77c568bffe84ec2801c1cd7c596f6e97a6dd82bc68efa8ba48127f16bb,CC BY 4.0,https://felizang.github.io/expdate/index_expdate.html
004739.jpg,ExpDate,real_evaluation,Products-Real.zip,Products-Real/evaluation/images/test_00285.jpg,test_00285.jpg,811,1080,07dfc3e5dfab83ab2cba1b29a87dce11758fbca8ad48ca7f6110ddc0d90f36a4,CC BY 4.0,https://felizang.github.io/expdate/index_expdate.html
004740.jpg,ExpDate,real_evaluation,Products-Real.zip,Products-Real/evaluation/images/test_00286.jpg,test_00286.jpg,958,1277,fa97cf70395e22de058913a7ef22f218e58d251b34776548c024140c3e1629ec,CC BY 4.0,https://felizang.github.io/expdate/index_expdate.html
004741.jpg,ExpDate,real_evaluation,Products-Real.zip,Products-Real/evaluation/images/test_00287.jpg,test_00287.jpg,873,1164,c1e632ee5036e84c99396243a48efca485c4146c0d8fe73f25b864b2e33fb907,CC BY 4.0,https://felizang.github.io/expdate/index_expdate.html
004742.jpg,ExpDate,real_evaluation,Products-Real.zip,Products-Real/evaluation/images/test_00288.jpg,test_00288.jpg,967,1289,8de3aa3232a7b9320d692b5107425347822c1a534f8e25c233225a49d3a97187,CC BY 4.0,https://felizang.github.io/expdate/index_expdate.html
004743.jpg,ExpDate,real_evaluation,Products-Real.zip,Products-Real/evaluation/images/test_00289.jpg,test_00289.jpg,1013,1351,b14a7a78c186cc2bec48a8e7817f2c237026d6bfcb87fdf1f9d59235e0304e9a,CC BY 4.0,https://felizang.github.io/expdate/index_expdate.html
004744.jpg,ExpDate,real_evaluation,Products-Real.zip,Products-Real/evaluation/images/test_00290.jpg,test_00290.jpg,834,1111,5ddaebc07ad2ac6e34ae530fdfe0e2b4be7818a9e965ceeba8186312b1dde547,CC BY 4.0,https://felizang.github.io/expdate/index_expdate.html
004745.jpg,ExpDate,real_evaluation,Products-Real.zip,Products-Real/evaluation/images/test_00291.jpg,test_00291.jpg,871,1162,191142f4d01c9de105683a5f0d84a42b39f4d9ecd61c6bff80def58e2fa845f1,CC BY 4.0,https://felizang.github.io/expdate/index_expdate.html
004746.jpg,ExpDate,real_evaluation,Products-Real.zip,Products-Real/evaluation/images/test_00292.jpg,test_00292.jpg,800,1066,a74105b806728e243a8e4ac0fbfc99c8923a16353d2d6edc46a7e7dcd8b8952c,CC BY 4.0,https://felizang.github.io/expdate/index_expdate.html
004747.jpg,ExpDate,real_evaluation,Products-Real.zip,Products-Real/evaluation/images/test_00293.jpg,test_00293.jpg,962,1283,05caf5a8d0c7104e9b35a89e11eab8e7198cb52747f802aae59959322690a383,CC BY 4.0,https://felizang.github.io/expdate/index_expdate.html
004748.jpg,ExpDate,real_evaluation,Products-Real.zip,Products-Real/evaluation/images/test_00294.jpg,test_00294.jpg,1536,2048,ff7ea2f1e165dcea7af91044715f9074379169c4e4ce6225aa246fadd342014e,CC BY 4.0,https://felizang.github.io/expdate/index_expdate.html
004749.jpg,ExpDate,real_evaluation,Products-Real.zip,Products-Real/evaluation/images/test_00295.jpg,test_00295.jpg,763,1016,e91ac9bf4273354e42dab059115eac86ce32bce19fc3c19a8a3eff4c1f125990,CC BY 4.0,https://felizang.github.io/expdate/index_expdate.html
004750.jpg,ExpDate,real_evaluation,Products-Real.zip,Products-Real/evaluation/images/test_00296.jpg,test_00296.jpg,995,1327,1837d13dc071abc69b57d65c563fa8f2c0632ab6ae96b1db13cb067a7ecf129d,CC BY 4.0,https://felizang.github.io/expdate/index_expdate.html
004751.jpg,ExpDate,real_evaluation,Products-Real.zip,Products-Real/evaluation/images/test_00297.jpg,test_00297.jpg,784,1045,fcc2eae3286e46d40e8ca78d68f86d7d215643fab50c972b0d63d93d8c5107d2,CC BY 4.0,https://felizang.github.io/expdate/index_expdate.html
004752.jpg,ExpDate,real_evaluation,Products-Real.zip,Products-Real/evaluation/images/test_00298.jpg,test_00298.jpg,849,1133,524d15d114ac5e1c553f0a9fa0ae423ca8dc839d1de4a729a462ef018e673777,CC BY 4.0,https://felizang.github.io/expdate/index_expdate.html
004753.jpg,ExpDate,real_evaluation,Products-Real.zip,Products-Real/evaluation/images/test_00299.jpg,test_00299.jpg,635,846,b09c5a581d2f188982ba52bfa4c27c7b7471640b7785d5de9f7a34444792b5f2,CC BY 4.0,https://felizang.github.io/expdate/index_expdate.html
004754.jpg,ExpDate,real_evaluation,Products-Real.zip,Products-Real/evaluation/images/test_00300.jpg,test_00300.jpg,764,974,b18685a0b132999d77dcc85e86bebccbca69feb28b63df77cdf9a743def41ed6,CC BY 4.0,https://felizang.github.io/expdate/index_expdate.html
004755.jpg,ExpDate,real_evaluation,Products-Real.zip,Products-Real/evaluation/images/test_00301.jpg,test_00301.jpg,864,1152,2b27263a2514a2e1f5126a65fe65d81df6a2f2bd7aeaa0e0e84b1588658574a6,CC BY 4.0,https://felizang.github.io/expdate/index_expdate.html
004756.jpg,ExpDate,real_evaluation,Products-Real.zip,Products-Real/evaluation/images/test_00302.jpg,test_00302.jpg,1512,2016,8167ae0db455dfe74f18c8c91c45cba93b5d8be194a9e316aecea75b946659d3,CC BY 4.0,https://felizang.github.io/expdate/index_expdate.html
004757.jpg,ExpDate,real_evaluation,Products-Real.zip,Products-Real/evaluation/images/test_00303.jpg,test_00303.jpg,1007,1342,08627686d8b6c5d55eae792f4bd08f1fa43e54bffc956795b21bca2019b37db8,CC BY 4.0,https://felizang.github.io/expdate/index_expdate.html
004758.jpg,ExpDate,real_evaluation,Products-Real.zip,Products-Real/evaluation/images/test_00304.jpg,test_00304.jpg,1445,1927,7f203d8ffbb1f73b9d9c74df769e3bc6c9b9ab2578e63ac6ab52a62d29df8b69,CC BY 4.0,https://felizang.github.io/expdate/index_expdate.html
004759.jpg,ExpDate,real_evaluation,Products-Real.zip,Products-Real/evaluation/images/test_00305.jpg,test_00305.jpg,1536,2048,9c6eb6367840efe102fe4491cfe1c0404e90a10abca4ac90a59d88756c513b3f,CC BY 4.0,https://felizang.github.io/expdate/index_expdate.html
004760.jpg,ExpDate,real_evaluation,Products-Real.zip,Products-Real/evaluation/images/test_00306.jpg,test_00306.jpg,873,1164,e388d2551f897f79847d543cc1f19b485f0470cb889a353ef0ee2162d30fb07f,CC BY 4.0,https://felizang.github.io/expdate/index_expdate.html
004761.jpg,ExpDate,real_evaluation,Products-Real.zip,Products-Real/evaluation/images/test_00307.jpg,test_00307.jpg,795,1060,1d4f7cbf4116979abff4075831830032f7fabc7914af07d31cd0a98f968dfd81,CC BY 4.0,https://felizang.github.io/expdate/index_expdate.html
004762.jpg,ExpDate,real_evaluation,Products-Real.zip,Products-Real/evaluation/images/test_00308.jpg,test_00308.jpg,937,1248,07d01e81b30957ff685cd187ea6479f8076693d61ee6a9ce5a0cd0a933faaf8f,CC BY 4.0,https://felizang.github.io/expdate/index_expdate.html
004763.jpg,ExpDate,real_evaluation,Products-Real.zip,Products-Real/evaluation/images/test_00309.jpg,test_00309.jpg,680,923,f28a0866099e3926664f20e78c7514aafc2ef237d7d2dc47d34c0e17807b9b09,CC BY 4.0,https://felizang.github.io/expdate/index_expdate.html
004764.jpg,ExpDate,real_evaluation,Products-Real.zip,Products-Real/evaluation/images/test_00310.jpg,test_00310.jpg,863,1151,635978ad1bd612f3e9b09034ceac79d968b32bd31f99e2a55434eae906197772,CC BY 4.0,https://felizang.github.io/expdate/index_expdate.html
004765.jpg,ExpDate,real_evaluation,Products-Real.zip,Products-Real/evaluation/images/test_00311.jpg,test_00311.jpg,1011,1348,ab6003a8a0d9eb87afcf01c7c41eb6231eeeaee6c046670d435cd6eb5bdbc1f2,CC BY 4.0,https://felizang.github.io/expdate/index_expdate.html
004766.jpg,ExpDate,real_evaluation,Products-Real.zip,Products-Real/evaluation/images/test_00312.jpg,test_00312.jpg,834,1112,826f8ce1c27d476c44f8245201bcd9ccfed0d42f7c3172a8dd631ea8b92284d9,CC BY 4.0,https://felizang.github.io/expdate/index_expdate.html
004767.jpg,ExpDate,real_evaluation,Products-Real.zip,Products-Real/evaluation/images/test_00313.jpg,test_00313.jpg,1536,2048,be904f412a6275eab2649349ce656c8806bedf2f9959d2d67c402bb8fc7447d3,CC BY 4.0,https://felizang.github.io/expdate/index_expdate.html
004768.jpg,ExpDate,real_evaluation,Products-Real.zip,Products-Real/evaluation/images/test_00314.jpg,test_00314.jpg,742,988,02c5cef3a052076ced187ef95eb6ef680cba351d8b3c21bc24cbe5374637104f,CC BY 4.0,https://felizang.github.io/expdate/index_expdate.html
004769.jpg,ExpDate,real_evaluation,Products-Real.zip,Products-Real/evaluation/images/test_00315.jpg,test_00315.jpg,802,1069,6fb0d592dfbaa4a40681e519463944751e986742941385561f27a75ee6a28ea8,CC BY 4.0,https://felizang.github.io/expdate/index_expdate.html
004770.jpg,ExpDate,real_evaluation,Products-Real.zip,Products-Real/evaluation/images/test_00316.jpg,test_00316.jpg,898,1199,1cdf3fd7f72060aa76d8001244e1e0b4d52264ac4a7f60c2155970a98bfa795c,CC BY 4.0,https://felizang.github.io/expdate/index_expdate.html
004771.jpg,ExpDate,real_evaluation,Products-Real.zip,Products-Real/evaluation/images/test_00317.jpg,test_00317.jpg,1004,1339,1b6d4331cd28935fd7b3693c0da320725974fda39b99f7053933415d611aae34,CC BY 4.0,https://felizang.github.io/expdate/index_expdate.html
004772.jpg,ExpDate,real_evaluation,Products-Real.zip,Products-Real/evaluation/images/test_00318.jpg,test_00318.jpg,737,982,b4e4e82f53d0356c8eea634b31460bce454f2dbb116a52c7220ac3f0f25a4482,CC BY 4.0,https://felizang.github.io/expdate/index_expdate.html
004773.jpg,ExpDate,real_evaluation,Products-Real.zip,Products-Real/evaluation/images/test_00319.jpg,test_00319.jpg,916,1221,92d8c9e92e4734bde8905b76b2b106a63c33d3a512a7cfccaa31e7a8444b3c72,CC BY 4.0,https://felizang.github.io/expdate/index_expdate.html
004774.jpg,ExpDate,real_evaluation,Products-Real.zip,Products-Real/evaluation/images/test_00320.jpg,test_00320.jpg,788,1050,3a7d0e4e9780cc13d1e5538a3642e9ca196ea13e181bd3dd4dc83f4d4e68fe0e,CC BY 4.0,https://felizang.github.io/expdate/index_expdate.html
004775.jpg,ExpDate,real_evaluation,Products-Real.zip,Products-Real/evaluation/images/test_00321.jpg,test_00321.jpg,1342,1007,37f6ceb8cb42c350f105354c872e6338ed1da3f57ca6b989ab0285ce1a1c78da,CC BY 4.0,https://felizang.github.io/expdate/index_expdate.html
004776.jpg,ExpDate,real_evaluation,Products-Real.zip,Products-Real/evaluation/images/test_00322.jpg,test_00322.jpg,873,1164,19959eb75c205e838aa57d48760b02baf4bdae0abb8adff8416642c93c2adfba,CC BY 4.0,https://felizang.github.io/expdate/index_expdate.html
004777.jpg,ExpDate,real_evaluation,Products-Real.zip,Products-Real/evaluation/images/test_00323.jpg,test_00323.jpg,826,1102,b08c091e3a66cf162ebae0751b94442ea6fcec0e48de59f5c01fb93eb25f64f6,CC BY 4.0,https://felizang.github.io/expdate/index_expdate.html
004778.jpg,ExpDate,real_evaluation,Products-Real.zip,Products-Real/evaluation/images/test_00324.jpg,test_00324.jpg,740,967,b99c1c6db034ef907e9946527c4b46402cdc38640ace0ef3b3379a40825e5d13,CC BY 4.0,https://felizang.github.io/expdate/index_expdate.html
004779.jpg,ExpDate,real_evaluation,Products-Real.zip,Products-Real/evaluation/images/test_00325.jpg,test_00325.jpg,773,1031,0ab1a1b9f6139369cb7b8217126d949dbf624e3fae0f49d94207015968f719ac,CC BY 4.0,https://felizang.github.io/expdate/index_expdate.html
004780.jpg,ExpDate,real_evaluation,Products-Real.zip,Products-Real/evaluation/images/test_00326.jpg,test_00326.jpg,1536,2048,bf2a99b2e241c4c861caf30ed0b6709e6973e6e4cca004897129b8692eb9bf21,CC BY 4.0,https://felizang.github.io/expdate/index_expdate.html
004781.jpg,ExpDate,real_evaluation,Products-Real.zip,Products-Real/evaluation/images/test_00327.jpg,test_00327.jpg,678,903,2d14061a94aed27fa406431aa386c5498fbfb1686350380e9245ae36a34e2644,CC BY 4.0,https://felizang.github.io/expdate/index_expdate.html
004782.jpg,ExpDate,real_evaluation,Products-Real.zip,Products-Real/evaluation/images/test_00328.jpg,test_00328.jpg,2048,1536,d37a68468c5bd25a8951bc60cb690b02bd1d3721d5acb232108dcd0edad5b56f,CC BY 4.0,https://felizang.github.io/expdate/index_expdate.html
004783.jpg,ExpDate,real_evaluation,Products-Real.zip,Products-Real/evaluation/images/test_00329.jpg,test_00329.jpg,849,1132,36ef0dc5c9abeb6f0006dd2a82b3dc0459f66bef232d54612221eaa32d473c8e,CC BY 4.0,https://felizang.github.io/expdate/index_expdate.html
004784.jpg,ExpDate,real_evaluation,Products-Real.zip,Products-Real/evaluation/images/test_00330.jpg,test_00330.jpg,760,1013,a19f8f9b07e8930a8af75f2c97ab05800a0249880adb7f0d861af0b68b8a4888,CC BY 4.0,https://felizang.github.io/expdate/index_expdate.html
004785.jpg,ExpDate,real_evaluation,Products-Real.zip,Products-Real/evaluation/images/test_00331.jpg,test_00331.jpg,1536,2048,09b49d505e54c624b39dacc22468d83f6fbc8dd2002b1d7a029c01d452cd5ee5,CC BY 4.0,https://felizang.github.io/expdate/index_expdate.html
004786.jpg,ExpDate,real_evaluation,Products-Real.zip,Products-Real/evaluation/images/test_00332.jpg,test_00332.jpg,852,1136,063ac3a3c98c53d3e51dfb18a83d0d113a66e47fb4518947cdf6b4e9a20afbd5,CC BY 4.0,https://felizang.github.io/expdate/index_expdate.html
004787.jpg,ExpDate,real_evaluation,Products-Real.zip,Products-Real/evaluation/images/test_00333.jpg,test_00333.jpg,1045,1394,41a454ad4059ffd9dfcf74fc9cd2e7e68ff4f84e97c70d86920dc4e1f5c538ae,CC BY 4.0,https://felizang.github.io/expdate/index_expdate.html
004788.jpg,ExpDate,real_evaluation,Products-Real.zip,Products-Real/evaluation/images/test_00334.jpg,test_00334.jpg,741,989,ab1df6c3ed0b5fa2024612c7a08391760bb8c9e8fccdcca65ea307dcfaee633e,CC BY 4.0,https://felizang.github.io/expdate/index_expdate.html
004789.jpg,ExpDate,real_evaluation,Products-Real.zip,Products-Real/evaluation/images/test_00335.jpg,test_00335.jpg,881,1174,9ae9bbc84dd58a9a12f988ae6301d28fe7eaf1824cc8a380d612312bb773dd7d,CC BY 4.0,https://felizang.github.io/expdate/index_expdate.html
004790.jpg,ExpDate,real_evaluation,Products-Real.zip,Products-Real/evaluation/images/test_00336.jpg,test_00336.jpg,987,1316,2d99591ee785e7034db650b2136d4e1e4946d763397cfd15298908b6ba41e22f,CC BY 4.0,https://felizang.github.io/expdate/index_expdate.html
004791.jpg,ExpDate,real_evaluation,Products-Real.zip,Products-Real/evaluation/images/test_00337.jpg,test_00337.jpg,848,1132,d3c9a64abf3a37d583b84094d64977cd93feced5212f5c7647ac4296fda2634e,CC BY 4.0,https://felizang.github.io/expdate/index_expdate.html
004792.jpg,ExpDate,real_evaluation,Products-Real.zip,Products-Real/evaluation/images/test_00338.jpg,test_00338.jpg,1009,1345,015cfaea0efa3776dfee0891f7054a2f2cc7e8833665c3244f86e2447e6b7661,CC BY 4.0,https://felizang.github.io/expdate/index_expdate.html
004793.jpg,ExpDate,real_evaluation,Products-Real.zip,Products-Real/evaluation/images/test_00339.jpg,test_00339.jpg,1010,1347,845e578b56ad51bab7284e6202d5c1141912d8b3c230304481104669cf579f90,CC BY 4.0,https://felizang.github.io/expdate/index_expdate.html
004794.jpg,ExpDate,real_evaluation,Products-Real.zip,Products-Real/evaluation/images/test_00340.jpg,test_00340.jpg,1019,1358,cdf841151488833e3f013310c62b8af3d53dfca9391c4bdfd08f6bbd4c0bbed5,CC BY 4.0,https://felizang.github.io/expdate/index_expdate.html
004795.jpg,ExpDate,real_evaluation,Products-Real.zip,Products-Real/evaluation/images/test_00341.jpg,test_00341.jpg,721,961,47de7b2ed99934601bacf5d3585e9fd3759252d878000f33f303c9ad0fde481f,CC BY 4.0,https://felizang.github.io/expdate/index_expdate.html
004796.jpg,ExpDate,real_evaluation,Products-Real.zip,Products-Real/evaluation/images/test_00342.jpg,test_00342.jpg,1536,2048,ceb59102ed87fe7af4c3ec42d1056c2df9f60b985f14f64fc86931634baf476d,CC BY 4.0,https://felizang.github.io/expdate/index_expdate.html
004797.jpg,ExpDate,real_evaluation,Products-Real.zip,Products-Real/evaluation/images/test_00343.jpg,test_00343.jpg,989,1318,3e761ba0b7496ffca5b4f1e787003feeaf67a2c77efa92a36f8a69de23c6c9c3,CC BY 4.0,https://felizang.github.io/expdate/index_expdate.html
004798.jpg,ExpDate,real_evaluation,Products-Real.zip,Products-Real/evaluation/images/test_00344.jpg,test_00344.jpg,732,977,98627ae77a91d8b2d9e52426170c01a8bd7aba52b1d9d69d002da5a8bd9737ad,CC BY 4.0,https://felizang.github.io/expdate/index_expdate.html
004799.jpg,ExpDate,real_evaluation,Products-Real.zip,Products-Real/evaluation/images/test_00345.jpg,test_00345.jpg,851,1133,0fa1bffee86a502860a23572db7dd2e8040ac18c96a6737880fec5f759611fb2,CC BY 4.0,https://felizang.github.io/expdate/index_expdate.html
004800.jpg,ExpDate,real_evaluation,Products-Real.zip,Products-Real/evaluation/images/test_00346.jpg,test_00346.jpg,955,1274,0bbbf1a67f78c6187fc0479e4f89ded3d1f7fd5b2d22bc423c87e55160373d58,CC BY 4.0,https://felizang.github.io/expdate/index_expdate.html
004801.jpg,ExpDate,real_evaluation,Products-Real.zip,Products-Real/evaluation/images/test_00347.jpg,test_00347.jpg,1057,1409,b94aa1e496e17107d2809fe292bed99bbb2474ac2d0898083199fbd3c25b19b8,CC BY 4.0,https://felizang.github.io/expdate/index_expdate.html
004802.jpg,ExpDate,real_evaluation,Products-Real.zip,Products-Real/evaluation/images/test_00348.jpg,test_00348.jpg,686,863,d25d7b86220ccdf973eb18ccfc90f5033df21543407c2c5aebcf003dedfa4bd8,CC BY 4.0,https://felizang.github.io/expdate/index_expdate.html
004803.jpg,ExpDate,real_evaluation,Products-Real.zip,Products-Real/evaluation/images/test_00349.jpg,test_00349.jpg,825,1100,0d595ab89e6cdf893e33c04616f1db16509d6db8f695f56255fa537ae22f763b,CC BY 4.0,https://felizang.github.io/expdate/index_expdate.html
004804.jpg,ExpDate,real_evaluation,Products-Real.zip,Products-Real/evaluation/images/test_00350.jpg,test_00350.jpg,823,1098,e799a73a8bd0d5109064a412a5d007af2b7606a6a022fd544cb269f466c4742b,CC BY 4.0,https://felizang.github.io/expdate/index_expdate.html
004805.jpg,ExpDate,real_evaluation,Products-Real.zip,Products-Real/evaluation/images/test_00351.jpg,test_00351.jpg,874,1166,912cb3ea944ef2cb6563044af8fa2e9cc4bc419228a7d321c96c835e7b1116f2,CC BY 4.0,https://felizang.github.io/expdate/index_expdate.html
004806.jpg,ExpDate,real_evaluation,Products-Real.zip,Products-Real/evaluation/images/test_00352.jpg,test_00352.jpg,886,1181,08d4e1ae1c654b0520651cff6052598b5c6bd1b8d9052ab833ef6e2ea30dfabd,CC BY 4.0,https://felizang.github.io/expdate/index_expdate.html
004807.jpg,ExpDate,real_evaluation,Products-Real.zip,Products-Real/evaluation/images/test_00353.jpg,test_00353.jpg,1126,828,548a1f35dd68d81a07d881976d217ca458af9b9a71b8a9196e4fbedffc3e3d47,CC BY 4.0,https://felizang.github.io/expdate/index_expdate.html
004808.jpg,ExpDate,real_evaluation,Products-Real.zip,Products-Real/evaluation/images/test_00354.jpg,test_00354.jpg,677,768,2a3d11b00e903b485c9ecad8af944bd4ae65b829d707113d9653990373e7060e,CC BY 4.0,https://felizang.github.io/expdate/index_expdate.html
004809.jpg,ExpDate,real_evaluation,Products-Real.zip,Products-Real/evaluation/images/test_00355.jpg,test_00355.jpg,704,807,6d136d3ab4a989ec9ea60890c48a7e77dc2a4fe5b74ab830fb30cc4efc9c297a,CC BY 4.0,https://felizang.github.io/expdate/index_expdate.html
004810.jpg,ExpDate,real_evaluation,Products-Real.zip,Products-Real/evaluation/images/test_00356.jpg,test_00356.jpg,547,850,ebc0de12f6ef259c2101d9ce257c7a2d304ef61f0561371e0f46bf025eeac725,CC BY 4.0,https://felizang.github.io/expdate/index_expdate.html
004811.jpg,ExpDate,real_evaluation,Products-Real.zip,Products-Real/evaluation/images/test_00357.jpg,test_00357.jpg,719,982,2d154aa11cca5ee23ac72e0d700270cd6ccaf207e0aa5ea4a87868e063b3b563,CC BY 4.0,https://felizang.github.io/expdate/index_expdate.html
004812.jpg,ExpDate,real_evaluation,Products-Real.zip,Products-Real/evaluation/images/test_00358.jpg,test_00358.jpg,1048,1398,456c29cc6b06ea1e304fe53809d1e908fd2275b579bf230aaf179314c4eb7163,CC BY 4.0,https://felizang.github.io/expdate/index_expdate.html
004813.jpg,ExpDate,real_evaluation,Products-Real.zip,Products-Real/evaluation/images/test_00359.jpg,test_00359.jpg,935,1247,2c479b7c49403536df5098997e4ae393bbbba244f4292dca0bf157f235045a08,CC BY 4.0,https://felizang.github.io/expdate/index_expdate.html
004814.jpg,ExpDate,real_evaluation,Products-Real.zip,Products-Real/evaluation/images/test_00360.jpg,test_00360.jpg,2048,1536,e68d61d26ada46da8b443aa89d35404f624ad832d816de710ec8b2502138b455,CC BY 4.0,https://felizang.github.io/expdate/index_expdate.html
004815.jpg,ExpDate,real_evaluation,Products-Real.zip,Products-Real/evaluation/images/test_00361.jpg,test_00361.jpg,756,1008,fe2b48a02af3465d73cbd16d7abdc937a2a0647d9eef1520b89b0cc945f1a8d1,CC BY 4.0,https://felizang.github.io/expdate/index_expdate.html
004816.jpg,ExpDate,real_evaluation,Products-Real.zip,Products-Real/evaluation/images/test_00362.jpg,test_00362.jpg,1193,895,ccc5f932111eafd8d18ec1af42f8f4a23bfe1d78b8017bec3fe13490108d5752,CC BY 4.0,https://felizang.github.io/expdate/index_expdate.html
004817.jpg,ExpDate,real_evaluation,Products-Real.zip,Products-Real/evaluation/images/test_00363.jpg,test_00363.jpg,1027,1370,7ed1723f41cd0dc6225c2a11f850ab5b79ab58da6ceaf83eb820416dfb5aa7ed,CC BY 4.0,https://felizang.github.io/expdate/index_expdate.html
004818.jpg,ExpDate,real_evaluation,Products-Real.zip,Products-Real/evaluation/images/test_00364.jpg,test_00364.jpg,901,1201,aa30ce7a83765aec53a85c6b57f0172ad7f043dec63291270ec0f9c656fbb095,CC BY 4.0,https://felizang.github.io/expdate/index_expdate.html
004819.jpg,ExpDate,real_evaluation,Products-Real.zip,Products-Real/evaluation/images/test_00365.jpg,test_00365.jpg,924,1086,e444c84067c7cf50dffde70e56e270eacf88eb56cbf0fa3d3edd7f0db69e95e9,CC BY 4.0,https://felizang.github.io/expdate/index_expdate.html
004820.jpg,ExpDate,real_evaluation,Products-Real.zip,Products-Real/evaluation/images/test_00366.jpg,test_00366.jpg,1449,1932,e4b45458d8b1383dfb68a33e1c942294f6719320599382d7cad2df383c0d062c,CC BY 4.0,https://felizang.github.io/expdate/index_expdate.html
004821.jpg,ExpDate,real_evaluation,Products-Real.zip,Products-Real/evaluation/images/test_00367.jpg,test_00367.jpg,1034,1379,98a2cbabe69e9fecc3780116ced476e2ced5f143d88653a2fb6fbfb841a5ced2,CC BY 4.0,https://felizang.github.io/expdate/index_expdate.html
004822.jpg,ExpDate,real_evaluation,Products-Real.zip,Products-Real/evaluation/images/test_00368.jpg,test_00368.jpg,813,1084,f35eff6037f78f8cdd46a875cf473a4570f739ee6ecfb23b819ca9d848bd86c9,CC BY 4.0,https://felizang.github.io/expdate/index_expdate.html
004823.jpg,ExpDate,real_evaluation,Products-Real.zip,Products-Real/evaluation/images/test_00369.jpg,test_00369.jpg,758,1011,be631c6a7246ff2894b967dbf49ee144fed6645f7bb3e8d131e97ca73f3bf2ea,CC BY 4.0,https://felizang.github.io/expdate/index_expdate.html
004824.jpg,ExpDate,real_evaluation,Products-Real.zip,Products-Real/evaluation/images/test_00370.jpg,test_00370.jpg,829,1107,bcf505a01a95aa31928872213ffe0eb091c793690cb42ebb80c10c6db3041a4b,CC BY 4.0,https://felizang.github.io/expdate/index_expdate.html
004825.jpg,ExpDate,real_evaluation,Products-Real.zip,Products-Real/evaluation/images/test_00371.jpg,test_00371.jpg,786,1048,599b707729038862de35f345b899dad9ddbe0abcc1ae825cc514fc77e7dbc28b,CC BY 4.0,https://felizang.github.io/expdate/index_expdate.html
004826.jpg,ExpDate,real_evaluation,Products-Real.zip,Products-Real/evaluation/images/test_00372.jpg,test_00372.jpg,566,859,90e8599a79836fa83830452fec3f68d2362f737aa5f399b3584eea62759a7d43,CC BY 4.0,https://felizang.github.io/expdate/index_expdate.html
004827.jpg,ExpDate,real_evaluation,Products-Real.zip,Products-Real/evaluation/images/test_00373.jpg,test_00373.jpg,766,1021,0d65e510a163392e8db050889b358c5e63d80e871dc8c2d3491ae495a087c0f0,CC BY 4.0,https://felizang.github.io/expdate/index_expdate.html
004828.jpg,ExpDate,real_evaluation,Products-Real.zip,Products-Real/evaluation/images/test_00374.jpg,test_00374.jpg,775,1033,efff7b4579e13830df2029cc81e722f3e22ce16c3b6c5283e68793abfc0ba11f,CC BY 4.0,https://felizang.github.io/expdate/index_expdate.html
004829.jpg,ExpDate,real_evaluation,Products-Real.zip,Products-Real/evaluation/images/test_00375.jpg,test_00375.jpg,1036,1381,b6af0a14d8cf8c26ed4ad57ba0033d76799d0aa99965a62b4a1014938ea8a855,CC BY 4.0,https://felizang.github.io/expdate/index_expdate.html
004830.jpg,ExpDate,real_evaluation,Products-Real.zip,Products-Real/evaluation/images/test_00376.jpg,test_00376.jpg,815,1087,7c5e13bd02091426e53c3c9b49b19e21898e2c58079a9cbd4677596956109116,CC BY 4.0,https://felizang.github.io/expdate/index_expdate.html
004831.jpg,ExpDate,real_evaluation,Products-Real.zip,Products-Real/evaluation/images/test_00377.jpg,test_00377.jpg,934,1246,731c81a1f5f59694c0f17c76ae704c99ed0969315c0cc294daf7d680dc785434,CC BY 4.0,https://felizang.github.io/expdate/index_expdate.html
004832.jpg,ExpDate,real_evaluation,Products-Real.zip,Products-Real/evaluation/images/test_00378.jpg,test_00378.jpg,959,1278,4f16cd8ffefa8400e1618751d79cccabe44cbd76c4477ae72d2ccf97bacfd1cb,CC BY 4.0,https://felizang.github.io/expdate/index_expdate.html
004833.jpg,ExpDate,real_evaluation,Products-Real.zip,Products-Real/evaluation/images/test_00379.jpg,test_00379.jpg,953,1271,46bf357436b079358736258e9b1aab9c0fe59ac8e51b1711f9cce42d733e7288,CC BY 4.0,https://felizang.github.io/expdate/index_expdate.html
004834.jpg,ExpDate,real_evaluation,Products-Real.zip,Products-Real/evaluation/images/test_00380.jpg,test_00380.jpg,1536,2048,3e15b6db34878be2b7b7f5c8b3d391ae164b8efa15f4a4da74ec2be79e8f0b25,CC BY 4.0,https://felizang.github.io/expdate/index_expdate.html
004835.jpg,ExpDate,real_evaluation,Products-Real.zip,Products-Real/evaluation/images/test_00381.jpg,test_00381.jpg,1033,1378,8816550402c26dd82c2933ebd4f3d93383905ff98f69efb739da2c53f996e7f0,CC BY 4.0,https://felizang.github.io/expdate/index_expdate.html
004836.jpg,ExpDate,real_evaluation,Products-Real.zip,Products-Real/evaluation/images/test_00382.jpg,test_00382.jpg,784,1046,05c31f1b60c49601cbe4b7c283014103aa1f6b4af4e0175b5890549b53917f13,CC BY 4.0,https://felizang.github.io/expdate/index_expdate.html
004837.jpg,ExpDate,real_evaluation,Products-Real.zip,Products-Real/evaluation/images/test_00383.jpg,test_00383.jpg,925,1233,991285d44e1a751aba2dd91e15d56ce75ccb21aa7d76aae91197d61faefef46d,CC BY 4.0,https://felizang.github.io/expdate/index_expdate.html
004838.jpg,ExpDate,real_evaluation,Products-Real.zip,Products-Real/evaluation/images/test_00384.jpg,test_00384.jpg,753,925,d0efd94717ca5070419cf0dc45e44438d0cd86150c3fe2d6aa3d880bf6a40332,CC BY 4.0,https://felizang.github.io/expdate/index_expdate.html
004839.jpg,ExpDate,real_evaluation,Products-Real.zip,Products-Real/evaluation/images/test_00385.jpg,test_00385.jpg,1536,2048,2ff9ed10ee5bf17f6e1665d14e6494fc701791bd532d4ce855952e990a8f6ea0,CC BY 4.0,https://felizang.github.io/expdate/index_expdate.html
004840.jpg,ExpDate,real_evaluation,Products-Real.zip,Products-Real/evaluation/images/test_00386.jpg,test_00386.jpg,884,1178,8542742c90b4d1e41e3ff49cd36c8ab13de4e18070bde6e9ec6554f061f4038a,CC BY 4.0,https://felizang.github.io/expdate/index_expdate.html
004841.jpg,ExpDate,real_evaluation,Products-Real.zip,Products-Real/evaluation/images/test_00387.jpg,test_00387.jpg,714,952,f6d233511156ad495450a671308ed7697eff68d02b8de7b63dab4cdad9d56515,CC BY 4.0,https://felizang.github.io/expdate/index_expdate.html
004842.jpg,ExpDate,real_evaluation,Products-Real.zip,Products-Real/evaluation/images/test_00388.jpg,test_00388.jpg,856,1141,537ef7fb5545b78d4effd9a9b9edd12de17105dccd11f3d8a11f53de7d5eb346,CC BY 4.0,https://felizang.github.io/expdate/index_expdate.html
004843.jpg,ExpDate,real_evaluation,Products-Real.zip,Products-Real/evaluation/images/test_00389.jpg,test_00389.jpg,760,1013,7609cc0bd03128366669b8954129d99a542004b8092aa4448884639c68cc2666,CC BY 4.0,https://felizang.github.io/expdate/index_expdate.html
004844.jpg,ExpDate,real_evaluation,Products-Real.zip,Products-Real/evaluation/images/test_00390.jpg,test_00390.jpg,804,1071,aa6573209ed61315afabe4ac3de7aa8e9841ad045fedc355d830657fd9db0d07,CC BY 4.0,https://felizang.github.io/expdate/index_expdate.html
004845.jpg,ExpDate,real_evaluation,Products-Real.zip,Products-Real/evaluation/images/test_00391.jpg,test_00391.jpg,845,1152,622ebfdb4938e47b3029bc5d52fe0d26c26013213fa920ddea19d60cd900aa39,CC BY 4.0,https://felizang.github.io/expdate/index_expdate.html
004846.jpg,ExpDate,real_evaluation,Products-Real.zip,Products-Real/evaluation/images/test_00392.jpg,test_00392.jpg,1001,1335,bf8be27e26e581cfc8266cc4b314c3b64d1444d5772bacc0613d06c8636da94b,CC BY 4.0,https://felizang.github.io/expdate/index_expdate.html
004847.jpg,ExpDate,real_evaluation,Products-Real.zip,Products-Real/evaluation/images/test_00393.jpg,test_00393.jpg,708,944,8dbcd707ffe352186968b3c18dc518915707fd88b14238655d0340b1f4da7bab,CC BY 4.0,https://felizang.github.io/expdate/index_expdate.html
004848.jpg,ExpDate,real_evaluation,Products-Real.zip,Products-Real/evaluation/images/test_00394.jpg,test_00394.jpg,933,1244,8f6c7f380a124b4343116460b07cebe000afdb2a9becf30476750313881ce868,CC BY 4.0,https://felizang.github.io/expdate/index_expdate.html
004849.jpg,ExpDate,real_evaluation,Products-Real.zip,Products-Real/evaluation/images/test_00395.jpg,test_00395.jpg,1033,1378,d077fc54cbc261dfbb147526eee9609625c5b3e9a29cf565779c3cf940a1d755,CC BY 4.0,https://felizang.github.io/expdate/index_expdate.html
004850.jpg,ExpDate,real_evaluation,Products-Real.zip,Products-Real/evaluation/images/test_00396.jpg,test_00396.jpg,937,1249,a7bf3800f053cd45614205d5fa8a12baafb53a118cc4764afb172bfff9fff188,CC BY 4.0,https://felizang.github.io/expdate/index_expdate.html
004851.jpg,ExpDate,real_evaluation,Products-Real.zip,Products-Real/evaluation/images/test_00397.jpg,test_00397.jpg,963,1283,d5c311674a1402f8fec0419a13363c05eeec95a811e99051ec6cb3079082198d,CC BY 4.0,https://felizang.github.io/expdate/index_expdate.html
004852.jpg,ExpDate,real_evaluation,Products-Real.zip,Products-Real/evaluation/images/test_00398.jpg,test_00398.jpg,865,1157,4e19c331e117ce68737f9a6c13d11726b594debd00954ad4e8374d20f259ff85,CC BY 4.0,https://felizang.github.io/expdate/index_expdate.html
004853.jpg,ExpDate,real_evaluation,Products-Real.zip,Products-Real/evaluation/images/test_00399.jpg,test_00399.jpg,883,1177,749bceef5f6aa2c3405af89128d33ce989a874423ede3e8af469ef76d91090bf,CC BY 4.0,https://felizang.github.io/expdate/index_expdate.html
004854.jpg,ExpDate,real_evaluation,Products-Real.zip,Products-Real/evaluation/images/test_00400.jpg,test_00400.jpg,1038,1385,a9097cb147a85182d3f17ccdc754909cfc9473864f432cbdb18b651ff59d806c,CC BY 4.0,https://felizang.github.io/expdate/index_expdate.html
004855.jpg,ExpDate,real_evaluation,Products-Real.zip,Products-Real/evaluation/images/test_00401.jpg,test_00401.jpg,792,1055,6f75ffdaa7a3fcb1fbb584e317491d36a7da14f1595f417c59e59b08a5e908df,CC BY 4.0,https://felizang.github.io/expdate/index_expdate.html
004856.jpg,ExpDate,real_evaluation,Products-Real.zip,Products-Real/evaluation/images/test_00402.jpg,test_00402.jpg,784,1045,3ea85223ffb1462c8e54cc3cf0991d6a93917454d69a587546401465e700d523,CC BY 4.0,https://felizang.github.io/expdate/index_expdate.html
004857.jpg,ExpDate,real_evaluation,Products-Real.zip,Products-Real/evaluation/images/test_00403.jpg,test_00403.jpg,990,1320,717464b32025d2269a0ece5ee0d0bebabd079845207f92f4fbcc1f97b0db0daf,CC BY 4.0,https://felizang.github.io/expdate/index_expdate.html
004858.jpg,ExpDate,real_evaluation,Products-Real.zip,Products-Real/evaluation/images/test_00404.jpg,test_00404.jpg,963,1284,ef08154d90dac61374be6ae907b1799bba997fe3ccbd468153c39a9b87c4ea27,CC BY 4.0,https://felizang.github.io/expdate/index_expdate.html
004859.jpg,ExpDate,real_evaluation,Products-Real.zip,Products-Real/evaluation/images/test_00405.jpg,test_00405.jpg,871,1162,ef69b49d4cde1cf8b66185e1787afe9ebb6c691cb34a9a4428c88a4a702589be,CC BY 4.0,https://felizang.github.io/expdate/index_expdate.html
004860.jpg,ExpDate,real_evaluation,Products-Real.zip,Products-Real/evaluation/images/test_00406.jpg,test_00406.jpg,904,1205,5580dfb73e05eb94d6e4607c4f58e5719eb4454e9361fadbbaf41fdb8c86596f,CC BY 4.0,https://felizang.github.io/expdate/index_expdate.html
004861.jpg,ExpDate,real_evaluation,Products-Real.zip,Products-Real/evaluation/images/test_00407.jpg,test_00407.jpg,2048,1535,06a59ce29fd6b7cbac705be0d86e3056b0d532afcf43ebcb7e18b6e050e926ee,CC BY 4.0,https://felizang.github.io/expdate/index_expdate.html
004862.jpg,ExpDate,real_evaluation,Products-Real.zip,Products-Real/evaluation/images/test_00408.jpg,test_00408.jpg,1073,787,a7810ce5ed81815214897a9e1ac312b21e01e95c95d4f51a9d99cbebe5f874d9,CC BY 4.0,https://felizang.github.io/expdate/index_expdate.html
004863.jpg,ExpDate,real_evaluation,Products-Real.zip,Products-Real/evaluation/images/test_00409.jpg,test_00409.jpg,1265,948,3fc21710f40ca4782df2ca174df6167a13c15a157716852608df531b8d97bbb6,CC BY 4.0,https://felizang.github.io/expdate/index_expdate.html
004864.jpg,ExpDate,real_evaluation,Products-Real.zip,Products-Real/evaluation/images/test_00410.jpg,test_00410.jpg,1535,2048,390d7a82e133c16efcd184576089bb298d3b7f0b08dd4d094735753b1c1596fb,CC BY 4.0,https://felizang.github.io/expdate/index_expdate.html
004865.jpg,ExpDate,real_evaluation,Products-Real.zip,Products-Real/evaluation/images/test_00411.jpg,test_00411.jpg,1536,2048,0ade340f7efe4f1b62a8243b27225d5cfb15efc8a8c6804571785175103c2fb0,CC BY 4.0,https://felizang.github.io/expdate/index_expdate.html
004866.jpg,ExpDate,real_evaluation,Products-Real.zip,Products-Real/evaluation/images/test_00412.jpg,test_00412.jpg,843,1125,543729d712ca770be3bfdbe374886f9a2515526c3b5de6699251cb80c7377416,CC BY 4.0,https://felizang.github.io/expdate/index_expdate.html
004867.jpg,ExpDate,real_evaluation,Products-Real.zip,Products-Real/evaluation/images/test_00413.jpg,test_00413.jpg,1097,685,fdc0586f60d315fb0e5f268963a5c32014783367d1415f809cb929b868fe0a8d,CC BY 4.0,https://felizang.github.io/expdate/index_expdate.html
004868.jpg,ExpDate,real_evaluation,Products-Real.zip,Products-Real/evaluation/images/test_00414.jpg,test_00414.jpg,775,1033,fc683a677726ce178901a8f75aa0fa85e8e486bbaedcd7f4efe5bedb08ffe192,CC BY 4.0,https://felizang.github.io/expdate/index_expdate.html
004869.jpg,ExpDate,real_evaluation,Products-Real.zip,Products-Real/evaluation/images/test_00415.jpg,test_00415.jpg,773,996,1c986a26686224b6d8ca8c82a5c82527ca5601442b2b65608a2ecbc3e2189f3c,CC BY 4.0,https://felizang.github.io/expdate/index_expdate.html
004870.jpg,ExpDate,real_evaluation,Products-Real.zip,Products-Real/evaluation/images/test_00416.jpg,test_00416.jpg,881,1174,dd07bd8c7d9c7dc08c4eabbcbdfa738e558e2c907a4231b30311cc89fce9311d,CC BY 4.0,https://felizang.github.io/expdate/index_expdate.html
004871.jpg,ExpDate,real_evaluation,Products-Real.zip,Products-Real/evaluation/images/test_00417.jpg,test_00417.jpg,1042,1390,f2a90012464dc1537d4392699621ff06e30f067e785edf2243510cfea7550d6f,CC BY 4.0,https://felizang.github.io/expdate/index_expdate.html
004872.jpg,ExpDate,real_evaluation,Products-Real.zip,Products-Real/evaluation/images/test_00418.jpg,test_00418.jpg,678,966,326f8358d65614ad1ec6288087a12215de09b61aa08c2a9abbc7481bf59d16cc,CC BY 4.0,https://felizang.github.io/expdate/index_expdate.html
004873.jpg,ExpDate,real_evaluation,Products-Real.zip,Products-Real/evaluation/images/test_00419.jpg,test_00419.jpg,774,1032,2417288cf839b0b52789dc012136152fab2aa7582380199e37d5ec0f9a108414,CC BY 4.0,https://felizang.github.io/expdate/index_expdate.html
004874.jpg,ExpDate,real_evaluation,Products-Real.zip,Products-Real/evaluation/images/test_00420.jpg,test_00420.jpg,884,1178,1ef6c3668f79964e2ff4d9c648af93e96c3badff85fc18a6bd46d3e082fdb56f,CC BY 4.0,https://felizang.github.io/expdate/index_expdate.html
004875.jpg,ExpDate,real_evaluation,Products-Real.zip,Products-Real/evaluation/images/test_00421.jpg,test_00421.jpg,890,1195,3000aea230363c49fc54b6b1582d38237c3bd9f286f4219bb18b47f46ddfd883,CC BY 4.0,https://felizang.github.io/expdate/index_expdate.html
004876.jpg,ExpDate,real_evaluation,Products-Real.zip,Products-Real/evaluation/images/test_00422.jpg,test_00422.jpg,852,1136,1c24f073c3449dd9fdbcbfe000d5503345b3e8fa57714c6462fe0794aa245d44,CC BY 4.0,https://felizang.github.io/expdate/index_expdate.html
004877.jpg,ExpDate,real_evaluation,Products-Real.zip,Products-Real/evaluation/images/test_00423.jpg,test_00423.jpg,1300,818,0b7f6142c3fb238afa6d18996ac486f2a696ea62fc0e274e1718ed3de9d33e91,CC BY 4.0,https://felizang.github.io/expdate/index_expdate.html
004878.jpg,ExpDate,real_evaluation,Products-Real.zip,Products-Real/evaluation/images/test_00424.jpg,test_00424.jpg,1901,1426,0e128983aacc40943b45597ff1c424d52f7f70a6286458e68351292b6c5d22d6,CC BY 4.0,https://felizang.github.io/expdate/index_expdate.html
004879.jpg,ExpDate,real_evaluation,Products-Real.zip,Products-Real/evaluation/images/test_00425.jpg,test_00425.jpg,908,600,134e7765412e77660e7cc979e4063d60f027f175d38e75db3a6263bfe99b4ae4,CC BY 4.0,https://felizang.github.io/expdate/index_expdate.html
004880.jpg,ExpDate,real_evaluation,Products-Real.zip,Products-Real/evaluation/images/test_00426.jpg,test_00426.jpg,1353,1015,2e3689eff94f292ede979c888eaadf4bbd006cda2109ea8c7732ac0ed258e16a,CC BY 4.0,https://felizang.github.io/expdate/index_expdate.html
004881.jpg,ExpDate,real_evaluation,Products-Real.zip,Products-Real/evaluation/images/test_00427.jpg,test_00427.jpg,1130,847,de90ba36c013f222427733e4541ddcec615eee86bfd821e7bc5dbbcc968bed89,CC BY 4.0,https://felizang.github.io/expdate/index_expdate.html
004882.jpg,ExpDate,real_evaluation,Products-Real.zip,Products-Real/evaluation/images/test_00428.jpg,test_00428.jpg,1071,803,5aa76f0a906ccf0e0287eb6b470275eaf3e119c329152c5f941e0ba15b7a525e,CC BY 4.0,https://felizang.github.io/expdate/index_expdate.html
004883.jpg,ExpDate,real_evaluation,Products-Real.zip,Products-Real/evaluation/images/test_00429.jpg,test_00429.jpg,1212,909,7d71c0ca017a8335d4a67d0da596c61164c6761c168b8f6233ff67a1b805d82d,CC BY 4.0,https://felizang.github.io/expdate/index_expdate.html
004884.jpg,ExpDate,real_evaluation,Products-Real.zip,Products-Real/evaluation/images/test_00430.jpg,test_00430.jpg,924,693,c8bd18318cf5b3c3970f5e0e88f0f742b79cee9603397769c0bc90f373efde8d,CC BY 4.0,https://felizang.github.io/expdate/index_expdate.html
004885.jpg,ExpDate,real_evaluation,Products-Real.zip,Products-Real/evaluation/images/test_00431.jpg,test_00431.jpg,1327,888,668ac1798e4a4daac3f2f1825bb5183907e05ba43ba2155efaaff0051d712b83,CC BY 4.0,https://felizang.github.io/expdate/index_expdate.html
004886.jpg,ExpDate,real_evaluation,Products-Real.zip,Products-Real/evaluation/images/test_00432.jpg,test_00432.jpg,927,696,c0e598fc3f08ae8d513963ca24bb92b05eca1b620a90499dd8b3e4611fb3e261,CC BY 4.0,https://felizang.github.io/expdate/index_expdate.html
004887.jpg,ExpDate,real_evaluation,Products-Real.zip,Products-Real/evaluation/images/test_00433.jpg,test_00433.jpg,1132,849,2f569447ab76fdbaeb5c3e0f0140366f6a8c05ed778598cdfcd76bcf2305ff08,CC BY 4.0,https://felizang.github.io/expdate/index_expdate.html
004888.jpg,ExpDate,real_evaluation,Products-Real.zip,Products-Real/evaluation/images/test_00434.jpg,test_00434.jpg,1100,825,569a2241c8dcfd500aae3bd58c8ddec503f53d763364c4e80b0d3ca72add0135,CC BY 4.0,https://felizang.github.io/expdate/index_expdate.html
004889.jpg,ExpDate,real_evaluation,Products-Real.zip,Products-Real/evaluation/images/test_00435.jpg,test_00435.jpg,762,1015,5c45597c3a7e57279f0ae1f180b58825ff73ba41560e663e933290148ee0ce19,CC BY 4.0,https://felizang.github.io/expdate/index_expdate.html
004890.jpg,ExpDate,real_evaluation,Products-Real.zip,Products-Real/evaluation/images/test_00436.jpg,test_00436.jpg,1084,813,b2d8c65c846201f1eb87bf0fbb18907029ef30d2098153f715ddb9e848b940ef,CC BY 4.0,https://felizang.github.io/expdate/index_expdate.html
004891.jpg,ExpDate,real_evaluation,Products-Real.zip,Products-Real/evaluation/images/test_00437.jpg,test_00437.jpg,1057,793,003ab6064a224ebd43aa2078483fc628bda673af4d9b5c48e036da83782c3d92,CC BY 4.0,https://felizang.github.io/expdate/index_expdate.html
004892.jpg,ExpDate,real_evaluation,Products-Real.zip,Products-Real/evaluation/images/test_00438.jpg,test_00438.jpg,936,1247,e84f0c6ceec03cb4692bcb98bfbb66458f3b3638908c30b4c841d06baaa39b46,CC BY 4.0,https://felizang.github.io/expdate/index_expdate.html
004893.jpg,ExpDate,real_evaluation,Products-Real.zip,Products-Real/evaluation/images/test_00439.jpg,test_00439.jpg,1011,1348,319ffd884ecdded8875da3979fb8859d05a357f3f7f1f8fe6a4ed167f88e756a,CC BY 4.0,https://felizang.github.io/expdate/index_expdate.html
004894.jpg,ExpDate,real_evaluation,Products-Real.zip,Products-Real/evaluation/images/test_00440.jpg,test_00440.jpg,874,1165,d82312c782ebc282fc457d6ab6a89b8ba284f0a75421da0a251566c616f23821,CC BY 4.0,https://felizang.github.io/expdate/index_expdate.html
004895.jpg,ExpDate,real_evaluation,Products-Real.zip,Products-Real/evaluation/images/test_00441.jpg,test_00441.jpg,1222,937,5a68a1b830bc54bf5a8b51af73c26e8cba39aaac342ed81bc5e707fe938a86b8,CC BY 4.0,https://felizang.github.io/expdate/index_expdate.html
004896.jpg,ExpDate,real_evaluation,Products-Real.zip,Products-Real/evaluation/images/test_00442.jpg,test_00442.jpg,1017,1356,e86888fa2e070c9a1c6e71db143b445afffc315788900c95cfd6adb43d79e1fc,CC BY 4.0,https://felizang.github.io/expdate/index_expdate.html
004897.jpg,ExpDate,real_evaluation,Products-Real.zip,Products-Real/evaluation/images/test_00443.jpg,test_00443.jpg,1335,1001,29391b6cff5339f56db72b5bb391a43492d1f818797cf91be7c27f01213ded14,CC BY 4.0,https://felizang.github.io/expdate/index_expdate.html
004898.jpg,ExpDate,real_evaluation,Products-Real.zip,Products-Real/evaluation/images/test_00444.jpg,test_00444.jpg,878,1158,5375c93eabc1a9e6ef3ede7a6b76baae6e316282a855e9a1a9e895b592d549ba,CC BY 4.0,https://felizang.github.io/expdate/index_expdate.html
004899.jpg,ExpDate,real_evaluation,Products-Real.zip,Products-Real/evaluation/images/test_00445.jpg,test_00445.jpg,766,1022,b57d1dcad873e1da125fbc894f8550baa45afc6d4d97e892410a14fd6cff2d36,CC BY 4.0,https://felizang.github.io/expdate/index_expdate.html
004900.jpg,ExpDate,real_evaluation,Products-Real.zip,Products-Real/evaluation/images/test_00446.jpg,test_00446.jpg,891,1189,59859fdeda2e4a944608d3772b34e4c4116f96add34a024c6740ec1844be9625,CC BY 4.0,https://felizang.github.io/expdate/index_expdate.html
004901.jpg,ExpDate,real_evaluation,Products-Real.zip,Products-Real/evaluation/images/test_00447.jpg,test_00447.jpg,1169,1559,35117c7b67d5f03e5fd209634493381cb598e129bffce468c309e44f6c723556,CC BY 4.0,https://felizang.github.io/expdate/index_expdate.html
004902.jpg,ExpDate,real_evaluation,Products-Real.zip,Products-Real/evaluation/images/test_00448.jpg,test_00448.jpg,749,999,69f106d1b15640518e4e3d7b965b9114632dccfb4f40185ea84dae33247d2a7d,CC BY 4.0,https://felizang.github.io/expdate/index_expdate.html
004903.jpg,ExpDate,real_evaluation,Products-Real.zip,Products-Real/evaluation/images/test_00449.jpg,test_00449.jpg,1106,865,b90ae2033a3aca99b3f3a2b2862d8b270003625e9471f5559f57310883214cec,CC BY 4.0,https://felizang.github.io/expdate/index_expdate.html
004904.jpg,ExpDate,real_evaluation,Products-Real.zip,Products-Real/evaluation/images/test_00450.jpg,test_00450.jpg,1049,1398,b635709a597373a103a910317d25ad9883bc678a71c7da604822bf1b5abb247e,CC BY 4.0,https://felizang.github.io/expdate/index_expdate.html
004905.jpg,ExpDate,real_evaluation,Products-Real.zip,Products-Real/evaluation/images/test_00451.jpg,test_00451.jpg,1084,792,533da241638a86d860ba71bebc18a9bca6d8a28c8464ea62d22f28ebdd5f08a6,CC BY 4.0,https://felizang.github.io/expdate/index_expdate.html
004906.jpg,ExpDate,real_evaluation,Products-Real.zip,Products-Real/evaluation/images/test_00452.jpg,test_00452.jpg,924,634,f6e2d56f10fd4045e3d461edebcf60f46cb81c1671d970e603ab13ff84eb51b7,CC BY 4.0,https://felizang.github.io/expdate/index_expdate.html
004907.jpg,ExpDate,real_evaluation,Products-Real.zip,Products-Real/evaluation/images/test_00453.jpg,test_00453.jpg,635,1061,4823afcf68590a4b496bb3bb3c595c4ec3f4b7fd2c729fa3e59043443188c961,CC BY 4.0,https://felizang.github.io/expdate/index_expdate.html
004908.jpg,ExpDate,real_evaluation,Products-Real.zip,Products-Real/evaluation/images/test_00454.jpg,test_00454.jpg,756,1008,326540c6a89eb572c3d1ce0d7f1be8a87dbd96589a0fba81108bf0635b2d3022,CC BY 4.0,https://felizang.github.io/expdate/index_expdate.html
004909.jpg,ExpDate,real_evaluation,Products-Real.zip,Products-Real/evaluation/images/test_00455.jpg,test_00455.jpg,756,1008,a7131fa77cec5bc90cab3a3be0ebfd593ae254828af6fba25cb275685159b0e2,CC BY 4.0,https://felizang.github.io/expdate/index_expdate.html
004910.jpg,ExpDate,real_evaluation,Products-Real.zip,Products-Real/evaluation/images/test_00456.jpg,test_00456.jpg,717,1194,d8283757e37a294b64231382906000ddfb35290d319b95b91c39356ff0d2dafb,CC BY 4.0,https://felizang.github.io/expdate/index_expdate.html
004911.jpg,ExpDate,real_evaluation,Products-Real.zip,Products-Real/evaluation/images/test_00457.jpg,test_00457.jpg,914,685,907b3a4ee60ba9b39b518dc7d6b4d128a6a6b1768604879d62aff3c989dcf9be,CC BY 4.0,https://felizang.github.io/expdate/index_expdate.html
004912.jpg,ExpDate,real_evaluation,Products-Real.zip,Products-Real/evaluation/images/test_00458.jpg,test_00458.jpg,756,1008,9fb029a639e04243d3e087bef39043b2b9485adec52bc440488f7aa257680daf,CC BY 4.0,https://felizang.github.io/expdate/index_expdate.html
004913.jpg,ExpDate,real_evaluation,Products-Real.zip,Products-Real/evaluation/images/test_00459.jpg,test_00459.jpg,756,1008,1a4a0b17b66d483e6ab512f397ac26a1c94baaf7037fbf8d26bcee779ab1da8e,CC BY 4.0,https://felizang.github.io/expdate/index_expdate.html
004914.jpg,ExpDate,real_evaluation,Products-Real.zip,Products-Real/evaluation/images/test_00460.jpg,test_00460.jpg,756,1008,de8bd809556426d12c28653bd92e527de97daf0a38faba9708d9a38488ad8a20,CC BY 4.0,https://felizang.github.io/expdate/index_expdate.html
004915.jpg,ExpDate,real_evaluation,Products-Real.zip,Products-Real/evaluation/images/test_00461.jpg,test_00461.jpg,756,1008,16e928602df0856d41b6c73fdf4300544bfa93f4a4a0c5d733b448c0a9a3b8c3,CC BY 4.0,https://felizang.github.io/expdate/index_expdate.html
004916.jpg,ExpDate,real_evaluation,Products-Real.zip,Products-Real/evaluation/images/test_00462.jpg,test_00462.jpg,756,1008,6c5b8570ad05678d493b89c733e3cabbe076efec30a2184318a0c7805378d42a,CC BY 4.0,https://felizang.github.io/expdate/index_expdate.html
004917.jpg,ExpDate,real_evaluation,Products-Real.zip,Products-Real/evaluation/images/test_00463.jpg,test_00463.jpg,688,919,15d79e19223ff7cb016bc2da01d83edd93bd6b8fba62bf00b93256a1bd3b917c,CC BY 4.0,https://felizang.github.io/expdate/index_expdate.html
004918.jpg,ExpDate,real_evaluation,Products-Real.zip,Products-Real/evaluation/images/test_00464.jpg,test_00464.jpg,1008,756,27da61ee1b59e189605cca2df90f02552b01d0c1411b60d39fe1b47fe092ef92,CC BY 4.0,https://felizang.github.io/expdate/index_expdate.html
004919.jpg,ExpDate,real_evaluation,Products-Real.zip,Products-Real/evaluation/images/test_00465.jpg,test_00465.jpg,787,475,794a8074e3feae0be3d67186fd2c33447ef417121762e930e9a2e103b5d2c19c,CC BY 4.0,https://felizang.github.io/expdate/index_expdate.html
004920.jpg,ExpDate,real_evaluation,Products-Real.zip,Products-Real/evaluation/images/test_00466.jpg,test_00466.jpg,756,1008,5c43da68118c57817de3d22d90c2e84cf08ea6fe67ee333c5156f24922847355,CC BY 4.0,https://felizang.github.io/expdate/index_expdate.html
004921.jpg,ExpDate,real_evaluation,Products-Real.zip,Products-Real/evaluation/images/test_00467.jpg,test_00467.jpg,602,805,35c5e47aeb92af87a041ed337ad24cab8496e18570cd4b7f7ecda25226bd61da,CC BY 4.0,https://felizang.github.io/expdate/index_expdate.html
004922.jpg,ExpDate,real_evaluation,Products-Real.zip,Products-Real/evaluation/images/test_00468.jpg,test_00468.jpg,664,885,03de3ff5e1cf75ae7170eb0a3be6092716d5e5fb9fd796456054613756e9d0db,CC BY 4.0,https://felizang.github.io/expdate/index_expdate.html
004923.jpg,ExpDate,real_evaluation,Products-Real.zip,Products-Real/evaluation/images/test_00469.jpg,test_00469.jpg,713,952,ab71936c14f8138ddf7f278316a8477a92721a15a500c358906ae02c5d133157,CC BY 4.0,https://felizang.github.io/expdate/index_expdate.html
004924.jpg,ExpDate,real_evaluation,Products-Real.zip,Products-Real/evaluation/images/test_00470.jpg,test_00470.jpg,649,865,fd000068c0b37a2c272fdd175888cfcdfecc08db12645e14c48339ef79479840,CC BY 4.0,https://felizang.github.io/expdate/index_expdate.html
004925.jpg,ExpDate,real_evaluation,Products-Real.zip,Products-Real/evaluation/images/test_00471.jpg,test_00471.jpg,700,936,cd05291439357e4843b17aea693ba8b899ef782494d92755396d48db1e5486cd,CC BY 4.0,https://felizang.github.io/expdate/index_expdate.html
004926.jpg,ExpDate,real_evaluation,Products-Real.zip,Products-Real/evaluation/images/test_00472.jpg,test_00472.jpg,685,907,09ca6e0fd2ba4b2c12f3811909134334fe451fb474d1e18d573e2685b6024c41,CC BY 4.0,https://felizang.github.io/expdate/index_expdate.html
004927.jpg,ExpDate,real_evaluation,Products-Real.zip,Products-Real/evaluation/images/test_00473.jpg,test_00473.jpg,574,765,82771df3ab0a589d62e3a4feb5b42b6b5710874549ed612587510b44cca0984b,CC BY 4.0,https://felizang.github.io/expdate/index_expdate.html
004928.jpg,ExpDate,real_evaluation,Products-Real.zip,Products-Real/evaluation/images/test_00474.jpg,test_00474.jpg,756,1008,06c680673852ac0c799bbb8b10a8ce97913558e536ba1711f5173f357fde7e06,CC BY 4.0,https://felizang.github.io/expdate/index_expdate.html
004929.jpg,ExpDate,real_evaluation,Products-Real.zip,Products-Real/evaluation/images/test_00475.jpg,test_00475.jpg,631,841,a09a13dae00f741507967c950c12b7509c008fb5d08a979713c091196319efb5,CC BY 4.0,https://felizang.github.io/expdate/index_expdate.html
004930.jpg,ExpDate,real_evaluation,Products-Real.zip,Products-Real/evaluation/images/test_00476.jpg,test_00476.jpg,604,838,7b02cdbdddeee1c747b6303535e30b9ea0b924d781c0ae5fe66b82cea59f0483,CC BY 4.0,https://felizang.github.io/expdate/index_expdate.html
004931.jpg,ExpDate,real_evaluation,Products-Real.zip,Products-Real/evaluation/images/test_00477.jpg,test_00477.jpg,657,876,dfc35c35630a06f8d30c7f3ac02df87823137895d981ab77d98ad56e8f853771,CC BY 4.0,https://felizang.github.io/expdate/index_expdate.html
004932.jpg,ExpDate,real_evaluation,Products-Real.zip,Products-Real/evaluation/images/test_00478.jpg,test_00478.jpg,1512,2016,f335934f6fcf48473fd95a155dcc76ab1fe0663ab12da3c52ffda5469175830a,CC BY 4.0,https://felizang.github.io/expdate/index_expdate.html
004933.jpg,ExpDate,real_evaluation,Products-Real.zip,Products-Real/evaluation/images/test_00479.jpg,test_00479.jpg,534,714,6119d9dcfa755df49da2071fdffae60b1ac9b23565b98160f8f536652649dde5,CC BY 4.0,https://felizang.github.io/expdate/index_expdate.html
004934.jpg,ExpDate,real_evaluation,Products-Real.zip,Products-Real/evaluation/images/test_00480.jpg,test_00480.jpg,756,1008,9af290bbd352f8879a588b5a0ca2be8724a92a0bf4bc6286dc975008b799c603,CC BY 4.0,https://felizang.github.io/expdate/index_expdate.html
004935.jpg,ExpDate,real_evaluation,Products-Real.zip,Products-Real/evaluation/images/test_00481.jpg,test_00481.jpg,584,716,e9650ba55c78c876b946de589dbd39b03dc6ee16c9e14f49cea967419027c243,CC BY 4.0,https://felizang.github.io/expdate/index_expdate.html
004936.jpg,ExpDate,real_evaluation,Products-Real.zip,Products-Real/evaluation/images/test_00482.jpg,test_00482.jpg,1512,2016,b937de73118e083a758d73d04b93f17b174bd9547cc4947cd2c793c87d959a84,CC BY 4.0,https://felizang.github.io/expdate/index_expdate.html
004937.jpg,ExpDate,real_evaluation,Products-Real.zip,Products-Real/evaluation/images/test_00483.jpg,test_00483.jpg,574,766,e1bb9fc8bf473e8eed7b3249bcea918c3853077269b9c219b2cf8b9b575d8a94,CC BY 4.0,https://felizang.github.io/expdate/index_expdate.html
004938.jpg,ExpDate,real_evaluation,Products-Real.zip,Products-Real/evaluation/images/test_00484.jpg,test_00484.jpg,2016,1512,bd1f4f1bb4af95ba40e062fa56f1c70040f01ea953d94b96b3e49e86ea88f88d,CC BY 4.0,https://felizang.github.io/expdate/index_expdate.html
004939.jpg,ExpDate,real_evaluation,Products-Real.zip,Products-Real/evaluation/images/test_00485.jpg,test_00485.jpg,881,661,3e7dab38b97f93682d84c7a2044adac0c7ab61d443067ffa90d2e26afcdead21,CC BY 4.0,https://felizang.github.io/expdate/index_expdate.html
004940.jpg,ExpDate,real_evaluation,Products-Real.zip,Products-Real/evaluation/images/test_00486.jpg,test_00486.jpg,742,893,84822cb6271679b11e9b8877f79415d41a897ba2d35253e336ab8a04aa11e0e4,CC BY 4.0,https://felizang.github.io/expdate/index_expdate.html
004941.jpg,ExpDate,real_evaluation,Products-Real.zip,Products-Real/evaluation/images/test_00487.jpg,test_00487.jpg,1536,2048,c7ec41f00a1e48c1ba578cacc1f4170b94110761199c835f574a08d7fe2ccb6c,CC BY 4.0,https://felizang.github.io/expdate/index_expdate.html
004942.jpg,ExpDate,real_evaluation,Products-Real.zip,Products-Real/evaluation/images/test_00488.jpg,test_00488.jpg,756,1008,a1714d6f6bc1c9444106c69930f79cce5404261c66a9a3ca76495d14ebac8c5e,CC BY 4.0,https://felizang.github.io/expdate/index_expdate.html
004943.jpg,ExpDate,real_evaluation,Products-Real.zip,Products-Real/evaluation/images/test_00489.jpg,test_00489.jpg,756,1008,1b34508dd382feff46a77ad539b0cb79cabdde6eb460322404a04dadf0db4891,CC BY 4.0,https://felizang.github.io/expdate/index_expdate.html
004944.jpg,ExpDate,real_evaluation,Products-Real.zip,Products-Real/evaluation/images/test_00490.jpg,test_00490.jpg,756,1008,b5c7a38845a1adabf573378d36b919430203f1bc4b3c5a7dfbe62edfdd78094c,CC BY 4.0,https://felizang.github.io/expdate/index_expdate.html
004945.jpg,ExpDate,real_evaluation,Products-Real.zip,Products-Real/evaluation/images/test_00491.jpg,test_00491.jpg,586,1028,671eb5208746a00ede2e78d205c076398b2f1a04d4d49c27a6d6ff18ecb435db,CC BY 4.0,https://felizang.github.io/expdate/index_expdate.html
004946.jpg,ExpDate,real_evaluation,Products-Real.zip,Products-Real/evaluation/images/test_00492.jpg,test_00492.jpg,756,1008,7a752dc48cdb39763e8dd322b75390f7671afb2b499b9557a8e5639a78d57fc8,CC BY 4.0,https://felizang.github.io/expdate/index_expdate.html
004947.jpg,ExpDate,real_evaluation,Products-Real.zip,Products-Real/evaluation/images/test_00493.jpg,test_00493.jpg,678,902,43a663e320c8fe151e202ec12cdc4a23edc4fe2eb76ebee1f4907bea89aa82d8,CC BY 4.0,https://felizang.github.io/expdate/index_expdate.html
004948.jpg,ExpDate,real_evaluation,Products-Real.zip,Products-Real/evaluation/images/test_00494.jpg,test_00494.jpg,602,860,cb0ee7922247ed1200b426b3b3349ae42e5ea496ea8170f58e47837f98925219,CC BY 4.0,https://felizang.github.io/expdate/index_expdate.html
004949.jpg,ExpDate,real_evaluation,Products-Real.zip,Products-Real/evaluation/images/test_00495.jpg,test_00495.jpg,756,1008,aa7fe8728dea70e4e99e2a9631541f72df1ffe46c87532c8d59e016703b81caa,CC BY 4.0,https://felizang.github.io/expdate/index_expdate.html
004950.jpg,ExpDate,real_evaluation,Products-Real.zip,Products-Real/evaluation/images/test_00496.jpg,test_00496.jpg,756,1008,c48e775f934a567b72df124b73ef249cfa33a1e101c5c105303b3a911229a82b,CC BY 4.0,https://felizang.github.io/expdate/index_expdate.html
004951.jpg,ExpDate,real_evaluation,Products-Real.zip,Products-Real/evaluation/images/test_00497.jpg,test_00497.jpg,591,898,a7e4d132d895c2916801dd1821c653c5d1b2e82b1588741d065d8d3756508fe4,CC BY 4.0,https://felizang.github.io/expdate/index_expdate.html
004952.jpg,ExpDate,real_evaluation,Products-Real.zip,Products-Real/evaluation/images/test_00498.jpg,test_00498.jpg,1536,2048,1845d8058c3dc291a1caf1f6278b22ad1dc6e3cef7d91e454a7e2afc42607045,CC BY 4.0,https://felizang.github.io/expdate/index_expdate.html
004953.jpg,ExpDate,real_evaluation,Products-Real.zip,Products-Real/evaluation/images/test_00499.jpg,test_00499.jpg,1512,2016,9523725a31c2241be00a48431e4d5307dae61d4bac41d94e8da9255e475d2962,CC BY 4.0,https://felizang.github.io/expdate/index_expdate.html
004954.jpg,ExpDate,real_evaluation,Products-Real.zip,Products-Real/evaluation/images/test_00500.jpg,test_00500.jpg,796,1062,da01ff16b578ee82b71ed03cec7330c87f00460364eeb48f79bac5de7abb2dd4,CC BY 4.0,https://felizang.github.io/expdate/index_expdate.html
004955.jpg,ExpDate,real_evaluation,Products-Real.zip,Products-Real/evaluation/images/test_00501.jpg,test_00501.jpg,891,1187,721bfa510380337e193573b04873c46e6f5a41611428d2aff26901537876f00f,CC BY 4.0,https://felizang.github.io/expdate/index_expdate.html
004956.jpg,ExpDate,real_evaluation,Products-Real.zip,Products-Real/evaluation/images/test_00502.jpg,test_00502.jpg,967,1289,3a51a3cd06e22cb65fe61c4470ec935b2e0a6c3dbbb775ad6073ed655d1d05cf,CC BY 4.0,https://felizang.github.io/expdate/index_expdate.html
004957.jpg,ExpDate,real_evaluation,Products-Real.zip,Products-Real/evaluation/images/test_00503.jpg,test_00503.jpg,1049,1399,c17b0a5803f5239704b595a47b81a8c24cc7598775360bb8fb0d64b12c6ed1ae,CC BY 4.0,https://felizang.github.io/expdate/index_expdate.html
004958.jpg,ExpDate,real_evaluation,Products-Real.zip,Products-Real/evaluation/images/test_00504.jpg,test_00504.jpg,816,1088,657458c05b15c5af455d5aaac1a779525cd9ce9c6e5fb2352647dd3a1f4287f1,CC BY 4.0,https://felizang.github.io/expdate/index_expdate.html
004959.jpg,ExpDate,real_evaluation,Products-Real.zip,Products-Real/evaluation/images/test_00505.jpg,test_00505.jpg,935,1246,e562eada07a4bf56a9a8bce9273f4e924549dab1df600878aadad7779e1b3a26,CC BY 4.0,https://felizang.github.io/expdate/index_expdate.html
004960.jpg,ExpDate,real_evaluation,Products-Real.zip,Products-Real/evaluation/images/test_00506.jpg,test_00506.jpg,867,1157,0acd5f7eeb971284e13d3e37a7275804e4c319b6ece017365a54161fa3fbff21,CC BY 4.0,https://felizang.github.io/expdate/index_expdate.html
004961.jpg,ExpDate,real_evaluation,Products-Real.zip,Products-Real/evaluation/images/test_00507.jpg,test_00507.jpg,880,1173,9461ea53b982d0a50a513713f4eaeda6ff678c0169737300f44c0de71fb9d87f,CC BY 4.0,https://felizang.github.io/expdate/index_expdate.html
004962.jpg,ExpDate,real_evaluation,Products-Real.zip,Products-Real/evaluation/images/test_00508.jpg,test_00508.jpg,756,1008,f1b7adf01f4b632ba1da354283cd76de2ad038537b9885ae30b646bc3fb9bc5a,CC BY 4.0,https://felizang.github.io/expdate/index_expdate.html
004963.jpg,ExpDate,real_evaluation,Products-Real.zip,Products-Real/evaluation/images/test_00509.jpg,test_00509.jpg,773,1031,622d62816f92aa657951e794977205b52530dc7596f913b0e6c2f7e26b799ae4,CC BY 4.0,https://felizang.github.io/expdate/index_expdate.html
004964.jpg,ExpDate,real_evaluation,Products-Real.zip,Products-Real/evaluation/images/test_00510.jpg,test_00510.jpg,884,1177,dbc841b459e0a6d6d16ca18731fc7d47f3e4cc38d1da8cd843bc7681b7afe922,CC BY 4.0,https://felizang.github.io/expdate/index_expdate.html
004965.jpg,ExpDate,real_evaluation,Products-Real.zip,Products-Real/evaluation/images/test_00511.jpg,test_00511.jpg,1058,1411,35a9637c812b8c737b2870c11fef188c374f130f23ed39d4913de932585d3c14,CC BY 4.0,https://felizang.github.io/expdate/index_expdate.html
004966.jpg,ExpDate,real_evaluation,Products-Real.zip,Products-Real/evaluation/images/test_00512.jpg,test_00512.jpg,1535,2048,7b1a3a7bdddb0efc3c01ce15a85137021471dfed1bd477b82ca4faa562af2b2d,CC BY 4.0,https://felizang.github.io/expdate/index_expdate.html
004967.jpg,ExpDate,real_evaluation,Products-Real.zip,Products-Real/evaluation/images/test_00513.jpg,test_00513.jpg,1536,2048,fbb7d0ea967d88a004225c77156b191455f344e38e5d6c3b9b9ca53d6546a67d,CC BY 4.0,https://felizang.github.io/expdate/index_expdate.html
004968.jpg,ExpDate,real_evaluation,Products-Real.zip,Products-Real/evaluation/images/test_00514.jpg,test_00514.jpg,1181,886,2f2db9568ee396f21207cc35b44bcbb185039fbc0ef9ecc858e99eccb283f60c,CC BY 4.0,https://felizang.github.io/expdate/index_expdate.html
004969.jpg,ExpDate,real_evaluation,Products-Real.zip,Products-Real/evaluation/images/test_00515.jpg,test_00515.jpg,782,1043,d2913084b13c2cd600343266ece09a339be02fa06f80a0ed21ee4aa2780c8130,CC BY 4.0,https://felizang.github.io/expdate/index_expdate.html
004970.jpg,ExpDate,real_evaluation,Products-Real.zip,Products-Real/evaluation/images/test_00516.jpg,test_00516.jpg,1040,780,97cd82692f517e439480b3331e3e6873dd52ad853d4f994f8742daaa62359723,CC BY 4.0,https://felizang.github.io/expdate/index_expdate.html
004971.jpg,ExpDate,real_evaluation,Products-Real.zip,Products-Real/evaluation/images/test_00517.jpg,test_00517.jpg,1360,1020,45a48b7097bd97574892735405e97a63dc66f59eb8db2e42c3065b7ba96386d8,CC BY 4.0,https://felizang.github.io/expdate/index_expdate.html
004972.jpg,ExpDate,real_evaluation,Products-Real.zip,Products-Real/evaluation/images/test_00518.jpg,test_00518.jpg,997,534,2cb037d46b38a2f3d72c05baa83e0f8deb4541164970569419ce2cdd55b492e7,CC BY 4.0,https://felizang.github.io/expdate/index_expdate.html
004973.jpg,ExpDate,real_evaluation,Products-Real.zip,Products-Real/evaluation/images/test_00519.jpg,test_00519.jpg,1536,2048,70a33d2e894a5efb1f9389740b909b33ced16ff6d3b7197051de95e0d6623fef,CC BY 4.0,https://felizang.github.io/expdate/index_expdate.html
004974.jpg,ExpDate,real_evaluation,Products-Real.zip,Products-Real/evaluation/images/test_00520.jpg,test_00520.jpg,774,1010,283a68c613f45487fc3d2c5dcfffd186c0b666b09f423aca4fa7c956191bbf7a,CC BY 4.0,https://felizang.github.io/expdate/index_expdate.html
004975.jpg,ExpDate,real_evaluation,Products-Real.zip,Products-Real/evaluation/images/test_00521.jpg,test_00521.jpg,1005,1340,63f39983a581d560164aa3e9fa5c2107110fdfe732d22a2e7b5f6c48db4012ad,CC BY 4.0,https://felizang.github.io/expdate/index_expdate.html
004976.jpg,ExpDate,real_evaluation,Products-Real.zip,Products-Real/evaluation/images/test_00522.jpg,test_00522.jpg,966,1288,bec1737f71312609772cab5d99ceafae976618b02d8cae00f51fdaf7d1329fc6,CC BY 4.0,https://felizang.github.io/expdate/index_expdate.html
004977.jpg,ExpDate,real_evaluation,Products-Real.zip,Products-Real/evaluation/images/test_00523.jpg,test_00523.jpg,704,939,c167e02139b52cf5b1173238bf62a21a2e8338e6542b7212c836d757695e4ebb,CC BY 4.0,https://felizang.github.io/expdate/index_expdate.html
004978.jpg,ExpDate,real_evaluation,Products-Real.zip,Products-Real/evaluation/images/test_00524.jpg,test_00524.jpg,1045,784,827b9cea9165e1415c83789ee5477205d83bd090a6d91c12894ea2bb5407de1a,CC BY 4.0,https://felizang.github.io/expdate/index_expdate.html
004979.jpg,ExpDate,real_evaluation,Products-Real.zip,Products-Real/evaluation/images/test_00525.jpg,test_00525.jpg,1298,974,064914d2526cf7bb2c754820a182c8933e9a2add727f5d599ce40a3a85e3a254,CC BY 4.0,https://felizang.github.io/expdate/index_expdate.html
004980.jpg,ExpDate,real_evaluation,Products-Real.zip,Products-Real/evaluation/images/test_00526.jpg,test_00526.jpg,1506,2008,a3960b7b50ebd1d12e48c184ef6903a955e3073c8471d5a3730de685a5fbb7f9,CC BY 4.0,https://felizang.github.io/expdate/index_expdate.html
004981.jpg,ExpDate,real_evaluation,Products-Real.zip,Products-Real/evaluation/images/test_00527.jpg,test_00527.jpg,894,1192,453930aea1b80cf136ef88c81224497ef878bab7ccd80ceeb19f1f6b3dd99166,CC BY 4.0,https://felizang.github.io/expdate/index_expdate.html
004982.jpg,ExpDate,real_evaluation,Products-Real.zip,Products-Real/evaluation/images/test_00528.jpg,test_00528.jpg,801,1067,6b43eaced0e7142081a47f0763cb7818a84d6921560c93253787185912e3fb33,CC BY 4.0,https://felizang.github.io/expdate/index_expdate.html
004983.jpg,ExpDate,real_evaluation,Products-Real.zip,Products-Real/evaluation/images/test_00529.jpg,test_00529.jpg,768,1025,61652296e9a35d24543a4faf285b7e2fa056097d250c884b7b55724addac0630,CC BY 4.0,https://felizang.github.io/expdate/index_expdate.html
004984.jpg,ExpDate,real_evaluation,Products-Real.zip,Products-Real/evaluation/images/test_00530.jpg,test_00530.jpg,1536,2048,cc2c5d068519ae7b72375992bbfd03b5ffa925f86978b8ac0fc4145ea0973cd2,CC BY 4.0,https://felizang.github.io/expdate/index_expdate.html
004985.jpg,ExpDate,real_evaluation,Products-Real.zip,Products-Real/evaluation/images/test_00531.jpg,test_00531.jpg,848,1131,8bb2f07e1188fceee9dd744c6fdf3d7de8b4d0c28c6afa17b0445c9e75126532,CC BY 4.0,https://felizang.github.io/expdate/index_expdate.html
004986.jpg,ExpDate,real_evaluation,Products-Real.zip,Products-Real/evaluation/images/test_00532.jpg,test_00532.jpg,1535,2048,2175c348349978329114bdbb707db8ef7e8fb41c2e8d28edddf407d85a1832d6,CC BY 4.0,https://felizang.github.io/expdate/index_expdate.html
004987.jpg,ExpDate,real_evaluation,Products-Real.zip,Products-Real/evaluation/images/test_00533.jpg,test_00533.jpg,1197,897,adbb83bef1c9927713eb45caa48c23d0faab91f257f64f40e0a6b5ecb02b9573,CC BY 4.0,https://felizang.github.io/expdate/index_expdate.html
004988.jpg,ExpDate,real_evaluation,Products-Real.zip,Products-Real/evaluation/images/test_00534.jpg,test_00534.jpg,801,1068,5d57b43d1abc7f3781d2d68e1d7fd32d42624393f425b6679b71efc4dcd82181,CC BY 4.0,https://felizang.github.io/expdate/index_expdate.html
004989.jpg,ExpDate,real_evaluation,Products-Real.zip,Products-Real/evaluation/images/test_00535.jpg,test_00535.jpg,987,1316,8722b5aa43d67f493a7b9c5d7ca7b1480fa057cf82e0a1c092afbe992ca76b10,CC BY 4.0,https://felizang.github.io/expdate/index_expdate.html
004990.jpg,ExpDate,real_evaluation,Products-Real.zip,Products-Real/evaluation/images/test_00536.jpg,test_00536.jpg,1064,781,6c506875a01bbd80a3878a491bd64e7cf07421ef359d36d10bb98f76f0032f39,CC BY 4.0,https://felizang.github.io/expdate/index_expdate.html
004991.jpg,ExpDate,real_evaluation,Products-Real.zip,Products-Real/evaluation/images/test_00537.jpg,test_00537.jpg,1082,772,0db96ee15791e4aaef870fbbe1069c3b7ff85a5398d8aab024d073e7ea74ba73,CC BY 4.0,https://felizang.github.io/expdate/index_expdate.html
004992.jpg,ExpDate,real_evaluation,Products-Real.zip,Products-Real/evaluation/images/test_00538.jpg,test_00538.jpg,998,709,39e5feb85a8dd0bc18776258c6f04dd5b26b8b26515aeebc0ebcb3268c7418b5,CC BY 4.0,https://felizang.github.io/expdate/index_expdate.html
004993.jpg,ExpDate,real_evaluation,Products-Real.zip,Products-Real/evaluation/images/test_00539.jpg,test_00539.jpg,962,1283,ef2d540586f681c06af130331e5effb19a1ce7df8fd27b63ca4d4565602b90c2,CC BY 4.0,https://felizang.github.io/expdate/index_expdate.html
004994.jpg,ExpDate,real_evaluation,Products-Real.zip,Products-Real/evaluation/images/test_00540.jpg,test_00540.jpg,930,1239,70186eb3cda12e97f791d0cb7aa0e393fe4487863e781454e20367650e03b13b,CC BY 4.0,https://felizang.github.io/expdate/index_expdate.html
004995.jpg,ExpDate,real_evaluation,Products-Real.zip,Products-Real/evaluation/images/test_00541.jpg,test_00541.jpg,1536,2048,495e922161f090c513aef41c36418e8a966d73f3db74a9f2ed250840ec4d6e20,CC BY 4.0,https://felizang.github.io/expdate/index_expdate.html
004996.jpg,ExpDate,real_evaluation,Products-Real.zip,Products-Real/evaluation/images/test_00542.jpg,test_00542.jpg,983,1311,24b82f95edcb72c35638fe184848e792b33e37b4ce6b64abd94e9e98e578e168,CC BY 4.0,https://felizang.github.io/expdate/index_expdate.html
004997.jpg,ExpDate,real_evaluation,Products-Real.zip,Products-Real/evaluation/images/test_00543.jpg,test_00543.jpg,1536,2048,b2357781ee80887ea6989957edadc77a363fcd15566d31831780ba25c16744e1,CC BY 4.0,https://felizang.github.io/expdate/index_expdate.html
004998.jpg,ExpDate,real_evaluation,Products-Real.zip,Products-Real/evaluation/images/test_00544.jpg,test_00544.jpg,841,1121,bdb65178110e0dc898459bb411ab9f0eca2b5a25d963ea353072b4559a3e4a98,CC BY 4.0,https://felizang.github.io/expdate/index_expdate.html
004999.jpg,ExpDate,real_evaluation,Products-Real.zip,Products-Real/evaluation/images/test_00545.jpg,test_00545.jpg,1512,2016,797e8307b193734b626ed96f8769748ee6d9d920603589e9edc1d4e5054b4387,CC BY 4.0,https://felizang.github.io/expdate/index_expdate.html
005000.jpg,ExpDate,real_evaluation,Products-Real.zip,Products-Real/evaluation/images/test_00546.jpg,test_00546.jpg,756,1008,9558cebcdaaa20fbd56b5b1f1a2cc8cc65a81f5286d2e017df17d07fb1e830af,CC BY 4.0,https://felizang.github.io/expdate/index_expdate.html
005001.jpg,ExpDate,real_evaluation,Products-Real.zip,Products-Real/evaluation/images/test_00547.jpg,test_00547.jpg,979,1306,0dd9c389ceff8b7238288c7b5c9b36e37c2efbc99d54afe19ff356cd257ea10a,CC BY 4.0,https://felizang.github.io/expdate/index_expdate.html
005002.jpg,ExpDate,real_evaluation,Products-Real.zip,Products-Real/evaluation/images/test_00548.jpg,test_00548.jpg,646,997,d84cc90375fdd2f18136ea45209f349a77bd26776e41524114580016cc28b6c6,CC BY 4.0,https://felizang.github.io/expdate/index_expdate.html
005003.jpg,ExpDate,real_evaluation,Products-Real.zip,Products-Real/evaluation/images/test_00549.jpg,test_00549.jpg,511,707,a6c5783d011459ca89e5db058da65b82746e67a8fd33164c2df02b21227bf7db,CC BY 4.0,https://felizang.github.io/expdate/index_expdate.html
005004.jpg,ExpDate,real_evaluation,Products-Real.zip,Products-Real/evaluation/images/test_00550.jpg,test_00550.jpg,980,1306,e971047b0c6f8fdbd52c46a74baf3db6cbabf05cf9aa0de342c5b5e97862d9e6,CC BY 4.0,https://felizang.github.io/expdate/index_expdate.html
005005.jpg,ExpDate,real_evaluation,Products-Real.zip,Products-Real/evaluation/images/test_00551.jpg,test_00551.jpg,730,1006,3d474983c6a1da4f5728142f22cece149de64cdfac9ffbd3ed703c6f43e1bde7,CC BY 4.0,https://felizang.github.io/expdate/index_expdate.html
005006.jpg,ExpDate,real_evaluation,Products-Real.zip,Products-Real/evaluation/images/test_00552.jpg,test_00552.jpg,672,961,d04499a720e1d389628b0f9b7b269a0b4ae1ee96339bfa99d0efe7c23b9418ed,CC BY 4.0,https://felizang.github.io/expdate/index_expdate.html
005007.jpg,ExpDate,real_evaluation,Products-Real.zip,Products-Real/evaluation/images/test_00553.jpg,test_00553.jpg,778,912,36665559d2801928e05436e2f620c3e574b574bbef3d401145cf657340700557,CC BY 4.0,https://felizang.github.io/expdate/index_expdate.html
005008.jpg,ExpDate,real_evaluation,Products-Real.zip,Products-Real/evaluation/images/test_00554.jpg,test_00554.jpg,866,1155,07db219c36deb758a54a78c081614b16d9b0bf435134f1eaf7d2d6961f99b208,CC BY 4.0,https://felizang.github.io/expdate/index_expdate.html
005009.jpg,ExpDate,real_evaluation,Products-Real.zip,Products-Real/evaluation/images/test_00555.jpg,test_00555.jpg,907,1209,da992c8234f3182eb45c678f718fddac0053c3b2751f2d7d1afab654c20e28d4,CC BY 4.0,https://felizang.github.io/expdate/index_expdate.html
005010.jpg,ExpDate,real_evaluation,Products-Real.zip,Products-Real/evaluation/images/test_00556.jpg,test_00556.jpg,736,903,387533920a604aef4bdc44d53db3eca582fad4a838ace70e86c068841ffc5c4b,CC BY 4.0,https://felizang.github.io/expdate/index_expdate.html
005011.jpg,ExpDate,real_evaluation,Products-Real.zip,Products-Real/evaluation/images/test_00557.jpg,test_00557.jpg,809,1079,2b2c366c05d080a403cc5fab77639d17d0e450b44f339a8ee1d429ea2d1f6425,CC BY 4.0,https://felizang.github.io/expdate/index_expdate.html
005012.jpg,ExpDate,real_evaluation,Products-Real.zip,Products-Real/evaluation/images/test_00558.jpg,test_00558.jpg,970,1293,28524c41104c7ef8ce5e372960c7d9dcc7f9ae264d20d1141d3c4247e753fac9,CC BY 4.0,https://felizang.github.io/expdate/index_expdate.html
005013.jpg,ExpDate,real_evaluation,Products-Real.zip,Products-Real/evaluation/images/test_00559.jpg,test_00559.jpg,945,1260,4e7f23c0b32cbc735fded4ad81c04c657f8fbd7b3a848991e81834391cf5d958,CC BY 4.0,https://felizang.github.io/expdate/index_expdate.html
005014.jpg,ExpDate,real_evaluation,Products-Real.zip,Products-Real/evaluation/images/test_00560.jpg,test_00560.jpg,1185,889,7aa523bd2c933465e7360c5ce44684b79202f6ea92db99c40d380cc3ffbb68f0,CC BY 4.0,https://felizang.github.io/expdate/index_expdate.html
005015.jpg,ExpDate,real_evaluation,Products-Real.zip,Products-Real/evaluation/images/test_00561.jpg,test_00561.jpg,1411,1058,d614e77b26b3ecbf145db14e7dd07983f4c4387eae404d08f6f96ab571909012,CC BY 4.0,https://felizang.github.io/expdate/index_expdate.html
005016.jpg,ExpDate,real_evaluation,Products-Real.zip,Products-Real/evaluation/images/test_00562.jpg,test_00562.jpg,892,1195,f2d76b0cd2074c5b07665de2429e20998721e84473afa02e164c524baa409a30,CC BY 4.0,https://felizang.github.io/expdate/index_expdate.html
005017.jpg,ExpDate,real_evaluation,Products-Real.zip,Products-Real/evaluation/images/test_00563.jpg,test_00563.jpg,1058,1411,9fb740d6ce91250b55933f69c28fdd86997cdd2e126e378aca3fecb793413da0,CC BY 4.0,https://felizang.github.io/expdate/index_expdate.html
005018.jpg,ExpDate,real_evaluation,Products-Real.zip,Products-Real/evaluation/images/test_00564.jpg,test_00564.jpg,1058,1411,1fb7220f507d762d125c31d2f627e274c45a9251fb1fa4bac604b548f072fb39,CC BY 4.0,https://felizang.github.io/expdate/index_expdate.html
005019.jpg,ExpDate,real_evaluation,Products-Real.zip,Products-Real/evaluation/images/test_00565.jpg,test_00565.jpg,1058,1411,a7874f263f88e442cbf3de79416079b97aca2bb4495daaada7a1917286358c55,CC BY 4.0,https://felizang.github.io/expdate/index_expdate.html
005020.jpg,ExpDate,real_evaluation,Products-Real.zip,Products-Real/evaluation/images/test_00566.jpg,test_00566.jpg,1058,1411,dfa6572a7f2b601834720a10f76a48bf0dcd0fd83e3d307913f846d2fe35154e,CC BY 4.0,https://felizang.github.io/expdate/index_expdate.html
005021.jpg,ExpDate,real_evaluation,Products-Real.zip,Products-Real/evaluation/images/test_00567.jpg,test_00567.jpg,1217,852,371b0a4a09b67bd1c39344d9ac5dfd88390369dfdf0f1d994ac41fe4742e6648,CC BY 4.0,https://felizang.github.io/expdate/index_expdate.html
005022.jpg,ExpDate,real_evaluation,Products-Real.zip,Products-Real/evaluation/images/test_00568.jpg,test_00568.jpg,2016,1512,6eb600906fa98d213587cef80de54fe780d94adf91372a820747abe128918d83,CC BY 4.0,https://felizang.github.io/expdate/index_expdate.html
005023.jpg,ExpDate,real_evaluation,Products-Real.zip,Products-Real/evaluation/images/test_00569.jpg,test_00569.jpg,1481,1975,ef9833d7ae8499d0c872941b5f5bf37aeab1cdbb8aa78ed49a833cdbfe5e3c8f,CC BY 4.0,https://felizang.github.io/expdate/index_expdate.html
005024.jpg,ExpDate,real_evaluation,Products-Real.zip,Products-Real/evaluation/images/test_00570.jpg,test_00570.jpg,1478,1970,920643e6510e7d7656a22a619e82d71a03cdec05de8fff27bb24f87ed4ad0c0c,CC BY 4.0,https://felizang.github.io/expdate/index_expdate.html
005025.jpg,ExpDate,real_evaluation,Products-Real.zip,Products-Real/evaluation/images/test_00571.jpg,test_00571.jpg,1486,1981,8a8bc9e4f623e0e405756ff0c0815076ea74ee924f4a6e1fb2c536b3f2b99f7f,CC BY 4.0,https://felizang.github.io/expdate/index_expdate.html
005026.jpg,ExpDate,real_evaluation,Products-Real.zip,Products-Real/evaluation/images/test_00572.jpg,test_00572.jpg,1512,2016,bab685f830bba089d06b42dcb2f9c1d028c492abc074206bc6b994fc540731f7,CC BY 4.0,https://felizang.github.io/expdate/index_expdate.html
005027.jpg,ExpDate,real_evaluation,Products-Real.zip,Products-Real/evaluation/images/test_00573.jpg,test_00573.jpg,1512,2016,ab57dd540a2d63ad66c525e218364e2473e46c5b44678befa261c75d84e32661,CC BY 4.0,https://felizang.github.io/expdate/index_expdate.html
005028.jpg,ExpDate,real_evaluation,Products-Real.zip,Products-Real/evaluation/images/test_00574.jpg,test_00574.jpg,1461,1948,348d31e0fc33d7ddb90d1328dfcdcfa7f0c564e3e2fed844fe217ecf98f73c16,CC BY 4.0,https://felizang.github.io/expdate/index_expdate.html
005029.jpg,ExpDate,real_evaluation,Products-Real.zip,Products-Real/evaluation/images/test_00575.jpg,test_00575.jpg,1251,1669,9ab92ddd07afdef9e0b5c0fb536cad02fe3afe7ce69492547a9faf0f9984d111,CC BY 4.0,https://felizang.github.io/expdate/index_expdate.html
005030.jpg,ExpDate,real_evaluation,Products-Real.zip,Products-Real/evaluation/images/test_00576.jpg,test_00576.jpg,1291,1721,056c38e75d35fe91c68c82ad043c2f769679c7bce1c462f87e4451618ab0ed9f,CC BY 4.0,https://felizang.github.io/expdate/index_expdate.html
005031.jpg,ExpDate,real_evaluation,Products-Real.zip,Products-Real/evaluation/images/test_00577.jpg,test_00577.jpg,1254,1672,6823e2c2886341583019f3f06a4f9355d6ab25e207b43a0a61a3d232d2818d7c,CC BY 4.0,https://felizang.github.io/expdate/index_expdate.html
005032.jpg,ExpDate,real_evaluation,Products-Real.zip,Products-Real/evaluation/images/test_00578.jpg,test_00578.jpg,1536,2048,54836f61e1f4884f7e8c435dad15fed5d3aec7855171758a1ba92579a9dfed74,CC BY 4.0,https://felizang.github.io/expdate/index_expdate.html
005033.jpg,ExpDate,real_evaluation,Products-Real.zip,Products-Real/evaluation/images/test_00579.jpg,test_00579.jpg,1439,1919,e9eb8693233e54ab42cda080ffe1adeb5cae186a2773040f07a6da5a3b3573e4,CC BY 4.0,https://felizang.github.io/expdate/index_expdate.html
005034.jpg,ExpDate,real_evaluation,Products-Real.zip,Products-Real/evaluation/images/test_00580.jpg,test_00580.jpg,1477,1969,39d6014ff3dcdf5c515d49990806bdad24cc95b32523bf75755ed89c6c80b32b,CC BY 4.0,https://felizang.github.io/expdate/index_expdate.html
005035.jpg,ExpDate,real_evaluation,Products-Real.zip,Products-Real/evaluation/images/test_00581.jpg,test_00581.jpg,1230,1640,1f1be46f83d0489929d13a7ef82f50eda1865dfc0f94a33e867fe1407a3ae30d,CC BY 4.0,https://felizang.github.io/expdate/index_expdate.html
005036.jpg,ExpDate,real_evaluation,Products-Real.zip,Products-Real/evaluation/images/test_00582.jpg,test_00582.jpg,1327,1771,457d7dfb6364d62943fdc44894ac7d54a04ea5f0fecebec3ceff2d93b64594c4,CC BY 4.0,https://felizang.github.io/expdate/index_expdate.html
005037.jpg,ExpDate,real_evaluation,Products-Real.zip,Products-Real/evaluation/images/test_00583.jpg,test_00583.jpg,1412,1883,953171388e337e5afeb39267f06aa5acf4ebc737bf087c1e36029e5c3ba2eb23,CC BY 4.0,https://felizang.github.io/expdate/index_expdate.html
005038.jpg,ExpDate,real_evaluation,Products-Real.zip,Products-Real/evaluation/images/test_00584.jpg,test_00584.jpg,1830,1372,6c5ab50528b70eb4257f22a97840968ba4889a135d4be98451f8447b8172ec47,CC BY 4.0,https://felizang.github.io/expdate/index_expdate.html
005039.jpg,ExpDate,real_evaluation,Products-Real.zip,Products-Real/evaluation/images/test_00585.jpg,test_00585.jpg,1896,1422,a6a93b6ed7238fe42b3c5c07f93862096690cc08e59db9f728978751dd12b27a,CC BY 4.0,https://felizang.github.io/expdate/index_expdate.html
005040.jpg,ExpDate,real_evaluation,Products-Real.zip,Products-Real/evaluation/images/test_00586.jpg,test_00586.jpg,1696,1272,47138ca070abaa6053965e23b559adc5ad8d1aa633d59d85597a64d800ac574d,CC BY 4.0,https://felizang.github.io/expdate/index_expdate.html
005041.jpg,ExpDate,real_evaluation,Products-Real.zip,Products-Real/evaluation/images/test_00587.jpg,test_00587.jpg,1898,1424,bbcad6ff235dab50fa6191af135d34fee03a737ae3358af89c409f7b98c86f6e,CC BY 4.0,https://felizang.github.io/expdate/index_expdate.html
005042.jpg,ExpDate,real_evaluation,Products-Real.zip,Products-Real/evaluation/images/test_00588.jpg,test_00588.jpg,1493,1990,efdb66e04ca903627a1e13b801f5cb13e8a2aba0d9e872303b56b7d6d10309ec,CC BY 4.0,https://felizang.github.io/expdate/index_expdate.html
005043.jpg,ExpDate,real_evaluation,Products-Real.zip,Products-Real/evaluation/images/test_00589.jpg,test_00589.jpg,1653,1240,401592317ad79a7a2b09d43afeabfc44f93c8c227ed6459991ed8277f7883cf2,CC BY 4.0,https://felizang.github.io/expdate/index_expdate.html
005044.jpg,ExpDate,real_evaluation,Products-Real.zip,Products-Real/evaluation/images/test_00590.jpg,test_00590.jpg,1260,1680,8df6d2dc457fa921a8e9adf617e76b7ba0282f1a51fe1bd0baaefe5861ce9f58,CC BY 4.0,https://felizang.github.io/expdate/index_expdate.html
005045.jpg,ExpDate,real_evaluation,Products-Real.zip,Products-Real/evaluation/images/test_00591.jpg,test_00591.jpg,1472,1963,d826bdd0f79bc89504c2b82956acd0668c74cabb42fdfb908d910f03d4c66802,CC BY 4.0,https://felizang.github.io/expdate/index_expdate.html
005046.jpg,ExpDate,real_evaluation,Products-Real.zip,Products-Real/evaluation/images/test_00592.jpg,test_00592.jpg,1274,1698,c6d1e9aadf6c6219337265ed1be4441ff2f32727301a6dde4da1ef4875947029,CC BY 4.0,https://felizang.github.io/expdate/index_expdate.html
005047.jpg,ExpDate,real_evaluation,Products-Real.zip,Products-Real/evaluation/images/test_00593.jpg,test_00593.jpg,1256,1675,0582a697b43b3ec126b1b7c40808299986f7c2543546796784fbbcd780ccedc9,CC BY 4.0,https://felizang.github.io/expdate/index_expdate.html
005048.jpg,ExpDate,real_evaluation,Products-Real.zip,Products-Real/evaluation/images/test_00594.jpg,test_00594.jpg,1275,1700,3c37cd36da3ab6f1c7d427ce5c064f65d7125142efb14d20e6359566ee9770fd,CC BY 4.0,https://felizang.github.io/expdate/index_expdate.html
005049.jpg,ExpDate,real_evaluation,Products-Real.zip,Products-Real/evaluation/images/test_00595.jpg,test_00595.jpg,1306,1741,25619bee33ab830568e07d792b2fcfdc7c5305da8c390d5a6b4d79a30465b4d5,CC BY 4.0,https://felizang.github.io/expdate/index_expdate.html
005050.jpg,ExpDate,real_evaluation,Products-Real.zip,Products-Real/evaluation/images/test_00596.jpg,test_00596.jpg,1413,1884,c6c11a717a1c5f324323bfbc06c03e0a788235ecc6a67d3f80c2958b3dfb357c,CC BY 4.0,https://felizang.github.io/expdate/index_expdate.html
005051.jpg,ExpDate,real_evaluation,Products-Real.zip,Products-Real/evaluation/images/test_00597.jpg,test_00597.jpg,1249,1666,c847eeeebad3f611fbbd81ceccc0b93aaa1ad16ccfeaf73194e51022ec1a9bb3,CC BY 4.0,https://felizang.github.io/expdate/index_expdate.html
005052.jpg,ExpDate,real_evaluation,Products-Real.zip,Products-Real/evaluation/images/test_00598.jpg,test_00598.jpg,1723,1292,c12acb40d7c5ea191b134ce8a0d71fc5c0b66eab2a3fd57f43752f63941dc0a6,CC BY 4.0,https://felizang.github.io/expdate/index_expdate.html
005053.jpg,ExpDate,real_evaluation,Products-Real.zip,Products-Real/evaluation/images/test_00599.jpg,test_00599.jpg,1674,1255,6fe904c7b9e07b512ae66395ead13b05453ac9bc8cf0fbe990820fc497220a88,CC BY 4.0,https://felizang.github.io/expdate/index_expdate.html
005054.jpg,ExpDate,real_evaluation,Products-Real.zip,Products-Real/evaluation/images/test_00600.jpg,test_00600.jpg,1726,1294,c173f743cb5cce9d39fa2f315f4633eff5b10f7beeae860ed726130f6b60cd4d,CC BY 4.0,https://felizang.github.io/expdate/index_expdate.html
005055.jpg,ExpDate,real_evaluation,Products-Real.zip,Products-Real/evaluation/images/test_00601.jpg,test_00601.jpg,1477,1969,e5de978530d9220be98345bbfb8af42a0d64c95e8de7fc70d084058efd1c1d37,CC BY 4.0,https://felizang.github.io/expdate/index_expdate.html
005056.jpg,ExpDate,real_evaluation,Products-Real.zip,Products-Real/evaluation/images/test_00602.jpg,test_00602.jpg,1858,1394,fcaa648d6caff83c542549b3e0c0aaf4206ce347ca1c6eb1308e9b98721c034e,CC BY 4.0,https://felizang.github.io/expdate/index_expdate.html
005057.jpg,ExpDate,real_evaluation,Products-Real.zip,Products-Real/evaluation/images/test_00603.jpg,test_00603.jpg,1436,1915,ddbf43ed6d0869cc6651839ae297a3a14f20a6d19a511a0caaf3b47a42cc36e9,CC BY 4.0,https://felizang.github.io/expdate/index_expdate.html
005058.jpg,ExpDate,real_evaluation,Products-Real.zip,Products-Real/evaluation/images/test_00604.jpg,test_00604.jpg,2043,1532,6daa52d9cfb1464cd332f613e773b8d23ce8813d13f55b4d2df3ed04785e6b7e,CC BY 4.0,https://felizang.github.io/expdate/index_expdate.html
005059.jpg,ExpDate,real_evaluation,Products-Real.zip,Products-Real/evaluation/images/test_00605.jpg,test_00605.jpg,1985,1488,f3d6f9e8395f6c47f8d556f209412624f65380468975af02bdcc74880d8eef33,CC BY 4.0,https://felizang.github.io/expdate/index_expdate.html
005060.jpg,ExpDate,real_evaluation,Products-Real.zip,Products-Real/evaluation/images/test_00606.jpg,test_00606.jpg,2031,1524,1f43b19cb4f3d293a0409315300d7e8839e82514849fd87e62ee0ce350ff49ca,CC BY 4.0,https://felizang.github.io/expdate/index_expdate.html
005061.jpg,ExpDate,real_evaluation,Products-Real.zip,Products-Real/evaluation/images/test_00607.jpg,test_00607.jpg,1312,1751,5afb3793ca7d005a2776305a37225f26450209867cd65680041a23f95d02fb5e,CC BY 4.0,https://felizang.github.io/expdate/index_expdate.html
005062.jpg,ExpDate,real_evaluation,Products-Real.zip,Products-Real/evaluation/images/test_00608.jpg,test_00608.jpg,1880,1409,8c38217958224773e38cbbde73fdfaf23c3708a6e37a627f25e02abc8cd03453,CC BY 4.0,https://felizang.github.io/expdate/index_expdate.html
005063.jpg,ExpDate,real_evaluation,Products-Real.zip,Products-Real/evaluation/images/test_00609.jpg,test_00609.jpg,1331,1775,f15fe9e1beb3d54e74ff94fede9003c1f92781291488c3ab15037eefd9873b8a,CC BY 4.0,https://felizang.github.io/expdate/index_expdate.html
005064.jpg,ExpDate,real_evaluation,Products-Real.zip,Products-Real/evaluation/images/test_00610.jpg,test_00610.jpg,1695,1272,640dae56430fb0625a4b7d2af63266b2f7a4437208af9bd65d27b826a558ca3e,CC BY 4.0,https://felizang.github.io/expdate/index_expdate.html
005065.jpg,ExpDate,real_evaluation,Products-Real.zip,Products-Real/evaluation/images/test_00611.jpg,test_00611.jpg,1455,1941,e3cd4554fced74c15559428360e9cdab0683355a505bf554b4ae5cfddbb1a24e,CC BY 4.0,https://felizang.github.io/expdate/index_expdate.html
005066.jpg,ExpDate,real_evaluation,Products-Real.zip,Products-Real/evaluation/images/test_00612.jpg,test_00612.jpg,1523,2030,e420557d93087e1bf9c246dcdba19dfa3d2085d1077a5453487a5b662f12ba0d,CC BY 4.0,https://felizang.github.io/expdate/index_expdate.html
005067.jpg,ExpDate,real_evaluation,Products-Real.zip,Products-Real/evaluation/images/test_00613.jpg,test_00613.jpg,1821,1366,9e482a154fe3cd283da0f9987c8f7c0cb62502c0eeb6095d13046af2c363e390,CC BY 4.0,https://felizang.github.io/expdate/index_expdate.html
005068.jpg,ExpDate,real_evaluation,Products-Real.zip,Products-Real/evaluation/images/test_00614.jpg,test_00614.jpg,1236,1649,2323e0cd033cde99775f07249b8985f32b7eb24f57c6e0f25672e04873177d57,CC BY 4.0,https://felizang.github.io/expdate/index_expdate.html
005069.jpg,ExpDate,real_evaluation,Products-Real.zip,Products-Real/evaluation/images/test_00615.jpg,test_00615.jpg,1455,1940,adb42817d1697354c95d743d65e545dbb7f574fe37864a79b790b8818f155655,CC BY 4.0,https://felizang.github.io/expdate/index_expdate.html
005070.jpg,ExpDate,real_evaluation,Products-Real.zip,Products-Real/evaluation/images/test_00616.jpg,test_00616.jpg,1511,2015,6276c8b06eca9763bfaa902628a2b1c1609e80fac732bc0c26944e1b785f5391,CC BY 4.0,https://felizang.github.io/expdate/index_expdate.html
005071.jpg,ExpDate,real_evaluation,Products-Real.zip,Products-Real/evaluation/images/test_00617.jpg,test_00617.jpg,1333,1777,7e302e6e3f8620c5515472662af89a0af168fa9f4d50ce6130cc7a120789ab7d,CC BY 4.0,https://felizang.github.io/expdate/index_expdate.html
005072.jpg,ExpDate,real_evaluation,Products-Real.zip,Products-Real/evaluation/images/test_00618.jpg,test_00618.jpg,1094,1459,c0bc3af233eb2fe4f210af4f2273fdf581a0e82d7dd5e380d760900d0f09a293,CC BY 4.0,https://felizang.github.io/expdate/index_expdate.html
005073.jpg,ExpDate,real_evaluation,Products-Real.zip,Products-Real/evaluation/images/test_00619.jpg,test_00619.jpg,1530,2040,b56f0d61eef274e0e5cf0a374d7bbc10a43669482006505ea7572d552a86990e,CC BY 4.0,https://felizang.github.io/expdate/index_expdate.html
005074.jpg,ExpDate,real_evaluation,Products-Real.zip,Products-Real/evaluation/images/test_00620.jpg,test_00620.jpg,1507,2009,e4613d2bcad911466f8e2370f95abe01c0f38437d1cfd9db4d69edd86eed2a17,CC BY 4.0,https://felizang.github.io/expdate/index_expdate.html
005075.jpg,ExpDate,real_evaluation,Products-Real.zip,Products-Real/evaluation/images/test_00621.jpg,test_00621.jpg,1536,2048,638dfaeac650851d9ab41e6f443e39b8fd7df7208795a6c5e25eb6068262c28c,CC BY 4.0,https://felizang.github.io/expdate/index_expdate.html
005076.jpg,ExpDate,real_evaluation,Products-Real.zip,Products-Real/evaluation/images/test_00622.jpg,test_00622.jpg,1536,2048,8b00ce2af0a0a36a0ed616214a9689009cbc976a55ee2ca7c7c21b7d4f0a2fba,CC BY 4.0,https://felizang.github.io/expdate/index_expdate.html
005077.jpg,ExpDate,real_evaluation,Products-Real.zip,Products-Real/evaluation/images/test_00623.jpg,test_00623.jpg,1354,1806,3188fd090c6bee08c0a44a62bc0f3dd1819fa9c3b7020aa19a13073a8db9e96c,CC BY 4.0,https://felizang.github.io/expdate/index_expdate.html
005078.jpg,ExpDate,real_evaluation,Products-Real.zip,Products-Real/evaluation/images/test_00624.jpg,test_00624.jpg,1791,1343,0edb2289fb8c7a79b189c012790abf9bfe75230939a43e6da05a63452f8fd4e1,CC BY 4.0,https://felizang.github.io/expdate/index_expdate.html
005079.jpg,ExpDate,real_evaluation,Products-Real.zip,Products-Real/evaluation/images/test_00625.jpg,test_00625.jpg,1872,1404,8e7ed22bae680417c9a69a27a0ef0e011d03cfb7c655828df38a122c4b20fb3e,CC BY 4.0,https://felizang.github.io/expdate/index_expdate.html
005080.jpg,ExpDate,real_evaluation,Products-Real.zip,Products-Real/evaluation/images/test_00626.jpg,test_00626.jpg,1254,1672,6aebf6d8e1da9413a2a68231c8f4f6139a2466b5666831ce91aa22fef56b32c7,CC BY 4.0,https://felizang.github.io/expdate/index_expdate.html
005081.jpg,ExpDate,real_evaluation,Products-Real.zip,Products-Real/evaluation/images/test_00627.jpg,test_00627.jpg,1505,2007,0e7c8f64848f5d82fa51f8c9926bbadf92c570e189df2889886886756d32c11b,CC BY 4.0,https://felizang.github.io/expdate/index_expdate.html
005082.jpg,ExpDate,real_evaluation,Products-Real.zip,Products-Real/evaluation/images/test_00628.jpg,test_00628.jpg,1260,1680,c1166421d7984b8d0055f844f19f1404f1d9e85f78298835901e907aa5b00c50,CC BY 4.0,https://felizang.github.io/expdate/index_expdate.html
005083.jpg,ExpDate,real_evaluation,Products-Real.zip,Products-Real/evaluation/images/test_00629.jpg,test_00629.jpg,1484,1979,3e352a509cb8984c25d3ffc437bdfe1af1da20207df7ed02c46ffbc5dfda2b3e,CC BY 4.0,https://felizang.github.io/expdate/index_expdate.html
005084.jpg,ExpDate,real_evaluation,Products-Real.zip,Products-Real/evaluation/images/test_00630.jpg,test_00630.jpg,1473,1965,5226306facb7df570028564f98da0c478cf2e6795d67134eee956f4e022e90f0,CC BY 4.0,https://felizang.github.io/expdate/index_expdate.html
005085.jpg,ExpDate,real_evaluation,Products-Real.zip,Products-Real/evaluation/images/test_00631.jpg,test_00631.jpg,2016,1511,a7793cbec7120fe75b1926684417e12e5c238fa403638b32366c2104cd036414,CC BY 4.0,https://felizang.github.io/expdate/index_expdate.html
005086.jpg,ExpDate,real_evaluation,Products-Real.zip,Products-Real/evaluation/images/test_00632.jpg,test_00632.jpg,1329,1771,4d24475a64b039c50e60af3fbc175ed0abcfb9ae8160e5d553f163eb3daab617,CC BY 4.0,https://felizang.github.io/expdate/index_expdate.html
005087.jpg,ExpDate,real_evaluation,Products-Real.zip,Products-Real/evaluation/images/test_00633.jpg,test_00633.jpg,1461,1949,cf8e045990fd8754b697d206a620b37a388c929579d8ab31f66af39a3f97df36,CC BY 4.0,https://felizang.github.io/expdate/index_expdate.html
005088.jpg,ExpDate,real_evaluation,Products-Real.zip,Products-Real/evaluation/images/test_00634.jpg,test_00634.jpg,1497,1996,843f80ba94b8cd248704ab97d56895c5b14da2a266e29b856d827dc132e96305,CC BY 4.0,https://felizang.github.io/expdate/index_expdate.html
005089.jpg,ExpDate,real_evaluation,Products-Real.zip,Products-Real/evaluation/images/test_00635.jpg,test_00635.jpg,1499,1999,b76797cdc16be052a88ed5b2b8457115ae49d210b63d4bf0105c227f448342a4,CC BY 4.0,https://felizang.github.io/expdate/index_expdate.html
005090.jpg,ExpDate,real_evaluation,Products-Real.zip,Products-Real/evaluation/images/test_00636.jpg,test_00636.jpg,1446,1928,53255e97c8fdd389dd105d4a13c2465564eb70a079869f947c317081bc065bc0,CC BY 4.0,https://felizang.github.io/expdate/index_expdate.html
005091.jpg,ExpDate,real_evaluation,Products-Real.zip,Products-Real/evaluation/images/test_00637.jpg,test_00637.jpg,1447,1930,50c8a96a6ac8970913e83cccc87d364bab38627b75bd8aaa77b847d043e393f7,CC BY 4.0,https://felizang.github.io/expdate/index_expdate.html
005092.jpg,ExpDate,real_evaluation,Products-Real.zip,Products-Real/evaluation/images/test_00638.jpg,test_00638.jpg,1444,1927,a7d94c4139ea17463d898c10f3b47681c45bd055be99ecdc06a46bb6212a12e7,CC BY 4.0,https://felizang.github.io/expdate/index_expdate.html
005093.jpg,ExpDate,real_evaluation,Products-Real.zip,Products-Real/evaluation/images/test_00639.jpg,test_00639.jpg,1875,1406,5ac629c9d92c280f7ed7148ebe581bfa487d608d65892c84ce3f3f544dd92def,CC BY 4.0,https://felizang.github.io/expdate/index_expdate.html
005094.jpg,ExpDate,real_evaluation,Products-Real.zip,Products-Real/evaluation/images/test_00640.jpg,test_00640.jpg,1621,1240,131c3ceecb1c1daa40084f2209bea3c36c409e6784b3d49a405f28a8d919aec2,CC BY 4.0,https://felizang.github.io/expdate/index_expdate.html
005095.jpg,ExpDate,real_evaluation,Products-Real.zip,Products-Real/evaluation/images/test_00641.jpg,test_00641.jpg,1924,1443,46f6fd79cedb9584a3f20ed2732657ddb52a16ca7b0cd72913f975f55ffc8436,CC BY 4.0,https://felizang.github.io/expdate/index_expdate.html
005096.jpg,ExpDate,real_evaluation,Products-Real.zip,Products-Real/evaluation/images/test_00642.jpg,test_00642.jpg,1387,1849,d06a8cbb4875a2ad8203b3a00a3c9e343da60d6c4b0dec4ba68c56e35dbed70e,CC BY 4.0,https://felizang.github.io/expdate/index_expdate.html
005097.jpg,ExpDate,real_evaluation,Products-Real.zip,Products-Real/evaluation/images/test_00643.jpg,test_00643.jpg,1474,1966,2f23df1501e0403eb1fba1bbb9c9443ba544bc5d92ce3a7b565521e148c19b73,CC BY 4.0,https://felizang.github.io/expdate/index_expdate.html
005098.jpg,ExpDate,real_evaluation,Products-Real.zip,Products-Real/evaluation/images/test_00644.jpg,test_00644.jpg,1724,2298,d0f831e42cb943342567645d708f4d9e246d41af0ac8c4ab45b9f56466caf9d1,CC BY 4.0,https://felizang.github.io/expdate/index_expdate.html
005099.jpg,ExpDate,real_evaluation,Products-Real.zip,Products-Real/evaluation/images/test_00645.jpg,test_00645.jpg,1572,2096,98dddd4d7331527cb64946bc9a0190a36e041946fa6ab121aa0ddf9196a0e3a8,CC BY 4.0,https://felizang.github.io/expdate/index_expdate.html
005100.jpg,ExpDate,real_evaluation,Products-Real.zip,Products-Real/evaluation/images/test_00646.jpg,test_00646.jpg,1343,1791,cbe62f9c233f8dad4670499c091e6e7ec591743187760a309f4ee6516b006f75,CC BY 4.0,https://felizang.github.io/expdate/index_expdate.html
005101.jpg,ExpDate,real_evaluation,Products-Real.zip,Products-Real/evaluation/images/test_00647.jpg,test_00647.jpg,1385,1847,40ad068d10ed8417de544b755693296b2ea1181b46302c110a0b19d6b53309ef,CC BY 4.0,https://felizang.github.io/expdate/index_expdate.html
005102.jpg,ExpDate,real_evaluation,Products-Real.zip,Products-Real/evaluation/images/test_00648.jpg,test_00648.jpg,1917,1437,53c68ff5e65fdf22bd2fc8b69091b40932eb6ac85f102cbf48fbbdca4a6de55b,CC BY 4.0,https://felizang.github.io/expdate/index_expdate.html
005103.jpg,ExpDate,real_evaluation,Products-Real.zip,Products-Real/evaluation/images/test_00649.jpg,test_00649.jpg,1270,1695,a2eecfda1f8f8a218d75cec42f221262f860306c0bb15cc34a1c92c6a6317b2a,CC BY 4.0,https://felizang.github.io/expdate/index_expdate.html
005104.jpg,ExpDate,real_evaluation,Products-Real.zip,Products-Real/evaluation/images/test_00650.jpg,test_00650.jpg,1284,1711,68396f95a6c9e26434da43e71b46e48bdc3efa8b28442b63e609ed09801c863e,CC BY 4.0,https://felizang.github.io/expdate/index_expdate.html
005105.jpg,ExpDate,real_evaluation,Products-Real.zip,Products-Real/evaluation/images/test_00651.jpg,test_00651.jpg,1536,2048,aa47a1f5608583e98ef0576930abcef85ee1595a433b489ced961dfa53cba6a6,CC BY 4.0,https://felizang.github.io/expdate/index_expdate.html
005106.jpg,ExpDate,real_evaluation,Products-Real.zip,Products-Real/evaluation/images/test_00652.jpg,test_00652.jpg,1249,1665,6e9f28d5525b53f3844d99208b7daa070f3b417c66b8655999855a626b418a86,CC BY 4.0,https://felizang.github.io/expdate/index_expdate.html
005107.jpg,ExpDate,real_evaluation,Products-Real.zip,Products-Real/evaluation/images/test_00653.jpg,test_00653.jpg,1342,1868,f52a176b5a7dc0d3feac024daa132ae00024ea2462da3015375f89071a46f82b,CC BY 4.0,https://felizang.github.io/expdate/index_expdate.html
005108.jpg,ExpDate,real_evaluation,Products-Real.zip,Products-Real/evaluation/images/test_00654.jpg,test_00654.jpg,1450,1933,d07530a8f6aee175cf9b943190852a2d59ef7a5e89bf42f19ed8f74b23408471,CC BY 4.0,https://felizang.github.io/expdate/index_expdate.html
005109.jpg,ExpDate,real_evaluation,Products-Real.zip,Products-Real/evaluation/images/test_00655.jpg,test_00655.jpg,1373,1831,27490e4382d726a2ed43b7d21eeba8693b965a9e28b3786861f6d8d73affe1af,CC BY 4.0,https://felizang.github.io/expdate/index_expdate.html
005110.jpg,ExpDate,real_evaluation,Products-Real.zip,Products-Real/evaluation/images/test_00656.jpg,test_00656.jpg,1501,2002,5bb4171f79ee4f4110224c413f05999626f47d6404e2d7e63666dd7446d1df53,CC BY 4.0,https://felizang.github.io/expdate/index_expdate.html
005111.jpg,ExpDate,real_evaluation,Products-Real.zip,Products-Real/evaluation/images/test_00657.jpg,test_00657.jpg,1536,2048,30cf9a3d9df021dfb0c324226fa3af4af8fe9563873e93f7a1d375cd3a796c45,CC BY 4.0,https://felizang.github.io/expdate/index_expdate.html
005112.jpg,ExpDate,real_evaluation,Products-Real.zip,Products-Real/evaluation/images/test_00658.jpg,test_00658.jpg,1311,1748,374c69874a80b2da6f48f477124739927517bd33ab6a696e3fb10d57f38b026e,CC BY 4.0,https://felizang.github.io/expdate/index_expdate.html
005113.jpg,ExpDate,real_evaluation,Products-Real.zip,Products-Real/evaluation/images/test_00659.jpg,test_00659.jpg,1451,1934,764d8edbaeb26559da53e5f91b972302dfbc92add5182e8204415ca66c8a61f9,CC BY 4.0,https://felizang.github.io/expdate/index_expdate.html
005114.jpg,ExpDate,real_evaluation,Products-Real.zip,Products-Real/evaluation/images/test_00660.jpg,test_00660.jpg,1866,1400,870685824c4f566d5f7f28d009afc3c275b627f5e79d0c0b7131d2898bffadd4,CC BY 4.0,https://felizang.github.io/expdate/index_expdate.html
005115.jpg,ExpDate,real_evaluation,Products-Real.zip,Products-Real/evaluation/images/test_00661.jpg,test_00661.jpg,1432,1910,074061639a1c214ed1426ab1eaaed001c3a4aa4ffb00f39e2a8d846211de3c9b,CC BY 4.0,https://felizang.github.io/expdate/index_expdate.html
005116.jpg,ExpDate,real_evaluation,Products-Real.zip,Products-Real/evaluation/images/test_00662.jpg,test_00662.jpg,1416,1888,63e8ed5c03e950cde87161523dd7d15f0f9fd98e993d7e6d959ef8cb92f04fd2,CC BY 4.0,https://felizang.github.io/expdate/index_expdate.html
005117.jpg,ExpDate,real_evaluation,Products-Real.zip,Products-Real/evaluation/images/test_00663.jpg,test_00663.jpg,1349,1799,45f829ef1c0c739b84f5a36b0db2e8e498163dc806e164853c62e439df8bf6d3,CC BY 4.0,https://felizang.github.io/expdate/index_expdate.html
005118.jpg,ExpDate,real_evaluation,Products-Real.zip,Products-Real/evaluation/images/test_00664.jpg,test_00664.jpg,1536,2048,570524661ab92fc70dd8ac425f228091561b6df435f0cf2b6992edf7f61cd6cc,CC BY 4.0,https://felizang.github.io/expdate/index_expdate.html
005119.jpg,ExpDate,real_evaluation,Products-Real.zip,Products-Real/evaluation/images/test_00665.jpg,test_00665.jpg,929,1239,5a3e38bad0b6102fcd23945e347c625be1c0b1771ad33e5b7aa7ca0ca1f6a1f2,CC BY 4.0,https://felizang.github.io/expdate/index_expdate.html
