image_id,image_path,fold,group_id,image_sha256
AMLC000001,C:\ITDA_OCR_CODE\학습대상데이터\AMLC000001.jpg,1,sha256:f8fc01516ca7ff1149e19396c9d963ebc0e60d862e3a84a1c0575490ca61781f,f8fc01516ca7ff1149e19396c9d963ebc0e60d862e3a84a1c0575490ca61781f
AMLC000002,C:\ITDA_OCR_CODE\학습대상데이터\AMLC000002.jpg,1,sha256:41bdb464b1e6bd8dba9e3a8d2b184cd80b610b0b336f55104962b6ae645c8530,41bdb464b1e6bd8dba9e3a8d2b184cd80b610b0b336f55104962b6ae645c8530
AMLC000003,C:\ITDA_OCR_CODE\학습대상데이터\AMLC000003.jpg,3,sha256:c87f438db528f6d2cd975e876603026125fc8c0d76e8d9ef0f4b3deada360e86,c87f438db528f6d2cd975e876603026125fc8c0d76e8d9ef0f4b3deada360e86
AMLC000004,C:\ITDA_OCR_CODE\학습대상데이터\AMLC000004.jpg,1,sha256:f8db8c547557884f3dd8d56659e2a52059c1d9ccf4467346ae9d56ff698a5830,f8db8c547557884f3dd8d56659e2a52059c1d9ccf4467346ae9d56ff698a5830
AMLC000005,C:\ITDA_OCR_CODE\학습대상데이터\AMLC000005.jpg,3,sha256:3815334f86eaebbb857606681a42daa9e4d63b2c715a05a28f42890532ac1fe6,3815334f86eaebbb857606681a42daa9e4d63b2c715a05a28f42890532ac1fe6
AMLC000006,C:\ITDA_OCR_CODE\학습대상데이터\AMLC000006.jpg,4,sha256:1931f2f896c0696bac8833ffed3db4558739898ee8fd9b0585aa4e8777d41b18,1931f2f896c0696bac8833ffed3db4558739898ee8fd9b0585aa4e8777d41b18
AMLC000007,C:\ITDA_OCR_CODE\학습대상데이터\AMLC000007.jpg,3,sha256:b978186382a872224bddfd3557b75b06af29ab9fc57ad4563f7383690db7eaff,b978186382a872224bddfd3557b75b06af29ab9fc57ad4563f7383690db7eaff
AMLC000008,C:\ITDA_OCR_CODE\학습대상데이터\AMLC000008.jpg,4,sha256:6d52a8378a12109549213266761ea404d46479f34df4885a2f4416dafcbe7eda,6d52a8378a12109549213266761ea404d46479f34df4885a2f4416dafcbe7eda
AMLC000009,C:\ITDA_OCR_CODE\학습대상데이터\AMLC000009.jpg,4,sha256:b275e494b763270f50cf423fd7814dd81acbc7cb124f1f5cd7b1f49aaf1e1218,b275e494b763270f50cf423fd7814dd81acbc7cb124f1f5cd7b1f49aaf1e1218
AMLC000010,C:\ITDA_OCR_CODE\학습대상데이터\AMLC000010.jpg,4,sha256:bca7c05012de86d6ce6724247e8a855d3db3f9c85d65dcfdb38fd4df4477fcba,bca7c05012de86d6ce6724247e8a855d3db3f9c85d65dcfdb38fd4df4477fcba
AMLC000011,C:\ITDA_OCR_CODE\학습대상데이터\AMLC000011.jpg,3,sha256:8b337c1b31fbdeb8a40c1045bdaad742e38bdbe69c28a7adff51a5d26b084056,8b337c1b31fbdeb8a40c1045bdaad742e38bdbe69c28a7adff51a5d26b084056
AMLC000012,C:\ITDA_OCR_CODE\학습대상데이터\AMLC000012.jpg,4,sha256:f897ba2096e7ac4877bb24bbf1fbbcf54040693431de5e5672a29a52703589b8,f897ba2096e7ac4877bb24bbf1fbbcf54040693431de5e5672a29a52703589b8
AMLC000013,C:\ITDA_OCR_CODE\학습대상데이터\AMLC000013.jpg,2,sha256:aa926f815837907223763a333363aed884f018e61fa837afb9871631be2aa20b,aa926f815837907223763a333363aed884f018e61fa837afb9871631be2aa20b
AMLC000014,C:\ITDA_OCR_CODE\학습대상데이터\AMLC000014.jpg,1,sha256:c447954965c1dee95ad47bff56fe1f697560a2af309882a0bc08e484f2e009c9,c447954965c1dee95ad47bff56fe1f697560a2af309882a0bc08e484f2e009c9
AMLC000015,C:\ITDA_OCR_CODE\학습대상데이터\AMLC000015.jpg,2,sha256:2d2211f7f41101926ecc9e4a7250d5b9c438721d1581214e3c65105b93f42425,2d2211f7f41101926ecc9e4a7250d5b9c438721d1581214e3c65105b93f42425
AMLC000016,C:\ITDA_OCR_CODE\학습대상데이터\AMLC000016.jpg,1,sha256:bf0a8413b78295b59fc2b7d60b5de7effef904c9d240767c6cd1da0543434252,bf0a8413b78295b59fc2b7d60b5de7effef904c9d240767c6cd1da0543434252
AMLC000017,C:\ITDA_OCR_CODE\학습대상데이터\AMLC000017.jpg,1,sha256:2de003882fb28502e59f48acf2556dfd9fffa607b64d5edeb7b61c29db1fae7e,2de003882fb28502e59f48acf2556dfd9fffa607b64d5edeb7b61c29db1fae7e
AMLC000018,C:\ITDA_OCR_CODE\학습대상데이터\AMLC000018.jpg,2,sha256:ffba13d9250664f3ede872530e16a4c17b67f884775cad754bd925d9c878b64b,ffba13d9250664f3ede872530e16a4c17b67f884775cad754bd925d9c878b64b
AMLC000019,C:\ITDA_OCR_CODE\학습대상데이터\AMLC000019.jpg,4,sha256:b42382bd91172b4afb4996da9cc0f17b545a43a2098d4301e5b85851a2da781d,b42382bd91172b4afb4996da9cc0f17b545a43a2098d4301e5b85851a2da781d
AMLC000020,C:\ITDA_OCR_CODE\학습대상데이터\AMLC000020.jpg,2,sha256:7b4c132da0548e51184f008b15b0452fd01bdbd0d8793fa29c4593001bc1b5bb,7b4c132da0548e51184f008b15b0452fd01bdbd0d8793fa29c4593001bc1b5bb
AMLC000021,C:\ITDA_OCR_CODE\학습대상데이터\AMLC000021.jpg,1,sha256:b91ea70e876b60737bbbe65bc108298290fd2ae592e4bd6f3df34c0784d21716,b91ea70e876b60737bbbe65bc108298290fd2ae592e4bd6f3df34c0784d21716
AMLC000022,C:\ITDA_OCR_CODE\학습대상데이터\AMLC000022.jpg,4,sha256:7b961e967db1c25e436a21a7e11cbc908bf5e5e18f07b1aae1316a3d3b40971c,7b961e967db1c25e436a21a7e11cbc908bf5e5e18f07b1aae1316a3d3b40971c
AMLC000023,C:\ITDA_OCR_CODE\학습대상데이터\AMLC000023.jpg,2,sha256:0f6d1c8a5bdb3bca79b68af7611a9f3b6a7647ee17639ebe00ebd116472eb1ed,0f6d1c8a5bdb3bca79b68af7611a9f3b6a7647ee17639ebe00ebd116472eb1ed
AMLC000024,C:\ITDA_OCR_CODE\학습대상데이터\AMLC000024.jpg,1,sha256:52ebe58beca50463e450c6a7b46593a84ebdb5e2293028cb6232c9535304d2ba,52ebe58beca50463e450c6a7b46593a84ebdb5e2293028cb6232c9535304d2ba
AMLC000025,C:\ITDA_OCR_CODE\학습대상데이터\AMLC000025.jpg,1,sha256:8f1e6450d5a80b229fec449265e14d1822db5ad7182d2bedbc08ef1d8e276e2e,8f1e6450d5a80b229fec449265e14d1822db5ad7182d2bedbc08ef1d8e276e2e
AMLC000026,C:\ITDA_OCR_CODE\학습대상데이터\AMLC000026.jpg,3,sha256:a3683f396e43fde9bb219afc9fb8b9f1013c174e93d876c017b47edb34ade3e9,a3683f396e43fde9bb219afc9fb8b9f1013c174e93d876c017b47edb34ade3e9
AMLC000027,C:\ITDA_OCR_CODE\학습대상데이터\AMLC000027.jpg,1,sha256:26e64b62be6ee156148bcc98741977bb05b741e07488fa66b0404f3e22c35d3b,26e64b62be6ee156148bcc98741977bb05b741e07488fa66b0404f3e22c35d3b
AMLC000028,C:\ITDA_OCR_CODE\학습대상데이터\AMLC000028.jpg,3,sha256:2cc5583190e1a23743cadb9ecf89fb2641d1f5fbc3507052e33e3ff35c4501ac,2cc5583190e1a23743cadb9ecf89fb2641d1f5fbc3507052e33e3ff35c4501ac
AMLC000029,C:\ITDA_OCR_CODE\학습대상데이터\AMLC000029.jpg,3,sha256:c94b83fcaf6a91c46951a99a885098793664eb5540014385304688b295ee1263,c94b83fcaf6a91c46951a99a885098793664eb5540014385304688b295ee1263
AMLC000030,C:\ITDA_OCR_CODE\학습대상데이터\AMLC000030.jpg,2,sha256:5bf95fce1c4a19a8b77e90b9fb753057983fa31723d55c20f2258c0337980e7d,5bf95fce1c4a19a8b77e90b9fb753057983fa31723d55c20f2258c0337980e7d
AMLC000031,C:\ITDA_OCR_CODE\학습대상데이터\AMLC000031.jpg,4,sha256:b006087fa40d14474092864ee095e2a54b2177ff15d3eefe3009419faad97d09,b006087fa40d14474092864ee095e2a54b2177ff15d3eefe3009419faad97d09
AMLC000032,C:\ITDA_OCR_CODE\학습대상데이터\AMLC000032.jpg,1,sha256:877933dcd7d48af236c573f8914a82f98ccf6dcecc8a356eba7cf76838e357c0,877933dcd7d48af236c573f8914a82f98ccf6dcecc8a356eba7cf76838e357c0
AMLC000033,C:\ITDA_OCR_CODE\학습대상데이터\AMLC000033.jpg,1,sha256:81cdfb44a7848c03d6139402ad4b9743d1bcd280e1e8fd8c3d2736c05e354ece,81cdfb44a7848c03d6139402ad4b9743d1bcd280e1e8fd8c3d2736c05e354ece
AMLC000034,C:\ITDA_OCR_CODE\학습대상데이터\AMLC000034.jpg,2,sha256:4a6178c6883888d40ae191fbd10bcc86c965996040f5c8eadd75c3376709e1b0,4a6178c6883888d40ae191fbd10bcc86c965996040f5c8eadd75c3376709e1b0
AMLC000035,C:\ITDA_OCR_CODE\학습대상데이터\AMLC000035.jpg,3,sha256:b740c6ac0770854af97ec4f2d28b16a8b234b4479b1069ab982e20081e8cb88a,b740c6ac0770854af97ec4f2d28b16a8b234b4479b1069ab982e20081e8cb88a
AMLC000036,C:\ITDA_OCR_CODE\학습대상데이터\AMLC000036.jpg,2,sha256:3a0606dd95b57f555d51ea348cd302a8a69bb4c1a83baeb24020c4e2b214f01f,3a0606dd95b57f555d51ea348cd302a8a69bb4c1a83baeb24020c4e2b214f01f
AMLC000037,C:\ITDA_OCR_CODE\학습대상데이터\AMLC000037.jpg,1,sha256:98a52d7297a8fb0cf4fa2eb539d04a5098c8f8926e08cee34c2751813d48eafc,98a52d7297a8fb0cf4fa2eb539d04a5098c8f8926e08cee34c2751813d48eafc
AMLC000038,C:\ITDA_OCR_CODE\학습대상데이터\AMLC000038.jpg,1,sha256:188349e4f3ea276854d44072e71cafe56294a787732a9453a23ef3fd2965af0a,188349e4f3ea276854d44072e71cafe56294a787732a9453a23ef3fd2965af0a
AMLC000039,C:\ITDA_OCR_CODE\학습대상데이터\AMLC000039.jpg,3,sha256:9af8857ca262def37e28e126dbe944cd43e6c9407f3cabd63f30a4b847ff05f3,9af8857ca262def37e28e126dbe944cd43e6c9407f3cabd63f30a4b847ff05f3
AMLC000040,C:\ITDA_OCR_CODE\학습대상데이터\AMLC000040.jpg,3,sha256:8a1b47d7988a33ed6f0c5a2cf258c0f2db61f5ddedc77c5cbe1c641ab8c585b9,8a1b47d7988a33ed6f0c5a2cf258c0f2db61f5ddedc77c5cbe1c641ab8c585b9
AMLC000041,C:\ITDA_OCR_CODE\학습대상데이터\AMLC000041.jpg,2,sha256:5689c5155c4abf98a60560f8b755abb22271fdfd8dfedf2723c1d8df2bf41723,5689c5155c4abf98a60560f8b755abb22271fdfd8dfedf2723c1d8df2bf41723
AMLC000042,C:\ITDA_OCR_CODE\학습대상데이터\AMLC000042.jpg,3,sha256:713653212b5aa4672e63fa845492c31f3594747c92dd6ff1fe37c67ad01b5975,713653212b5aa4672e63fa845492c31f3594747c92dd6ff1fe37c67ad01b5975
AMLC000043,C:\ITDA_OCR_CODE\학습대상데이터\AMLC000043.jpg,3,sha256:4a210db4d323146a00bea1f566cb4fe809b24af206ad8a16ae53b4964967b665,4a210db4d323146a00bea1f566cb4fe809b24af206ad8a16ae53b4964967b665
AMLC000044,C:\ITDA_OCR_CODE\학습대상데이터\AMLC000044.jpg,1,sha256:de045a291418676d3d1307aba5005361c1b6b5ea3282fc21feea64653193658f,de045a291418676d3d1307aba5005361c1b6b5ea3282fc21feea64653193658f
AMLC000045,C:\ITDA_OCR_CODE\학습대상데이터\AMLC000045.jpg,2,sha256:ae11201fc755177cf8a676e24ad350901d24e064f5a75552abab2f2e2e0129fd,ae11201fc755177cf8a676e24ad350901d24e064f5a75552abab2f2e2e0129fd
AMLC000046,C:\ITDA_OCR_CODE\학습대상데이터\AMLC000046.jpg,1,sha256:2c78d1cffd29ec95698221b5a632f7102b4a8709f205ce2e1c93cca51e8e44ce,2c78d1cffd29ec95698221b5a632f7102b4a8709f205ce2e1c93cca51e8e44ce
AMLC000047,C:\ITDA_OCR_CODE\학습대상데이터\AMLC000047.png,1,sha256:376203a1cb386cf85d7e7f401d7a462e6f997cbe19133ca34c9235675d8b565f,376203a1cb386cf85d7e7f401d7a462e6f997cbe19133ca34c9235675d8b565f
AMLC000048,C:\ITDA_OCR_CODE\학습대상데이터\AMLC000048.jpg,2,sha256:65d71c685cef18f276d5fdaceaccc9bf9042f2915a3c9e892934e84e6701db6a,65d71c685cef18f276d5fdaceaccc9bf9042f2915a3c9e892934e84e6701db6a
AMLC000049,C:\ITDA_OCR_CODE\학습대상데이터\AMLC000049.jpg,1,sha256:81ebd6bbc63cb8b06d38606e88357e47b1264be517d99a3b054cb67c11c04cbd,81ebd6bbc63cb8b06d38606e88357e47b1264be517d99a3b054cb67c11c04cbd
AMLC000050,C:\ITDA_OCR_CODE\학습대상데이터\AMLC000050.jpg,2,sha256:734dd7802b247bafac4195a6720e137af0c11fa7577080ec63b992cca0dfc939,734dd7802b247bafac4195a6720e137af0c11fa7577080ec63b992cca0dfc939
AMLC000051,C:\ITDA_OCR_CODE\학습대상데이터\AMLC000051.jpg,1,sha256:673a8919ef972b12439a8cad2f4c3e3e3ab1bfeffe309ce5e04677bb5eab929b,673a8919ef972b12439a8cad2f4c3e3e3ab1bfeffe309ce5e04677bb5eab929b
AMLC000052,C:\ITDA_OCR_CODE\학습대상데이터\AMLC000052.png,3,sha256:d44a814ceee2792d180780762fc50cebdee41f99c7f475f2dff725e2005d8642,d44a814ceee2792d180780762fc50cebdee41f99c7f475f2dff725e2005d8642
AMLC000053,C:\ITDA_OCR_CODE\학습대상데이터\AMLC000053.png,2,sha256:42887bd3eaa0c79aba99fb1c35c11d73478d1bea426a9105a14652e53b3aa780,42887bd3eaa0c79aba99fb1c35c11d73478d1bea426a9105a14652e53b3aa780
AMLC000054,C:\ITDA_OCR_CODE\학습대상데이터\AMLC000054.jpg,2,sha256:ce15691a6680c5dd56e4c547757947e969491dbd294981b98fc1393e085befbe,ce15691a6680c5dd56e4c547757947e969491dbd294981b98fc1393e085befbe
AMLC000055,C:\ITDA_OCR_CODE\학습대상데이터\AMLC000055.jpg,4,sha256:bde739e3ef4c105944a56b512972eade044155d17a138fe6324c86197fd5d45e,bde739e3ef4c105944a56b512972eade044155d17a138fe6324c86197fd5d45e
AMLC000056,C:\ITDA_OCR_CODE\학습대상데이터\AMLC000056.jpg,2,sha256:601be7e4c1310488e521fb7ca164782f11d02adaf3dc7796240727c12f51e8a7,601be7e4c1310488e521fb7ca164782f11d02adaf3dc7796240727c12f51e8a7
AMLC000057,C:\ITDA_OCR_CODE\학습대상데이터\AMLC000057.jpg,1,sha256:14d7668d40cfe4c402b3ce384361a971806b8aaa917b070a46fe4c0ba7bc9a19,14d7668d40cfe4c402b3ce384361a971806b8aaa917b070a46fe4c0ba7bc9a19
AMLC000058,C:\ITDA_OCR_CODE\학습대상데이터\AMLC000058.jpg,1,sha256:d5c2628a79effd7ce7c1e7c06bc3d93a4c2fc2a0539420ba2a40e218b4959b5f,d5c2628a79effd7ce7c1e7c06bc3d93a4c2fc2a0539420ba2a40e218b4959b5f
AMLC000059,C:\ITDA_OCR_CODE\학습대상데이터\AMLC000059.jpg,3,sha256:9fd8f269211d5927ffcb49b294d0e346ee76cf7bddc335621e32ce21f4807010,9fd8f269211d5927ffcb49b294d0e346ee76cf7bddc335621e32ce21f4807010
AMLC000060,C:\ITDA_OCR_CODE\학습대상데이터\AMLC000060.jpg,4,sha256:e005ff3588e9b894efec85660c956b72785dfc87ecb043bc070db0aabd4cc9e6,e005ff3588e9b894efec85660c956b72785dfc87ecb043bc070db0aabd4cc9e6
AMLC000061,C:\ITDA_OCR_CODE\학습대상데이터\AMLC000061.jpg,3,sha256:7003504528285092ee87806428c67e76d6ba390af81c06f1ad8eb610b6468299,7003504528285092ee87806428c67e76d6ba390af81c06f1ad8eb610b6468299
AMLC000062,C:\ITDA_OCR_CODE\학습대상데이터\AMLC000062.jpg,4,sha256:10c3ea6e97146bfde33e192505224470c50e05b69820dd386883d39cb3bae81f,10c3ea6e97146bfde33e192505224470c50e05b69820dd386883d39cb3bae81f
AMLC000063,C:\ITDA_OCR_CODE\학습대상데이터\AMLC000063.jpg,4,sha256:a16395fcb030c6d01b952cff5058edb152ba28ab7dd501fc20bd8ccc10967226,a16395fcb030c6d01b952cff5058edb152ba28ab7dd501fc20bd8ccc10967226
AMLC000064,C:\ITDA_OCR_CODE\학습대상데이터\AMLC000064.jpg,3,sha256:1ece21361d5a1bc3cde884e987928bbee34dabe13ba8462f5a7fa3193ebfff90,1ece21361d5a1bc3cde884e987928bbee34dabe13ba8462f5a7fa3193ebfff90
AMLC000065,C:\ITDA_OCR_CODE\학습대상데이터\AMLC000065.jpg,4,sha256:d47cea68b9426ef6355c4b96aaa99422d7554c31b9d7b5f64982c6d28c3ecc80,d47cea68b9426ef6355c4b96aaa99422d7554c31b9d7b5f64982c6d28c3ecc80
AMLC000066,C:\ITDA_OCR_CODE\학습대상데이터\AMLC000066.jpg,1,sha256:7a3a1a67c9d816c828756df8fb712c60e7abd08347a8da784b1384d88fa7f460,7a3a1a67c9d816c828756df8fb712c60e7abd08347a8da784b1384d88fa7f460
AMLC000067,C:\ITDA_OCR_CODE\학습대상데이터\AMLC000067.jpg,4,sha256:9210517cf1fad7012cecf8be677dfe2b04352475c7150abf4908eac5dfc071ba,9210517cf1fad7012cecf8be677dfe2b04352475c7150abf4908eac5dfc071ba
AMLC000068,C:\ITDA_OCR_CODE\학습대상데이터\AMLC000068.jpg,4,sha256:3cd27aca93b4ea96bdad1bb06020c60584f9d3dcee598ade676eeaba87b3a943,3cd27aca93b4ea96bdad1bb06020c60584f9d3dcee598ade676eeaba87b3a943
AMLC000069,C:\ITDA_OCR_CODE\학습대상데이터\AMLC000069.jpg,2,sha256:1596358c7c3085f01a36f4ab8824fa1be56021eead5246f2160c07caf7c4767f,1596358c7c3085f01a36f4ab8824fa1be56021eead5246f2160c07caf7c4767f
AMLC000070,C:\ITDA_OCR_CODE\학습대상데이터\AMLC000070.jpg,2,sha256:02c7b80916ee979043c27651db4059ee0ddcbf856b1128780e0ebb375cfafef3,02c7b80916ee979043c27651db4059ee0ddcbf856b1128780e0ebb375cfafef3
AMLC000071,C:\ITDA_OCR_CODE\학습대상데이터\AMLC000071.jpg,4,sha256:a5e755309583f6c7fe590a8c602f6a5de6b616aadb367f06e0d3770517e97f14,a5e755309583f6c7fe590a8c602f6a5de6b616aadb367f06e0d3770517e97f14
AMLC000072,C:\ITDA_OCR_CODE\학습대상데이터\AMLC000072.jpg,4,sha256:418e2b091ff6562b063a322703ca2a8ad9ebf46124064294072a54f2dfb47acb,418e2b091ff6562b063a322703ca2a8ad9ebf46124064294072a54f2dfb47acb
AMLC000073,C:\ITDA_OCR_CODE\학습대상데이터\AMLC000073.jpg,1,sha256:d2790daf72681c235c5d6e3dc59c53f33c9058e65e4179454af6c13814c1d344,d2790daf72681c235c5d6e3dc59c53f33c9058e65e4179454af6c13814c1d344
AMLC000074,C:\ITDA_OCR_CODE\학습대상데이터\AMLC000074.jpg,3,sha256:b64d306f3b72bb763c0fce2664bf0c70782420a21b7e00995aeeae1b53c269cc,b64d306f3b72bb763c0fce2664bf0c70782420a21b7e00995aeeae1b53c269cc
AMLC000075,C:\ITDA_OCR_CODE\학습대상데이터\AMLC000075.jpg,3,sha256:1291633467e8e9c59eb397d33e37ab8616b3939619207b964ebcc548ded67cbd,1291633467e8e9c59eb397d33e37ab8616b3939619207b964ebcc548ded67cbd
AMLC000076,C:\ITDA_OCR_CODE\학습대상데이터\AMLC000076.jpg,4,sha256:d6ce82296d6a2408ef93ddce0a796471c0a23efc4b384cb7f79ba25136eeea9b,d6ce82296d6a2408ef93ddce0a796471c0a23efc4b384cb7f79ba25136eeea9b
AMLC000077,C:\ITDA_OCR_CODE\학습대상데이터\AMLC000077.jpg,2,sha256:9e3c6b130861e3aa17dc1a78d19c264ca0d089f876f385bee7357d567800ad64,9e3c6b130861e3aa17dc1a78d19c264ca0d089f876f385bee7357d567800ad64
AMLC000078,C:\ITDA_OCR_CODE\학습대상데이터\AMLC000078.jpg,2,sha256:e7be75d6773afdbd80acbb19e010d5e226e42075de4f99120a29d9a82a811158,e7be75d6773afdbd80acbb19e010d5e226e42075de4f99120a29d9a82a811158
AMLC000079,C:\ITDA_OCR_CODE\학습대상데이터\AMLC000079.jpg,2,sha256:4e6cd95d36e6818649db6d582b735d4cbcefe984155e8a542a0fcdd23ffd819e,4e6cd95d36e6818649db6d582b735d4cbcefe984155e8a542a0fcdd23ffd819e
AMLC000080,C:\ITDA_OCR_CODE\학습대상데이터\AMLC000080.jpg,4,sha256:1c341d8720bfffec2bd05c5f01d2c3ddf6600d4216ac03ec5ae28f08f33facd5,1c341d8720bfffec2bd05c5f01d2c3ddf6600d4216ac03ec5ae28f08f33facd5
AMLC000081,C:\ITDA_OCR_CODE\학습대상데이터\AMLC000081.jpg,4,sha256:1a1d3c014464048b63a6b3129167a43477e9efaa738d53322f6a490f50b47041,1a1d3c014464048b63a6b3129167a43477e9efaa738d53322f6a490f50b47041
AMLC000082,C:\ITDA_OCR_CODE\학습대상데이터\AMLC000082.jpg,4,sha256:a87e5abb993a543498525efb0ce56b4a1ad0c1a8f11781b71024e243ed7ac80b,a87e5abb993a543498525efb0ce56b4a1ad0c1a8f11781b71024e243ed7ac80b
AMLC000083,C:\ITDA_OCR_CODE\학습대상데이터\AMLC000083.jpg,3,sha256:b9f5d9d12359e91a5d727fae5cba5ad0c58e484f529d3df4d0aea90b3eac0bae,b9f5d9d12359e91a5d727fae5cba5ad0c58e484f529d3df4d0aea90b3eac0bae
AMLC000084,C:\ITDA_OCR_CODE\학습대상데이터\AMLC000084.jpg,3,sha256:6a01fa6453602e2778b0846358d0306fcd6b9e11d9a9a1fa118a6b07102a5f35,6a01fa6453602e2778b0846358d0306fcd6b9e11d9a9a1fa118a6b07102a5f35
AMLC000085,C:\ITDA_OCR_CODE\학습대상데이터\AMLC000085.jpg,2,sha256:facb662ddf55f6bd530858a173601e3013f81f3f056b4facea716c09dc71e1e1,facb662ddf55f6bd530858a173601e3013f81f3f056b4facea716c09dc71e1e1
AMLC000086,C:\ITDA_OCR_CODE\학습대상데이터\AMLC000086.jpg,2,sha256:3b9ca3d1c1f9cc43147ec7fb264f8a871ac84e5c0c809e1f300922a8d445e896,3b9ca3d1c1f9cc43147ec7fb264f8a871ac84e5c0c809e1f300922a8d445e896
AMLC000087,C:\ITDA_OCR_CODE\학습대상데이터\AMLC000087.jpg,2,sha256:9e14ca98745b5cff3f9255d515aa5655eba3c9697375dcd34e488172745350b7,9e14ca98745b5cff3f9255d515aa5655eba3c9697375dcd34e488172745350b7
AMLC000088,C:\ITDA_OCR_CODE\학습대상데이터\AMLC000088.jpg,2,sha256:ee7c28bf27b3e08ded2b0e89257c96607ee02cb18109cce2a85c482635d2ea4b,ee7c28bf27b3e08ded2b0e89257c96607ee02cb18109cce2a85c482635d2ea4b
AMLC000089,C:\ITDA_OCR_CODE\학습대상데이터\AMLC000089.jpg,1,sha256:93b84998c5ea0db7951632b8befb0c62f8b4a3793556246b06ebee5960290b65,93b84998c5ea0db7951632b8befb0c62f8b4a3793556246b06ebee5960290b65
AMLC000090,C:\ITDA_OCR_CODE\학습대상데이터\AMLC000090.jpg,2,sha256:0dd265041ce4d8fecc6ff7690a67cb55afd94ba05860e531f04315f1b186eaf1,0dd265041ce4d8fecc6ff7690a67cb55afd94ba05860e531f04315f1b186eaf1
AMLC000091,C:\ITDA_OCR_CODE\학습대상데이터\AMLC000091.jpg,1,sha256:5dd33fc410921d4cfe4c74671a67efd0462b3ad8f0c4c4e85a56233075f68c93,5dd33fc410921d4cfe4c74671a67efd0462b3ad8f0c4c4e85a56233075f68c93
AMLC000092,C:\ITDA_OCR_CODE\학습대상데이터\AMLC000092.jpg,3,sha256:8517b423d1f357cde9b84ab33e572fb5dbfc9868d26f18b2c66c30a06e13414d,8517b423d1f357cde9b84ab33e572fb5dbfc9868d26f18b2c66c30a06e13414d
AMLC000093,C:\ITDA_OCR_CODE\학습대상데이터\AMLC000093.jpg,3,sha256:27ddb50c4c00d6f88dba88a8763b019e479843764bde13877adf911c3befe223,27ddb50c4c00d6f88dba88a8763b019e479843764bde13877adf911c3befe223
AMLC000094,C:\ITDA_OCR_CODE\학습대상데이터\AMLC000094.jpg,3,sha256:7543d50b04b4f69290e863f9eec3fa844ff2ca18384feffb785385b15b791f50,7543d50b04b4f69290e863f9eec3fa844ff2ca18384feffb785385b15b791f50
AMLC000095,C:\ITDA_OCR_CODE\학습대상데이터\AMLC000095.jpg,1,sha256:8a79ab0c24038a1aa123de94019f3d339bfc16369c5d2e979ab09af9a580f1da,8a79ab0c24038a1aa123de94019f3d339bfc16369c5d2e979ab09af9a580f1da
AMLC000096,C:\ITDA_OCR_CODE\학습대상데이터\AMLC000096.jpg,1,sha256:77c4dc91ec3bac096128c2e3f242c313ef3aef2d934a8265a9241c77e5fc18a8,77c4dc91ec3bac096128c2e3f242c313ef3aef2d934a8265a9241c77e5fc18a8
AMLC000097,C:\ITDA_OCR_CODE\학습대상데이터\AMLC000097.jpg,4,sha256:195530d068edf21144d9354d35434a7418526eb9a5a963c1d93bc592b830c106,195530d068edf21144d9354d35434a7418526eb9a5a963c1d93bc592b830c106
AMLC000098,C:\ITDA_OCR_CODE\학습대상데이터\AMLC000098.jpg,1,sha256:4b73bf7c997df26ef4348eb14254adaeee703d22412eb7cc317b2a336a266274,4b73bf7c997df26ef4348eb14254adaeee703d22412eb7cc317b2a336a266274
AMLC000099,C:\ITDA_OCR_CODE\학습대상데이터\AMLC000099.jpg,3,sha256:7c9d01c0a55d9966fc81f75f4800f217fff1c8c1e0a59220bbd28bfe6697ded2,7c9d01c0a55d9966fc81f75f4800f217fff1c8c1e0a59220bbd28bfe6697ded2
AMLC000100,C:\ITDA_OCR_CODE\학습대상데이터\AMLC000100.jpg,1,sha256:c182d9acf889a935b2c30eb2796ad2c1ddf7e2c923747309bc7a674d48cc017a,c182d9acf889a935b2c30eb2796ad2c1ddf7e2c923747309bc7a674d48cc017a
AMLC000101,C:\ITDA_OCR_CODE\학습대상데이터\AMLC000101.jpg,4,sha256:400f994010eb5d72b398b3e1c2eec6c8c84f331a0942dd9625ca54257902a568,400f994010eb5d72b398b3e1c2eec6c8c84f331a0942dd9625ca54257902a568
AMLC000102,C:\ITDA_OCR_CODE\학습대상데이터\AMLC000102.jpg,3,sha256:3d0cffb089d7b6ecb2e458dfbe1feb614509dffc8559acb736ee397cc613f7a9,3d0cffb089d7b6ecb2e458dfbe1feb614509dffc8559acb736ee397cc613f7a9
AMLC000103,C:\ITDA_OCR_CODE\학습대상데이터\AMLC000103.jpg,4,sha256:72da8373eb3318f6ae8b1b2ba9f652a11733bbebb786206ffacea0b3de5e1e5a,72da8373eb3318f6ae8b1b2ba9f652a11733bbebb786206ffacea0b3de5e1e5a
AMLC000104,C:\ITDA_OCR_CODE\학습대상데이터\AMLC000104.jpg,2,sha256:82f30dda7ca8ceba2d9a5448f09494bc8c014ca8db1a61f7398adb8dd6a5a1bb,82f30dda7ca8ceba2d9a5448f09494bc8c014ca8db1a61f7398adb8dd6a5a1bb
AMLC000105,C:\ITDA_OCR_CODE\학습대상데이터\AMLC000105.jpg,1,sha256:96d4cd38bd5020c33f32b70302352a375eef9f6d7084b1369046d35c5c9b187d,96d4cd38bd5020c33f32b70302352a375eef9f6d7084b1369046d35c5c9b187d
AMLC000106,C:\ITDA_OCR_CODE\학습대상데이터\AMLC000106.jpg,3,sha256:7971141322ba556cee147d5e337885030c4d9dca23387fa2005a3534ad4fa4fa,7971141322ba556cee147d5e337885030c4d9dca23387fa2005a3534ad4fa4fa
AMLC000107,C:\ITDA_OCR_CODE\학습대상데이터\AMLC000107.jpg,3,sha256:74a7a9d2fbdcac4a7fec74adfccff004bb93c97adfda0a256c782d0e292ed8ab,74a7a9d2fbdcac4a7fec74adfccff004bb93c97adfda0a256c782d0e292ed8ab
AMLC000108,C:\ITDA_OCR_CODE\학습대상데이터\AMLC000108.jpg,4,sha256:a7bc47ab659e59c382360248a6d3dd8a056496601bf1341652f4b07c1ae25ded,a7bc47ab659e59c382360248a6d3dd8a056496601bf1341652f4b07c1ae25ded
AMLC000109,C:\ITDA_OCR_CODE\학습대상데이터\AMLC000109.jpg,4,sha256:de28d0d189a769f8519c284ce0cd9b32a1a71992beab66903ad679d412197a98,de28d0d189a769f8519c284ce0cd9b32a1a71992beab66903ad679d412197a98
AMLC000110,C:\ITDA_OCR_CODE\학습대상데이터\AMLC000110.jpg,3,sha256:f0549164ab904d560971c7c30756b7dfc8c8faf46512630125293517878192f5,f0549164ab904d560971c7c30756b7dfc8c8faf46512630125293517878192f5
AMLC000111,C:\ITDA_OCR_CODE\학습대상데이터\AMLC000111.jpg,1,sha256:c4b40321c76fe0196e68a4df74f9209fd23172e907c05e7491abc87b1364a3e4,c4b40321c76fe0196e68a4df74f9209fd23172e907c05e7491abc87b1364a3e4
AMLC000112,C:\ITDA_OCR_CODE\학습대상데이터\AMLC000112.jpg,3,sha256:36f241fe4b0c13aeeb9e0fd27d214e6c592a0e2d619157a40147c65094c49045,36f241fe4b0c13aeeb9e0fd27d214e6c592a0e2d619157a40147c65094c49045
AMLC000113,C:\ITDA_OCR_CODE\학습대상데이터\AMLC000113.jpg,1,sha256:5af672b13861b9a0e67fd5f5f5914e3da87c295093c88b7d7936c2bcd0b4e849,5af672b13861b9a0e67fd5f5f5914e3da87c295093c88b7d7936c2bcd0b4e849
AMLC000114,C:\ITDA_OCR_CODE\학습대상데이터\AMLC000114.jpg,2,sha256:ab4aa5a97be1d68bf1d87422a6b7610aff1a0dd28ba69792d308485bb86e626d,ab4aa5a97be1d68bf1d87422a6b7610aff1a0dd28ba69792d308485bb86e626d
AMLC000115,C:\ITDA_OCR_CODE\학습대상데이터\AMLC000115.jpg,4,sha256:8b08430e552b8edb721059cd17b05edf97afa1284d3b63005208a93e25f6aef7,8b08430e552b8edb721059cd17b05edf97afa1284d3b63005208a93e25f6aef7
AMLC000116,C:\ITDA_OCR_CODE\학습대상데이터\AMLC000116.jpg,1,sha256:96a26922b0c9c616535092ffd55c7ba1d8944e538d2e3388eec6690c0e5e6aae,96a26922b0c9c616535092ffd55c7ba1d8944e538d2e3388eec6690c0e5e6aae
AMLC000117,C:\ITDA_OCR_CODE\학습대상데이터\AMLC000117.jpg,1,sha256:ea488056032520f786cb4c5e1caa8e1e411697eaf6ece91021b121176c274647,ea488056032520f786cb4c5e1caa8e1e411697eaf6ece91021b121176c274647
AMLC000118,C:\ITDA_OCR_CODE\학습대상데이터\AMLC000118.jpg,5,sha256:72b3df94fde4f38e64ab888e295c949212b0036733027bfa762c9b936cf19565,72b3df94fde4f38e64ab888e295c949212b0036733027bfa762c9b936cf19565
AMLC000119,C:\ITDA_OCR_CODE\학습대상데이터\AMLC000119.jpg,3,sha256:6052190977c8da23b418db8ac05f6ce8ce517121bdcb404f2903263f2e4cbd07,6052190977c8da23b418db8ac05f6ce8ce517121bdcb404f2903263f2e4cbd07
AMLC000120,C:\ITDA_OCR_CODE\학습대상데이터\AMLC000120.jpg,4,sha256:ef288afe713aabba985af7679eca91f4270b8bc0d8bda3ea6d6e923840127cdb,ef288afe713aabba985af7679eca91f4270b8bc0d8bda3ea6d6e923840127cdb
AMLC000121,C:\ITDA_OCR_CODE\학습대상데이터\AMLC000121.jpg,4,sha256:2b1927795bbb847f7727bf2b1f560f8f0a589c049545d7489e523dc72dbf0ab6,2b1927795bbb847f7727bf2b1f560f8f0a589c049545d7489e523dc72dbf0ab6
AMLC000122,C:\ITDA_OCR_CODE\학습대상데이터\AMLC000122.jpg,3,sha256:91d82dbb19c7221c821a7b2b68e073b7eba7d5ce33b1b21e7bec0d776e6985ca,91d82dbb19c7221c821a7b2b68e073b7eba7d5ce33b1b21e7bec0d776e6985ca
AMLC000123,C:\ITDA_OCR_CODE\학습대상데이터\AMLC000123.jpg,3,sha256:f11c8d2104c69bde6121335f6f059f5736263f6a82da9d2df0db7af019979f31,f11c8d2104c69bde6121335f6f059f5736263f6a82da9d2df0db7af019979f31
AMLC000124,C:\ITDA_OCR_CODE\학습대상데이터\AMLC000124.jpg,4,sha256:129d558697ff393b12776be5cc223c719d11a98cdf670ba17f38a66e15e145dc,129d558697ff393b12776be5cc223c719d11a98cdf670ba17f38a66e15e145dc
AMLC000125,C:\ITDA_OCR_CODE\학습대상데이터\AMLC000125.jpg,4,sha256:8fd6f6197abca0acf099ebf06be916ff31321e5fc4875ed5152549541db2c9d5,8fd6f6197abca0acf099ebf06be916ff31321e5fc4875ed5152549541db2c9d5
AMLC000126,C:\ITDA_OCR_CODE\학습대상데이터\AMLC000126.jpg,1,sha256:7e84513219eb69123c17b6af4169a6182354b1f5e357a14aaf01e62e9896b77b,7e84513219eb69123c17b6af4169a6182354b1f5e357a14aaf01e62e9896b77b
AMLC000127,C:\ITDA_OCR_CODE\학습대상데이터\AMLC000127.jpg,1,sha256:1ae9ca92c52fe62af31408ae3f0965d43e9715bee7d9a6ffe457f8da8247eba4,1ae9ca92c52fe62af31408ae3f0965d43e9715bee7d9a6ffe457f8da8247eba4
AMLC000128,C:\ITDA_OCR_CODE\학습대상데이터\AMLC000128.jpg,3,sha256:9b49d62228795bfbb8cb03f8642e16b6b38481e10fcfa2bf80afc6947e53ec44,9b49d62228795bfbb8cb03f8642e16b6b38481e10fcfa2bf80afc6947e53ec44
AMLC000129,C:\ITDA_OCR_CODE\학습대상데이터\AMLC000129.jpg,4,sha256:dd9b3d529f858b261ce40124fd251f3b7818aa9bdc9cd469888ceb929693429a,dd9b3d529f858b261ce40124fd251f3b7818aa9bdc9cd469888ceb929693429a
AMLC000130,C:\ITDA_OCR_CODE\학습대상데이터\AMLC000130.jpg,4,sha256:e857d6773b48f27a3407766b2a01e11d68b5fccfb82f9db749f9ce4bca73e085,e857d6773b48f27a3407766b2a01e11d68b5fccfb82f9db749f9ce4bca73e085
AMLC000131,C:\ITDA_OCR_CODE\학습대상데이터\AMLC000131.jpg,2,sha256:34dbd935c9de54068279b08fd6835d8a080e009c2051323c33af80b2b45020ae,34dbd935c9de54068279b08fd6835d8a080e009c2051323c33af80b2b45020ae
AMLC000132,C:\ITDA_OCR_CODE\학습대상데이터\AMLC000132.jpg,4,sha256:f0ac492d81142ae0f448b078a062a208cf2d24f5d6169a9b819611fceefb2311,f0ac492d81142ae0f448b078a062a208cf2d24f5d6169a9b819611fceefb2311
AMLC000133,C:\ITDA_OCR_CODE\학습대상데이터\AMLC000133.jpg,2,sha256:fdb45259b30ed6e8248d015da9702e910719a3b66c665e006cdac5ca61f532d8,fdb45259b30ed6e8248d015da9702e910719a3b66c665e006cdac5ca61f532d8
AMLC000134,C:\ITDA_OCR_CODE\학습대상데이터\AMLC000134.jpg,1,sha256:d19a55cc4d53c9479d971ec2aa58969343a586cb8936d3ed845b9b6308a1eb31,d19a55cc4d53c9479d971ec2aa58969343a586cb8936d3ed845b9b6308a1eb31
AMLC000135,C:\ITDA_OCR_CODE\학습대상데이터\AMLC000135.jpg,2,sha256:b1a3d8e5093fe6cbfd85e932eb23f9a49075ade3ce545fab268f0d3bafcec74f,b1a3d8e5093fe6cbfd85e932eb23f9a49075ade3ce545fab268f0d3bafcec74f
AMLC000136,C:\ITDA_OCR_CODE\학습대상데이터\AMLC000136.jpg,1,sha256:1288f35ca69d88976b6dc2ba47961741053aeb342f61699fe9654b41990fc901,1288f35ca69d88976b6dc2ba47961741053aeb342f61699fe9654b41990fc901
AMLC000137,C:\ITDA_OCR_CODE\학습대상데이터\AMLC000137.jpg,3,sha256:5a23126fbf7c0b7d2801cba39876b922ffdf89bc1768a0148c05c1c24edb9697,5a23126fbf7c0b7d2801cba39876b922ffdf89bc1768a0148c05c1c24edb9697
AMLC000138,C:\ITDA_OCR_CODE\학습대상데이터\AMLC000138.jpg,3,sha256:f064c9fe654568ccf0b59a821954d570ade0e8dd45c4f13ff711b149feaf50e2,f064c9fe654568ccf0b59a821954d570ade0e8dd45c4f13ff711b149feaf50e2
AMLC000139,C:\ITDA_OCR_CODE\학습대상데이터\AMLC000139.jpg,1,sha256:173ac5fcd44d48139bf87fbfc48631ad1ed992f68492616e713718751993ab8a,173ac5fcd44d48139bf87fbfc48631ad1ed992f68492616e713718751993ab8a
AMLC000140,C:\ITDA_OCR_CODE\학습대상데이터\AMLC000140.jpg,3,sha256:3803d6e1b4d792db8dda0986200e38da18b00e755e06fe4d40ed88faf6f6c436,3803d6e1b4d792db8dda0986200e38da18b00e755e06fe4d40ed88faf6f6c436
AMLC000141,C:\ITDA_OCR_CODE\학습대상데이터\AMLC000141.jpg,3,sha256:92e3e28a17a861ff110d5213ef2221569d2f7a4c9760845c05010219dc745cef,92e3e28a17a861ff110d5213ef2221569d2f7a4c9760845c05010219dc745cef
AMLC000142,C:\ITDA_OCR_CODE\학습대상데이터\AMLC000142.jpg,3,sha256:374ba49cccb82503381a3ba127ade9efcaaba554b4dccb08db65ef465216f291,374ba49cccb82503381a3ba127ade9efcaaba554b4dccb08db65ef465216f291
AMLC000143,C:\ITDA_OCR_CODE\학습대상데이터\AMLC000143.jpg,2,sha256:db4e65d38bb61c6c805b846ea117139ac018fdaac71b62b82bc950a6d6a87ac9,db4e65d38bb61c6c805b846ea117139ac018fdaac71b62b82bc950a6d6a87ac9
AMLC000144,C:\ITDA_OCR_CODE\학습대상데이터\AMLC000144.jpg,4,sha256:fc5d8ea545149e1570d13cae05f1179a83411643e2ede2ce3140cb7b1b92ceed,fc5d8ea545149e1570d13cae05f1179a83411643e2ede2ce3140cb7b1b92ceed
AMLC000145,C:\ITDA_OCR_CODE\학습대상데이터\AMLC000145.jpg,4,sha256:d2ec32935ee5a59f5a2f2a35c50f57068488db532aa9c40521cd43f3d55ffbd1,d2ec32935ee5a59f5a2f2a35c50f57068488db532aa9c40521cd43f3d55ffbd1
AMLC000146,C:\ITDA_OCR_CODE\학습대상데이터\AMLC000146.jpg,3,sha256:4ee2168b32d260a83d3fcf693baefe44fd97a717c678414291e6ad10ba454914,4ee2168b32d260a83d3fcf693baefe44fd97a717c678414291e6ad10ba454914
AMLC000147,C:\ITDA_OCR_CODE\학습대상데이터\AMLC000147.jpg,4,sha256:20ec474e6875257f40ad272c56dd132b2d1f8b3304fc73efcdca55f2848a789f,20ec474e6875257f40ad272c56dd132b2d1f8b3304fc73efcdca55f2848a789f
AMLC000148,C:\ITDA_OCR_CODE\학습대상데이터\AMLC000148.jpg,3,sha256:e0821380334982ba4376a28d7d86ae9a900a5bdf30ea36704bb0c82e05f0bf80,e0821380334982ba4376a28d7d86ae9a900a5bdf30ea36704bb0c82e05f0bf80
AMLC000149,C:\ITDA_OCR_CODE\학습대상데이터\AMLC000149.jpg,3,sha256:4990a8fdfa0fc57456b894bf9e0c66aced92d4c7dd3c756584a39936f52b2bc4,4990a8fdfa0fc57456b894bf9e0c66aced92d4c7dd3c756584a39936f52b2bc4
AMLC000150,C:\ITDA_OCR_CODE\학습대상데이터\AMLC000150.jpg,4,sha256:f92d1021bc390393a560a4cfb1b6eac6b7b8b3f7838383379e53d6ccbff20bc4,f92d1021bc390393a560a4cfb1b6eac6b7b8b3f7838383379e53d6ccbff20bc4
AMLC000151,C:\ITDA_OCR_CODE\학습대상데이터\AMLC000151.jpg,4,sha256:e22ffa98d877ce0a23ae5b98a6f1a9288c4eb3227cc6a00d50bc144deac9e259,e22ffa98d877ce0a23ae5b98a6f1a9288c4eb3227cc6a00d50bc144deac9e259
AMLC000152,C:\ITDA_OCR_CODE\학습대상데이터\AMLC000152.jpg,4,sha256:7550cb61ebb6a1abbf3d3b341164d3fcc6cb603721d939c4984f167f2e4a6367,7550cb61ebb6a1abbf3d3b341164d3fcc6cb603721d939c4984f167f2e4a6367
AMLC000153,C:\ITDA_OCR_CODE\학습대상데이터\AMLC000153.jpg,2,sha256:e7ffce1d07f8b40fbc6fce98a9fc6532497f72472607327a4d93e1441ce18284,e7ffce1d07f8b40fbc6fce98a9fc6532497f72472607327a4d93e1441ce18284
AMLC000154,C:\ITDA_OCR_CODE\학습대상데이터\AMLC000154.jpg,1,sha256:9212c7f80dd7a46d007fefed16253d1f2aeedf8b8298ceafd236c5f8857d1e9a,9212c7f80dd7a46d007fefed16253d1f2aeedf8b8298ceafd236c5f8857d1e9a
AMLC000155,C:\ITDA_OCR_CODE\학습대상데이터\AMLC000155.jpg,4,sha256:0e45fb4ea929d8bd405bb033174d8b848003501afd07a29048fd994db9f8fe9b,0e45fb4ea929d8bd405bb033174d8b848003501afd07a29048fd994db9f8fe9b
AMLC000156,C:\ITDA_OCR_CODE\학습대상데이터\AMLC000156.jpg,3,sha256:f0be393eb1b372c2357751cf22fd5398c122d495c34b41e3b0926dc0245a4701,f0be393eb1b372c2357751cf22fd5398c122d495c34b41e3b0926dc0245a4701
AMLC000157,C:\ITDA_OCR_CODE\학습대상데이터\AMLC000157.jpg,4,sha256:453848e12e54653c00965fc0288cda41dfb396fe879a17d94e26fe5907a87f66,453848e12e54653c00965fc0288cda41dfb396fe879a17d94e26fe5907a87f66
AMLC000158,C:\ITDA_OCR_CODE\학습대상데이터\AMLC000158.jpg,2,sha256:0c6b124293b980ef53a5e9a5affe530e4d58a696e389a78165d3e7243325c8de,0c6b124293b980ef53a5e9a5affe530e4d58a696e389a78165d3e7243325c8de
AMLC000159,C:\ITDA_OCR_CODE\학습대상데이터\AMLC000159.jpg,1,sha256:272d4b5bd7d70d4c5f34ef0c36ecf4923d5800c5c9c863a2102343d85621938b,272d4b5bd7d70d4c5f34ef0c36ecf4923d5800c5c9c863a2102343d85621938b
AMLC000160,C:\ITDA_OCR_CODE\학습대상데이터\AMLC000160.jpg,4,sha256:72b922d0e4a19670ff6220c47ea0ed26f3d58ae5803e3d9070210cd2f9890e98,72b922d0e4a19670ff6220c47ea0ed26f3d58ae5803e3d9070210cd2f9890e98
AMLC000161,C:\ITDA_OCR_CODE\학습대상데이터\AMLC000161.jpg,4,sha256:30523c1e2ad53bbe8352c442e88635b77e6b4b445eb5e633eaeed14e2573923c,30523c1e2ad53bbe8352c442e88635b77e6b4b445eb5e633eaeed14e2573923c
AMLC000162,C:\ITDA_OCR_CODE\학습대상데이터\AMLC000162.jpg,1,sha256:6c4d3a5009746b48da30e9e694c986a55e92776ecef90fa7ee1014dc5ee16176,6c4d3a5009746b48da30e9e694c986a55e92776ecef90fa7ee1014dc5ee16176
AMLC000163,C:\ITDA_OCR_CODE\학습대상데이터\AMLC000163.jpg,2,sha256:626ca7118809c874ae54e13bea0989a3e0f4f8ab6051f318b3cc9425db40caa4,626ca7118809c874ae54e13bea0989a3e0f4f8ab6051f318b3cc9425db40caa4
AMLC000164,C:\ITDA_OCR_CODE\학습대상데이터\AMLC000164.jpg,4,sha256:e3ae125756b7bd0fcc0b32e07ff6583e70a3013715dd80df76c84fe64f3bfec4,e3ae125756b7bd0fcc0b32e07ff6583e70a3013715dd80df76c84fe64f3bfec4
AMLC000165,C:\ITDA_OCR_CODE\학습대상데이터\AMLC000165.jpg,2,sha256:d5b342bc62fb2273ce8d6eac06c377b7a5ed81529d74b7a1f25eb3aa7676d4fa,d5b342bc62fb2273ce8d6eac06c377b7a5ed81529d74b7a1f25eb3aa7676d4fa
AMLC000166,C:\ITDA_OCR_CODE\학습대상데이터\AMLC000166.jpg,2,sha256:2c6420a90f5cc834321e67fc12c9461e1b4daff18e1e895e9d9ff01fc7a6bb0b,2c6420a90f5cc834321e67fc12c9461e1b4daff18e1e895e9d9ff01fc7a6bb0b
AMLC000167,C:\ITDA_OCR_CODE\학습대상데이터\AMLC000167.jpg,2,sha256:14c1294a62a25df17b34dc594bee46fbe838eb09212e15deb2e5f73ee72260d4,14c1294a62a25df17b34dc594bee46fbe838eb09212e15deb2e5f73ee72260d4
AMLC000168,C:\ITDA_OCR_CODE\학습대상데이터\AMLC000168.jpg,3,sha256:da78e74cd5ded6cc0483e4351d325f863da919076c855652bb40d231714dcac1,da78e74cd5ded6cc0483e4351d325f863da919076c855652bb40d231714dcac1
AMLC000169,C:\ITDA_OCR_CODE\학습대상데이터\AMLC000169.jpg,1,sha256:aa501a996da50caecad7b495058abbb41d35bb8ddc061cdaec115fc7a12935ae,aa501a996da50caecad7b495058abbb41d35bb8ddc061cdaec115fc7a12935ae
AMLC000170,C:\ITDA_OCR_CODE\학습대상데이터\AMLC000170.jpg,2,sha256:c04d4beff6a2f0fc448aa929c5f5ca3b28c71d2a73e6cb78d257c099f7aef0f7,c04d4beff6a2f0fc448aa929c5f5ca3b28c71d2a73e6cb78d257c099f7aef0f7
AMLC000171,C:\ITDA_OCR_CODE\학습대상데이터\AMLC000171.jpg,1,sha256:f1d762777f8c276f227ead6adb98cfc5aaf86e1ca7dbd10b0985e12af0f103e9,f1d762777f8c276f227ead6adb98cfc5aaf86e1ca7dbd10b0985e12af0f103e9
AMLC000172,C:\ITDA_OCR_CODE\학습대상데이터\AMLC000172.jpg,1,sha256:c69a101806ccec68002cd242ccc40cd2d65c0907743cebf97f8727f0d991dc07,c69a101806ccec68002cd242ccc40cd2d65c0907743cebf97f8727f0d991dc07
AMLC000173,C:\ITDA_OCR_CODE\학습대상데이터\AMLC000173.jpg,3,sha256:4daa346be3b4a7efc6442f03adae5ea8462c4a02dc8170139bd2331270a964fb,4daa346be3b4a7efc6442f03adae5ea8462c4a02dc8170139bd2331270a964fb
AMLC000174,C:\ITDA_OCR_CODE\학습대상데이터\AMLC000174.jpg,2,sha256:218ff810046194cf2ff2d4c007e1a31bf51707cab62ef8a74b6eb1d286ebce04,218ff810046194cf2ff2d4c007e1a31bf51707cab62ef8a74b6eb1d286ebce04
AMLC000175,C:\ITDA_OCR_CODE\학습대상데이터\AMLC000175.jpg,2,sha256:9d622879ae0f735f694df4613ab2e65b10a3ad71bfe864f6d686eb178d02cc91,9d622879ae0f735f694df4613ab2e65b10a3ad71bfe864f6d686eb178d02cc91
AMLC000176,C:\ITDA_OCR_CODE\학습대상데이터\AMLC000176.jpg,3,sha256:71fe664fae4f1c8738cea393811a006f3e3c06c2a1b6d6142cde1b78037de1c4,71fe664fae4f1c8738cea393811a006f3e3c06c2a1b6d6142cde1b78037de1c4
AMLC000177,C:\ITDA_OCR_CODE\학습대상데이터\AMLC000177.jpg,4,sha256:c237e2f38915d7332e1da51eca8c32633a3c7697b993164957877d951f6443ef,c237e2f38915d7332e1da51eca8c32633a3c7697b993164957877d951f6443ef
AMLC000178,C:\ITDA_OCR_CODE\학습대상데이터\AMLC000178.jpg,3,sha256:53fe332a0171ac3f3ab63ab927cf73520f52d614510889591df56090a77557d3,53fe332a0171ac3f3ab63ab927cf73520f52d614510889591df56090a77557d3
AMLC000179,C:\ITDA_OCR_CODE\학습대상데이터\AMLC000179.jpg,3,sha256:8ed0a6a920dbdfb445dfbad1e8818218a2d560739945614a0d2667fb968d10c0,8ed0a6a920dbdfb445dfbad1e8818218a2d560739945614a0d2667fb968d10c0
AMLC000180,C:\ITDA_OCR_CODE\학습대상데이터\AMLC000180.jpg,4,sha256:4fec10fde024ca8870722dda5d8bad55a747a0a2b9f1b381ebe6b40850721037,4fec10fde024ca8870722dda5d8bad55a747a0a2b9f1b381ebe6b40850721037
AMLC000181,C:\ITDA_OCR_CODE\학습대상데이터\AMLC000181.jpg,4,sha256:f20b655e39979fb7127dfe9e6874d7e896484d762103f09190a1437b2efa332f,f20b655e39979fb7127dfe9e6874d7e896484d762103f09190a1437b2efa332f
AMLC000182,C:\ITDA_OCR_CODE\학습대상데이터\AMLC000182.jpg,4,sha256:f35a50b8df8a0c51c157032ce191b294484570ed50ac85e246a7a0bef2fdd4d9,f35a50b8df8a0c51c157032ce191b294484570ed50ac85e246a7a0bef2fdd4d9
AMLC000183,C:\ITDA_OCR_CODE\학습대상데이터\AMLC000183.jpg,4,sha256:3f0decd5151b8fd74484a447f2387f3a8f71bc285db3c898606127a70b032963,3f0decd5151b8fd74484a447f2387f3a8f71bc285db3c898606127a70b032963
AMLC000184,C:\ITDA_OCR_CODE\학습대상데이터\AMLC000184.jpg,1,sha256:231780b7522a49e9d0ee010d36c3b755d6bcd61caa5dc3b290596ab30531d4f3,231780b7522a49e9d0ee010d36c3b755d6bcd61caa5dc3b290596ab30531d4f3
AMLC000185,C:\ITDA_OCR_CODE\학습대상데이터\AMLC000185.jpg,2,sha256:20e710ad607b3f3765bd2d0a107fcd96d35f3080243dcbd56c567357fb430b7e,20e710ad607b3f3765bd2d0a107fcd96d35f3080243dcbd56c567357fb430b7e
AMLC000186,C:\ITDA_OCR_CODE\학습대상데이터\AMLC000186.jpg,3,sha256:e609ad6413c2c8fa280193227ebdcb86f8cf379c5e84bbb64ad3258bc8b53d49,e609ad6413c2c8fa280193227ebdcb86f8cf379c5e84bbb64ad3258bc8b53d49
AMLC000187,C:\ITDA_OCR_CODE\학습대상데이터\AMLC000187.jpg,3,sha256:a52554173183f425d72da8c38207f6046faccbcb52042d00af7bae1872602808,a52554173183f425d72da8c38207f6046faccbcb52042d00af7bae1872602808
AMLC000188,C:\ITDA_OCR_CODE\학습대상데이터\AMLC000188.jpg,1,sha256:9d5d9c357465c6db61245a04b3710a68f53d5b806f11dc3ae1cad38e6718a85a,9d5d9c357465c6db61245a04b3710a68f53d5b806f11dc3ae1cad38e6718a85a
AMLC000189,C:\ITDA_OCR_CODE\학습대상데이터\AMLC000189.jpg,2,sha256:20044dd266bfb20c33c8398645aa1edbddad51218f9e48e2ec35344c1ff733a0,20044dd266bfb20c33c8398645aa1edbddad51218f9e48e2ec35344c1ff733a0
AMLC000190,C:\ITDA_OCR_CODE\학습대상데이터\AMLC000190.jpg,4,sha256:1b684d06a850a6b0b6e2fdae0a4cbdde7c126bd9dc4d7bae5f5f260a9bf75874,1b684d06a850a6b0b6e2fdae0a4cbdde7c126bd9dc4d7bae5f5f260a9bf75874
AMLC000191,C:\ITDA_OCR_CODE\학습대상데이터\AMLC000191.jpg,1,sha256:dbd1252ce49796ad62670a7d268650941ecd529795b821e142bbae5451565b64,dbd1252ce49796ad62670a7d268650941ecd529795b821e142bbae5451565b64
AMLC000192,C:\ITDA_OCR_CODE\학습대상데이터\AMLC000192.jpg,3,sha256:564208b4a08c29e2d1e3e047454a6c80ee63151ec24dbbd205262628b1269a13,564208b4a08c29e2d1e3e047454a6c80ee63151ec24dbbd205262628b1269a13
AMLC000193,C:\ITDA_OCR_CODE\학습대상데이터\AMLC000193.jpg,1,sha256:2dedad3cc8727391538607bf4a73e976a632e089815e5762de75c4fd3fd1fd69,2dedad3cc8727391538607bf4a73e976a632e089815e5762de75c4fd3fd1fd69
AMLC000194,C:\ITDA_OCR_CODE\학습대상데이터\AMLC000194.jpg,4,sha256:469dae070b46a7d6f27818c234f37bb3134135b0ec183ae4e17c8cedb16387b5,469dae070b46a7d6f27818c234f37bb3134135b0ec183ae4e17c8cedb16387b5
AMLC000195,C:\ITDA_OCR_CODE\학습대상데이터\AMLC000195.jpg,2,sha256:c6b1ef5338d51323ab988cf5a5d2e0c5ebae593e3ff1a5fbf4933ca92c57f327,c6b1ef5338d51323ab988cf5a5d2e0c5ebae593e3ff1a5fbf4933ca92c57f327
AMLC000196,C:\ITDA_OCR_CODE\학습대상데이터\AMLC000196.jpg,1,sha256:91ecb1a9f92c87b52c3afe6ce493c5d4f37e47cb52a23a04a475306c68827ea4,91ecb1a9f92c87b52c3afe6ce493c5d4f37e47cb52a23a04a475306c68827ea4
AMLC000197,C:\ITDA_OCR_CODE\학습대상데이터\AMLC000197.jpg,4,sha256:6931cd262f2bb303ff91f5d38bab96399bced09fa12f4b1021729f1565aca2b8,6931cd262f2bb303ff91f5d38bab96399bced09fa12f4b1021729f1565aca2b8
AMLC000198,C:\ITDA_OCR_CODE\학습대상데이터\AMLC000198.jpg,2,sha256:82aeeb502fcc5b75d0116f5274262457b784bab8dd9052ece547a83e70860649,82aeeb502fcc5b75d0116f5274262457b784bab8dd9052ece547a83e70860649
AMLC000199,C:\ITDA_OCR_CODE\학습대상데이터\AMLC000199.jpg,1,sha256:30e72c42037120a408d952360e7830dabe4697a00265a16d58b0b8c76f23b6f8,30e72c42037120a408d952360e7830dabe4697a00265a16d58b0b8c76f23b6f8
AMLC000200,C:\ITDA_OCR_CODE\학습대상데이터\AMLC000200.jpg,3,sha256:023e36a39101b805cbefcbdcc0a82c5cf191c9ed6c1faa44a7c306815f83cd26,023e36a39101b805cbefcbdcc0a82c5cf191c9ed6c1faa44a7c306815f83cd26
AMLC000201,C:\ITDA_OCR_CODE\학습대상데이터\AMLC000201.jpg,2,sha256:29707efbf0c34f43de045e95dcf06790a61026b077deb36339eda0dbd88d4d51,29707efbf0c34f43de045e95dcf06790a61026b077deb36339eda0dbd88d4d51
AMLC000202,C:\ITDA_OCR_CODE\학습대상데이터\AMLC000202.jpg,1,sha256:f06f18aaa519fff9642bc1f92b1b61819dcbd5b6de6dc894ee4c0de8f1c06f87,f06f18aaa519fff9642bc1f92b1b61819dcbd5b6de6dc894ee4c0de8f1c06f87
AMLC000203,C:\ITDA_OCR_CODE\학습대상데이터\AMLC000203.jpg,1,sha256:d0ee8bbdb860b86369670f2a15dffc84f46e1f8a37c8cff62d1dd2e30acab4c2,d0ee8bbdb860b86369670f2a15dffc84f46e1f8a37c8cff62d1dd2e30acab4c2
AMLC000204,C:\ITDA_OCR_CODE\학습대상데이터\AMLC000204.jpg,4,sha256:bf7d1c2f791c2dd041bd5dc3f4bdffdd10be18797ed19804f4e02944f438165f,bf7d1c2f791c2dd041bd5dc3f4bdffdd10be18797ed19804f4e02944f438165f
AMLC000205,C:\ITDA_OCR_CODE\학습대상데이터\AMLC000205.jpg,4,sha256:1c8223f7985df6d33e13500b8f4da8f1441124880cd4dc381933999867781d28,1c8223f7985df6d33e13500b8f4da8f1441124880cd4dc381933999867781d28
AMLC000206,C:\ITDA_OCR_CODE\학습대상데이터\AMLC000206.jpg,4,sha256:1011518aeb83fb3db4c573d7780b56c25bae0b83d20dfaad3a386d213d769943,1011518aeb83fb3db4c573d7780b56c25bae0b83d20dfaad3a386d213d769943
AMLC000207,C:\ITDA_OCR_CODE\학습대상데이터\AMLC000207.jpg,2,sha256:f0745c4390bc33c7cf62e110cffee73aa867d5116bb6feb6e924af28c269bbc4,f0745c4390bc33c7cf62e110cffee73aa867d5116bb6feb6e924af28c269bbc4
AMLC000208,C:\ITDA_OCR_CODE\학습대상데이터\AMLC000208.jpg,2,sha256:ee1f97e2460c67bea42bf11264e62fa7055198b0ff6dd4f9b97a458a18dd00b1,ee1f97e2460c67bea42bf11264e62fa7055198b0ff6dd4f9b97a458a18dd00b1
AMLC000209,C:\ITDA_OCR_CODE\학습대상데이터\AMLC000209.jpg,2,sha256:7504a9d67e7f37cc6b7c02826915cb85a6eb2b425facb6fa200408ad0aaffb32,7504a9d67e7f37cc6b7c02826915cb85a6eb2b425facb6fa200408ad0aaffb32
AMLC000210,C:\ITDA_OCR_CODE\학습대상데이터\AMLC000210.jpg,2,sha256:a93cc8b6e01b88cf3fca13b35c05fcfbc586ccb37767bff517d0307ec37450d9,a93cc8b6e01b88cf3fca13b35c05fcfbc586ccb37767bff517d0307ec37450d9
AMLC000211,C:\ITDA_OCR_CODE\학습대상데이터\AMLC000211.jpg,3,sha256:b63959371a592c04e739aced18d56d01c99d9147c374c986e9f10baf077b3d4f,b63959371a592c04e739aced18d56d01c99d9147c374c986e9f10baf077b3d4f
AMLC000212,C:\ITDA_OCR_CODE\학습대상데이터\AMLC000212.jpg,2,sha256:dbbfc6f7e489e25ab4401ae2aac50b8e0763811321173642e085e82608dcdc85,dbbfc6f7e489e25ab4401ae2aac50b8e0763811321173642e085e82608dcdc85
AMLC000213,C:\ITDA_OCR_CODE\학습대상데이터\AMLC000213.jpg,2,sha256:19d4b242f641dee4281087cc936c556006c407a5238c86aad727a2108acb0412,19d4b242f641dee4281087cc936c556006c407a5238c86aad727a2108acb0412
AMLC000214,C:\ITDA_OCR_CODE\학습대상데이터\AMLC000214.jpg,4,sha256:420595a936cd85ca49ecb509719abdb693347688e15a729b865b4ef63f8d39af,420595a936cd85ca49ecb509719abdb693347688e15a729b865b4ef63f8d39af
AMLC000215,C:\ITDA_OCR_CODE\학습대상데이터\AMLC000215.jpg,4,sha256:58cf26de203b77f48eea602cd3dbc52498a6d1fcf9209fe896ff43d2a13d9957,58cf26de203b77f48eea602cd3dbc52498a6d1fcf9209fe896ff43d2a13d9957
AMLC000216,C:\ITDA_OCR_CODE\학습대상데이터\AMLC000216.jpg,4,sha256:c9847a4464cd9d93e317a9a6aca54ca65d3a45800e88ab3086c6df223e15fbb3,c9847a4464cd9d93e317a9a6aca54ca65d3a45800e88ab3086c6df223e15fbb3
AMLC000217,C:\ITDA_OCR_CODE\학습대상데이터\AMLC000217.jpg,1,sha256:7a9ca9e799f10b8b57390bb02854bcb9a102dda0613da0d1f9735cfddd084e5e,7a9ca9e799f10b8b57390bb02854bcb9a102dda0613da0d1f9735cfddd084e5e
AMLC000218,C:\ITDA_OCR_CODE\학습대상데이터\AMLC000218.jpg,3,sha256:0357df9b71031c952fcd0a238f50fdfd1236cd01d04c5c28518b72f279a22775,0357df9b71031c952fcd0a238f50fdfd1236cd01d04c5c28518b72f279a22775
AMLC000219,C:\ITDA_OCR_CODE\학습대상데이터\AMLC000219.jpg,1,sha256:cb8d32805856fcb5887a3ed641da26872034237db796dda78b77981310398c99,cb8d32805856fcb5887a3ed641da26872034237db796dda78b77981310398c99
AMLC000220,C:\ITDA_OCR_CODE\학습대상데이터\AMLC000220.jpg,3,sha256:8ccb431f247d7b4123e396e4f3d582f5303d5e56ebc2a72b679187f3d25c27cd,8ccb431f247d7b4123e396e4f3d582f5303d5e56ebc2a72b679187f3d25c27cd
AMLC000221,C:\ITDA_OCR_CODE\학습대상데이터\AMLC000221.jpg,2,sha256:f46dea2946dc18baac7c2f040f845d2532e6ee6cd2805e4df41027f4060bd7a0,f46dea2946dc18baac7c2f040f845d2532e6ee6cd2805e4df41027f4060bd7a0
AMLC000222,C:\ITDA_OCR_CODE\학습대상데이터\AMLC000222.jpg,4,sha256:326b5923879ce5657535316be8860f2750715cf13537d97599df314121f1ae84,326b5923879ce5657535316be8860f2750715cf13537d97599df314121f1ae84
AMLC000223,C:\ITDA_OCR_CODE\학습대상데이터\AMLC000223.jpg,1,sha256:05d32fc5e63488f85c59c837e2a4d721c27a48d00b21beedd6e82da0b5b0ed60,05d32fc5e63488f85c59c837e2a4d721c27a48d00b21beedd6e82da0b5b0ed60
AMLC000224,C:\ITDA_OCR_CODE\학습대상데이터\AMLC000224.jpg,2,sha256:da34601e36effd78140074ab5c5adc90fc34d41947c5d8f46927fe3fd96b27a2,da34601e36effd78140074ab5c5adc90fc34d41947c5d8f46927fe3fd96b27a2
AMLC000225,C:\ITDA_OCR_CODE\학습대상데이터\AMLC000225.jpg,3,sha256:dfd553406433d7da447db6aae463e2d1d4841442221a78beaec225c20754c1ae,dfd553406433d7da447db6aae463e2d1d4841442221a78beaec225c20754c1ae
AMLC000226,C:\ITDA_OCR_CODE\학습대상데이터\AMLC000226.jpg,1,sha256:65acc3de6e1ee1db61f8145a984260773e86c7ff407911f10597f1f32f6e894b,65acc3de6e1ee1db61f8145a984260773e86c7ff407911f10597f1f32f6e894b
AMLC000227,C:\ITDA_OCR_CODE\학습대상데이터\AMLC000227.jpg,4,sha256:0d99ffb9495adca024bbf6780611d8e2f79c68b11df74d0013b07fec2006e18c,0d99ffb9495adca024bbf6780611d8e2f79c68b11df74d0013b07fec2006e18c
AMLC000228,C:\ITDA_OCR_CODE\학습대상데이터\AMLC000228.jpg,4,sha256:9ecaa8a1b5711746c44c09b84a3d75a4a1239f887ef317b715b833ad15209bb4,9ecaa8a1b5711746c44c09b84a3d75a4a1239f887ef317b715b833ad15209bb4
AMLC000229,C:\ITDA_OCR_CODE\학습대상데이터\AMLC000229.jpg,3,sha256:b3b57525dacbf979fa9b55047e7c32817c07921c6f61c1a07abb24f55eae2749,b3b57525dacbf979fa9b55047e7c32817c07921c6f61c1a07abb24f55eae2749
AMLC000230,C:\ITDA_OCR_CODE\학습대상데이터\AMLC000230.jpg,4,sha256:8820f7b8f95b0306ead94d4f57c3fe571b50335a6bf1eef88e7e85a6f7d2f6a4,8820f7b8f95b0306ead94d4f57c3fe571b50335a6bf1eef88e7e85a6f7d2f6a4
AMLC000231,C:\ITDA_OCR_CODE\학습대상데이터\AMLC000231.jpg,2,sha256:f712c6375abbed4af79222dc86beca4e5ffd16eaacfcba40117ad6cc9dcdfab6,f712c6375abbed4af79222dc86beca4e5ffd16eaacfcba40117ad6cc9dcdfab6
AMLC000232,C:\ITDA_OCR_CODE\학습대상데이터\AMLC000232.jpg,1,sha256:d16fa64e9028e62d24cb21ff24b3aba585fca1a2b9263fb8198079b7b441aa7f,d16fa64e9028e62d24cb21ff24b3aba585fca1a2b9263fb8198079b7b441aa7f
AMLC000233,C:\ITDA_OCR_CODE\학습대상데이터\AMLC000233.jpg,1,sha256:652c6d8f599db80c842a3e70e705f2acd8e4c6a5e51e259c4bd5e700c15796a1,652c6d8f599db80c842a3e70e705f2acd8e4c6a5e51e259c4bd5e700c15796a1
AMLC000234,C:\ITDA_OCR_CODE\학습대상데이터\AMLC000234.jpg,3,sha256:8cf318f06d6e30f423b19eef5f5adadd6136a2c86cd6025f6afd010bdca58595,8cf318f06d6e30f423b19eef5f5adadd6136a2c86cd6025f6afd010bdca58595
AMLC000235,C:\ITDA_OCR_CODE\학습대상데이터\AMLC000235.jpg,4,sha256:4fdf49200bb1a8c9de220a30b79716128482efca7506ca81cbbef18b0a976456,4fdf49200bb1a8c9de220a30b79716128482efca7506ca81cbbef18b0a976456
AMLC000236,C:\ITDA_OCR_CODE\학습대상데이터\AMLC000236.jpg,3,sha256:5221e713c1185cf2698251ef34d180102dc9699f9035479bfec4364956ed4559,5221e713c1185cf2698251ef34d180102dc9699f9035479bfec4364956ed4559
AMLC000237,C:\ITDA_OCR_CODE\학습대상데이터\AMLC000237.jpg,4,sha256:9fac57eb17d1d4924349f6d0303dd4d614afdb4568f4a8f6ed0fa5f87670b82d,9fac57eb17d1d4924349f6d0303dd4d614afdb4568f4a8f6ed0fa5f87670b82d
AMLC000238,C:\ITDA_OCR_CODE\학습대상데이터\AMLC000238.jpg,2,sha256:9e3ccfe6df1137a477d49190091f994ad69960d57a3864140984c6bccfa134e0,9e3ccfe6df1137a477d49190091f994ad69960d57a3864140984c6bccfa134e0
AMLC000239,C:\ITDA_OCR_CODE\학습대상데이터\AMLC000239.jpg,1,sha256:266664205dad73cffc3ee3b3d198b084cf382666befe776fa5e4be592646cf8d,266664205dad73cffc3ee3b3d198b084cf382666befe776fa5e4be592646cf8d
AMLC000240,C:\ITDA_OCR_CODE\학습대상데이터\AMLC000240.jpg,1,sha256:5a9c77c92cd925dda1acb23789aa37560bbe6ecba0fad280fb4ea09e9d9e30e8,5a9c77c92cd925dda1acb23789aa37560bbe6ecba0fad280fb4ea09e9d9e30e8
AMLC000241,C:\ITDA_OCR_CODE\학습대상데이터\AMLC000241.jpg,4,sha256:21c09cdff401f98785e5206aa471cf55cbd7080e282a219fee334045792b288f,21c09cdff401f98785e5206aa471cf55cbd7080e282a219fee334045792b288f
AMLC000242,C:\ITDA_OCR_CODE\학습대상데이터\AMLC000242.jpg,2,sha256:a3c7d9ab5d1d434be01cfcb5357261ee0c20a2142a0027b45feab0a7a05c8f26,a3c7d9ab5d1d434be01cfcb5357261ee0c20a2142a0027b45feab0a7a05c8f26
AMLC000243,C:\ITDA_OCR_CODE\학습대상데이터\AMLC000243.jpg,1,sha256:8ecf3f91dd3dfec831ae313715dfdbe30ecce6187bcd2d4ce1f5e7d037481abd,8ecf3f91dd3dfec831ae313715dfdbe30ecce6187bcd2d4ce1f5e7d037481abd
AMLC000244,C:\ITDA_OCR_CODE\학습대상데이터\AMLC000244.jpg,4,sha256:62ddc16037881fcdfc426c837061b8a00fb7f894960908ab71cf7de1521db1e6,62ddc16037881fcdfc426c837061b8a00fb7f894960908ab71cf7de1521db1e6
AMLC000245,C:\ITDA_OCR_CODE\학습대상데이터\AMLC000245.jpg,1,sha256:4d270ac703883a3ed63f2b78c9b1df7f92604ec503cfd6237de73b99163d3994,4d270ac703883a3ed63f2b78c9b1df7f92604ec503cfd6237de73b99163d3994
AMLC000246,C:\ITDA_OCR_CODE\학습대상데이터\AMLC000246.jpg,2,sha256:36a27d584b9cdedc76ed66ce5d09ece5c16b98d3f6c6cf0a102e7ca17d76544c,36a27d584b9cdedc76ed66ce5d09ece5c16b98d3f6c6cf0a102e7ca17d76544c
AMLC000247,C:\ITDA_OCR_CODE\학습대상데이터\AMLC000247.jpg,1,sha256:8ecb1dff50d3053a0a57bb28d17bc6515ca8bf9dc25db309867779da9671357c,8ecb1dff50d3053a0a57bb28d17bc6515ca8bf9dc25db309867779da9671357c
AMLC000248,C:\ITDA_OCR_CODE\학습대상데이터\AMLC000248.jpg,3,sha256:dc54c4b9ae2047e3d929e00fb89fcfd11543772c9b13c3127087e6e59b0deeac,dc54c4b9ae2047e3d929e00fb89fcfd11543772c9b13c3127087e6e59b0deeac
AMLC000249,C:\ITDA_OCR_CODE\학습대상데이터\AMLC000249.jpg,1,sha256:adf5ad0fc4c254ceaf907e0531741d9c2bf351a58b1e790b70be09435ae6ced2,adf5ad0fc4c254ceaf907e0531741d9c2bf351a58b1e790b70be09435ae6ced2
AMLC000250,C:\ITDA_OCR_CODE\학습대상데이터\AMLC000250.jpg,3,sha256:bed816d2172f2c4f0cd409c7e441e46a084690267de6655e4883ad48527836cc,bed816d2172f2c4f0cd409c7e441e46a084690267de6655e4883ad48527836cc
AMLC000251,C:\ITDA_OCR_CODE\학습대상데이터\AMLC000251.jpg,3,sha256:eed7ec06207262be6b4174606b20d96d0c1d207353fbe68f42a1c69f4044ebfe,eed7ec06207262be6b4174606b20d96d0c1d207353fbe68f42a1c69f4044ebfe
AMLC000252,C:\ITDA_OCR_CODE\학습대상데이터\AMLC000252.jpg,3,sha256:185b8028ea1fea5285c1b243e095ac4f65b1bab5f62ff6817f4dfdb3828554ce,185b8028ea1fea5285c1b243e095ac4f65b1bab5f62ff6817f4dfdb3828554ce
AMLC000253,C:\ITDA_OCR_CODE\학습대상데이터\AMLC000253.jpg,2,sha256:038a1b01376143c80d99a682fcd9963ce4a9a93d77ef80f012bcecd1f1aa3ca9,038a1b01376143c80d99a682fcd9963ce4a9a93d77ef80f012bcecd1f1aa3ca9
AMLC000254,C:\ITDA_OCR_CODE\학습대상데이터\AMLC000254.jpg,2,sha256:2c71bdde4b58dd7af887ae14746354e5682bc3bf973af02da8106f66801c371e,2c71bdde4b58dd7af887ae14746354e5682bc3bf973af02da8106f66801c371e
AMLC000255,C:\ITDA_OCR_CODE\학습대상데이터\AMLC000255.jpg,1,sha256:3e13862169676049bd21946ee470e80ea1074345b9f0c89f33ff92cb141e1fd8,3e13862169676049bd21946ee470e80ea1074345b9f0c89f33ff92cb141e1fd8
AMLC000256,C:\ITDA_OCR_CODE\학습대상데이터\AMLC000256.jpg,1,sha256:dcea3ced96d95c47049da23ae4cbe6818b56e3f4ef94d2533724b1d26e71a732,dcea3ced96d95c47049da23ae4cbe6818b56e3f4ef94d2533724b1d26e71a732
AMLC000257,C:\ITDA_OCR_CODE\학습대상데이터\AMLC000257.jpg,3,sha256:4170560fdcc43bc2cdff617bd25b79469f8d10b15ce096571b1e41bd8836add7,4170560fdcc43bc2cdff617bd25b79469f8d10b15ce096571b1e41bd8836add7
AMLC000258,C:\ITDA_OCR_CODE\학습대상데이터\AMLC000258.jpg,2,sha256:6fb83b73dd60145d79eb3c0eaf2ac947d3fb6612f88e5df05e125a6677a67931,6fb83b73dd60145d79eb3c0eaf2ac947d3fb6612f88e5df05e125a6677a67931
AMLC000259,C:\ITDA_OCR_CODE\학습대상데이터\AMLC000259.jpg,4,sha256:d2d342ba4a5c8200d5a434bb1525b17882884d9fea1e4b6891cd7bab520c83aa,d2d342ba4a5c8200d5a434bb1525b17882884d9fea1e4b6891cd7bab520c83aa
AMLC000260,C:\ITDA_OCR_CODE\학습대상데이터\AMLC000260.jpg,3,sha256:ce5f6bacd85555365832b819aa04e3f10d6b69041d03b1748221333427c2cf00,ce5f6bacd85555365832b819aa04e3f10d6b69041d03b1748221333427c2cf00
AMLC000261,C:\ITDA_OCR_CODE\학습대상데이터\AMLC000261.png,3,sha256:926fa8075ab9dc1ae91178e4a380ebf223deab67654d4016618d69734772d015,926fa8075ab9dc1ae91178e4a380ebf223deab67654d4016618d69734772d015
AMLC000262,C:\ITDA_OCR_CODE\학습대상데이터\AMLC000262.jpg,2,sha256:38a9e8fa2fda23a9e3ef0c25632f0995589516af37b3b4af4d3d593eff6fa34d,38a9e8fa2fda23a9e3ef0c25632f0995589516af37b3b4af4d3d593eff6fa34d
AMLC000263,C:\ITDA_OCR_CODE\학습대상데이터\AMLC000263.jpg,5,sha256:7d5da938dd3685975a52aac22aa931cc1a8f22f2d34064a30db325c3bd4e9315,7d5da938dd3685975a52aac22aa931cc1a8f22f2d34064a30db325c3bd4e9315
AMLC000264,C:\ITDA_OCR_CODE\학습대상데이터\AMLC000264.jpg,1,sha256:276cd1653a8e355121cf44696f806e719bd8397f2efef015966158e54fba4a12,276cd1653a8e355121cf44696f806e719bd8397f2efef015966158e54fba4a12
AMLC000265,C:\ITDA_OCR_CODE\학습대상데이터\AMLC000265.jpg,1,sha256:563d8cab3968acb2ce8cd14f8706ca7674befc1aea52cb7592ccfbfa2d7e5aae,563d8cab3968acb2ce8cd14f8706ca7674befc1aea52cb7592ccfbfa2d7e5aae
AMLC000266,C:\ITDA_OCR_CODE\학습대상데이터\AMLC000266.jpg,2,sha256:c14c9e80b8bf4bd5325cf806b8b33fa32300170f6c8815ccba8cbe4762e99329,c14c9e80b8bf4bd5325cf806b8b33fa32300170f6c8815ccba8cbe4762e99329
AMLC000267,C:\ITDA_OCR_CODE\학습대상데이터\AMLC000267.jpg,1,sha256:fb675a7cda2d5b1528a3f13b29a732141e9a109979317f47b6c63a1830b0a339,fb675a7cda2d5b1528a3f13b29a732141e9a109979317f47b6c63a1830b0a339
AMLC000268,C:\ITDA_OCR_CODE\학습대상데이터\AMLC000268.jpg,4,sha256:028b837e700942ee386037a2bddc60e1f74f1793ad6e56cae044dcb3ea000591,028b837e700942ee386037a2bddc60e1f74f1793ad6e56cae044dcb3ea000591
AMLC000269,C:\ITDA_OCR_CODE\학습대상데이터\AMLC000269.jpg,1,sha256:636679da449f4075834988b43629676bc9575d11c00dda8181e02bf0805468c4,636679da449f4075834988b43629676bc9575d11c00dda8181e02bf0805468c4
AMLC000270,C:\ITDA_OCR_CODE\학습대상데이터\AMLC000270.jpg,1,sha256:fb6ddfa942b17d948a0af31d7b33f7401398c8120d50a7cb7bc93e9cbe06cd7e,fb6ddfa942b17d948a0af31d7b33f7401398c8120d50a7cb7bc93e9cbe06cd7e
AMLC000271,C:\ITDA_OCR_CODE\학습대상데이터\AMLC000271.jpg,2,sha256:1db315867ca4b979cfede075a0ff9a2a801009b5caaacdc84cad16795a02c849,1db315867ca4b979cfede075a0ff9a2a801009b5caaacdc84cad16795a02c849
AMLC000272,C:\ITDA_OCR_CODE\학습대상데이터\AMLC000272.jpg,4,sha256:21fffb183ecf61cdd3393a17030560687316d96bd2afd2f7fe733c05f2d762c6,21fffb183ecf61cdd3393a17030560687316d96bd2afd2f7fe733c05f2d762c6
AMLC000273,C:\ITDA_OCR_CODE\학습대상데이터\AMLC000273.jpg,3,sha256:ad074b20461afc55516c98fab587bd6c61528a4c627099d3b17be5e19a0877cd,ad074b20461afc55516c98fab587bd6c61528a4c627099d3b17be5e19a0877cd
AMLC000274,C:\ITDA_OCR_CODE\학습대상데이터\AMLC000274.jpg,4,sha256:47c27b68f17230c71c20cfe62d76c8a067b39fea7bd5a449eb00e21d59712060,47c27b68f17230c71c20cfe62d76c8a067b39fea7bd5a449eb00e21d59712060
AMLC000275,C:\ITDA_OCR_CODE\학습대상데이터\AMLC000275.jpg,3,sha256:ac640e6765c581c7d566a4dc2a1e92729adabca8114f4014fed22442bd30f063,ac640e6765c581c7d566a4dc2a1e92729adabca8114f4014fed22442bd30f063
AMLC000276,C:\ITDA_OCR_CODE\학습대상데이터\AMLC000276.jpg,4,sha256:492c5c7d997f142ed8cf5db4dda5c16a9023e04bb4b23fdce68ca78e3ba64661,492c5c7d997f142ed8cf5db4dda5c16a9023e04bb4b23fdce68ca78e3ba64661
AMLC000277,C:\ITDA_OCR_CODE\학습대상데이터\AMLC000277.jpg,3,sha256:251acd5171b5836457618a567e420ac48ff85809c3282462b16db7d1b0513eb4,251acd5171b5836457618a567e420ac48ff85809c3282462b16db7d1b0513eb4
AMLC000278,C:\ITDA_OCR_CODE\학습대상데이터\AMLC000278.jpg,2,sha256:90f03dc81eda3c49f3b6a255e841ae0f0e32289975bed67f2349fb78a3e08698,90f03dc81eda3c49f3b6a255e841ae0f0e32289975bed67f2349fb78a3e08698
AMLC000279,C:\ITDA_OCR_CODE\학습대상데이터\AMLC000279.jpg,1,sha256:7df4eeb12ae13d6c53407f3dc272a7258099e757a5f705d6c23ea316b294e27d,7df4eeb12ae13d6c53407f3dc272a7258099e757a5f705d6c23ea316b294e27d
AMLC000280,C:\ITDA_OCR_CODE\학습대상데이터\AMLC000280.jpg,1,sha256:510cb0fad7610aa54a06130ca69e43548ccc1e50d89c2636b40c150243ce1d0d,510cb0fad7610aa54a06130ca69e43548ccc1e50d89c2636b40c150243ce1d0d
AMLC000281,C:\ITDA_OCR_CODE\학습대상데이터\AMLC000281.jpg,3,sha256:6541d10bade2744a084429e758dc825c321bcc9596f9390c1cae3b9f59add826,6541d10bade2744a084429e758dc825c321bcc9596f9390c1cae3b9f59add826
AMLC000282,C:\ITDA_OCR_CODE\학습대상데이터\AMLC000282.jpg,3,sha256:c5b96c5f8467a51264378e7931238ba3dbfc926b137677cd84e6c2bb4faa651d,c5b96c5f8467a51264378e7931238ba3dbfc926b137677cd84e6c2bb4faa651d
AMLC000283,C:\ITDA_OCR_CODE\학습대상데이터\AMLC000283.jpg,2,sha256:20e909afe823886e2267200921098ee6faa63778ec84d72145026466b1b136b4,20e909afe823886e2267200921098ee6faa63778ec84d72145026466b1b136b4
AMLC000284,C:\ITDA_OCR_CODE\학습대상데이터\AMLC000284.jpg,3,sha256:39e3741639aa224dd0d97e3afe9b444f7b3bce90aaa200f9352d73a32b852892,39e3741639aa224dd0d97e3afe9b444f7b3bce90aaa200f9352d73a32b852892
AMLC000285,C:\ITDA_OCR_CODE\학습대상데이터\AMLC000285.jpg,3,sha256:99b141304f31ff2c3214df5bb28cd4c5232c8e0f5d5326c58cfd1e3bfc01cbf5,99b141304f31ff2c3214df5bb28cd4c5232c8e0f5d5326c58cfd1e3bfc01cbf5
AMLC000286,C:\ITDA_OCR_CODE\학습대상데이터\AMLC000286.jpg,2,sha256:3fcb1786b529b99b7af91f8ef066f10ad29c417e2ee28369f68636c0eb349905,3fcb1786b529b99b7af91f8ef066f10ad29c417e2ee28369f68636c0eb349905
AMLC000287,C:\ITDA_OCR_CODE\학습대상데이터\AMLC000287.jpg,2,sha256:58a6fa78de895993ef995d181cc416feae6738985e06fc0d21a51dc66d3abaf7,58a6fa78de895993ef995d181cc416feae6738985e06fc0d21a51dc66d3abaf7
AMLC000288,C:\ITDA_OCR_CODE\학습대상데이터\AMLC000288.jpg,1,sha256:3fff3fc11ba0936bcd5d90aa4a8f096b9e4cac56d707028f2b0a60eac4490741,3fff3fc11ba0936bcd5d90aa4a8f096b9e4cac56d707028f2b0a60eac4490741
AMLC000289,C:\ITDA_OCR_CODE\학습대상데이터\AMLC000289.jpg,4,sha256:eed0282c43987c4f98aa0ad7e26aba5f93eff26b23f6542254ff8e307299b53d,eed0282c43987c4f98aa0ad7e26aba5f93eff26b23f6542254ff8e307299b53d
AMLC000290,C:\ITDA_OCR_CODE\학습대상데이터\AMLC000290.jpg,2,sha256:8b9fa57cb3d974b50b8a040d4b63eea4b553670a8d65fe67edcd1470418116ac,8b9fa57cb3d974b50b8a040d4b63eea4b553670a8d65fe67edcd1470418116ac
AMLC000291,C:\ITDA_OCR_CODE\학습대상데이터\AMLC000291.jpg,4,sha256:c8a14f97fb78d7e9a4bfe54ae82294d2b35a47df8f6cf6703d6a25dbe262c21f,c8a14f97fb78d7e9a4bfe54ae82294d2b35a47df8f6cf6703d6a25dbe262c21f
AMLC000292,C:\ITDA_OCR_CODE\학습대상데이터\AMLC000292.jpg,3,sha256:56d19603edee2fe577fa08454c704789b2751a7f225b6be982e9fa99f179976a,56d19603edee2fe577fa08454c704789b2751a7f225b6be982e9fa99f179976a
AMLC000293,C:\ITDA_OCR_CODE\학습대상데이터\AMLC000293.jpg,2,sha256:716ea2be16946976d57be2ae8c20e97ee6ac4e0b152100ab6432023ebe5d8616,716ea2be16946976d57be2ae8c20e97ee6ac4e0b152100ab6432023ebe5d8616
AMLC000294,C:\ITDA_OCR_CODE\학습대상데이터\AMLC000294.jpg,3,sha256:18316324984fec6c5e49f0e24dc213e502f9584ef2afb89d467c5740c2bca7b8,18316324984fec6c5e49f0e24dc213e502f9584ef2afb89d467c5740c2bca7b8
AMLC000295,C:\ITDA_OCR_CODE\학습대상데이터\AMLC000295.jpg,2,sha256:d940c606817b3c8f14db1c949266381aa3ece9292bcd31e66ec91511eedb8df4,d940c606817b3c8f14db1c949266381aa3ece9292bcd31e66ec91511eedb8df4
AMLC000296,C:\ITDA_OCR_CODE\학습대상데이터\AMLC000296.jpg,1,sha256:5ce5c75d84fa9291ba586c034ff8445a9c01e46249772ad27e0a5b1eef8ca438,5ce5c75d84fa9291ba586c034ff8445a9c01e46249772ad27e0a5b1eef8ca438
AMLC000297,C:\ITDA_OCR_CODE\학습대상데이터\AMLC000297.jpg,2,sha256:da4e1313701d8a811360a8375ac2f67a6f987bbec204569eb11e22ac978043ff,da4e1313701d8a811360a8375ac2f67a6f987bbec204569eb11e22ac978043ff
AMLC000298,C:\ITDA_OCR_CODE\학습대상데이터\AMLC000298.jpg,2,sha256:e407233e1d5f64f54635b2f1c48339d5db38a8f1fbc4f18df896a98fbf3f2ae6,e407233e1d5f64f54635b2f1c48339d5db38a8f1fbc4f18df896a98fbf3f2ae6
AMLC000299,C:\ITDA_OCR_CODE\학습대상데이터\AMLC000299.jpg,1,sha256:00052c3ff602b3bb8062e5bdda0b333add01cbbf979ca55f2d1c6b60bd16b50f,00052c3ff602b3bb8062e5bdda0b333add01cbbf979ca55f2d1c6b60bd16b50f
AMLC000300,C:\ITDA_OCR_CODE\학습대상데이터\AMLC000300.jpg,2,sha256:024b70b24d00aa93bf70fa878f4b0aa71a03afd309b3b2e5eb75811f80f8393a,024b70b24d00aa93bf70fa878f4b0aa71a03afd309b3b2e5eb75811f80f8393a
AMLC000301,C:\ITDA_OCR_CODE\학습대상데이터\AMLC000301.jpg,4,sha256:d5ce03d803a1dc44a46c5258fa8aa8dfb11fc18dc64c8eec4f2e9a0f7a669211,d5ce03d803a1dc44a46c5258fa8aa8dfb11fc18dc64c8eec4f2e9a0f7a669211
AMLC000302,C:\ITDA_OCR_CODE\학습대상데이터\AMLC000302.jpg,2,sha256:4847498cfc33aa4dd6f4d97c3bf39c6399c83a5442b511bfe5fa93efa84591d8,4847498cfc33aa4dd6f4d97c3bf39c6399c83a5442b511bfe5fa93efa84591d8
AMLC000303,C:\ITDA_OCR_CODE\학습대상데이터\AMLC000303.jpg,2,sha256:9a817b3b55e123dc7e88386a5187524ef588a8a91525af9bfaa374e0f0451727,9a817b3b55e123dc7e88386a5187524ef588a8a91525af9bfaa374e0f0451727
AMLC000304,C:\ITDA_OCR_CODE\학습대상데이터\AMLC000304.jpg,1,sha256:d5dcd2409b6111514b82e6e1de1892a9bf334d1a2bc44f041c01098d0f4c6da1,d5dcd2409b6111514b82e6e1de1892a9bf334d1a2bc44f041c01098d0f4c6da1
AMLC000305,C:\ITDA_OCR_CODE\학습대상데이터\AMLC000305.jpg,4,sha256:6f48136b6e7a45df00c888751b0252f4993bf10e2c484499b183062867ff2cd1,6f48136b6e7a45df00c888751b0252f4993bf10e2c484499b183062867ff2cd1
AMLC000306,C:\ITDA_OCR_CODE\학습대상데이터\AMLC000306.jpg,4,sha256:08b23b9203e0c0bdaa09589755c8a0cfac754c701c9f5aea84913773ba02ba45,08b23b9203e0c0bdaa09589755c8a0cfac754c701c9f5aea84913773ba02ba45
AMLC000307,C:\ITDA_OCR_CODE\학습대상데이터\AMLC000307.jpg,4,sha256:1e3946d009171876f1c3ee56c0a4f52707df408469b5ecad036faeea5892e160,1e3946d009171876f1c3ee56c0a4f52707df408469b5ecad036faeea5892e160
AMLC000308,C:\ITDA_OCR_CODE\학습대상데이터\AMLC000308.jpg,3,sha256:5bd5f5eed4d39099c36870f210cb6d402c4df4db5e5b95053e867543c6fe66af,5bd5f5eed4d39099c36870f210cb6d402c4df4db5e5b95053e867543c6fe66af
AMLC000309,C:\ITDA_OCR_CODE\학습대상데이터\AMLC000309.jpg,2,sha256:0d22a24fd08c5ea9fab472bbbeb78055db1f7b1173206ee43c68a63ebe1bec98,0d22a24fd08c5ea9fab472bbbeb78055db1f7b1173206ee43c68a63ebe1bec98
AMLC000310,C:\ITDA_OCR_CODE\학습대상데이터\AMLC000310.jpg,3,sha256:18aee05a2ee6f4a5dffd2530150a3a179b6979742b6c21befd938b703288cce1,18aee05a2ee6f4a5dffd2530150a3a179b6979742b6c21befd938b703288cce1
AMLC000311,C:\ITDA_OCR_CODE\학습대상데이터\AMLC000311.jpg,3,sha256:90810e358364f12b25322a0e4784d1248a349916fda73c3b970e2da7903f42aa,90810e358364f12b25322a0e4784d1248a349916fda73c3b970e2da7903f42aa
AMLC000312,C:\ITDA_OCR_CODE\학습대상데이터\AMLC000312.jpg,2,sha256:6fed147cac49c889c467e1caa21687383bda2095c84c400f032ecc220510fb5e,6fed147cac49c889c467e1caa21687383bda2095c84c400f032ecc220510fb5e
AMLC000313,C:\ITDA_OCR_CODE\학습대상데이터\AMLC000313.jpg,1,sha256:37be93eef4e65346600d00ab80cafb9a2308cd1fc469b21535b4e27ccec1e72e,37be93eef4e65346600d00ab80cafb9a2308cd1fc469b21535b4e27ccec1e72e
AMLC000314,C:\ITDA_OCR_CODE\학습대상데이터\AMLC000314.jpg,1,sha256:acf629e5911309272a41b34721ea89407a5d615f236b56ccbf40c0301d049d13,acf629e5911309272a41b34721ea89407a5d615f236b56ccbf40c0301d049d13
AMLC000315,C:\ITDA_OCR_CODE\학습대상데이터\AMLC000315.jpg,4,sha256:eec9ec1228edcf61bde5a23f175a1f8c651f2773862da88878eeec6d8aa09b3c,eec9ec1228edcf61bde5a23f175a1f8c651f2773862da88878eeec6d8aa09b3c
AMLC000316,C:\ITDA_OCR_CODE\학습대상데이터\AMLC000316.jpg,4,sha256:a1b15bb10249fc603680d02e2dda1e463e59d344f6d104953609369354229750,a1b15bb10249fc603680d02e2dda1e463e59d344f6d104953609369354229750
AMLC000317,C:\ITDA_OCR_CODE\학습대상데이터\AMLC000317.jpg,2,sha256:31a44b5a5f4f64d662ff6bed07b8d1c61e719705820934753b65466b189bf589,31a44b5a5f4f64d662ff6bed07b8d1c61e719705820934753b65466b189bf589
AMLC000318,C:\ITDA_OCR_CODE\학습대상데이터\AMLC000318.jpg,2,sha256:ff3e8974a1501a9ea364718d5a762b6f12e2bceca05268100e910e5737938767,ff3e8974a1501a9ea364718d5a762b6f12e2bceca05268100e910e5737938767
AMLC000319,C:\ITDA_OCR_CODE\학습대상데이터\AMLC000319.jpg,3,sha256:ad7996e1ee14ff86524e113f922aa1174270aae08f72c0df96f3e3db9c199129,ad7996e1ee14ff86524e113f922aa1174270aae08f72c0df96f3e3db9c199129
AMLC000320,C:\ITDA_OCR_CODE\학습대상데이터\AMLC000320.jpg,3,sha256:b1e7da561d234647e8e8f9a0a2215631f4d52a5ebfbd46f0b508c675a78f8bfa,b1e7da561d234647e8e8f9a0a2215631f4d52a5ebfbd46f0b508c675a78f8bfa
AMLC000321,C:\ITDA_OCR_CODE\학습대상데이터\AMLC000321.jpg,1,sha256:8827ef1eddb49ee7f2b1adefb8f5676bbe2ede54c1206db8737ac1bf2005049c,8827ef1eddb49ee7f2b1adefb8f5676bbe2ede54c1206db8737ac1bf2005049c
AMLC000322,C:\ITDA_OCR_CODE\학습대상데이터\AMLC000322.jpg,3,sha256:5d8e7b912e4602f83bb1cbae6c3ffeb5571fbcb6ae62989f6816da7967f9762c,5d8e7b912e4602f83bb1cbae6c3ffeb5571fbcb6ae62989f6816da7967f9762c
AMLC000323,C:\ITDA_OCR_CODE\학습대상데이터\AMLC000323.jpg,2,sha256:3729fafd00a663ca6117e3d5081731a9550ddea02a4810cdac76c615f21966d2,3729fafd00a663ca6117e3d5081731a9550ddea02a4810cdac76c615f21966d2
AMLC000324,C:\ITDA_OCR_CODE\학습대상데이터\AMLC000324.jpg,1,sha256:1be0650efa3cea176d5e8565951d1b08768e6c2edccacf34788d7d732bc9a8a2,1be0650efa3cea176d5e8565951d1b08768e6c2edccacf34788d7d732bc9a8a2
AMLC000325,C:\ITDA_OCR_CODE\학습대상데이터\AMLC000325.jpg,1,sha256:347bfdb4248d921c3091e70e7ea5b94e8fc36e351e1ca8389f0a64667e651197,347bfdb4248d921c3091e70e7ea5b94e8fc36e351e1ca8389f0a64667e651197
AMLC000326,C:\ITDA_OCR_CODE\학습대상데이터\AMLC000326.jpg,4,sha256:97b1b918b2db24c721953f552ccda0c5ed5b2ffff9f1e96aed3321b58d8737ad,97b1b918b2db24c721953f552ccda0c5ed5b2ffff9f1e96aed3321b58d8737ad
AMLC000327,C:\ITDA_OCR_CODE\학습대상데이터\AMLC000327.jpg,1,sha256:3508bc5fb1371ac312332c912e255e21303b3d7e0891a2a95a28203d92e2077c,3508bc5fb1371ac312332c912e255e21303b3d7e0891a2a95a28203d92e2077c
AMLC000328,C:\ITDA_OCR_CODE\학습대상데이터\AMLC000328.jpg,2,sha256:5ef5a569fb1978a7efe9005d7292bb48650d2ecd61ad773bd45cb6e706983709,5ef5a569fb1978a7efe9005d7292bb48650d2ecd61ad773bd45cb6e706983709
AMLC000329,C:\ITDA_OCR_CODE\학습대상데이터\AMLC000329.jpg,3,sha256:6f1855ac5c4a3fdf4aea6be7f5e5e4d9853ba3ff65bd1eb9e4cc715c26219ba0,6f1855ac5c4a3fdf4aea6be7f5e5e4d9853ba3ff65bd1eb9e4cc715c26219ba0
AMLC000330,C:\ITDA_OCR_CODE\학습대상데이터\AMLC000330.jpg,3,sha256:db4e6225068f7f8a2ece9de73300a4589e1585badfcca6615953fccf002b7de4,db4e6225068f7f8a2ece9de73300a4589e1585badfcca6615953fccf002b7de4
AMLC000331,C:\ITDA_OCR_CODE\학습대상데이터\AMLC000331.jpg,3,sha256:5d53edf6f69292127d35230b788ebadb50c7c2509a52584fae7b27058ad7f3d4,5d53edf6f69292127d35230b788ebadb50c7c2509a52584fae7b27058ad7f3d4
AMLC000332,C:\ITDA_OCR_CODE\학습대상데이터\AMLC000332.jpg,1,sha256:38e2af2c4cf8738d393fa8d659aadd0f57248eb86d005d761740aa54ffd020a5,38e2af2c4cf8738d393fa8d659aadd0f57248eb86d005d761740aa54ffd020a5
AMLC000333,C:\ITDA_OCR_CODE\학습대상데이터\AMLC000333.jpg,3,sha256:54bfa5d5352a2ebb0dfd0397786eee198cbb858be0df2d6dfeb8f66e4aae03b0,54bfa5d5352a2ebb0dfd0397786eee198cbb858be0df2d6dfeb8f66e4aae03b0
AMLC000334,C:\ITDA_OCR_CODE\학습대상데이터\AMLC000334.jpg,2,sha256:e91b5463238b459bb27851fc1f60195a81c7ca6acd081d7d4c6801aed846d7d2,e91b5463238b459bb27851fc1f60195a81c7ca6acd081d7d4c6801aed846d7d2
AMLC000335,C:\ITDA_OCR_CODE\학습대상데이터\AMLC000335.jpg,2,sha256:24b224ba5bc244f179ec068fc8997981ddd74e85cf5fccac64bebcc175180549,24b224ba5bc244f179ec068fc8997981ddd74e85cf5fccac64bebcc175180549
AMLC000336,C:\ITDA_OCR_CODE\학습대상데이터\AMLC000336.jpg,1,sha256:58678a06859b765d2e248e987abebed6fcf862b5069ddf396064aaeb9bdb1390,58678a06859b765d2e248e987abebed6fcf862b5069ddf396064aaeb9bdb1390
AMLC000337,C:\ITDA_OCR_CODE\학습대상데이터\AMLC000337.jpg,4,sha256:184d807344df91e0609bb563ecdd3aeb3d9ef0acda41df6900692f1e8972cca2,184d807344df91e0609bb563ecdd3aeb3d9ef0acda41df6900692f1e8972cca2
AMLC000338,C:\ITDA_OCR_CODE\학습대상데이터\AMLC000338.jpg,3,sha256:5f4bd13da883625daa0c8fcfc05422a2b3f6e4614a09327d17a7d14e1ef7530e,5f4bd13da883625daa0c8fcfc05422a2b3f6e4614a09327d17a7d14e1ef7530e
AMLC000339,C:\ITDA_OCR_CODE\학습대상데이터\AMLC000339.jpg,4,sha256:d0663077a2e2f6a750d83228a370069412f7f8f9806687dbdbed942839604742,d0663077a2e2f6a750d83228a370069412f7f8f9806687dbdbed942839604742
AMLC000340,C:\ITDA_OCR_CODE\학습대상데이터\AMLC000340.jpg,4,sha256:1b7470f1371c21cdf2ecc58febdf826dafc83b4e10c0b1695b5db3a7636ec383,1b7470f1371c21cdf2ecc58febdf826dafc83b4e10c0b1695b5db3a7636ec383
AMLC000341,C:\ITDA_OCR_CODE\학습대상데이터\AMLC000341.jpg,2,sha256:ed70df6ee0f63286541c8c742cb161f9081cf8bb8931dc8bb2ac97628ac6e74e,ed70df6ee0f63286541c8c742cb161f9081cf8bb8931dc8bb2ac97628ac6e74e
AMLC000342,C:\ITDA_OCR_CODE\학습대상데이터\AMLC000342.jpg,2,sha256:d44185518aa6c756873136d5bd8a374f1c4269420096933b17c64caa65af4b0f,d44185518aa6c756873136d5bd8a374f1c4269420096933b17c64caa65af4b0f
AMLC000343,C:\ITDA_OCR_CODE\학습대상데이터\AMLC000343.jpg,4,sha256:77d1cdd21180e467048f2d2ef5ca149fbc0b1b7f24d1c4f1119b69cc5d21fbcb,77d1cdd21180e467048f2d2ef5ca149fbc0b1b7f24d1c4f1119b69cc5d21fbcb
AMLC000344,C:\ITDA_OCR_CODE\학습대상데이터\AMLC000344.jpg,3,sha256:a8d17041c72bc8fe9619e4c1faefd59fc41cbe2cc953f45bfe33b9c294c13e93,a8d17041c72bc8fe9619e4c1faefd59fc41cbe2cc953f45bfe33b9c294c13e93
AMLC000345,C:\ITDA_OCR_CODE\학습대상데이터\AMLC000345.jpg,3,sha256:9f5a34cf0c7edb5c8ae8b7356f73906d46b600b52ea086494cb230e6fd5d99dd,9f5a34cf0c7edb5c8ae8b7356f73906d46b600b52ea086494cb230e6fd5d99dd
AMLC000346,C:\ITDA_OCR_CODE\학습대상데이터\AMLC000346.jpg,4,sha256:ecaa2c5ba4a0903674482e6e1387478a528a47f6ef21006618aca0702b3fa249,ecaa2c5ba4a0903674482e6e1387478a528a47f6ef21006618aca0702b3fa249
AMLC000347,C:\ITDA_OCR_CODE\학습대상데이터\AMLC000347.jpg,2,sha256:b6e5deaa427df1bd93108b5bda9616498bc12bfb5ab5582f205b781bef666990,b6e5deaa427df1bd93108b5bda9616498bc12bfb5ab5582f205b781bef666990
AMLC000348,C:\ITDA_OCR_CODE\학습대상데이터\AMLC000348.jpg,1,sha256:37ff1989497348f354ea0a8646540052986c70a70c82fbce84072738fe552e56,37ff1989497348f354ea0a8646540052986c70a70c82fbce84072738fe552e56
AMLC000349,C:\ITDA_OCR_CODE\학습대상데이터\AMLC000349.jpg,2,sha256:ddd542373446712540993513147f9898f2d5b01fd5fe816acd26911469cfe492,ddd542373446712540993513147f9898f2d5b01fd5fe816acd26911469cfe492
AMLC000350,C:\ITDA_OCR_CODE\학습대상데이터\AMLC000350.jpg,1,sha256:49e26f0fcf037fd4cfc1d5137d56452cc6a40a601ee3f549e3b680cb5d42afa4,49e26f0fcf037fd4cfc1d5137d56452cc6a40a601ee3f549e3b680cb5d42afa4
AMLC000351,C:\ITDA_OCR_CODE\학습대상데이터\AMLC000351.jpg,4,sha256:a1e4da72beb0620ecc981499037c4b3ed32affe979955ff7f65c85f6301470d2,a1e4da72beb0620ecc981499037c4b3ed32affe979955ff7f65c85f6301470d2
AMLC000352,C:\ITDA_OCR_CODE\학습대상데이터\AMLC000352.jpg,4,sha256:f7038b666a30567e3d63d8dd500d6fdb78ec67f65a6af3d05aefd0a9c054f664,f7038b666a30567e3d63d8dd500d6fdb78ec67f65a6af3d05aefd0a9c054f664
AMLC000353,C:\ITDA_OCR_CODE\학습대상데이터\AMLC000353.jpg,2,sha256:b0ae3c1cd35ca550ee097343e9d3c3fd889b90bd1da56dec8b202fac51017ab5,b0ae3c1cd35ca550ee097343e9d3c3fd889b90bd1da56dec8b202fac51017ab5
AMLC000354,C:\ITDA_OCR_CODE\학습대상데이터\AMLC000354.jpg,2,sha256:7ff383c0b94e2714b2574a08c5ede2d6f62a102b07b7644d8921831de358ad01,7ff383c0b94e2714b2574a08c5ede2d6f62a102b07b7644d8921831de358ad01
AMLC000355,C:\ITDA_OCR_CODE\학습대상데이터\AMLC000355.jpg,5,sha256:04a9d5db2c1869622e38d9edb519fa03c66cc766cb05a63fd3dd2a006eea93dc,04a9d5db2c1869622e38d9edb519fa03c66cc766cb05a63fd3dd2a006eea93dc
AMLC000356,C:\ITDA_OCR_CODE\학습대상데이터\AMLC000356.jpg,2,sha256:7adaaafedd6449ca8efdac203cedf681e9905f5eb523a08b540ece144e33192c,7adaaafedd6449ca8efdac203cedf681e9905f5eb523a08b540ece144e33192c
AMLC000357,C:\ITDA_OCR_CODE\학습대상데이터\AMLC000357.jpg,5,sha256:be6942f8c1809873151b045ca581abc591db61c576351eb153dd69713107d3f4,be6942f8c1809873151b045ca581abc591db61c576351eb153dd69713107d3f4
AMLC000358,C:\ITDA_OCR_CODE\학습대상데이터\AMLC000358.jpg,1,sha256:011f87aa2e03d060bb0533896d37cb96e75f2a9ca77e6f45272d8c48f68bf7ff,011f87aa2e03d060bb0533896d37cb96e75f2a9ca77e6f45272d8c48f68bf7ff
AMLC000359,C:\ITDA_OCR_CODE\학습대상데이터\AMLC000359.jpg,4,sha256:f2a401dcad81640323ee4c081bc7281229129d3720e5fcbb05e018caf0920f0f,f2a401dcad81640323ee4c081bc7281229129d3720e5fcbb05e018caf0920f0f
AMLC000360,C:\ITDA_OCR_CODE\학습대상데이터\AMLC000360.jpg,2,sha256:9817f05331dbb791675a777deb24c3fc1cfe950615da98b1acccfa232adbc239,9817f05331dbb791675a777deb24c3fc1cfe950615da98b1acccfa232adbc239
AMLC000361,C:\ITDA_OCR_CODE\학습대상데이터\AMLC000361.jpg,4,sha256:03683cb5ea3c144d4410295e668dae3c1ced184d1fa4235aea81d04a005bee7e,03683cb5ea3c144d4410295e668dae3c1ced184d1fa4235aea81d04a005bee7e
AMLC000362,C:\ITDA_OCR_CODE\학습대상데이터\AMLC000362.jpg,2,sha256:68c5ab29a89ba4eb64d03004313dac9f770a86097c9293f1450d43697b4dc388,68c5ab29a89ba4eb64d03004313dac9f770a86097c9293f1450d43697b4dc388
AMLC000363,C:\ITDA_OCR_CODE\학습대상데이터\AMLC000363.jpg,3,sha256:a7a8742b2bd9b87d0ae65e7757d245347167ce086359257572643a0e1f148212,a7a8742b2bd9b87d0ae65e7757d245347167ce086359257572643a0e1f148212
AMLC000364,C:\ITDA_OCR_CODE\학습대상데이터\AMLC000364.jpg,4,sha256:c3cadd29a563818a6c14bf139c6436f780ca1211b922068550db914d79a74ed2,c3cadd29a563818a6c14bf139c6436f780ca1211b922068550db914d79a74ed2
AMLC000365,C:\ITDA_OCR_CODE\학습대상데이터\AMLC000365.jpg,5,sha256:ce2e9293c00c8a80d704c8a2a02e8305d14c96238a11aac22783fc04ea4045d6,ce2e9293c00c8a80d704c8a2a02e8305d14c96238a11aac22783fc04ea4045d6
AMLC000366,C:\ITDA_OCR_CODE\학습대상데이터\AMLC000366.jpg,2,sha256:51cd7fb9335ea35f28ec9d4a0eebc2cbb3324ce81baec112a889801795bf3a86,51cd7fb9335ea35f28ec9d4a0eebc2cbb3324ce81baec112a889801795bf3a86
AMLC000367,C:\ITDA_OCR_CODE\학습대상데이터\AMLC000367.jpg,1,sha256:fcd29511618071bd8363c0bdab5ae5ca77c982612853201065c242aa0e29d3b2,fcd29511618071bd8363c0bdab5ae5ca77c982612853201065c242aa0e29d3b2
AMLC000368,C:\ITDA_OCR_CODE\학습대상데이터\AMLC000368.jpg,2,sha256:13990d372f64be13a38707ae5bcfc6862686f1d3eb7902bc962cf5a1411bccda,13990d372f64be13a38707ae5bcfc6862686f1d3eb7902bc962cf5a1411bccda
AMLC000369,C:\ITDA_OCR_CODE\학습대상데이터\AMLC000369.jpg,3,sha256:602a41052c7856fc21add3d4fc5d354f585f2dd44f5a6453c14c48f304d145f8,602a41052c7856fc21add3d4fc5d354f585f2dd44f5a6453c14c48f304d145f8
AMLC000370,C:\ITDA_OCR_CODE\학습대상데이터\AMLC000370.jpg,4,sha256:542b978366c99539188e8421eb0012914f36e4dc334bf2852a6d1d2371c801ca,542b978366c99539188e8421eb0012914f36e4dc334bf2852a6d1d2371c801ca
AMLC000371,C:\ITDA_OCR_CODE\학습대상데이터\AMLC000371.jpg,3,sha256:f3e7efc08df8024f0a20977bf590452940bd45067a45a8f4d8692c01e22902c1,f3e7efc08df8024f0a20977bf590452940bd45067a45a8f4d8692c01e22902c1
AMLC000372,C:\ITDA_OCR_CODE\학습대상데이터\AMLC000372.jpg,2,sha256:3deab4f6cd798f5ab4c4882816027a61b7fc1aaac52ab8a5715a5237805abf6a,3deab4f6cd798f5ab4c4882816027a61b7fc1aaac52ab8a5715a5237805abf6a
AMLC000373,C:\ITDA_OCR_CODE\학습대상데이터\AMLC000373.jpg,3,sha256:37080683c83420ecb213069d422c462b0312ad6b1462148aa8a1067125a13697,37080683c83420ecb213069d422c462b0312ad6b1462148aa8a1067125a13697
AMLC000374,C:\ITDA_OCR_CODE\학습대상데이터\AMLC000374.jpg,1,sha256:e52905b5e534867b5d11cef3a9fb99dfafb284d32859a5c753383ce6a8a71495,e52905b5e534867b5d11cef3a9fb99dfafb284d32859a5c753383ce6a8a71495
AMLC000375,C:\ITDA_OCR_CODE\학습대상데이터\AMLC000375.jpg,5,sha256:7e2f4aad7775653183ab78a7aad33db1b534514f5a98033a44fbd363328c6eb3,7e2f4aad7775653183ab78a7aad33db1b534514f5a98033a44fbd363328c6eb3
AMLC000376,C:\ITDA_OCR_CODE\학습대상데이터\AMLC000376.jpg,1,sha256:e7414cccd23613c1ab8f26932a9d5fbbbbca61164d526538528dde00ea5b1be9,e7414cccd23613c1ab8f26932a9d5fbbbbca61164d526538528dde00ea5b1be9
AMLC000377,C:\ITDA_OCR_CODE\학습대상데이터\AMLC000377.jpg,4,sha256:aefd9536d962d497d1574124d249b306038ef2a3a60ad03c91c302697a3d9c37,aefd9536d962d497d1574124d249b306038ef2a3a60ad03c91c302697a3d9c37
AMLC000378,C:\ITDA_OCR_CODE\학습대상데이터\AMLC000378.jpg,2,sha256:7952464ab12e71cdb499a62669a102528b05e7edad6a35766b50349f39b7829f,7952464ab12e71cdb499a62669a102528b05e7edad6a35766b50349f39b7829f
AMLC000379,C:\ITDA_OCR_CODE\학습대상데이터\AMLC000379.jpg,5,sha256:99819bf048f512cdd8a59ab97f182b2cb807c6d40905feffe1e197de2bcb6db4,99819bf048f512cdd8a59ab97f182b2cb807c6d40905feffe1e197de2bcb6db4
AMLC000380,C:\ITDA_OCR_CODE\학습대상데이터\AMLC000380.jpg,5,sha256:20ecd8d243f69419e41499f5a99fca1ea1d2ddd97102dc53549aecf481b966cd,20ecd8d243f69419e41499f5a99fca1ea1d2ddd97102dc53549aecf481b966cd
AMLC000381,C:\ITDA_OCR_CODE\학습대상데이터\AMLC000381.jpg,1,sha256:f7f69ac8f6c7b0ad3dc658ff666a66d36d639ecfbf48645db8b2382ad3d5e05f,f7f69ac8f6c7b0ad3dc658ff666a66d36d639ecfbf48645db8b2382ad3d5e05f
AMLC000382,C:\ITDA_OCR_CODE\학습대상데이터\AMLC000382.jpg,5,sha256:11591f781edca153802e515e97cd5c3150675451f2023f8f64b33876aec0a32c,11591f781edca153802e515e97cd5c3150675451f2023f8f64b33876aec0a32c
AMLC000383,C:\ITDA_OCR_CODE\학습대상데이터\AMLC000383.jpg,5,sha256:5c000168368db5f14cbb7f5949550e59f6b22205eb71f3431da359b47ee41240,5c000168368db5f14cbb7f5949550e59f6b22205eb71f3431da359b47ee41240
AMLC000384,C:\ITDA_OCR_CODE\학습대상데이터\AMLC000384.jpg,1,sha256:39c5be233ba77593766116879b03c57316eb745882b2b44d128e7eaa293cb6bf,39c5be233ba77593766116879b03c57316eb745882b2b44d128e7eaa293cb6bf
AMLC000385,C:\ITDA_OCR_CODE\학습대상데이터\AMLC000385.jpg,1,sha256:ee2dbad6c36db13b8554d38038239b55a453177b5d8026b4dd424ffea93877f1,ee2dbad6c36db13b8554d38038239b55a453177b5d8026b4dd424ffea93877f1
AMLC000386,C:\ITDA_OCR_CODE\학습대상데이터\AMLC000386.jpg,4,sha256:9ff7f8b877dfe30d1a8bd6f7eb630ad821fcc64eff196973b309a8911fd3a537,9ff7f8b877dfe30d1a8bd6f7eb630ad821fcc64eff196973b309a8911fd3a537
AMLC000387,C:\ITDA_OCR_CODE\학습대상데이터\AMLC000387.jpg,1,sha256:f1856234aee0aa44eaff2469b13e979555f6bfda6a686b484cc97553718f0075,f1856234aee0aa44eaff2469b13e979555f6bfda6a686b484cc97553718f0075
AMLC000388,C:\ITDA_OCR_CODE\학습대상데이터\AMLC000388.jpg,3,sha256:9a291d70028ff2ae49300dce96c5f823ec7898b6abd18eafd1d14cb9f4bafb5c,9a291d70028ff2ae49300dce96c5f823ec7898b6abd18eafd1d14cb9f4bafb5c
AMLC000389,C:\ITDA_OCR_CODE\학습대상데이터\AMLC000389.jpg,2,sha256:eb745af55629a5d2d882c97b453f1417c52302efdeddc89b1366067633b492bc,eb745af55629a5d2d882c97b453f1417c52302efdeddc89b1366067633b492bc
AMLC000390,C:\ITDA_OCR_CODE\학습대상데이터\AMLC000390.jpg,4,sha256:f51cd730f9ce80ba999a1b2e2c3205ce0c9513f51d671fac075a98d81efd5cb8,f51cd730f9ce80ba999a1b2e2c3205ce0c9513f51d671fac075a98d81efd5cb8
AMLC000391,C:\ITDA_OCR_CODE\학습대상데이터\AMLC000391.jpg,5,sha256:139d9c465cc5f6769f4902ee482d2cccd96acf605cacc0a38fbc9c168d7c1c82,139d9c465cc5f6769f4902ee482d2cccd96acf605cacc0a38fbc9c168d7c1c82
AMLC000392,C:\ITDA_OCR_CODE\학습대상데이터\AMLC000392.jpg,3,sha256:7601666b0aa0137438b40041586211c59c181cc06efb63d16b6dcccf6c01117a,7601666b0aa0137438b40041586211c59c181cc06efb63d16b6dcccf6c01117a
AMLC000393,C:\ITDA_OCR_CODE\학습대상데이터\AMLC000393.jpg,1,sha256:49ebd4bccc126d5fc5d94b29eef298de773aef935f26500a7d2c6dd02cca494b,49ebd4bccc126d5fc5d94b29eef298de773aef935f26500a7d2c6dd02cca494b
AMLC000394,C:\ITDA_OCR_CODE\학습대상데이터\AMLC000394.jpg,3,sha256:e07619e56f85b8fa3024f03786ea34b9cce67615777dc037135661828ec201a7,e07619e56f85b8fa3024f03786ea34b9cce67615777dc037135661828ec201a7
AMLC000395,C:\ITDA_OCR_CODE\학습대상데이터\AMLC000395.jpg,5,sha256:9240faa93c447543bbd911dd1fa845669811b88cf2751a9f055e6edc53752065,9240faa93c447543bbd911dd1fa845669811b88cf2751a9f055e6edc53752065
AMLC000396,C:\ITDA_OCR_CODE\학습대상데이터\AMLC000396.jpg,2,sha256:7cd34759331caabb0a1aefbd60b8df717432384cde9d41ccdd8eac6aafb90f43,7cd34759331caabb0a1aefbd60b8df717432384cde9d41ccdd8eac6aafb90f43
AMLC000397,C:\ITDA_OCR_CODE\학습대상데이터\AMLC000397.jpg,2,sha256:241c80f36526f06ad930f231b592330beee040af6999a40072edec7216b1eb11,241c80f36526f06ad930f231b592330beee040af6999a40072edec7216b1eb11
AMLC000398,C:\ITDA_OCR_CODE\학습대상데이터\AMLC000398.jpg,2,sha256:e4d529a624c3977356df25f742a06e7d2fe771c3c86c06d97f159238daea639d,e4d529a624c3977356df25f742a06e7d2fe771c3c86c06d97f159238daea639d
AMLC000399,C:\ITDA_OCR_CODE\학습대상데이터\AMLC000399.jpg,5,sha256:440ea105e4205bf513be0dabbef11f456c0ddc6181517c29b6cd6ea1bf7eb2dc,440ea105e4205bf513be0dabbef11f456c0ddc6181517c29b6cd6ea1bf7eb2dc
AMLC000400,C:\ITDA_OCR_CODE\학습대상데이터\AMLC000400.jpg,4,sha256:cb72cbe7876f6d7cfc00cfcd285a9e51433acfa8a67e4d419924f3770f0c1c0e,cb72cbe7876f6d7cfc00cfcd285a9e51433acfa8a67e4d419924f3770f0c1c0e
AMLC000401,C:\ITDA_OCR_CODE\학습대상데이터\AMLC000401.jpg,3,sha256:d62579a8c8627a96f26fd3387b4c417e9aae43a05a1d3980f3505fb123443eaa,d62579a8c8627a96f26fd3387b4c417e9aae43a05a1d3980f3505fb123443eaa
AMLC000402,C:\ITDA_OCR_CODE\학습대상데이터\AMLC000402.jpg,5,sha256:e247151568a8f8b85caff59917270318a616b5328ef4bb6e7e472557e590c513,e247151568a8f8b85caff59917270318a616b5328ef4bb6e7e472557e590c513
AMLC000403,C:\ITDA_OCR_CODE\학습대상데이터\AMLC000403.jpg,4,sha256:5dc546eee4635a7e4fb629446428d878d79e79f9ab598279263ebbf5e6a78639,5dc546eee4635a7e4fb629446428d878d79e79f9ab598279263ebbf5e6a78639
AMLC000404,C:\ITDA_OCR_CODE\학습대상데이터\AMLC000404.jpg,1,sha256:7796195982e13c7967a3d4972084c50dca325df3a25e320f835a32116f64094d,7796195982e13c7967a3d4972084c50dca325df3a25e320f835a32116f64094d
AMLC000405,C:\ITDA_OCR_CODE\학습대상데이터\AMLC000405.jpg,3,sha256:8adfe82c1a5c457217f1b966aaf160f1024031c853b968a728d46c04923f4a02,8adfe82c1a5c457217f1b966aaf160f1024031c853b968a728d46c04923f4a02
AMLC000406,C:\ITDA_OCR_CODE\학습대상데이터\AMLC000406.jpg,1,sha256:e1136aaaa7dd814f7a967ff9e61159b1fde03ce7a9bee38c16732ae5688af61a,e1136aaaa7dd814f7a967ff9e61159b1fde03ce7a9bee38c16732ae5688af61a
AMLC000407,C:\ITDA_OCR_CODE\학습대상데이터\AMLC000407.jpg,4,sha256:140fd1c7ec8b611eb1233e232bd7ccb341daf55f36a02d622483f29af6e02537,140fd1c7ec8b611eb1233e232bd7ccb341daf55f36a02d622483f29af6e02537
AMLC000408,C:\ITDA_OCR_CODE\학습대상데이터\AMLC000408.jpg,3,sha256:a712a42e21ad30ac050e0148f92ce53f89484fae1dbb1ee8938d724aa941719a,a712a42e21ad30ac050e0148f92ce53f89484fae1dbb1ee8938d724aa941719a
AMLC000409,C:\ITDA_OCR_CODE\학습대상데이터\AMLC000409.jpg,3,sha256:c0d6510602d670a68ae46543a710cec6cdc8c52687d2f43eff3535caa7280e3d,c0d6510602d670a68ae46543a710cec6cdc8c52687d2f43eff3535caa7280e3d
AMLC000410,C:\ITDA_OCR_CODE\학습대상데이터\AMLC000410.jpg,3,sha256:5df7d3a924d655c2db8e7f99b7303f7c4d9affaa79a95edb69c083ec41aaf21b,5df7d3a924d655c2db8e7f99b7303f7c4d9affaa79a95edb69c083ec41aaf21b
AMLC000411,C:\ITDA_OCR_CODE\학습대상데이터\AMLC000411.jpg,2,sha256:e19728d6ced32b284573e42fe825b0fe904fb370f504c73b86203c4a2dff42ba,e19728d6ced32b284573e42fe825b0fe904fb370f504c73b86203c4a2dff42ba
AMLC000412,C:\ITDA_OCR_CODE\학습대상데이터\AMLC000412.jpg,2,sha256:fac621bfbc2e1afcbfc392286a4041df7a94dcea094a23d7a68bd3c6c7bd3341,fac621bfbc2e1afcbfc392286a4041df7a94dcea094a23d7a68bd3c6c7bd3341
AMLC000413,C:\ITDA_OCR_CODE\학습대상데이터\AMLC000413.jpg,4,sha256:894067c215457fb53f372ddc2ac16fb0b641c48b9eb75b0a62ce16f8314f79db,894067c215457fb53f372ddc2ac16fb0b641c48b9eb75b0a62ce16f8314f79db
AMLC000414,C:\ITDA_OCR_CODE\학습대상데이터\AMLC000414.jpg,4,sha256:163103e7a7a0b1690a2bc7c431cf48ba340aac04b622de5bd1586a084d01373c,163103e7a7a0b1690a2bc7c431cf48ba340aac04b622de5bd1586a084d01373c
AMLC000415,C:\ITDA_OCR_CODE\학습대상데이터\AMLC000415.jpg,5,sha256:7e1dba51abe40b5a91c1dea388c84c9c8b7aa9e4d3d55d26aa974a99a2a8d429,7e1dba51abe40b5a91c1dea388c84c9c8b7aa9e4d3d55d26aa974a99a2a8d429
AMLC000416,C:\ITDA_OCR_CODE\학습대상데이터\AMLC000416.jpg,3,sha256:5a9a9444968e6d76c3596f60c0ffaf601069d5e4c61ff410d34621f35cd340e4,5a9a9444968e6d76c3596f60c0ffaf601069d5e4c61ff410d34621f35cd340e4
AMLC000417,C:\ITDA_OCR_CODE\학습대상데이터\AMLC000417.jpg,5,sha256:f67633be8562899d79b8a876e371a5e77cab6338e9934df7dde0b45aa31e3d89,f67633be8562899d79b8a876e371a5e77cab6338e9934df7dde0b45aa31e3d89
AMLC000418,C:\ITDA_OCR_CODE\학습대상데이터\AMLC000418.jpg,2,sha256:89013a54f379a21aa56de40d010500b908b6eed77b9906b824994c8e35235605,89013a54f379a21aa56de40d010500b908b6eed77b9906b824994c8e35235605
AMLC000419,C:\ITDA_OCR_CODE\학습대상데이터\AMLC000419.jpg,1,sha256:fdc20a9c6c4e466c375586dd1f761d5717a4d992c00af30277e6c8d85fbd3e9c,fdc20a9c6c4e466c375586dd1f761d5717a4d992c00af30277e6c8d85fbd3e9c
AMLC000420,C:\ITDA_OCR_CODE\학습대상데이터\AMLC000420.jpg,3,sha256:fb2d8b5597d4da3e1b23c2289aee2dd687cdfca1a8d1a3e8ad4b2ea10d480d71,fb2d8b5597d4da3e1b23c2289aee2dd687cdfca1a8d1a3e8ad4b2ea10d480d71
AMLC000421,C:\ITDA_OCR_CODE\학습대상데이터\AMLC000421.jpg,5,sha256:df0bb72ca0b7bbcee7915f6119996b69fcc13d7f658cfc3b802df39f2872ab77,df0bb72ca0b7bbcee7915f6119996b69fcc13d7f658cfc3b802df39f2872ab77
AMLC000422,C:\ITDA_OCR_CODE\학습대상데이터\AMLC000422.jpg,1,sha256:dbf91388b924322fb88244f6632a0761f61f708840f23aafe42048a6f47fe9ac,dbf91388b924322fb88244f6632a0761f61f708840f23aafe42048a6f47fe9ac
AMLC000423,C:\ITDA_OCR_CODE\학습대상데이터\AMLC000423.jpg,3,sha256:a6e9755d4efd79f43d423da6f6f24cc79ec9d56b9e9c55d813dadb45b3fdfe34,a6e9755d4efd79f43d423da6f6f24cc79ec9d56b9e9c55d813dadb45b3fdfe34
AMLC000424,C:\ITDA_OCR_CODE\학습대상데이터\AMLC000424.jpg,5,sha256:56c7b86b4514afd646975824214354a2db742a6a366e81d2b62c83e00a66a211,56c7b86b4514afd646975824214354a2db742a6a366e81d2b62c83e00a66a211
AMLC000425,C:\ITDA_OCR_CODE\학습대상데이터\AMLC000425.jpg,1,sha256:364ec8fd14b3e9e9661771903203e4133c19e58a918fc28142c98c12d3563a9a,364ec8fd14b3e9e9661771903203e4133c19e58a918fc28142c98c12d3563a9a
AMLC000426,C:\ITDA_OCR_CODE\학습대상데이터\AMLC000426.jpg,1,sha256:bdbe25c3ab6093b82521b0ad6060ee6a2a7631961ab3ace010476f0343bdf8d3,bdbe25c3ab6093b82521b0ad6060ee6a2a7631961ab3ace010476f0343bdf8d3
AMLC000427,C:\ITDA_OCR_CODE\학습대상데이터\AMLC000427.jpg,1,sha256:a03750cbc9469181945b24f62afda0120231ae14307234a3275e54da7fee14a4,a03750cbc9469181945b24f62afda0120231ae14307234a3275e54da7fee14a4
AMLC000428,C:\ITDA_OCR_CODE\학습대상데이터\AMLC000428.jpg,5,sha256:b866d9f1cfa0e7f6e947b020a0fb56100144eb8b26b3e09ef1a5a162acef05be,b866d9f1cfa0e7f6e947b020a0fb56100144eb8b26b3e09ef1a5a162acef05be
AMLC000429,C:\ITDA_OCR_CODE\학습대상데이터\AMLC000429.jpg,2,sha256:f2978b0a9964b6026c466f49982265fc96bacb5a55ac1382dde881556550c4c3,f2978b0a9964b6026c466f49982265fc96bacb5a55ac1382dde881556550c4c3
AMLC000430,C:\ITDA_OCR_CODE\학습대상데이터\AMLC000430.jpg,3,sha256:10ff155147824fc18347bae2375d3fe491079836b8c06a042c4ee5ce5946f09c,10ff155147824fc18347bae2375d3fe491079836b8c06a042c4ee5ce5946f09c
AMLC000431,C:\ITDA_OCR_CODE\학습대상데이터\AMLC000431.jpg,5,sha256:9c2c015650ccee6881b69d2801f98040c5cb9e85a41326949c58320371d5735e,9c2c015650ccee6881b69d2801f98040c5cb9e85a41326949c58320371d5735e
AMLC000432,C:\ITDA_OCR_CODE\학습대상데이터\AMLC000432.jpg,4,sha256:0d4f650a1652a14a8ef72ae5c308dc56dd36c322e2b134124a53ab3b364f616c,0d4f650a1652a14a8ef72ae5c308dc56dd36c322e2b134124a53ab3b364f616c
AMLC000433,C:\ITDA_OCR_CODE\학습대상데이터\AMLC000433.jpg,3,sha256:5f60e774f42bb0364849dc113833c04cd61c5525aaf73ef170e8805c7bd0aca9,5f60e774f42bb0364849dc113833c04cd61c5525aaf73ef170e8805c7bd0aca9
AMLC000434,C:\ITDA_OCR_CODE\학습대상데이터\AMLC000434.jpg,3,sha256:f0528f55abd51ccf408bdb16d63ff3339739f4adab3cada07cf86052458a68c6,f0528f55abd51ccf408bdb16d63ff3339739f4adab3cada07cf86052458a68c6
AMLC000435,C:\ITDA_OCR_CODE\학습대상데이터\AMLC000435.jpg,3,sha256:66c068b66cf103212b23ac982934a846670556cfee9db350471c182cfb8915d1,66c068b66cf103212b23ac982934a846670556cfee9db350471c182cfb8915d1
AMLC000436,C:\ITDA_OCR_CODE\학습대상데이터\AMLC000436.jpg,4,sha256:74e709d64ee7be44fca6f17c130e3941c64adba39b477d27d2d7ca4df05ab4f4,74e709d64ee7be44fca6f17c130e3941c64adba39b477d27d2d7ca4df05ab4f4
AMLC000437,C:\ITDA_OCR_CODE\학습대상데이터\AMLC000437.jpg,5,sha256:341809ef288666576b30cbde19eb6166a7c09d59c6bef63350e67c799ce98f06,341809ef288666576b30cbde19eb6166a7c09d59c6bef63350e67c799ce98f06
AMLC000438,C:\ITDA_OCR_CODE\학습대상데이터\AMLC000438.jpg,2,sha256:a924202952efd99690b76434bcb2953a2626bf99db7e26b851e19412c5146bb8,a924202952efd99690b76434bcb2953a2626bf99db7e26b851e19412c5146bb8
AMLC000439,C:\ITDA_OCR_CODE\학습대상데이터\AMLC000439.jpg,1,sha256:5c4d960e8b86b4e1e4b886afff49bd0fa2629773e54fde73ec3802f09d21dce2,5c4d960e8b86b4e1e4b886afff49bd0fa2629773e54fde73ec3802f09d21dce2
AMLC000440,C:\ITDA_OCR_CODE\학습대상데이터\AMLC000440.jpg,1,sha256:a7368abd4607c387f2c9bfba47ef643586845a005738743a25891af8e3bf860a,a7368abd4607c387f2c9bfba47ef643586845a005738743a25891af8e3bf860a
AMLC000441,C:\ITDA_OCR_CODE\학습대상데이터\AMLC000441.jpg,4,sha256:a909b2d6bcf119558218c80a9284ecd09617158cf94203296a7a4da7ab6ec924,a909b2d6bcf119558218c80a9284ecd09617158cf94203296a7a4da7ab6ec924
AMLC000442,C:\ITDA_OCR_CODE\학습대상데이터\AMLC000442.jpg,2,sha256:e95a36eb5449bf82dc6761591bc0d76d5176170eeac955a2cc8d20a12862bf9f,e95a36eb5449bf82dc6761591bc0d76d5176170eeac955a2cc8d20a12862bf9f
AMLC000443,C:\ITDA_OCR_CODE\학습대상데이터\AMLC000443.jpg,2,sha256:a61af074ea313ef4c3ff853369d419d2bad6c71f227693c9a72947356dadb40f,a61af074ea313ef4c3ff853369d419d2bad6c71f227693c9a72947356dadb40f
AMLC000444,C:\ITDA_OCR_CODE\학습대상데이터\AMLC000444.jpg,1,sha256:6ff5f2fd85960843d7e6f2805c9ac69a29e1eb1c3a316478b37930e8dc73746b,6ff5f2fd85960843d7e6f2805c9ac69a29e1eb1c3a316478b37930e8dc73746b
AMLC000445,C:\ITDA_OCR_CODE\학습대상데이터\AMLC000445.jpg,4,sha256:e5828ed2de67b035a7a11f5ab8838246fd9f624081616446b37727f90e1c50e4,e5828ed2de67b035a7a11f5ab8838246fd9f624081616446b37727f90e1c50e4
AMLC000446,C:\ITDA_OCR_CODE\학습대상데이터\AMLC000446.jpg,3,sha256:a4c242c0cb3950a676f8db2fa547eef2a55f3026e246545f5bf74294bec7cacb,a4c242c0cb3950a676f8db2fa547eef2a55f3026e246545f5bf74294bec7cacb
AMLC000447,C:\ITDA_OCR_CODE\학습대상데이터\AMLC000447.jpg,3,sha256:e43f1f33e9c4c9e3f33c39137eb541a44d0688049651b3e964586f653f54b871,e43f1f33e9c4c9e3f33c39137eb541a44d0688049651b3e964586f653f54b871
AMLC000448,C:\ITDA_OCR_CODE\학습대상데이터\AMLC000448.jpg,5,sha256:3d03cad1c0e897a4c3302181b9ab131c5e7aa907900b03a1cd3de706370d0300,3d03cad1c0e897a4c3302181b9ab131c5e7aa907900b03a1cd3de706370d0300
AMLC000449,C:\ITDA_OCR_CODE\학습대상데이터\AMLC000449.jpg,4,sha256:360f3a5bf190ad1e3570898184a53f00c85c096c2361ccf86b2efc6ade9e23fc,360f3a5bf190ad1e3570898184a53f00c85c096c2361ccf86b2efc6ade9e23fc
AMLC000450,C:\ITDA_OCR_CODE\학습대상데이터\AMLC000450.jpg,4,sha256:bf23247bc47836b9560f018b3dca7f30be8f17f4c02f5cb9b599821f9f160b82,bf23247bc47836b9560f018b3dca7f30be8f17f4c02f5cb9b599821f9f160b82
AMLC000451,C:\ITDA_OCR_CODE\학습대상데이터\AMLC000451.jpg,2,sha256:20985f06a667195b74c16537a48f9ae4a3490b8990859f3e78d220dd5f815770,20985f06a667195b74c16537a48f9ae4a3490b8990859f3e78d220dd5f815770
AMLC000452,C:\ITDA_OCR_CODE\학습대상데이터\AMLC000452.jpg,3,sha256:c7e1e3e58b7a2f36998762928e868527470e873d8be27540034bb54a745293cd,c7e1e3e58b7a2f36998762928e868527470e873d8be27540034bb54a745293cd
AMLC000453,C:\ITDA_OCR_CODE\학습대상데이터\AMLC000453.jpg,4,sha256:710dbc517fbbd22cbcf73df17a8e19c622b5f5da5aa3cc211dd094f840151b6a,710dbc517fbbd22cbcf73df17a8e19c622b5f5da5aa3cc211dd094f840151b6a
AMLC000454,C:\ITDA_OCR_CODE\학습대상데이터\AMLC000454.jpg,5,sha256:46b10ff2f7c03a5d49f5c19db309bb8cc08cbb9f64d0a26eb604331f41927577,46b10ff2f7c03a5d49f5c19db309bb8cc08cbb9f64d0a26eb604331f41927577
AMLC000455,C:\ITDA_OCR_CODE\학습대상데이터\AMLC000455.jpg,4,sha256:1780fed422e4347c4586d6ac7c0c1ae52e8ec8cb9d41b2266867613119740179,1780fed422e4347c4586d6ac7c0c1ae52e8ec8cb9d41b2266867613119740179
AMLC000456,C:\ITDA_OCR_CODE\학습대상데이터\AMLC000456.jpg,3,sha256:d8f35f79a25535c2b38e6188239b6c913df29190c79a64a77d458349ff80a337,d8f35f79a25535c2b38e6188239b6c913df29190c79a64a77d458349ff80a337
AMLC000457,C:\ITDA_OCR_CODE\학습대상데이터\AMLC000457.jpg,5,sha256:541da8f24dadf21fa771ae34fb0bbd4668f2764d36650e9544e388a1446c526c,541da8f24dadf21fa771ae34fb0bbd4668f2764d36650e9544e388a1446c526c
AMLC000458,C:\ITDA_OCR_CODE\학습대상데이터\AMLC000458.jpg,5,sha256:a6f7b0b9992d1c195c9650da3535ccf04220417dad4540cffd6230e0f9b4c98d,a6f7b0b9992d1c195c9650da3535ccf04220417dad4540cffd6230e0f9b4c98d
AMLC000459,C:\ITDA_OCR_CODE\학습대상데이터\AMLC000459.jpg,2,sha256:34a3b664cca6d068d89d6d958ae0a48acdae9727ff70e8ccacf30e7a5547794b,34a3b664cca6d068d89d6d958ae0a48acdae9727ff70e8ccacf30e7a5547794b
AMLC000460,C:\ITDA_OCR_CODE\학습대상데이터\AMLC000460.jpg,3,sha256:efa52cf683fddb34bb2b33f2adf737385b0805b366e3c85e6c678ff51fdef85f,efa52cf683fddb34bb2b33f2adf737385b0805b366e3c85e6c678ff51fdef85f
AMLC000461,C:\ITDA_OCR_CODE\학습대상데이터\AMLC000461.jpg,5,sha256:598dfbf48a46355de989b3f61720e820d7bf45124ffd9ebdf59bc7d4fb5826d1,598dfbf48a46355de989b3f61720e820d7bf45124ffd9ebdf59bc7d4fb5826d1
AMLC000462,C:\ITDA_OCR_CODE\학습대상데이터\AMLC000462.jpg,3,sha256:25b66ab96997fe06f3ec986a59479738c2855fee4858093b3142b5377e76e0af,25b66ab96997fe06f3ec986a59479738c2855fee4858093b3142b5377e76e0af
AMLC000463,C:\ITDA_OCR_CODE\학습대상데이터\AMLC000463.jpg,2,sha256:b09a4375fd9f078342ed463176cd2d1adce3f93d03f335ef45816964e5b3350e,b09a4375fd9f078342ed463176cd2d1adce3f93d03f335ef45816964e5b3350e
AMLC000464,C:\ITDA_OCR_CODE\학습대상데이터\AMLC000464.jpg,1,sha256:64b0cb688f88a84e50977216f179401a9d6e6b39f2c553b6fff23875eff734f2,64b0cb688f88a84e50977216f179401a9d6e6b39f2c553b6fff23875eff734f2
AMLC000465,C:\ITDA_OCR_CODE\학습대상데이터\AMLC000465.jpg,4,sha256:46474748bb323f02e8bb8b76164107768da13e34f26ce45f2c9103a1f12979d7,46474748bb323f02e8bb8b76164107768da13e34f26ce45f2c9103a1f12979d7
AMLC000466,C:\ITDA_OCR_CODE\학습대상데이터\AMLC000466.jpg,5,sha256:a3f4f81e404f278049db5323fa6c1ec5c56192e7045e22b238ecc5f982585c88,a3f4f81e404f278049db5323fa6c1ec5c56192e7045e22b238ecc5f982585c88
AMLC000467,C:\ITDA_OCR_CODE\학습대상데이터\AMLC000467.jpg,3,sha256:67b2e1da1237c12e45359e1852daaf625d357f69e846bae74f6ea0390a20d721,67b2e1da1237c12e45359e1852daaf625d357f69e846bae74f6ea0390a20d721
AMLC000468,C:\ITDA_OCR_CODE\학습대상데이터\AMLC000468.jpg,4,sha256:7422003b8ae2635b7eba15f21b2e36e81b27e5d612fe7ad6e398163ab7ca6951,7422003b8ae2635b7eba15f21b2e36e81b27e5d612fe7ad6e398163ab7ca6951
AMLC000469,C:\ITDA_OCR_CODE\학습대상데이터\AMLC000469.jpg,3,sha256:58fd31df2392e99dfa3c0a7ca6f492fddc95dca7e04170116b5899e50a5f88f4,58fd31df2392e99dfa3c0a7ca6f492fddc95dca7e04170116b5899e50a5f88f4
AMLC000470,C:\ITDA_OCR_CODE\학습대상데이터\AMLC000470.jpg,5,sha256:1da7deb335b3bbf04eff94bacfe2606de81659aa791decc7005a6b187162c4ae,1da7deb335b3bbf04eff94bacfe2606de81659aa791decc7005a6b187162c4ae
AMLC000471,C:\ITDA_OCR_CODE\학습대상데이터\AMLC000471.jpg,1,sha256:ad93c1854e0415b0948d5c6870c8b68c91f316bfa2014e0fb6751bfd4cb6ec6c,ad93c1854e0415b0948d5c6870c8b68c91f316bfa2014e0fb6751bfd4cb6ec6c
AMLC000472,C:\ITDA_OCR_CODE\학습대상데이터\AMLC000472.jpg,2,sha256:e67e171c035240c86eaca3b08be5f04380a92cd22df0a1ea63deee12cf29d9ce,e67e171c035240c86eaca3b08be5f04380a92cd22df0a1ea63deee12cf29d9ce
AMLC000473,C:\ITDA_OCR_CODE\학습대상데이터\AMLC000473.jpg,5,sha256:88dc639f151ec1fb99e2c57d5ac9223fc74d6b4f88da75f7e471017e2364eb78,88dc639f151ec1fb99e2c57d5ac9223fc74d6b4f88da75f7e471017e2364eb78
AMLC000474,C:\ITDA_OCR_CODE\학습대상데이터\AMLC000474.jpg,1,sha256:fde5ef2374d18cd4911d5b3a8337d9f34a5f4249e810d0eaf1da404f384ab3db,fde5ef2374d18cd4911d5b3a8337d9f34a5f4249e810d0eaf1da404f384ab3db
AMLC000475,C:\ITDA_OCR_CODE\학습대상데이터\AMLC000475.jpg,1,sha256:b155b930d0b257f3607cab2a643cc1baa9f446790a780669207727c2f18c816a,b155b930d0b257f3607cab2a643cc1baa9f446790a780669207727c2f18c816a
AMLC000476,C:\ITDA_OCR_CODE\학습대상데이터\AMLC000476.jpg,3,sha256:51141dcd598b09a49b2b043770957087da90a9db3c89d7dc7b150e81ab5ec999,51141dcd598b09a49b2b043770957087da90a9db3c89d7dc7b150e81ab5ec999
AMLC000477,C:\ITDA_OCR_CODE\학습대상데이터\AMLC000477.jpg,1,sha256:712394a006087623d5b6a2247ce743ffc954d9714eed71f265edbe832ada70c1,712394a006087623d5b6a2247ce743ffc954d9714eed71f265edbe832ada70c1
AMLC000478,C:\ITDA_OCR_CODE\학습대상데이터\AMLC000478.jpg,5,sha256:8c69bf582b6e48f2faa1e466f064918c9c9b1267d21d7b9acec4ea0313aa1dc5,8c69bf582b6e48f2faa1e466f064918c9c9b1267d21d7b9acec4ea0313aa1dc5
AMLC000479,C:\ITDA_OCR_CODE\학습대상데이터\AMLC000479.jpg,2,sha256:fa5b9e021f05ece9ca2a4d80f7d002d7833c5a09bb564ecb1390c2f8ad4e0325,fa5b9e021f05ece9ca2a4d80f7d002d7833c5a09bb564ecb1390c2f8ad4e0325
AMLC000480,C:\ITDA_OCR_CODE\학습대상데이터\AMLC000480.jpg,2,sha256:6d9a147614d309f2c8b58997d5997f6323d3878a002d8d965e0c5db0f1b87f26,6d9a147614d309f2c8b58997d5997f6323d3878a002d8d965e0c5db0f1b87f26
AMLC000481,C:\ITDA_OCR_CODE\학습대상데이터\AMLC000481.jpg,4,sha256:f80e497fce540fafa0609467a63b0028c01d0ab75806e741d3705e9f49317333,f80e497fce540fafa0609467a63b0028c01d0ab75806e741d3705e9f49317333
AMLC000482,C:\ITDA_OCR_CODE\학습대상데이터\AMLC000482.jpg,5,sha256:b378e84982ec0b1c9532c5abe74b5d1ad79a9bd916788f510afb4b9cb242e192,b378e84982ec0b1c9532c5abe74b5d1ad79a9bd916788f510afb4b9cb242e192
AMLC000483,C:\ITDA_OCR_CODE\학습대상데이터\AMLC000483.jpg,4,sha256:1981b0256e19a939043b343fcbd9fa5d9f574ac131d067ccae5e698b07ac7065,1981b0256e19a939043b343fcbd9fa5d9f574ac131d067ccae5e698b07ac7065
AMLC000484,C:\ITDA_OCR_CODE\학습대상데이터\AMLC000484.jpg,2,sha256:7dbdfb40744711db3813f9bafede41f124f7e8f4f192158e43a787e140eed938,7dbdfb40744711db3813f9bafede41f124f7e8f4f192158e43a787e140eed938
AMLC000485,C:\ITDA_OCR_CODE\학습대상데이터\AMLC000485.jpg,3,sha256:74f7d61e52cd9fa6bae76ed57f496c5d2aaa9796f1e24aa121afab34b43351d3,74f7d61e52cd9fa6bae76ed57f496c5d2aaa9796f1e24aa121afab34b43351d3
AMLC000486,C:\ITDA_OCR_CODE\학습대상데이터\AMLC000486.jpg,4,sha256:fe1b2edc76f87cb766f03e4cda1a7cf78f38cfd7c5e9b48f65874e69d558df2c,fe1b2edc76f87cb766f03e4cda1a7cf78f38cfd7c5e9b48f65874e69d558df2c
AMLC000487,C:\ITDA_OCR_CODE\학습대상데이터\AMLC000487.jpg,4,sha256:b7d4b519dac3b9663215d52307bb3ee457eef387a1d009d1eff9c559384fa470,b7d4b519dac3b9663215d52307bb3ee457eef387a1d009d1eff9c559384fa470
AMLC000488,C:\ITDA_OCR_CODE\학습대상데이터\AMLC000488.jpg,2,sha256:e72cf3cfe4f9d945f9384ce02455b98dd1fd4fc132540dfe8c5468a8476b8326,e72cf3cfe4f9d945f9384ce02455b98dd1fd4fc132540dfe8c5468a8476b8326
AMLC000489,C:\ITDA_OCR_CODE\학습대상데이터\AMLC000489.jpg,2,sha256:90a1419c40e57d07eddc23d16ab907825be9b910b0ae65e6b0d240d08d916b3c,90a1419c40e57d07eddc23d16ab907825be9b910b0ae65e6b0d240d08d916b3c
AMLC000490,C:\ITDA_OCR_CODE\학습대상데이터\AMLC000490.jpg,4,sha256:2c1c75a031fc0c93e70912af97a66fa471fb8f9e4858c2e2b7eacaa48d2f5a0e,2c1c75a031fc0c93e70912af97a66fa471fb8f9e4858c2e2b7eacaa48d2f5a0e
AMLC000491,C:\ITDA_OCR_CODE\학습대상데이터\AMLC000491.jpg,5,sha256:f938ac89d62d06dd7197b845d102bb0a630ee1f4a59ce97ace521accd219856a,f938ac89d62d06dd7197b845d102bb0a630ee1f4a59ce97ace521accd219856a
AMLC000492,C:\ITDA_OCR_CODE\학습대상데이터\AMLC000492.jpg,5,sha256:ed9614882e21453c396a84a912bfc8a6fe3903541d30087fc67a865ab5f29936,ed9614882e21453c396a84a912bfc8a6fe3903541d30087fc67a865ab5f29936
AMLC000493,C:\ITDA_OCR_CODE\학습대상데이터\AMLC000493.jpg,3,sha256:eab695637436cdc89f257664d3a6ef5382775fb0c51e2b008554a42e9da6e578,eab695637436cdc89f257664d3a6ef5382775fb0c51e2b008554a42e9da6e578
AMLC000494,C:\ITDA_OCR_CODE\학습대상데이터\AMLC000494.jpg,2,sha256:fd72974fd6ba3f1212cf00841414d8f4c5a2dae17a1eba9460837f6523a6d42c,fd72974fd6ba3f1212cf00841414d8f4c5a2dae17a1eba9460837f6523a6d42c
AMLC000495,C:\ITDA_OCR_CODE\학습대상데이터\AMLC000495.jpg,3,sha256:60b19c43d10c772474e0a22eb0a5099b8b3928ba40e0faaef70bbf086bcde837,60b19c43d10c772474e0a22eb0a5099b8b3928ba40e0faaef70bbf086bcde837
AMLC000496,C:\ITDA_OCR_CODE\학습대상데이터\AMLC000496.jpg,3,sha256:949e4ebd7f7c445f13e838bf140e1b953c297254b3845cb4f7ebf92d444d27ec,949e4ebd7f7c445f13e838bf140e1b953c297254b3845cb4f7ebf92d444d27ec
AMLC000497,C:\ITDA_OCR_CODE\학습대상데이터\AMLC000497.jpg,2,sha256:9fa0a689b8ea6d05fc5ce6444e986f7a3e29edd94f608a042d5bd904836239de,9fa0a689b8ea6d05fc5ce6444e986f7a3e29edd94f608a042d5bd904836239de
AMLC000498,C:\ITDA_OCR_CODE\학습대상데이터\AMLC000498.jpg,4,sha256:ac36adb0a7bd064f598fc117a817b0f7d5550f2b335fde3c139d1f2d215cab1f,ac36adb0a7bd064f598fc117a817b0f7d5550f2b335fde3c139d1f2d215cab1f
AMLC000499,C:\ITDA_OCR_CODE\학습대상데이터\AMLC000499.jpg,2,sha256:39d614d3e582297ef801c5cf0d3b3e16285980f42ed463b97abcaca6dda51e4b,39d614d3e582297ef801c5cf0d3b3e16285980f42ed463b97abcaca6dda51e4b
AMLC000500,C:\ITDA_OCR_CODE\학습대상데이터\AMLC000500.jpg,3,sha256:92ed586fe6417d9b8b10fa4cf08f927cd26c4ce4361d3d75e4cfaf13860f3999,92ed586fe6417d9b8b10fa4cf08f927cd26c4ce4361d3d75e4cfaf13860f3999
AMLC000501,C:\ITDA_OCR_CODE\학습대상데이터\AMLC000501.jpg,1,sha256:eff5ebc1101a5f7759ead41c56ac9f3fa9e67023cc0ad3710a072a63b3a006a7,eff5ebc1101a5f7759ead41c56ac9f3fa9e67023cc0ad3710a072a63b3a006a7
AMLC000502,C:\ITDA_OCR_CODE\학습대상데이터\AMLC000502.jpg,4,sha256:af9352ff5f4a809d00370a46e5ee492afab8a753d101a3dc0dff7c031a8b3907,af9352ff5f4a809d00370a46e5ee492afab8a753d101a3dc0dff7c031a8b3907
AMLC000503,C:\ITDA_OCR_CODE\학습대상데이터\AMLC000503.jpg,5,sha256:0ba16ac5fd5c680544b2ffba9ebfec3fe78cbcddd4679cefd388562acd245325,0ba16ac5fd5c680544b2ffba9ebfec3fe78cbcddd4679cefd388562acd245325
AMLC000504,C:\ITDA_OCR_CODE\학습대상데이터\AMLC000504.jpg,4,sha256:5d37c781e6cdab41b480d419eb7fed9ea69e3aa300a3f0642ca39a2aa4281130,5d37c781e6cdab41b480d419eb7fed9ea69e3aa300a3f0642ca39a2aa4281130
AMLC000505,C:\ITDA_OCR_CODE\학습대상데이터\AMLC000505.jpg,1,sha256:1466489314eaf481a6e6ff37de2a30b23a8e40dc70f059e200dee374e31c4f88,1466489314eaf481a6e6ff37de2a30b23a8e40dc70f059e200dee374e31c4f88
AMLC000506,C:\ITDA_OCR_CODE\학습대상데이터\AMLC000506.jpg,5,sha256:8f0b54a2c3138322723561fadab7616e99555deeccb8c5f5b929f77f02dd397d,8f0b54a2c3138322723561fadab7616e99555deeccb8c5f5b929f77f02dd397d
AMLC000507,C:\ITDA_OCR_CODE\학습대상데이터\AMLC000507.jpg,1,sha256:ac0c9c3b53a3f9b91f04c626db2a1c4852e8d2dc8b28c037b57f3bff67db62f7,ac0c9c3b53a3f9b91f04c626db2a1c4852e8d2dc8b28c037b57f3bff67db62f7
AMLC000508,C:\ITDA_OCR_CODE\학습대상데이터\AMLC000508.jpg,5,sha256:9b943f4973b6a04018e46d187266cfded4a26793a81a24e7d0284397b7af745f,9b943f4973b6a04018e46d187266cfded4a26793a81a24e7d0284397b7af745f
AMLC000509,C:\ITDA_OCR_CODE\학습대상데이터\AMLC000509.jpg,3,sha256:0b158c13ec9eea18a094740a14ab72250fbeefe9239e3d3e54414121a5657f13,0b158c13ec9eea18a094740a14ab72250fbeefe9239e3d3e54414121a5657f13
AMLC000510,C:\ITDA_OCR_CODE\학습대상데이터\AMLC000510.jpg,1,sha256:4173cc2bf63b55f606d27a45479eb2b36c0145ec74468e089522a7f819ac7a12,4173cc2bf63b55f606d27a45479eb2b36c0145ec74468e089522a7f819ac7a12
AMLC000511,C:\ITDA_OCR_CODE\학습대상데이터\AMLC000511.jpg,4,sha256:f266d7c30c27500db49214b01d44041c0718531a9aeea5d2a05d53f3ba2cf80f,f266d7c30c27500db49214b01d44041c0718531a9aeea5d2a05d53f3ba2cf80f
AMLC000512,C:\ITDA_OCR_CODE\학습대상데이터\AMLC000512.jpg,2,sha256:795fc63bdfba0ccd102d3e3c8f8d548bae05f00517e1a59f22418f74d4ee9eb0,795fc63bdfba0ccd102d3e3c8f8d548bae05f00517e1a59f22418f74d4ee9eb0
AMLC000513,C:\ITDA_OCR_CODE\학습대상데이터\AMLC000513.jpg,4,sha256:89f9e435f95f5ea73fded4519037cfae40610b6b17e38ffa179dfe6c18c59999,89f9e435f95f5ea73fded4519037cfae40610b6b17e38ffa179dfe6c18c59999
AMLC000514,C:\ITDA_OCR_CODE\학습대상데이터\AMLC000514.jpg,4,sha256:d20ae1f9ea4c94c25ad3fe153ea8133a74a1673035748aee343ac77f009a012c,d20ae1f9ea4c94c25ad3fe153ea8133a74a1673035748aee343ac77f009a012c
AMLC000515,C:\ITDA_OCR_CODE\학습대상데이터\AMLC000515.jpg,1,sha256:125c3c13b4a4a6304c3a86fa367a8d55d5c55fa0276a31ca8b20e035aa8f2aa5,125c3c13b4a4a6304c3a86fa367a8d55d5c55fa0276a31ca8b20e035aa8f2aa5
AMLC000516,C:\ITDA_OCR_CODE\학습대상데이터\AMLC000516.jpg,2,sha256:4b9ad79b9b59d727d8b189b7b9670b8886a1703698710bc7359f8233d8856556,4b9ad79b9b59d727d8b189b7b9670b8886a1703698710bc7359f8233d8856556
AMLC000517,C:\ITDA_OCR_CODE\학습대상데이터\AMLC000517.jpg,4,sha256:318327885ba19b20085aed95ec733a31b2d37053aefbe284758d6b4d2e7d880c,318327885ba19b20085aed95ec733a31b2d37053aefbe284758d6b4d2e7d880c
AMLC000518,C:\ITDA_OCR_CODE\학습대상데이터\AMLC000518.jpg,5,sha256:bc35a1e63eb0dc26c73435132c75ea25e9d1ebc179babbec43253c587ac852e9,bc35a1e63eb0dc26c73435132c75ea25e9d1ebc179babbec43253c587ac852e9
AMLC000519,C:\ITDA_OCR_CODE\학습대상데이터\AMLC000519.jpg,5,sha256:3ed915735fa7fc449d3e3712210aad12fef6ae01fe5268e28b2ebc0b09d1add7,3ed915735fa7fc449d3e3712210aad12fef6ae01fe5268e28b2ebc0b09d1add7
AMLC000520,C:\ITDA_OCR_CODE\학습대상데이터\AMLC000520.jpg,4,sha256:7d30707d704f9d40a5790a565301b1febb29033493441af4be880d36166681ea,7d30707d704f9d40a5790a565301b1febb29033493441af4be880d36166681ea
AMLC000521,C:\ITDA_OCR_CODE\학습대상데이터\AMLC000521.jpg,5,sha256:00cf1c59f2805212b691c6699c41de05b5837f2593b8ce4a52f820e24cc91f0d,00cf1c59f2805212b691c6699c41de05b5837f2593b8ce4a52f820e24cc91f0d
AMLC000522,C:\ITDA_OCR_CODE\학습대상데이터\AMLC000522.jpg,5,sha256:9d909480eeefe21ae44608c2a7cccb5830b1f332d017a30fdefee3adcc159d2a,9d909480eeefe21ae44608c2a7cccb5830b1f332d017a30fdefee3adcc159d2a
AMLC000523,C:\ITDA_OCR_CODE\학습대상데이터\AMLC000523.jpg,5,sha256:50c9821c43a92934f7dcd2853e5d5f2b1b30fdc52ea073c91d058dfd038affdd,50c9821c43a92934f7dcd2853e5d5f2b1b30fdc52ea073c91d058dfd038affdd
AMLC000524,C:\ITDA_OCR_CODE\학습대상데이터\AMLC000524.jpg,2,sha256:f5253fb763b49e768fe6f05ce15a40007219f63179657680ceb00694ff9a9605,f5253fb763b49e768fe6f05ce15a40007219f63179657680ceb00694ff9a9605
AMLC000525,C:\ITDA_OCR_CODE\학습대상데이터\AMLC000525.jpg,3,sha256:44e284bd126d94a840044ea4ec8c500b0cc0c65ea39c16660a2d95833c85fec5,44e284bd126d94a840044ea4ec8c500b0cc0c65ea39c16660a2d95833c85fec5
AMLC000526,C:\ITDA_OCR_CODE\학습대상데이터\AMLC000526.jpg,2,sha256:8b60cfa3f0be7d456c8b9cb6f20cb961c1eb6d389a82cccb7fd1d85a59526d57,8b60cfa3f0be7d456c8b9cb6f20cb961c1eb6d389a82cccb7fd1d85a59526d57
AMLC000527,C:\ITDA_OCR_CODE\학습대상데이터\AMLC000527.jpg,4,sha256:e66036ae074097f03b3f08016748036304bae10fc00ba5ce1a4aae679805ac6b,e66036ae074097f03b3f08016748036304bae10fc00ba5ce1a4aae679805ac6b
AMLC000528,C:\ITDA_OCR_CODE\학습대상데이터\AMLC000528.jpg,1,sha256:f1bedc124b3923ba3e7e12e8c6b6bee1838d288d7bc98c65c9d1355d01198d6c,f1bedc124b3923ba3e7e12e8c6b6bee1838d288d7bc98c65c9d1355d01198d6c
AMLC000529,C:\ITDA_OCR_CODE\학습대상데이터\AMLC000529.jpg,4,sha256:fce7b7ddfe3edfe073c21bfb15192221af0d83c6b3754a1abac460c85f650430,fce7b7ddfe3edfe073c21bfb15192221af0d83c6b3754a1abac460c85f650430
AMLC000530,C:\ITDA_OCR_CODE\학습대상데이터\AMLC000530.jpg,4,sha256:6daea7ccd2ef9a6442b0d21ee14030e3dadeed7d0135f9840ab18ba453924fc3,6daea7ccd2ef9a6442b0d21ee14030e3dadeed7d0135f9840ab18ba453924fc3
AMLC000531,C:\ITDA_OCR_CODE\학습대상데이터\AMLC000531.jpg,5,sha256:e31d5c6853dc766b593f309e32bf4ac78dc95a514281af82490e176608c77959,e31d5c6853dc766b593f309e32bf4ac78dc95a514281af82490e176608c77959
AMLC000532,C:\ITDA_OCR_CODE\학습대상데이터\AMLC000532.jpg,1,sha256:8d803863be60e56d5359fdd4fcd8f434a304c83585442fb15b35386a1a1c2a3c,8d803863be60e56d5359fdd4fcd8f434a304c83585442fb15b35386a1a1c2a3c
AMLC000533,C:\ITDA_OCR_CODE\학습대상데이터\AMLC000533.jpg,5,sha256:bb121dc253397af8d75f8748ec0acf394442ad5cb9823f874b94d615a0654e21,bb121dc253397af8d75f8748ec0acf394442ad5cb9823f874b94d615a0654e21
AMLC000534,C:\ITDA_OCR_CODE\학습대상데이터\AMLC000534.jpg,4,sha256:3ce0e26ad10f5eb37afc3ef1a87344434d5c575a383e403fbc0533aab87ca184,3ce0e26ad10f5eb37afc3ef1a87344434d5c575a383e403fbc0533aab87ca184
AMLC000535,C:\ITDA_OCR_CODE\학습대상데이터\AMLC000535.jpg,3,sha256:095c2e6f77cfa89404a6da3f9ca72e85c145eee8403d4a901509a0472f0dc77b,095c2e6f77cfa89404a6da3f9ca72e85c145eee8403d4a901509a0472f0dc77b
AMLC000536,C:\ITDA_OCR_CODE\학습대상데이터\AMLC000536.jpg,4,sha256:62797469d4e623b76244f89f70e9365951c575a84dfee2dd26a701fc0a3e2d30,62797469d4e623b76244f89f70e9365951c575a84dfee2dd26a701fc0a3e2d30
AMLC000537,C:\ITDA_OCR_CODE\학습대상데이터\AMLC000537.jpg,1,sha256:f14f246d4e462331304edca351f3d8b9696fe64c9ff24ffc0e7e390160b3a6be,f14f246d4e462331304edca351f3d8b9696fe64c9ff24ffc0e7e390160b3a6be
AMLC000538,C:\ITDA_OCR_CODE\학습대상데이터\AMLC000538.jpg,5,sha256:37e6e445c19d339bc316b7200099a3f53eb135491f4f3d385c92a701679f3955,37e6e445c19d339bc316b7200099a3f53eb135491f4f3d385c92a701679f3955
AMLC000539,C:\ITDA_OCR_CODE\학습대상데이터\AMLC000539.jpg,5,sha256:a9591085ee8e0d194d54ed0b0cd4c488baa64613fd0ca45c05ec9fffcdd8b77c,a9591085ee8e0d194d54ed0b0cd4c488baa64613fd0ca45c05ec9fffcdd8b77c
AMLC000540,C:\ITDA_OCR_CODE\학습대상데이터\AMLC000540.jpg,3,sha256:4e54e9338715bb9c9c6045ae966f7e71083ec977cc101ccdab5da6b0c0f4c5ae,4e54e9338715bb9c9c6045ae966f7e71083ec977cc101ccdab5da6b0c0f4c5ae
AMLC000541,C:\ITDA_OCR_CODE\학습대상데이터\AMLC000541.jpg,1,sha256:a77f9913db71a861310e6b75e7e5d0642bde8d504b3c54f8af4d55b148502bb6,a77f9913db71a861310e6b75e7e5d0642bde8d504b3c54f8af4d55b148502bb6
AMLC000542,C:\ITDA_OCR_CODE\학습대상데이터\AMLC000542.jpg,5,sha256:ac253be193ee98fcc565cbe4389af4fb04ec8b1189aeafa434c142c1b383394b,ac253be193ee98fcc565cbe4389af4fb04ec8b1189aeafa434c142c1b383394b
AMLC000543,C:\ITDA_OCR_CODE\학습대상데이터\AMLC000543.jpg,4,sha256:df70991860f7967a1b763e3d482db7327458f8435bcd70557e9b166779285fec,df70991860f7967a1b763e3d482db7327458f8435bcd70557e9b166779285fec
AMLC000544,C:\ITDA_OCR_CODE\학습대상데이터\AMLC000544.jpg,5,sha256:f230a36b742862793ebb06c3ec7d98895e48e0267014f39e144b2ddad4cc593e,f230a36b742862793ebb06c3ec7d98895e48e0267014f39e144b2ddad4cc593e
AMLC000545,C:\ITDA_OCR_CODE\학습대상데이터\AMLC000545.jpg,4,sha256:313de5c118545f31f1d80d7c9cfc38fcba5310f896217726c721b2d6a667e000,313de5c118545f31f1d80d7c9cfc38fcba5310f896217726c721b2d6a667e000
AMLC000546,C:\ITDA_OCR_CODE\학습대상데이터\AMLC000546.jpg,5,sha256:a97cfb55b68e03925cda9c376501e5dd70e9d50b4832ef17d9a94ed6aeed9b61,a97cfb55b68e03925cda9c376501e5dd70e9d50b4832ef17d9a94ed6aeed9b61
AMLC000547,C:\ITDA_OCR_CODE\학습대상데이터\AMLC000547.jpg,1,sha256:b21ac0f3f16b64c4fce11ddcbb8f71083c599c93488d1d3d18fe27c504f9bb30,b21ac0f3f16b64c4fce11ddcbb8f71083c599c93488d1d3d18fe27c504f9bb30
AMLC000548,C:\ITDA_OCR_CODE\학습대상데이터\AMLC000548.jpg,1,sha256:9504151df1d898afefd5d5a66c22f9927c724b6d2902a3a49d9f0b5375c848b7,9504151df1d898afefd5d5a66c22f9927c724b6d2902a3a49d9f0b5375c848b7
AMLC000549,C:\ITDA_OCR_CODE\학습대상데이터\AMLC000549.jpg,3,sha256:0bd3a195327b2edbbe72427b15dbe2e77c17e0d03e777a21c1cf258143298527,0bd3a195327b2edbbe72427b15dbe2e77c17e0d03e777a21c1cf258143298527
AMLC000550,C:\ITDA_OCR_CODE\학습대상데이터\AMLC000550.jpg,4,sha256:d6f6037221eb6b5bdde7cb9b1bfcbedab4f3447e57a3144d35840e1cbcf55e82,d6f6037221eb6b5bdde7cb9b1bfcbedab4f3447e57a3144d35840e1cbcf55e82
AMLC000551,C:\ITDA_OCR_CODE\학습대상데이터\AMLC000551.jpg,2,sha256:df812ae448e373fb22f2548de95d9b9c45fa3c1ba6b31b084a06b2bc93df0cd6,df812ae448e373fb22f2548de95d9b9c45fa3c1ba6b31b084a06b2bc93df0cd6
AMLC000552,C:\ITDA_OCR_CODE\학습대상데이터\AMLC000552.jpg,1,sha256:a6e900f18bc23d4aeda7e8c566957fc30eff9fd64a2a9197b43cc50660982b62,a6e900f18bc23d4aeda7e8c566957fc30eff9fd64a2a9197b43cc50660982b62
AMLC000553,C:\ITDA_OCR_CODE\학습대상데이터\AMLC000553.jpg,4,sha256:13cd36028d3d8e7138165bcab11deaed5388eeaaf4b1f5552836cb60f696bde1,13cd36028d3d8e7138165bcab11deaed5388eeaaf4b1f5552836cb60f696bde1
AMLC000554,C:\ITDA_OCR_CODE\학습대상데이터\AMLC000554.jpg,1,sha256:7e15b412a50a285efd71b2f2b606e0d4160484492133dabe0c9fe13b08f25ea5,7e15b412a50a285efd71b2f2b606e0d4160484492133dabe0c9fe13b08f25ea5
AMLC000555,C:\ITDA_OCR_CODE\학습대상데이터\AMLC000555.jpg,5,sha256:1fb235c9177cff7083db2918975fce0767aafeb05977226748c8eaf949b9f812,1fb235c9177cff7083db2918975fce0767aafeb05977226748c8eaf949b9f812
AMLC000556,C:\ITDA_OCR_CODE\학습대상데이터\AMLC000556.jpg,4,sha256:b0a0e9b6cdbc4e9c22efa0b1586db789dcde3de07f0f8a310b2808be0d78380e,b0a0e9b6cdbc4e9c22efa0b1586db789dcde3de07f0f8a310b2808be0d78380e
AMLC000557,C:\ITDA_OCR_CODE\학습대상데이터\AMLC000557.jpg,2,sha256:36ca49097f142ec46e878e56470a863646cd0633c7e2ab08d787020f587abf73,36ca49097f142ec46e878e56470a863646cd0633c7e2ab08d787020f587abf73
AMLC000558,C:\ITDA_OCR_CODE\학습대상데이터\AMLC000558.jpg,3,sha256:e99ea1540d14dddd0d61d4c3956811953bdb8af2ba4a3a8e5cafb3ee9df9d974,e99ea1540d14dddd0d61d4c3956811953bdb8af2ba4a3a8e5cafb3ee9df9d974
AMLC000559,C:\ITDA_OCR_CODE\학습대상데이터\AMLC000559.jpg,1,sha256:86808f59ec7a4fbc79a2ad234e233ac994a74e891dbb24333a4346870ec58846,86808f59ec7a4fbc79a2ad234e233ac994a74e891dbb24333a4346870ec58846
AMLC000560,C:\ITDA_OCR_CODE\학습대상데이터\AMLC000560.jpg,1,sha256:a4beef347226e9c2a2522e67cdb53663108b59cc2772487ba4619a7761c8a174,a4beef347226e9c2a2522e67cdb53663108b59cc2772487ba4619a7761c8a174
AMLC000561,C:\ITDA_OCR_CODE\학습대상데이터\AMLC000561.jpg,4,sha256:5fc639577b519c213e5ac24995394f8a98c01953f96d0b4acaf7784e044135c8,5fc639577b519c213e5ac24995394f8a98c01953f96d0b4acaf7784e044135c8
AMLC000562,C:\ITDA_OCR_CODE\학습대상데이터\AMLC000562.jpg,5,sha256:bd0f5ee452615a3a2a4049e524f5deb8df85445b26ec720ea44a0d63cc0a06fa,bd0f5ee452615a3a2a4049e524f5deb8df85445b26ec720ea44a0d63cc0a06fa
AMLC000563,C:\ITDA_OCR_CODE\학습대상데이터\AMLC000563.jpg,4,sha256:3e59f3ada01207c5f425cd802de7288ba592cd209ada92abf71d836fadecdcd9,3e59f3ada01207c5f425cd802de7288ba592cd209ada92abf71d836fadecdcd9
AMLC000564,C:\ITDA_OCR_CODE\학습대상데이터\AMLC000564.jpg,4,sha256:aa7c1f9ed584d511f0fcd2a16b7436b87d1ae5b7be310e2922a2e27fb1d7b7cf,aa7c1f9ed584d511f0fcd2a16b7436b87d1ae5b7be310e2922a2e27fb1d7b7cf
AMLC000565,C:\ITDA_OCR_CODE\학습대상데이터\AMLC000565.jpg,1,sha256:9f1a0ed7acbb217c4dc77cb7ebd3b9162e09e0a8acb67929b9507ef5a23bc35d,9f1a0ed7acbb217c4dc77cb7ebd3b9162e09e0a8acb67929b9507ef5a23bc35d
AMLC000566,C:\ITDA_OCR_CODE\학습대상데이터\AMLC000566.jpg,4,sha256:04edade60a6d179fda4927c28bcbe47952d82c1e66d374c6bfab46533c359124,04edade60a6d179fda4927c28bcbe47952d82c1e66d374c6bfab46533c359124
AMLC000567,C:\ITDA_OCR_CODE\학습대상데이터\AMLC000567.jpg,5,sha256:cff8f93c8c01eb220abc95106e5079f1bb19e756c2fe5daedf4a97d6369a2882,cff8f93c8c01eb220abc95106e5079f1bb19e756c2fe5daedf4a97d6369a2882
AMLC000568,C:\ITDA_OCR_CODE\학습대상데이터\AMLC000568.jpg,5,sha256:6f709ab14974ece2ed9c2b84a53ef706875a78db55a647d77469681df618b57f,6f709ab14974ece2ed9c2b84a53ef706875a78db55a647d77469681df618b57f
AMLC000569,C:\ITDA_OCR_CODE\학습대상데이터\AMLC000569.jpg,5,sha256:ef12649bc37dad0a9378a429b54746f0ac88b73adc39eeb4db20fad781330422,ef12649bc37dad0a9378a429b54746f0ac88b73adc39eeb4db20fad781330422
AMLC000570,C:\ITDA_OCR_CODE\학습대상데이터\AMLC000570.jpg,1,sha256:093274dd842b13e22f9edfd1e9afdd0e3de7e3eb984c4a85fae51c740ce9d2e4,093274dd842b13e22f9edfd1e9afdd0e3de7e3eb984c4a85fae51c740ce9d2e4
AMLC000571,C:\ITDA_OCR_CODE\학습대상데이터\AMLC000571.jpg,5,sha256:bfd5b34c880279dc497633e4e1511c7b48f0f5a96151dda87e961655625c0d0b,bfd5b34c880279dc497633e4e1511c7b48f0f5a96151dda87e961655625c0d0b
AMLC000572,C:\ITDA_OCR_CODE\학습대상데이터\AMLC000572.jpg,3,sha256:c65a025b53663c729881da262a2db6d012290575fc8d47584e03d02e72b2ed75,c65a025b53663c729881da262a2db6d012290575fc8d47584e03d02e72b2ed75
AMLC000573,C:\ITDA_OCR_CODE\학습대상데이터\AMLC000573.jpg,2,sha256:11048b68a89b3adb337fe5f6805e4a3759d09c3190670f735babe52e8c710a33,11048b68a89b3adb337fe5f6805e4a3759d09c3190670f735babe52e8c710a33
AMLC000574,C:\ITDA_OCR_CODE\학습대상데이터\AMLC000574.jpg,3,sha256:1df244dea466867e20cc346e3413f0289fd594ded4b30a98e582d79193387487,1df244dea466867e20cc346e3413f0289fd594ded4b30a98e582d79193387487
AMLC000575,C:\ITDA_OCR_CODE\학습대상데이터\AMLC000575.jpg,1,sha256:ed15f9c90d92406c75f896ad23008afa8ad97cd0fac4f123547fea61b1052987,ed15f9c90d92406c75f896ad23008afa8ad97cd0fac4f123547fea61b1052987
AMLC000576,C:\ITDA_OCR_CODE\학습대상데이터\AMLC000576.jpg,2,sha256:f45d3673c4fd4863fd51de314a4f779a1eb9fb230564c6238882d90331bc4909,f45d3673c4fd4863fd51de314a4f779a1eb9fb230564c6238882d90331bc4909
AMLC000577,C:\ITDA_OCR_CODE\학습대상데이터\AMLC000577.jpg,1,sha256:a2b2a348072fbeafdf3b068f3cad388cd93801893ee71ccfc71fffa05f7d5131,a2b2a348072fbeafdf3b068f3cad388cd93801893ee71ccfc71fffa05f7d5131
AMLC000578,C:\ITDA_OCR_CODE\학습대상데이터\AMLC000578.jpg,4,sha256:25a73b8aa429ba0eebd8c168d2e0506c23d76e788695545c1a631ad25fe9296f,25a73b8aa429ba0eebd8c168d2e0506c23d76e788695545c1a631ad25fe9296f
AMLC000579,C:\ITDA_OCR_CODE\학습대상데이터\AMLC000579.jpg,4,sha256:ac768c61d4b166fb0db3b62ba98464ac1219b3f530bb8eb23b605632066c8027,ac768c61d4b166fb0db3b62ba98464ac1219b3f530bb8eb23b605632066c8027
AMLC000580,C:\ITDA_OCR_CODE\학습대상데이터\AMLC000580.jpg,3,sha256:6664258c5613160c09e0e5344c622ad0568f99cbb2db532e0a8a8aa9c63b87b1,6664258c5613160c09e0e5344c622ad0568f99cbb2db532e0a8a8aa9c63b87b1
AMLC000581,C:\ITDA_OCR_CODE\학습대상데이터\AMLC000581.jpg,1,sha256:14800efc991d2bb9143d40d67b84f475c9a667ae99ecbb469a0a5cd3136e599c,14800efc991d2bb9143d40d67b84f475c9a667ae99ecbb469a0a5cd3136e599c
AMLC000582,C:\ITDA_OCR_CODE\학습대상데이터\AMLC000582.jpg,3,sha256:232e514a8c8ce0dc23f96b055439e2e58feab0df5c6876e1aeb2a46873980602,232e514a8c8ce0dc23f96b055439e2e58feab0df5c6876e1aeb2a46873980602
AMLC000583,C:\ITDA_OCR_CODE\학습대상데이터\AMLC000583.jpg,3,sha256:614a3b6994dee8934d14b809236ca14f093f95debd227b283f4eae33d070db3c,614a3b6994dee8934d14b809236ca14f093f95debd227b283f4eae33d070db3c
AMLC000584,C:\ITDA_OCR_CODE\학습대상데이터\AMLC000584.jpg,1,sha256:7d9e2d06cdcec727d9b03dca48d8a98cfbd8c1f8ed52a75a86dc28ce9f3fede8,7d9e2d06cdcec727d9b03dca48d8a98cfbd8c1f8ed52a75a86dc28ce9f3fede8
AMLC000585,C:\ITDA_OCR_CODE\학습대상데이터\AMLC000585.jpg,5,sha256:f2574b48370f74564768fba6ecc9d7cb6a1b78db3b800fcad5b4f1b39b0dfccf,f2574b48370f74564768fba6ecc9d7cb6a1b78db3b800fcad5b4f1b39b0dfccf
AMLC000586,C:\ITDA_OCR_CODE\학습대상데이터\AMLC000586.jpg,5,sha256:7dd11628be75e1dc0a05c25040d289f2ea1c5ec82b4d97609877c50d2b7e0c76,7dd11628be75e1dc0a05c25040d289f2ea1c5ec82b4d97609877c50d2b7e0c76
AMLC000587,C:\ITDA_OCR_CODE\학습대상데이터\AMLC000587.jpg,1,sha256:cf74bfeaa12fba5a44b0ef269bb0baa0b526c477b27af096cf60a766813289c0,cf74bfeaa12fba5a44b0ef269bb0baa0b526c477b27af096cf60a766813289c0
AMLC000588,C:\ITDA_OCR_CODE\학습대상데이터\AMLC000588.jpg,1,sha256:9e92a7ff647e608ab2b28990bed33ca46f367d4b21314877ba3e5c97cc5436bf,9e92a7ff647e608ab2b28990bed33ca46f367d4b21314877ba3e5c97cc5436bf
AMLC000589,C:\ITDA_OCR_CODE\학습대상데이터\AMLC000589.jpg,4,sha256:dc5e28c48c2db09bd4e4be3b6195caae6972ac070d13bd4a7c7e3925f267d610,dc5e28c48c2db09bd4e4be3b6195caae6972ac070d13bd4a7c7e3925f267d610
AMLC000590,C:\ITDA_OCR_CODE\학습대상데이터\AMLC000590.jpg,3,sha256:98dd4fecab939c6e01b29834d1b6b285026759ddc74e36321529466a2bad4456,98dd4fecab939c6e01b29834d1b6b285026759ddc74e36321529466a2bad4456
AMLC000591,C:\ITDA_OCR_CODE\학습대상데이터\AMLC000591.jpg,4,sha256:053b4e938692f8fba95715818d9e2297cee5549878f1e604a972c54abd73ab7d,053b4e938692f8fba95715818d9e2297cee5549878f1e604a972c54abd73ab7d
AMLC000592,C:\ITDA_OCR_CODE\학습대상데이터\AMLC000592.jpg,1,sha256:7efeb72582341ece352fdfc34e0baa5c4ae805e10816ef583bd0f1274b990fb6,7efeb72582341ece352fdfc34e0baa5c4ae805e10816ef583bd0f1274b990fb6
AMLC000593,C:\ITDA_OCR_CODE\학습대상데이터\AMLC000593.jpg,2,sha256:28e09354c195c0c18e9a51e9189b8bfe7220b48f2ba166a3b8a72e957205418c,28e09354c195c0c18e9a51e9189b8bfe7220b48f2ba166a3b8a72e957205418c
AMLC000594,C:\ITDA_OCR_CODE\학습대상데이터\AMLC000594.jpg,5,sha256:6facef1866160fbeb4ebf9d9702d757da6d75fc385d20506651f45221ceb7c4b,6facef1866160fbeb4ebf9d9702d757da6d75fc385d20506651f45221ceb7c4b
AMLC000595,C:\ITDA_OCR_CODE\학습대상데이터\AMLC000595.jpg,4,sha256:66d47a9d3f94da2e476728009fa3e90d82236c27e77dd3c92da610fac38b0de6,66d47a9d3f94da2e476728009fa3e90d82236c27e77dd3c92da610fac38b0de6
AMLC000596,C:\ITDA_OCR_CODE\학습대상데이터\AMLC000596.jpg,4,sha256:3873d5df9d5c59e24e5bc3963703b86294c09cc22b37b9a6a6195d5c79144070,3873d5df9d5c59e24e5bc3963703b86294c09cc22b37b9a6a6195d5c79144070
AMLC000597,C:\ITDA_OCR_CODE\학습대상데이터\AMLC000597.jpg,4,sha256:0da7255f31ac9680a9f8f46001902abbea87fe184170fd1984e9205cc5a08f7f,0da7255f31ac9680a9f8f46001902abbea87fe184170fd1984e9205cc5a08f7f
AMLC000598,C:\ITDA_OCR_CODE\학습대상데이터\AMLC000598.jpg,4,sha256:be726e238322fd6fad0c78e69604f02d23f84da33216cbe85405e1ca2461795a,be726e238322fd6fad0c78e69604f02d23f84da33216cbe85405e1ca2461795a
AMLC000599,C:\ITDA_OCR_CODE\학습대상데이터\AMLC000599.jpg,5,sha256:347fbed0edcc24af27cdf79f105514900962093dcf0dc8d7f472b9874453c986,347fbed0edcc24af27cdf79f105514900962093dcf0dc8d7f472b9874453c986
AMLC000600,C:\ITDA_OCR_CODE\학습대상데이터\AMLC000600.jpg,4,sha256:08aa79d8bedeeae016a08db7e67ff55b7c9437814b38d9281c71fc5d83be0c78,08aa79d8bedeeae016a08db7e67ff55b7c9437814b38d9281c71fc5d83be0c78
AMLC000601,C:\ITDA_OCR_CODE\학습대상데이터\AMLC000601.jpg,3,sha256:96a263ecedda6fb7449cd52f351ea3572b8c7bfddfd29d6ea72d68573330665d,96a263ecedda6fb7449cd52f351ea3572b8c7bfddfd29d6ea72d68573330665d
AMLC000602,C:\ITDA_OCR_CODE\학습대상데이터\AMLC000602.jpg,1,sha256:96517ad673e7fb49a91e9682ffcef426c37ef7d3abab178b9acfcb490273cf00,96517ad673e7fb49a91e9682ffcef426c37ef7d3abab178b9acfcb490273cf00
AMLC000603,C:\ITDA_OCR_CODE\학습대상데이터\AMLC000603.jpg,3,sha256:3fe2f86b7b16af544df709d1519e4e6380625798b1dbc5294d51366fb1dbce92,3fe2f86b7b16af544df709d1519e4e6380625798b1dbc5294d51366fb1dbce92
AMLC000604,C:\ITDA_OCR_CODE\학습대상데이터\AMLC000604.jpg,4,sha256:620ad60d03f548156772318639ec503a0a5db67722e33131c9f23906aa3b6b3d,620ad60d03f548156772318639ec503a0a5db67722e33131c9f23906aa3b6b3d
AMLC000605,C:\ITDA_OCR_CODE\학습대상데이터\AMLC000605.jpg,5,sha256:fde36dad1192ad36bfa16e6f2e90f3b1048041b94ef1b2a4600cfdf9feb235d2,fde36dad1192ad36bfa16e6f2e90f3b1048041b94ef1b2a4600cfdf9feb235d2
AMLC000606,C:\ITDA_OCR_CODE\학습대상데이터\AMLC000606.jpg,2,sha256:9ea32e4b9474b9dc7ee67f6fa64c6a6b34d7e5ac87f5a7fcda85ccdaeeda9220,9ea32e4b9474b9dc7ee67f6fa64c6a6b34d7e5ac87f5a7fcda85ccdaeeda9220
AMLC000607,C:\ITDA_OCR_CODE\학습대상데이터\AMLC000607.jpg,5,sha256:96513bd62c7be9a0bf31b43ee02906b1683b6bd4e29c4ff78ee0d27b3f494ecf,96513bd62c7be9a0bf31b43ee02906b1683b6bd4e29c4ff78ee0d27b3f494ecf
AMLC000608,C:\ITDA_OCR_CODE\학습대상데이터\AMLC000608.jpg,4,sha256:455a48fd5042edbc90cd28065b7fcc0a8118fea5d7986ab39ca84f71925e46fc,455a48fd5042edbc90cd28065b7fcc0a8118fea5d7986ab39ca84f71925e46fc
AMLC000609,C:\ITDA_OCR_CODE\학습대상데이터\AMLC000609.jpg,4,sha256:28d7ef5c99f0a7ec4dfc433752e44de3ee7a68e11fef26c2bacd7e4fe9fbae5c,28d7ef5c99f0a7ec4dfc433752e44de3ee7a68e11fef26c2bacd7e4fe9fbae5c
AMLC000610,C:\ITDA_OCR_CODE\학습대상데이터\AMLC000610.jpg,2,sha256:62bc306242f62638112e005d4050fd7e62094e0f1e94072235878abc58818323,62bc306242f62638112e005d4050fd7e62094e0f1e94072235878abc58818323
AMLC000611,C:\ITDA_OCR_CODE\학습대상데이터\AMLC000611.jpg,5,sha256:dedb3a8fba6dfa2fb10814f936ea709434d7ac390c6487b8d99a825ae3b8f8bc,dedb3a8fba6dfa2fb10814f936ea709434d7ac390c6487b8d99a825ae3b8f8bc
AMLC000612,C:\ITDA_OCR_CODE\학습대상데이터\AMLC000612.jpg,2,sha256:38f0cf4e73f1c43a05d0fbf5e3b33531d3afff271858b2874fb62cacb5047159,38f0cf4e73f1c43a05d0fbf5e3b33531d3afff271858b2874fb62cacb5047159
AMLC000613,C:\ITDA_OCR_CODE\학습대상데이터\AMLC000613.jpg,2,sha256:8d5f5d414f496fb63e6d3d6e01d3508e308771c25761b18b56669a4b1dc4d9b6,8d5f5d414f496fb63e6d3d6e01d3508e308771c25761b18b56669a4b1dc4d9b6
AMLC000614,C:\ITDA_OCR_CODE\학습대상데이터\AMLC000614.jpg,5,sha256:8f44e7f9ccfcc689b615b0cda9c13379bf921efab561660240180d9025d744a1,8f44e7f9ccfcc689b615b0cda9c13379bf921efab561660240180d9025d744a1
AMLC000615,C:\ITDA_OCR_CODE\학습대상데이터\AMLC000615.jpg,4,sha256:0e990805aa651555f7a3219e4cdcf76d4b1c0444e97c20c82fc3543765420980,0e990805aa651555f7a3219e4cdcf76d4b1c0444e97c20c82fc3543765420980
AMLC000616,C:\ITDA_OCR_CODE\학습대상데이터\AMLC000616.jpg,3,sha256:3df15d0a215e9700d450f8cf89fd5eddfac4d1177d73bcfc7bd288c8c3822c4d,3df15d0a215e9700d450f8cf89fd5eddfac4d1177d73bcfc7bd288c8c3822c4d
AMLC000617,C:\ITDA_OCR_CODE\학습대상데이터\AMLC000617.jpg,4,sha256:8e654bec4c808255f680495475fe3ee060476856af46e66a5d7d0080ec00b871,8e654bec4c808255f680495475fe3ee060476856af46e66a5d7d0080ec00b871
AMLC000618,C:\ITDA_OCR_CODE\학습대상데이터\AMLC000618.jpg,2,sha256:208c5335617240af93830204fa57039978ffb13634df893fa84dd387ae98913a,208c5335617240af93830204fa57039978ffb13634df893fa84dd387ae98913a
AMLC000619,C:\ITDA_OCR_CODE\학습대상데이터\AMLC000619.jpg,2,sha256:5321dbf6f557e8b7055193791cc1f82c81dc2dafc8db0fe29d79967671696941,5321dbf6f557e8b7055193791cc1f82c81dc2dafc8db0fe29d79967671696941
AMLC000620,C:\ITDA_OCR_CODE\학습대상데이터\AMLC000620.jpg,4,sha256:533c2cef3ac9b92f1a94d50fd723a0b2c5ee7c74d55b175788ff47b0a1faea90,533c2cef3ac9b92f1a94d50fd723a0b2c5ee7c74d55b175788ff47b0a1faea90
AMLC000621,C:\ITDA_OCR_CODE\학습대상데이터\AMLC000621.jpg,3,sha256:6e26dff93037e7a9bcf6554151fba3af261802234585b899e38c29039bb1d021,6e26dff93037e7a9bcf6554151fba3af261802234585b899e38c29039bb1d021
AMLC000622,C:\ITDA_OCR_CODE\학습대상데이터\AMLC000622.jpg,2,sha256:00f9feea05806662f186a0766f95a301b217adafa0caa6147d15cda4b6129b2e,00f9feea05806662f186a0766f95a301b217adafa0caa6147d15cda4b6129b2e
AMLC000623,C:\ITDA_OCR_CODE\학습대상데이터\AMLC000623.jpg,4,sha256:4e8fc800d71f59f541639d1a3ccfc41653f490957d8851a0af0609549277613b,4e8fc800d71f59f541639d1a3ccfc41653f490957d8851a0af0609549277613b
AMLC000624,C:\ITDA_OCR_CODE\학습대상데이터\AMLC000624.jpg,2,sha256:6d427c4960d2dacc998c74ca0686872d1d7cb73aeabdf972305427f701253d7c,6d427c4960d2dacc998c74ca0686872d1d7cb73aeabdf972305427f701253d7c
AMLC000625,C:\ITDA_OCR_CODE\학습대상데이터\AMLC000625.jpg,4,sha256:0f9cb5b58d9e4194f6e1702b17b54df7fa8706f9d29421b43d483ad55b09def3,0f9cb5b58d9e4194f6e1702b17b54df7fa8706f9d29421b43d483ad55b09def3
AMLC000626,C:\ITDA_OCR_CODE\학습대상데이터\AMLC000626.jpg,4,sha256:9e17a979052082df7fb48252e348ddd2f33d073e3763d6103b373964f05f58e8,9e17a979052082df7fb48252e348ddd2f33d073e3763d6103b373964f05f58e8
AMLC000627,C:\ITDA_OCR_CODE\학습대상데이터\AMLC000627.jpg,1,sha256:d6df7a6658edfa62b3d67def3c1d629b563859a3c19946d8ea6b0a0370aa99f6,d6df7a6658edfa62b3d67def3c1d629b563859a3c19946d8ea6b0a0370aa99f6
AMLC000628,C:\ITDA_OCR_CODE\학습대상데이터\AMLC000628.jpg,4,sha256:78a5d59a5113c6fd777a46ec394b1373ac0d18e0c8b8244b7e990229a556c0d9,78a5d59a5113c6fd777a46ec394b1373ac0d18e0c8b8244b7e990229a556c0d9
AMLC000629,C:\ITDA_OCR_CODE\학습대상데이터\AMLC000629.jpg,5,sha256:b0e3b0606d73b16f3773ca1905961e0474861c277bf2900f7fa62eb83796b4a4,b0e3b0606d73b16f3773ca1905961e0474861c277bf2900f7fa62eb83796b4a4
AMLC000630,C:\ITDA_OCR_CODE\학습대상데이터\AMLC000630.jpg,3,sha256:07e1257b24fc81f6200c65028487fda2e8e1eba5979857e354ed3dbc7ab2ba9f,07e1257b24fc81f6200c65028487fda2e8e1eba5979857e354ed3dbc7ab2ba9f
AMLC000631,C:\ITDA_OCR_CODE\학습대상데이터\AMLC000631.jpg,1,sha256:421c9fb8af809bff056c87751f4c002335d50f1834fc0019a4bdfac839bb50fd,421c9fb8af809bff056c87751f4c002335d50f1834fc0019a4bdfac839bb50fd
AMLC000632,C:\ITDA_OCR_CODE\학습대상데이터\AMLC000632.jpg,3,sha256:718004d42c6ffbac02c19852eb645f5988d8a90d472be9774b68df5e6b8f98b1,718004d42c6ffbac02c19852eb645f5988d8a90d472be9774b68df5e6b8f98b1
AMLC000633,C:\ITDA_OCR_CODE\학습대상데이터\AMLC000633.jpg,5,sha256:e7d83ff2784cc3586a4f32ebe6120310e98fd1ce5546ae5931e1ee65c0359859,e7d83ff2784cc3586a4f32ebe6120310e98fd1ce5546ae5931e1ee65c0359859
AMLC000634,C:\ITDA_OCR_CODE\학습대상데이터\AMLC000634.jpg,1,sha256:452467d61d53658b45e7c3f62be508d8aee1051aa63343fc5013274beef7c7cb,452467d61d53658b45e7c3f62be508d8aee1051aa63343fc5013274beef7c7cb
AMLC000635,C:\ITDA_OCR_CODE\학습대상데이터\AMLC000635.jpg,2,sha256:74ad6378059ba314f813a464fedc5d59e9d4f0ce0bf22eab383fbe6a81c49a61,74ad6378059ba314f813a464fedc5d59e9d4f0ce0bf22eab383fbe6a81c49a61
AMLC000636,C:\ITDA_OCR_CODE\학습대상데이터\AMLC000636.jpg,5,sha256:b65a946c7902c19e4a289f651b8e45e890b3527c0e85041caa4c54b37451e194,b65a946c7902c19e4a289f651b8e45e890b3527c0e85041caa4c54b37451e194
AMLC000637,C:\ITDA_OCR_CODE\학습대상데이터\AMLC000637.jpg,3,sha256:9f474b23f38c0f8b9fe5f9a906b913a8db049a63c38b15166a03c9dd38bf0f58,9f474b23f38c0f8b9fe5f9a906b913a8db049a63c38b15166a03c9dd38bf0f58
AMLC000638,C:\ITDA_OCR_CODE\학습대상데이터\AMLC000638.jpg,2,sha256:994e7eb17ace23a9e75cead6d259baf6a50ec663fe8f8a27402e7175a04472de,994e7eb17ace23a9e75cead6d259baf6a50ec663fe8f8a27402e7175a04472de
AMLC000639,C:\ITDA_OCR_CODE\학습대상데이터\AMLC000639.jpg,3,sha256:2a1854fded9579081a8a5c1574a06d18a4f0c077f8063e58201831bc5fb6bd75,2a1854fded9579081a8a5c1574a06d18a4f0c077f8063e58201831bc5fb6bd75
AMLC000640,C:\ITDA_OCR_CODE\학습대상데이터\AMLC000640.jpg,3,sha256:c344968cc9555169f7f1754d3ce06a5ff1034eefb30d2e608586bc59414a4a9b,c344968cc9555169f7f1754d3ce06a5ff1034eefb30d2e608586bc59414a4a9b
AMLC000641,C:\ITDA_OCR_CODE\학습대상데이터\AMLC000641.jpg,3,sha256:a550f29db887d2ef8511b5b487bb4126253f7913ec1041518b8256e9cd5fd3e3,a550f29db887d2ef8511b5b487bb4126253f7913ec1041518b8256e9cd5fd3e3
AMLC000642,C:\ITDA_OCR_CODE\학습대상데이터\AMLC000642.jpg,2,sha256:dc153d931d3246ad7023c24c8c661491bd1d20c7c0d06a4412da9a9b5705e68f,dc153d931d3246ad7023c24c8c661491bd1d20c7c0d06a4412da9a9b5705e68f
AMLC000643,C:\ITDA_OCR_CODE\학습대상데이터\AMLC000643.jpg,2,sha256:5857be596f2cba7ac77c30e3931ebc5dd0149df3b73137f400d2938542684416,5857be596f2cba7ac77c30e3931ebc5dd0149df3b73137f400d2938542684416
AMLC000644,C:\ITDA_OCR_CODE\학습대상데이터\AMLC000644.jpg,1,sha256:b2c1ae5aba4d227f497a6f949894ab4438db03b5c8a0de9c14cc6633da3053bd,b2c1ae5aba4d227f497a6f949894ab4438db03b5c8a0de9c14cc6633da3053bd
AMLC000645,C:\ITDA_OCR_CODE\학습대상데이터\AMLC000645.jpg,5,sha256:6690244cc58a1c01e56746ba7f861c686bf10786549dfd7e2038f85574a0abda,6690244cc58a1c01e56746ba7f861c686bf10786549dfd7e2038f85574a0abda
AMLC000646,C:\ITDA_OCR_CODE\학습대상데이터\AMLC000646.jpg,1,sha256:93c5603677d50f811001a4c4bc6a6fdbfe873f2a51fcc2559af219972c04ba12,93c5603677d50f811001a4c4bc6a6fdbfe873f2a51fcc2559af219972c04ba12
AMLC000647,C:\ITDA_OCR_CODE\학습대상데이터\AMLC000647.jpg,2,sha256:68661958a464a19d1c161fa614bf1421d619cf78a879dcd31068f2d76853172b,68661958a464a19d1c161fa614bf1421d619cf78a879dcd31068f2d76853172b
AMLC000648,C:\ITDA_OCR_CODE\학습대상데이터\AMLC000648.jpg,4,sha256:aa0a41a2e3503ee44b15355d1efcd864316a45db9a18c43334bdacb2bc5e8159,aa0a41a2e3503ee44b15355d1efcd864316a45db9a18c43334bdacb2bc5e8159
AMLC000649,C:\ITDA_OCR_CODE\학습대상데이터\AMLC000649.jpg,5,sha256:ea680ae3070c5b880112162826203eb2a024a26660d51c6b4b3840a6bfd50609,ea680ae3070c5b880112162826203eb2a024a26660d51c6b4b3840a6bfd50609
AMLC000650,C:\ITDA_OCR_CODE\학습대상데이터\AMLC000650.jpg,2,sha256:0bc7d0d7dd1b3dcc090fde2f86d9ce42e9cdcbe8f0ff0f756a4f2ff62f5c33bd,0bc7d0d7dd1b3dcc090fde2f86d9ce42e9cdcbe8f0ff0f756a4f2ff62f5c33bd
AMLC000651,C:\ITDA_OCR_CODE\학습대상데이터\AMLC000651.jpg,1,sha256:e26b0609f1deade8985df5915a82323db86e2b00715608880f46d779182d61bf,e26b0609f1deade8985df5915a82323db86e2b00715608880f46d779182d61bf
AMLC000652,C:\ITDA_OCR_CODE\학습대상데이터\AMLC000652.jpg,1,sha256:f0b3caf6364165e9587a7b34c5d35f2b892033e41d61534659c1fe4658bd3365,f0b3caf6364165e9587a7b34c5d35f2b892033e41d61534659c1fe4658bd3365
AMLC000653,C:\ITDA_OCR_CODE\학습대상데이터\AMLC000653.jpg,5,sha256:049c39d064b8f0aa86266650ff1e70f0fbb252122d71d5d5d2aa6e0d63c78f5d,049c39d064b8f0aa86266650ff1e70f0fbb252122d71d5d5d2aa6e0d63c78f5d
AMLC000654,C:\ITDA_OCR_CODE\학습대상데이터\AMLC000654.jpg,2,sha256:2ab7b9b9c5fc1de2ed410018c7a96bc744225f303c2e931cc7f3944ab50e81b3,2ab7b9b9c5fc1de2ed410018c7a96bc744225f303c2e931cc7f3944ab50e81b3
AMLC000655,C:\ITDA_OCR_CODE\학습대상데이터\AMLC000655.jpg,5,sha256:965954fbfd420540b04a00d3f8a287fc486c980d75f35316666a2d6f2ac30a0d,965954fbfd420540b04a00d3f8a287fc486c980d75f35316666a2d6f2ac30a0d
AMLC000656,C:\ITDA_OCR_CODE\학습대상데이터\AMLC000656.jpg,5,sha256:a369acf718cc471c8aa446e88e09f9d67bb07c1e480d273d06e0597bec8da990,a369acf718cc471c8aa446e88e09f9d67bb07c1e480d273d06e0597bec8da990
AMLC000657,C:\ITDA_OCR_CODE\학습대상데이터\AMLC000657.jpg,4,sha256:a8a856013a4164c8ac5c4dec7a080d7177dba7194a53b15e8501a650a69dcc00,a8a856013a4164c8ac5c4dec7a080d7177dba7194a53b15e8501a650a69dcc00
AMLC000658,C:\ITDA_OCR_CODE\학습대상데이터\AMLC000658.jpg,5,sha256:0a206e4e9c64c58542a8c847807c1554eb7ac2416ba3952cb6d78dd2197e73e9,0a206e4e9c64c58542a8c847807c1554eb7ac2416ba3952cb6d78dd2197e73e9
AMLC000659,C:\ITDA_OCR_CODE\학습대상데이터\AMLC000659.jpg,2,sha256:643bc2a08d7471f3f969dbd9b2e0b8732511702d6dc37dd9d0b5284426ec6c08,643bc2a08d7471f3f969dbd9b2e0b8732511702d6dc37dd9d0b5284426ec6c08
AMLC000660,C:\ITDA_OCR_CODE\학습대상데이터\AMLC000660.jpg,5,sha256:c745b3202d3b53ec2207097c7c53c2636617e8786430bd1524cc4cba0a7969ce,c745b3202d3b53ec2207097c7c53c2636617e8786430bd1524cc4cba0a7969ce
AMLC000661,C:\ITDA_OCR_CODE\학습대상데이터\AMLC000661.jpg,4,sha256:246ea196b91240304ae17f85f939bee2ba4c158497b514fcea53ffee72f4b0c1,246ea196b91240304ae17f85f939bee2ba4c158497b514fcea53ffee72f4b0c1
AMLC000662,C:\ITDA_OCR_CODE\학습대상데이터\AMLC000662.jpg,1,sha256:0ccfb66fa9561a55fdf4f413505fef6c880199f959eccaa184b72ed090092e54,0ccfb66fa9561a55fdf4f413505fef6c880199f959eccaa184b72ed090092e54
AMLC000663,C:\ITDA_OCR_CODE\학습대상데이터\AMLC000663.jpg,1,sha256:e8cfecafc67cccdc3a579b14b9d182d0fea911168a20b8c1b8ed968557696575,e8cfecafc67cccdc3a579b14b9d182d0fea911168a20b8c1b8ed968557696575
AMLC000664,C:\ITDA_OCR_CODE\학습대상데이터\AMLC000664.jpg,3,sha256:402d7b77e0fa9cbbd0fa04cd60b8c5772858c4157b9ec7044e0521bbb1d0f408,402d7b77e0fa9cbbd0fa04cd60b8c5772858c4157b9ec7044e0521bbb1d0f408
AMLC000665,C:\ITDA_OCR_CODE\학습대상데이터\AMLC000665.jpg,1,sha256:51b1f0f383b261a5d3bc2f54c82d7ea3c27ca65ae9be3d0406aab3a50806a97c,51b1f0f383b261a5d3bc2f54c82d7ea3c27ca65ae9be3d0406aab3a50806a97c
AMLC000666,C:\ITDA_OCR_CODE\학습대상데이터\AMLC000666.jpg,2,sha256:9f6857013392da97ba8d84e8a8ead3ec1566c29c960901ff33ab78d00e456aad,9f6857013392da97ba8d84e8a8ead3ec1566c29c960901ff33ab78d00e456aad
AMLC000667,C:\ITDA_OCR_CODE\학습대상데이터\AMLC000667.jpg,3,sha256:89b3561825c161b65e13bbe743849ca762d89c5a385b0e575f3b71dc81fc9c04,89b3561825c161b65e13bbe743849ca762d89c5a385b0e575f3b71dc81fc9c04
AMLC000668,C:\ITDA_OCR_CODE\학습대상데이터\AMLC000668.jpg,3,sha256:76c2e2255a60277a9c9e10ffac9a9bb63860137c4fd991e541525968f868ba7a,76c2e2255a60277a9c9e10ffac9a9bb63860137c4fd991e541525968f868ba7a
AMLC000669,C:\ITDA_OCR_CODE\학습대상데이터\AMLC000669.jpg,5,sha256:dc1e01ef4247bfa02077eb1036780d7b482b8e762bfadd501a4348c585ce9671,dc1e01ef4247bfa02077eb1036780d7b482b8e762bfadd501a4348c585ce9671
AMLC000670,C:\ITDA_OCR_CODE\학습대상데이터\AMLC000670.jpg,1,sha256:bfad98796003de258506546f100ed7d61db296d6b050e80756c1513845100609,bfad98796003de258506546f100ed7d61db296d6b050e80756c1513845100609
AMLC000671,C:\ITDA_OCR_CODE\학습대상데이터\AMLC000671.jpg,2,sha256:0febd16c871f002733e88b1a0ff295c385e970b489673a3aed7e7f31d0fb548c,0febd16c871f002733e88b1a0ff295c385e970b489673a3aed7e7f31d0fb548c
AMLC000672,C:\ITDA_OCR_CODE\학습대상데이터\AMLC000672.jpg,5,sha256:6e9e7db8fdf11cf3b4f20dc75d2f17935a9c2a07daf17ae098d43496ce87beae,6e9e7db8fdf11cf3b4f20dc75d2f17935a9c2a07daf17ae098d43496ce87beae
AMLC000673,C:\ITDA_OCR_CODE\학습대상데이터\AMLC000673.jpg,1,sha256:0acaf117c2a2eae7165069809888670e8bf5bf1fcd45f875a047151a75feffc5,0acaf117c2a2eae7165069809888670e8bf5bf1fcd45f875a047151a75feffc5
AMLC000674,C:\ITDA_OCR_CODE\학습대상데이터\AMLC000674.jpg,3,sha256:e0af17c53fe468e03abc6fafbd1fc3d85f503b5ea81a5ffcbb05581141f1468d,e0af17c53fe468e03abc6fafbd1fc3d85f503b5ea81a5ffcbb05581141f1468d
AMLC000675,C:\ITDA_OCR_CODE\학습대상데이터\AMLC000675.jpg,5,sha256:bdea7c6a292535e32cdee61c668e26465ab19b7b69cd0acc7874cdc2c8885b08,bdea7c6a292535e32cdee61c668e26465ab19b7b69cd0acc7874cdc2c8885b08
AMLC000676,C:\ITDA_OCR_CODE\학습대상데이터\AMLC000676.jpg,1,sha256:c6576a1bab0cd19f7a042eaff790a8a946d772197196655840b4f684b6c92aff,c6576a1bab0cd19f7a042eaff790a8a946d772197196655840b4f684b6c92aff
AMLC000677,C:\ITDA_OCR_CODE\학습대상데이터\AMLC000677.jpg,4,sha256:c65c44829d7cebae333b93c5ee598f301edd58c23e8d8992bed39c6a822963f1,c65c44829d7cebae333b93c5ee598f301edd58c23e8d8992bed39c6a822963f1
AMLC000678,C:\ITDA_OCR_CODE\학습대상데이터\AMLC000678.jpg,2,sha256:28ad2b9cf3d97cc30a7ae4cb73ab994ec572aead0649f952c3d15c598c3f1a24,28ad2b9cf3d97cc30a7ae4cb73ab994ec572aead0649f952c3d15c598c3f1a24
AMLC000679,C:\ITDA_OCR_CODE\학습대상데이터\AMLC000679.jpg,4,sha256:3c4a51df40aa78ee807efe0f58ddd8ae6eec574ee203d2d51abd0dc09486f131,3c4a51df40aa78ee807efe0f58ddd8ae6eec574ee203d2d51abd0dc09486f131
AMLC000680,C:\ITDA_OCR_CODE\학습대상데이터\AMLC000680.jpg,1,sha256:179434360a5455540a07fb618c768b5febb1de345fbe2c29605762d434d33f20,179434360a5455540a07fb618c768b5febb1de345fbe2c29605762d434d33f20
AMLC000681,C:\ITDA_OCR_CODE\학습대상데이터\AMLC000681.jpg,1,sha256:5048ba7ad5b4e9176f770b84dd7ff62cd42433883fa2f5a7b9b1a71f7ca134a9,5048ba7ad5b4e9176f770b84dd7ff62cd42433883fa2f5a7b9b1a71f7ca134a9
AMLC000682,C:\ITDA_OCR_CODE\학습대상데이터\AMLC000682.jpg,2,sha256:1ca1329247eaa769b83bc1dd20f692df6c097e9a6b4210d98845a0a2d687600d,1ca1329247eaa769b83bc1dd20f692df6c097e9a6b4210d98845a0a2d687600d
AMLC000683,C:\ITDA_OCR_CODE\학습대상데이터\AMLC000683.jpg,5,sha256:79f710f01274b36facde541f32bc2646379f14dab57d42e8670b35ffec2dc90d,79f710f01274b36facde541f32bc2646379f14dab57d42e8670b35ffec2dc90d
AMLC000684,C:\ITDA_OCR_CODE\학습대상데이터\AMLC000684.jpg,5,sha256:a0898e80c0249c3daf7ff80a203e88eb2602b7b1cc666e34e820fe541ea2fd76,a0898e80c0249c3daf7ff80a203e88eb2602b7b1cc666e34e820fe541ea2fd76
AMLC000685,C:\ITDA_OCR_CODE\학습대상데이터\AMLC000685.jpg,2,sha256:0c931283b8b2ae94b87198600a93ddd4d00324230189c5fa5e1cbfb090346512,0c931283b8b2ae94b87198600a93ddd4d00324230189c5fa5e1cbfb090346512
AMLC000686,C:\ITDA_OCR_CODE\학습대상데이터\AMLC000686.jpg,2,sha256:4d6bac29e3d07b98f067d8d4f4512a59e97dff9aa75e76cf5b7e48195165b985,4d6bac29e3d07b98f067d8d4f4512a59e97dff9aa75e76cf5b7e48195165b985
AMLC000687,C:\ITDA_OCR_CODE\학습대상데이터\AMLC000687.jpg,5,sha256:6ffb51657ade4973394a5e26729b692b03857cbed859585a6c2298c4ab735689,6ffb51657ade4973394a5e26729b692b03857cbed859585a6c2298c4ab735689
AMLC000688,C:\ITDA_OCR_CODE\학습대상데이터\AMLC000688.jpg,1,sha256:916c7cd868edb884c833e4f49ce664d01c6d33d1d0680eb5bd1e52f64f743e6a,916c7cd868edb884c833e4f49ce664d01c6d33d1d0680eb5bd1e52f64f743e6a
AMLC000689,C:\ITDA_OCR_CODE\학습대상데이터\AMLC000689.jpg,5,sha256:ed4af81c489ffdac6fcd3aa3a85e4258bdf60f846de8d188fa4485666652759c,ed4af81c489ffdac6fcd3aa3a85e4258bdf60f846de8d188fa4485666652759c
AMLC000690,C:\ITDA_OCR_CODE\학습대상데이터\AMLC000690.jpg,1,sha256:b1f10e6da9b30cf8da4bc628dbce38d64345f2ff9c7b1a80d60b0578a7ca71d6,b1f10e6da9b30cf8da4bc628dbce38d64345f2ff9c7b1a80d60b0578a7ca71d6
AMLC000691,C:\ITDA_OCR_CODE\학습대상데이터\AMLC000691.jpg,5,sha256:18c8df79f402438de3cb3e0417e0e4b337882e7bd234d145dbf770c9f675ecde,18c8df79f402438de3cb3e0417e0e4b337882e7bd234d145dbf770c9f675ecde
AMLC000692,C:\ITDA_OCR_CODE\학습대상데이터\AMLC000692.jpg,5,sha256:00617e5f71e0da6c5246cef366fd7ba751e6ca70023fc55fff25d95beef580da,00617e5f71e0da6c5246cef366fd7ba751e6ca70023fc55fff25d95beef580da
AMLC000693,C:\ITDA_OCR_CODE\학습대상데이터\AMLC000693.jpg,4,sha256:fd1835bc5d3749c7209383a5bef2c502a9bad127a46aed0e5eeed0d2bb4eca44,fd1835bc5d3749c7209383a5bef2c502a9bad127a46aed0e5eeed0d2bb4eca44
AMLC000694,C:\ITDA_OCR_CODE\학습대상데이터\AMLC000694.jpg,1,sha256:da24f3b714c474465d70ffd45e62aea0770640ffc5359d39e6f331736dd5b598,da24f3b714c474465d70ffd45e62aea0770640ffc5359d39e6f331736dd5b598
AMLC000695,C:\ITDA_OCR_CODE\학습대상데이터\AMLC000695.jpg,2,sha256:709811805e98679805ffc1068269820fa2da33e5d5d440754450f24240a60da0,709811805e98679805ffc1068269820fa2da33e5d5d440754450f24240a60da0
AMLC000696,C:\ITDA_OCR_CODE\학습대상데이터\AMLC000696.jpg,5,sha256:2e085669c58788232cc738568c09a01929ddcd36f95ffd37948119debc1ecb03,2e085669c58788232cc738568c09a01929ddcd36f95ffd37948119debc1ecb03
AMLC000697,C:\ITDA_OCR_CODE\학습대상데이터\AMLC000697.jpg,3,sha256:c744bf714a6262489f53e71df84d354a577bebd69da546b4c5610d96cb3cae66,c744bf714a6262489f53e71df84d354a577bebd69da546b4c5610d96cb3cae66
AMLC000698,C:\ITDA_OCR_CODE\학습대상데이터\AMLC000698.jpg,2,sha256:cfa81689b7c67b573a9334ba4df262bfc539e7c3acb85d2e4d9964e572f33b87,cfa81689b7c67b573a9334ba4df262bfc539e7c3acb85d2e4d9964e572f33b87
AMLC000699,C:\ITDA_OCR_CODE\학습대상데이터\AMLC000699.jpg,5,sha256:b6adb5946f88a9e5e9e33b79bb59f3ccdb69f77188d8141d762570ba7288d73d,b6adb5946f88a9e5e9e33b79bb59f3ccdb69f77188d8141d762570ba7288d73d
AMLC000700,C:\ITDA_OCR_CODE\학습대상데이터\AMLC000700.jpg,5,sha256:bdb046038ec96949fa4a3a2f5ba46576432a003e2cd9b282c8e4fdec6dc01558,bdb046038ec96949fa4a3a2f5ba46576432a003e2cd9b282c8e4fdec6dc01558
AMLC000701,C:\ITDA_OCR_CODE\학습대상데이터\AMLC000701.jpg,1,sha256:ce757c1068d57b09bd252f6c88df02b18e0a395a79eae00b811087797d717291,ce757c1068d57b09bd252f6c88df02b18e0a395a79eae00b811087797d717291
AMLC000702,C:\ITDA_OCR_CODE\학습대상데이터\AMLC000702.jpg,2,sha256:4d6f690f61e41c1ec9e8bde36bafe5db58b6bb610fd29806b6ce8aeafed159af,4d6f690f61e41c1ec9e8bde36bafe5db58b6bb610fd29806b6ce8aeafed159af
AMLC000703,C:\ITDA_OCR_CODE\학습대상데이터\AMLC000703.jpg,4,sha256:ff0cffa629afc9671b6c430c65d27924cf1c0105f36fea2dd80ca9805cc59477,ff0cffa629afc9671b6c430c65d27924cf1c0105f36fea2dd80ca9805cc59477
AMLC000704,C:\ITDA_OCR_CODE\학습대상데이터\AMLC000704.jpg,3,sha256:389e201c2ea7192d0bf98dd456a77a3545463d2dbf49218175cb3a46928c111e,389e201c2ea7192d0bf98dd456a77a3545463d2dbf49218175cb3a46928c111e
AMLC000705,C:\ITDA_OCR_CODE\학습대상데이터\AMLC000705.jpg,3,sha256:018ddd70e3aa31f281c17f75e75e2576e31e096b123f9a0b501aab52757c8a98,018ddd70e3aa31f281c17f75e75e2576e31e096b123f9a0b501aab52757c8a98
AMLC000706,C:\ITDA_OCR_CODE\학습대상데이터\AMLC000706.jpg,2,sha256:6599191d2930983e2a9639d813e8c9bd8ec1383a437f1b5c313ee10240cbe069,6599191d2930983e2a9639d813e8c9bd8ec1383a437f1b5c313ee10240cbe069
AMLC000707,C:\ITDA_OCR_CODE\학습대상데이터\AMLC000707.jpg,2,sha256:9d60bcfe844ac24ec483b20f402da1f24df09ba85e42c7049d750c8410fcc67a,9d60bcfe844ac24ec483b20f402da1f24df09ba85e42c7049d750c8410fcc67a
AMLC000708,C:\ITDA_OCR_CODE\학습대상데이터\AMLC000708.jpg,5,sha256:59fd0718cc4b1592656da0c11571127b4bbe4936420af35dec0ac8530529d72a,59fd0718cc4b1592656da0c11571127b4bbe4936420af35dec0ac8530529d72a
AMLC000709,C:\ITDA_OCR_CODE\학습대상데이터\AMLC000709.jpg,1,sha256:129315911a0cfc79087a3e71b86904b39a963675e3fe4b6af5ec0a4b83855b92,129315911a0cfc79087a3e71b86904b39a963675e3fe4b6af5ec0a4b83855b92
AMLC000710,C:\ITDA_OCR_CODE\학습대상데이터\AMLC000710.jpg,4,sha256:ae51c2c063957dc7188a1faffe9dd04f390463a837d0503dc4b5d20098e27f2e,ae51c2c063957dc7188a1faffe9dd04f390463a837d0503dc4b5d20098e27f2e
AMLC000711,C:\ITDA_OCR_CODE\학습대상데이터\AMLC000711.jpg,5,sha256:0cfef615223d4515f80ba914faaea2d2ab80f8349aaad7077076ba06514345f3,0cfef615223d4515f80ba914faaea2d2ab80f8349aaad7077076ba06514345f3
AMLC000712,C:\ITDA_OCR_CODE\학습대상데이터\AMLC000712.jpg,5,sha256:2bdf8b1a52cec4d098183107f461429dc69749787fe61db82a1843bb513ae2e5,2bdf8b1a52cec4d098183107f461429dc69749787fe61db82a1843bb513ae2e5
AMLC000713,C:\ITDA_OCR_CODE\학습대상데이터\AMLC000713.jpg,5,sha256:756e67b92c8c17063093c09957d5ffc47d5f789e9eea504d16692f6bec7af29b,756e67b92c8c17063093c09957d5ffc47d5f789e9eea504d16692f6bec7af29b
AMLC000714,C:\ITDA_OCR_CODE\학습대상데이터\AMLC000714.jpg,3,sha256:a60246eae6a60438e809b43cd84a19326672965fb0acc7c0cad4fd936d4f64a3,a60246eae6a60438e809b43cd84a19326672965fb0acc7c0cad4fd936d4f64a3
AMLC000715,C:\ITDA_OCR_CODE\학습대상데이터\AMLC000715.jpg,2,sha256:0c6592d2f732828c8435546fb93eb95533cad527d52082d52290b7aad24cf280,0c6592d2f732828c8435546fb93eb95533cad527d52082d52290b7aad24cf280
AMLC000716,C:\ITDA_OCR_CODE\학습대상데이터\AMLC000716.jpg,2,sha256:7885fc5d110872f166d79f10038c232a08183ae84b9eb701c623ca4e2508ab05,7885fc5d110872f166d79f10038c232a08183ae84b9eb701c623ca4e2508ab05
AMLC000717,C:\ITDA_OCR_CODE\학습대상데이터\AMLC000717.jpg,1,sha256:dfd763a35a4b33aae4e7680dce109053f919d1331c48f6d3fc8dbf50a1701110,dfd763a35a4b33aae4e7680dce109053f919d1331c48f6d3fc8dbf50a1701110
AMLC000718,C:\ITDA_OCR_CODE\학습대상데이터\AMLC000718.jpg,4,sha256:e156764b0ef5e1d313b2cb306e72a2cb646076cee5e1c0dfa291857ebde84013,e156764b0ef5e1d313b2cb306e72a2cb646076cee5e1c0dfa291857ebde84013
AMLC000719,C:\ITDA_OCR_CODE\학습대상데이터\AMLC000719.jpg,5,sha256:149dabe60a3828a3a4b1a629ed0cfcd27a69ba12fc6019dfa49f78b51bea06e3,149dabe60a3828a3a4b1a629ed0cfcd27a69ba12fc6019dfa49f78b51bea06e3
AMLC000720,C:\ITDA_OCR_CODE\학습대상데이터\AMLC000720.jpg,3,sha256:f9fc695082af45ccb14834383cfd4a4eb04d6dccfd0c2f7864298bf2b2caeee7,f9fc695082af45ccb14834383cfd4a4eb04d6dccfd0c2f7864298bf2b2caeee7
AMLC000721,C:\ITDA_OCR_CODE\학습대상데이터\AMLC000721.jpg,5,sha256:b8d108c934f1d55efe2fbf145ae77d9c50dc991e8d34742fd24ebf392127f8bd,b8d108c934f1d55efe2fbf145ae77d9c50dc991e8d34742fd24ebf392127f8bd
AMLC000722,C:\ITDA_OCR_CODE\학습대상데이터\AMLC000722.jpg,4,sha256:952697cbe9bdc10e147e3c826b8ecd464fe843dd9663df72adbe8d3ad5bf509d,952697cbe9bdc10e147e3c826b8ecd464fe843dd9663df72adbe8d3ad5bf509d
AMLC000723,C:\ITDA_OCR_CODE\학습대상데이터\AMLC000723.jpg,4,sha256:4276a912c7b0ec7cd54b92bbb8e3e3870a272912ddc58184a2461c2d6c3b2724,4276a912c7b0ec7cd54b92bbb8e3e3870a272912ddc58184a2461c2d6c3b2724
AMLC000724,C:\ITDA_OCR_CODE\학습대상데이터\AMLC000724.jpg,5,sha256:d981de3ff016cfc867ba6848375c6c4463cf9850873d49f6d5d068ab073c649f,d981de3ff016cfc867ba6848375c6c4463cf9850873d49f6d5d068ab073c649f
AMLC000725,C:\ITDA_OCR_CODE\학습대상데이터\AMLC000725.jpg,1,sha256:262f2bd879c17b931423c54984f223665d049088becd0c3927e1634be2bc02b5,262f2bd879c17b931423c54984f223665d049088becd0c3927e1634be2bc02b5
AMLC000726,C:\ITDA_OCR_CODE\학습대상데이터\AMLC000726.jpg,3,sha256:bedd40a6d75a0df8d6070f19b771e26478fb0f5ff1dde1ae74d4ed775a946fed,bedd40a6d75a0df8d6070f19b771e26478fb0f5ff1dde1ae74d4ed775a946fed
AMLC000727,C:\ITDA_OCR_CODE\학습대상데이터\AMLC000727.jpg,4,sha256:7b68128364ece4d51213ddee956883b9ddc892e4830f090efd354fa06679f337,7b68128364ece4d51213ddee956883b9ddc892e4830f090efd354fa06679f337
AMLC000728,C:\ITDA_OCR_CODE\학습대상데이터\AMLC000728.jpg,5,sha256:2916c0767ba6ff3564c8a2b934756a2a20d551a5a7cd5acf1be724e3ff5c0adc,2916c0767ba6ff3564c8a2b934756a2a20d551a5a7cd5acf1be724e3ff5c0adc
AMLC000729,C:\ITDA_OCR_CODE\학습대상데이터\AMLC000729.jpg,2,sha256:07d6f9d1c13166f764a8b7ad9d363ae25cab194814a42d6e3ea05794c5bb6b37,07d6f9d1c13166f764a8b7ad9d363ae25cab194814a42d6e3ea05794c5bb6b37
AMLC000730,C:\ITDA_OCR_CODE\학습대상데이터\AMLC000730.jpg,4,sha256:4af9bea32af1126166acbf491e758da4c1e26af16a605c603b68d8cdad8882aa,4af9bea32af1126166acbf491e758da4c1e26af16a605c603b68d8cdad8882aa
AMLC000731,C:\ITDA_OCR_CODE\학습대상데이터\AMLC000731.jpg,3,sha256:1ec7dbb1d2a5d37620588abd04753f68d5fa186fe320417b93d45cc4fe63b11e,1ec7dbb1d2a5d37620588abd04753f68d5fa186fe320417b93d45cc4fe63b11e
AMLC000732,C:\ITDA_OCR_CODE\학습대상데이터\AMLC000732.jpg,5,sha256:6eba6260e049b2140d8ce6e816fea4d9c7706273eb79b7517f8f12617dec2a8b,6eba6260e049b2140d8ce6e816fea4d9c7706273eb79b7517f8f12617dec2a8b
AMLC000733,C:\ITDA_OCR_CODE\학습대상데이터\AMLC000733.jpg,3,sha256:11c07a52326d557e885a2bbf6fe4904f47ab43eea698d3b5c5efee811d854e78,11c07a52326d557e885a2bbf6fe4904f47ab43eea698d3b5c5efee811d854e78
AMLC000734,C:\ITDA_OCR_CODE\학습대상데이터\AMLC000734.jpg,5,sha256:3bdf0fd74b42a73974414c7afbf930a94cbbe99b1c6b8429c3ec19602bee3648,3bdf0fd74b42a73974414c7afbf930a94cbbe99b1c6b8429c3ec19602bee3648
AMLC000735,C:\ITDA_OCR_CODE\학습대상데이터\AMLC000735.jpg,4,sha256:d888b2cdfc8f11dc76ee826abf67fd1f36cc8ff28fcd808b7f06419394b5d667,d888b2cdfc8f11dc76ee826abf67fd1f36cc8ff28fcd808b7f06419394b5d667
AMLC000736,C:\ITDA_OCR_CODE\학습대상데이터\AMLC000736.jpg,3,sha256:bc5c800186f024f46b075887c6c757c8c0a19d789332e67ab1bef43ff35eae84,bc5c800186f024f46b075887c6c757c8c0a19d789332e67ab1bef43ff35eae84
AMLC000737,C:\ITDA_OCR_CODE\학습대상데이터\AMLC000737.jpg,3,sha256:4a1eb307768d62aca30e2ec7cccdb457574538126fd510e40ec5d1a56d6328ac,4a1eb307768d62aca30e2ec7cccdb457574538126fd510e40ec5d1a56d6328ac
AMLC000738,C:\ITDA_OCR_CODE\학습대상데이터\AMLC000738.jpg,2,sha256:1856fd0b6fff139050c67c06e949aac23b733a00649bc519b58ecac4210e5ddd,1856fd0b6fff139050c67c06e949aac23b733a00649bc519b58ecac4210e5ddd
AMLC000739,C:\ITDA_OCR_CODE\학습대상데이터\AMLC000739.jpg,2,sha256:cf86d8b91111c8dd9e44264af26010614f47ffc9973fde134098ff10b843decf,cf86d8b91111c8dd9e44264af26010614f47ffc9973fde134098ff10b843decf
AMLC000740,C:\ITDA_OCR_CODE\학습대상데이터\AMLC000740.jpg,2,sha256:0b765bf93cff026ea72d17452d097104a44dfe6f2a0e0184082f0afd77449ad9,0b765bf93cff026ea72d17452d097104a44dfe6f2a0e0184082f0afd77449ad9
AMLC000741,C:\ITDA_OCR_CODE\학습대상데이터\AMLC000741.jpg,3,sha256:6c4c47f8eb36219a3b5eb0164ee80324e34813532622ce121123cba0bbdefa48,6c4c47f8eb36219a3b5eb0164ee80324e34813532622ce121123cba0bbdefa48
AMLC000742,C:\ITDA_OCR_CODE\학습대상데이터\AMLC000742.jpg,5,sha256:cb22751221dfa19a80e09995e0aaa1fde05c5334ceea45b1955538065f4a6589,cb22751221dfa19a80e09995e0aaa1fde05c5334ceea45b1955538065f4a6589
AMLC000743,C:\ITDA_OCR_CODE\학습대상데이터\AMLC000743.jpg,1,sha256:9b61231d2a11099a6bc7185d2da4b3879e39d4a05c25c08ec2af2667d62a8d81,9b61231d2a11099a6bc7185d2da4b3879e39d4a05c25c08ec2af2667d62a8d81
AMLC000744,C:\ITDA_OCR_CODE\학습대상데이터\AMLC000744.jpg,5,sha256:24dfae9c736e6d6b470276c909976b54c26eb4c133245e44624f8ff1371bf2ee,24dfae9c736e6d6b470276c909976b54c26eb4c133245e44624f8ff1371bf2ee
AMLC000745,C:\ITDA_OCR_CODE\학습대상데이터\AMLC000745.jpg,4,sha256:fe338c0e543a89e513ed1395e75d2d6d76c23d76e6b94bdb6a408baa634d7f7f,fe338c0e543a89e513ed1395e75d2d6d76c23d76e6b94bdb6a408baa634d7f7f
AMLC000746,C:\ITDA_OCR_CODE\학습대상데이터\AMLC000746.jpg,4,sha256:36cb5d96ffcce31959dc619a3706fef149dbe7a9be070362a8a0c03389206712,36cb5d96ffcce31959dc619a3706fef149dbe7a9be070362a8a0c03389206712
AMLC000747,C:\ITDA_OCR_CODE\학습대상데이터\AMLC000747.jpg,2,sha256:5f50ef8ba4c3c160d2eae9d8e3029ce1b9b4b08036fa3ece73147db161fa89be,5f50ef8ba4c3c160d2eae9d8e3029ce1b9b4b08036fa3ece73147db161fa89be
AMLC000748,C:\ITDA_OCR_CODE\학습대상데이터\AMLC000748.jpg,5,sha256:ca75b339047d176fa7bcfd252e02c06e9611d5e45e4432b6cf2bf5f9c39d8d06,ca75b339047d176fa7bcfd252e02c06e9611d5e45e4432b6cf2bf5f9c39d8d06
AMLC000749,C:\ITDA_OCR_CODE\학습대상데이터\AMLC000749.jpg,2,sha256:74035fb3771915d3ebeaeeef0efca5388f6943f3076ba4a3958ce0dc63cdc955,74035fb3771915d3ebeaeeef0efca5388f6943f3076ba4a3958ce0dc63cdc955
AMLC000750,C:\ITDA_OCR_CODE\학습대상데이터\AMLC000750.jpg,5,sha256:c67a2372370064a89b3edfb3a34a8db765ac81ecba73cc542056c817a87587c7,c67a2372370064a89b3edfb3a34a8db765ac81ecba73cc542056c817a87587c7
AMLC000751,C:\ITDA_OCR_CODE\학습대상데이터\AMLC000751.jpg,5,sha256:94e27f069b2d718c25a234c5b4270d085f394b149536ac0e7e337459ce9fe380,94e27f069b2d718c25a234c5b4270d085f394b149536ac0e7e337459ce9fe380
AMLC000752,C:\ITDA_OCR_CODE\학습대상데이터\AMLC000752.jpg,2,sha256:515c514ed96fe75027946309f1f94a4da329d3c6bf10c0dbeaec24f41cf60f09,515c514ed96fe75027946309f1f94a4da329d3c6bf10c0dbeaec24f41cf60f09
AMLC000753,C:\ITDA_OCR_CODE\학습대상데이터\AMLC000753.jpg,4,sha256:8634dcbaeb8eede7241e37c0a79061fd1650f98fd2cba57b82b75a9174243eb3,8634dcbaeb8eede7241e37c0a79061fd1650f98fd2cba57b82b75a9174243eb3
AMLC000754,C:\ITDA_OCR_CODE\학습대상데이터\AMLC000754.jpg,2,sha256:504d59916df63e530e5afe5b1436d83af9bec1bdc110ace75a2cf39e5f8b5c32,504d59916df63e530e5afe5b1436d83af9bec1bdc110ace75a2cf39e5f8b5c32
AMLC000755,C:\ITDA_OCR_CODE\학습대상데이터\AMLC000755.jpg,4,sha256:16eed6c8cfc26719ec5abc7093b1d133789de16bc04a252def9dc6d2f195f9b5,16eed6c8cfc26719ec5abc7093b1d133789de16bc04a252def9dc6d2f195f9b5
AMLC000756,C:\ITDA_OCR_CODE\학습대상데이터\AMLC000756.jpg,2,sha256:6f2b6ab4f400b91ed996a95a9c1cdaa624c4827522405beba0f2a8c2d1a1fe3f,6f2b6ab4f400b91ed996a95a9c1cdaa624c4827522405beba0f2a8c2d1a1fe3f
AMLC000757,C:\ITDA_OCR_CODE\학습대상데이터\AMLC000757.jpg,5,sha256:6be75880583dae8ef522a1a0775a845f445d9fe49d240992e59784b8bffd8b4f,6be75880583dae8ef522a1a0775a845f445d9fe49d240992e59784b8bffd8b4f
AMLC000758,C:\ITDA_OCR_CODE\학습대상데이터\AMLC000758.jpg,2,sha256:c0525f0ce209b1c21e9a130bcfe77dc667895b463052d793e6f740d4fcdf38cb,c0525f0ce209b1c21e9a130bcfe77dc667895b463052d793e6f740d4fcdf38cb
AMLC000759,C:\ITDA_OCR_CODE\학습대상데이터\AMLC000759.jpg,2,sha256:60e61877190c13222ac4a8bbf9f9c14d9432fd0fb98a3d7ea3ac7b9645b55619,60e61877190c13222ac4a8bbf9f9c14d9432fd0fb98a3d7ea3ac7b9645b55619
AMLC000760,C:\ITDA_OCR_CODE\학습대상데이터\AMLC000760.jpg,2,sha256:1ec79b7eb6679c7950d62283813a3bc8131c43707d6e6e3a1cf984a9286ccfce,1ec79b7eb6679c7950d62283813a3bc8131c43707d6e6e3a1cf984a9286ccfce
AMLC000761,C:\ITDA_OCR_CODE\학습대상데이터\AMLC000761.jpg,4,sha256:86f7c4049f1eb2a48a6dac6b6ddc516ade0353d196c0bf07dcd433f764096c85,86f7c4049f1eb2a48a6dac6b6ddc516ade0353d196c0bf07dcd433f764096c85
AMLC000762,C:\ITDA_OCR_CODE\학습대상데이터\AMLC000762.jpg,1,sha256:f1a0c9ba26767a4dc5a48e7c44609c0f55c4c3b3107b283cc4945eee9dbdfe5c,f1a0c9ba26767a4dc5a48e7c44609c0f55c4c3b3107b283cc4945eee9dbdfe5c
AMLC000763,C:\ITDA_OCR_CODE\학습대상데이터\AMLC000763.jpg,1,sha256:a4fc9423cbe9b146c4a7b9f2f5faaa95839ec4514d7d6483bc4d70b2c34c7d7b,a4fc9423cbe9b146c4a7b9f2f5faaa95839ec4514d7d6483bc4d70b2c34c7d7b
AMLC000764,C:\ITDA_OCR_CODE\학습대상데이터\AMLC000764.jpeg,3,sha256:a6f9c6053fc68dd8941c5f479c9bfc6879821736619faa99e7d0c109f3494b34,a6f9c6053fc68dd8941c5f479c9bfc6879821736619faa99e7d0c109f3494b34
AMLC000765,C:\ITDA_OCR_CODE\학습대상데이터\AMLC000765.jpeg,3,sha256:a543567ec878a9fdfec961f26e9762a73bc221234ca5978e3ab43153a646a76b,a543567ec878a9fdfec961f26e9762a73bc221234ca5978e3ab43153a646a76b
AMLC000766,C:\ITDA_OCR_CODE\학습대상데이터\AMLC000766.jpeg,4,sha256:10343cdda6d0b8b1f6c18e104cf1a4c853c54521dbcd96944f22903ca74e22bc,10343cdda6d0b8b1f6c18e104cf1a4c853c54521dbcd96944f22903ca74e22bc
AMLC000767,C:\ITDA_OCR_CODE\학습대상데이터\AMLC000767.jpeg,2,sha256:b4394b1d4c8968a101d54cea0a43f664d84357925cc37f4bba66e7ab4a7ff030,b4394b1d4c8968a101d54cea0a43f664d84357925cc37f4bba66e7ab4a7ff030
AMLC000768,C:\ITDA_OCR_CODE\학습대상데이터\AMLC000768.jpeg,5,sha256:ee25e6cf5c0cc731ff3a7c40de8c8575dae734a0f925df77cfb1ed9c975bac6e,ee25e6cf5c0cc731ff3a7c40de8c8575dae734a0f925df77cfb1ed9c975bac6e
AMLC000769,C:\ITDA_OCR_CODE\학습대상데이터\AMLC000769.jpeg,2,sha256:66e841585536a7d787657567147e552e394dca1fcab2d9361cf264c063cc0c20,66e841585536a7d787657567147e552e394dca1fcab2d9361cf264c063cc0c20
AMLC000770,C:\ITDA_OCR_CODE\학습대상데이터\AMLC000770.jpeg,4,sha256:4a79e5ec6f93808fea1bb7e686e646a714f07b660f67e61838a89583643cde87,4a79e5ec6f93808fea1bb7e686e646a714f07b660f67e61838a89583643cde87
AMLC000771,C:\ITDA_OCR_CODE\학습대상데이터\AMLC000771.jpeg,4,sha256:12f1b0ed7eaef63008217112f24df68b4ed75fe1daeb89a82102ae962c9398e9,12f1b0ed7eaef63008217112f24df68b4ed75fe1daeb89a82102ae962c9398e9
AMLC000772,C:\ITDA_OCR_CODE\학습대상데이터\AMLC000772.jpeg,4,sha256:6aa9de45e54ba020f1aff1e933adebd9788b8d9f57ba4a3692773e27a4df0b50,6aa9de45e54ba020f1aff1e933adebd9788b8d9f57ba4a3692773e27a4df0b50
AMLC000773,C:\ITDA_OCR_CODE\학습대상데이터\AMLC000773.jpeg,4,sha256:437e62de5d3913488a185ca655d80f793aef19057b5f92e3a3b836c18363f228,437e62de5d3913488a185ca655d80f793aef19057b5f92e3a3b836c18363f228
AMLC000774,C:\ITDA_OCR_CODE\학습대상데이터\AMLC000774.jpeg,1,sha256:2278b29db1a8b2caf8e449843d489a269e1bffec956f8dfcb850b3abdb4802ec,2278b29db1a8b2caf8e449843d489a269e1bffec956f8dfcb850b3abdb4802ec
AMLC000775,C:\ITDA_OCR_CODE\학습대상데이터\AMLC000775.jpeg,2,sha256:f4892e81c3bdbd16f833849385faf690d9afc9470417f7c22b13141db763cd14,f4892e81c3bdbd16f833849385faf690d9afc9470417f7c22b13141db763cd14
AMLC000776,C:\ITDA_OCR_CODE\학습대상데이터\AMLC000776.jpeg,5,sha256:633b402cbc629ef6d211bc5867a20611a3518c25d7e77455b3c28b19798c7a98,633b402cbc629ef6d211bc5867a20611a3518c25d7e77455b3c28b19798c7a98
AMLC000777,C:\ITDA_OCR_CODE\학습대상데이터\AMLC000777.jpeg,1,sha256:4e7dcc27263b4d2ab717b64cff5186f967897e68431b83d206ef57bc093be15e,4e7dcc27263b4d2ab717b64cff5186f967897e68431b83d206ef57bc093be15e
AMLC000778,C:\ITDA_OCR_CODE\학습대상데이터\AMLC000778.jpeg,4,sha256:ed3b07f4b81844e9adc181df2b9bbbb16cc85a3106617cf9be1136166097f444,ed3b07f4b81844e9adc181df2b9bbbb16cc85a3106617cf9be1136166097f444
AMLC000779,C:\ITDA_OCR_CODE\학습대상데이터\AMLC000779.jpeg,5,sha256:4c75452ccb199456f6e182b916bb38d3816efd85a8bff6092c4a48a5c09fb2ba,4c75452ccb199456f6e182b916bb38d3816efd85a8bff6092c4a48a5c09fb2ba
AMLC000780,C:\ITDA_OCR_CODE\학습대상데이터\AMLC000780.jpeg,1,sha256:d1564f05e3e81159a865ce132b64ab711f8f359d2985ea1d43514e5ef7d1aa06,d1564f05e3e81159a865ce132b64ab711f8f359d2985ea1d43514e5ef7d1aa06
AMLC000781,C:\ITDA_OCR_CODE\학습대상데이터\AMLC000781.jpeg,4,sha256:fe63fe18efddceb81a35d0db9bc8b7a76c8a8c14abf66a25ecfd427d15238783,fe63fe18efddceb81a35d0db9bc8b7a76c8a8c14abf66a25ecfd427d15238783
AMLC000782,C:\ITDA_OCR_CODE\학습대상데이터\AMLC000782.jpeg,4,sha256:270799fd993bb22c31de7702d57d83a66bf6adcba587297c8e2f57d2c5c830af,270799fd993bb22c31de7702d57d83a66bf6adcba587297c8e2f57d2c5c830af
AMLC000783,C:\ITDA_OCR_CODE\학습대상데이터\AMLC000783.jpeg,2,sha256:2697995f537ab737c373973cd9f70d00fdb585754c947ac8f022a39879ba6b0b,2697995f537ab737c373973cd9f70d00fdb585754c947ac8f022a39879ba6b0b
AMLC000784,C:\ITDA_OCR_CODE\학습대상데이터\AMLC000784.jpeg,2,sha256:183def0522567484f463dd163bb5f497f9c5fa318411bfac3b7e93ddd152f1d6,183def0522567484f463dd163bb5f497f9c5fa318411bfac3b7e93ddd152f1d6
AMLC000785,C:\ITDA_OCR_CODE\학습대상데이터\AMLC000785.jpeg,1,sha256:3194285b724d8336b47e6d2ee13971026cbe0bf45bc7b658ddc2d091b5f015bc,3194285b724d8336b47e6d2ee13971026cbe0bf45bc7b658ddc2d091b5f015bc
AMLC000786,C:\ITDA_OCR_CODE\학습대상데이터\AMLC000786.jpeg,3,sha256:abdf8ac373db3cefdf17c977e8238b35de7ed354c1b82a9de954baa1c14f0763,abdf8ac373db3cefdf17c977e8238b35de7ed354c1b82a9de954baa1c14f0763
AMLC000787,C:\ITDA_OCR_CODE\학습대상데이터\AMLC000787.jpeg,1,sha256:e37e7019ec28d0a4483d856b1b1de153f0933825013e469274550c215c5357d4,e37e7019ec28d0a4483d856b1b1de153f0933825013e469274550c215c5357d4
AMLC000788,C:\ITDA_OCR_CODE\학습대상데이터\AMLC000788.jpeg,5,sha256:bb7593a59d19118d6ccf8c6c00fd84ea163be179c190152029df906cee2f816a,bb7593a59d19118d6ccf8c6c00fd84ea163be179c190152029df906cee2f816a
AMLC000789,C:\ITDA_OCR_CODE\학습대상데이터\AMLC000789.jpeg,2,sha256:db3830551cd68485a1193f42e7aed40bb1724aec2ff519880ce65817691a43d5,db3830551cd68485a1193f42e7aed40bb1724aec2ff519880ce65817691a43d5
AMLC000790,C:\ITDA_OCR_CODE\학습대상데이터\AMLC000790.jpeg,2,sha256:4b06eaa8c9a202d18f13365062732dcd8d4bdf7d3d862023a17976e82532e3c6,4b06eaa8c9a202d18f13365062732dcd8d4bdf7d3d862023a17976e82532e3c6
AMLC000791,C:\ITDA_OCR_CODE\학습대상데이터\AMLC000791.jpeg,4,sha256:5edfd5edba912e24907b0a4c820974a3a685298481855d6e114fba0818a88760,5edfd5edba912e24907b0a4c820974a3a685298481855d6e114fba0818a88760
AMLC000792,C:\ITDA_OCR_CODE\학습대상데이터\AMLC000792.jpeg,1,sha256:5d8e9f2728828d9f1abd0fa00a97da6780025eb2f1c7f315b35078cfed3cc762,5d8e9f2728828d9f1abd0fa00a97da6780025eb2f1c7f315b35078cfed3cc762
AMLC000793,C:\ITDA_OCR_CODE\학습대상데이터\AMLC000793.jpeg,2,sha256:f6e76e75c900084546236950b9b2bc49c6a37acaf80ab8ed5651619c0657393c,f6e76e75c900084546236950b9b2bc49c6a37acaf80ab8ed5651619c0657393c
AMLC000794,C:\ITDA_OCR_CODE\학습대상데이터\AMLC000794.jpeg,5,sha256:a211f89570cd030a145165376587c7876fc063493caab9965106705d89df74a6,a211f89570cd030a145165376587c7876fc063493caab9965106705d89df74a6
AMLC000795,C:\ITDA_OCR_CODE\학습대상데이터\AMLC000795.jpeg,3,sha256:0998a1ca0cf2833cc50d5acb85ebadc7ff760fbe01e7c741cbe6b67d3b585889,0998a1ca0cf2833cc50d5acb85ebadc7ff760fbe01e7c741cbe6b67d3b585889
AMLC000796,C:\ITDA_OCR_CODE\학습대상데이터\AMLC000796.jpeg,5,sha256:e963ed63bd09eeda581203ca1747fec4a1e9f6b227d478bce3e73a6bdd4fc01c,e963ed63bd09eeda581203ca1747fec4a1e9f6b227d478bce3e73a6bdd4fc01c
AMLC000797,C:\ITDA_OCR_CODE\학습대상데이터\AMLC000797.jpeg,2,sha256:d6e746b3518784c85c0bff1badc357f5c8eea780bfa1eccf5c302d1af7b33ff7,d6e746b3518784c85c0bff1badc357f5c8eea780bfa1eccf5c302d1af7b33ff7
AMLC000798,C:\ITDA_OCR_CODE\학습대상데이터\AMLC000798.jpeg,1,sha256:5221577f92173a6b10619d414a6e059d3af0fb73d348f6a5cea522e60d84e88e,5221577f92173a6b10619d414a6e059d3af0fb73d348f6a5cea522e60d84e88e
AMLC000799,C:\ITDA_OCR_CODE\학습대상데이터\AMLC000799.jpeg,3,sha256:6e7d5d51bd2430f1ea0998023d739840bab5200d8d178dd9a1051f2c66c45ce4,6e7d5d51bd2430f1ea0998023d739840bab5200d8d178dd9a1051f2c66c45ce4
AMLC000800,C:\ITDA_OCR_CODE\학습대상데이터\AMLC000800.jpeg,4,sha256:32778b4fc412f6a13376de6254a77065dd316813c608340ecf8b48e0788ea97b,32778b4fc412f6a13376de6254a77065dd316813c608340ecf8b48e0788ea97b
AMLC000801,C:\ITDA_OCR_CODE\학습대상데이터\AMLC000801.jpeg,4,sha256:eb807144cfb35b9756715a2914bb7dda3432f072b2f81e6fe37731435baf59d3,eb807144cfb35b9756715a2914bb7dda3432f072b2f81e6fe37731435baf59d3
AMLC000802,C:\ITDA_OCR_CODE\학습대상데이터\AMLC000802.jpeg,3,sha256:3b9e1f4262707117f8b8652e2c176ccefcdbb19d92e1ba5a44a8d4f17438877f,3b9e1f4262707117f8b8652e2c176ccefcdbb19d92e1ba5a44a8d4f17438877f
AMLC000803,C:\ITDA_OCR_CODE\학습대상데이터\AMLC000803.jpeg,3,sha256:6fc7a16b51dd52ba2f96de7a7aa95a257924066d9f9d2068f6f122ec2c3fb943,6fc7a16b51dd52ba2f96de7a7aa95a257924066d9f9d2068f6f122ec2c3fb943
AMLC000804,C:\ITDA_OCR_CODE\학습대상데이터\AMLC000804.jpeg,2,sha256:2a13b0273eed15e5d6ee4cb79a2e4d233d16e3cfb96db56eaa0b021bf63ca5d0,2a13b0273eed15e5d6ee4cb79a2e4d233d16e3cfb96db56eaa0b021bf63ca5d0
AMLC000805,C:\ITDA_OCR_CODE\학습대상데이터\AMLC000805.jpeg,5,sha256:2d7e250fad096a93cbc8fea7a64a33a1b8ea08af6f09fe057ef7ec28177bd391,2d7e250fad096a93cbc8fea7a64a33a1b8ea08af6f09fe057ef7ec28177bd391
AMLC000806,C:\ITDA_OCR_CODE\학습대상데이터\AMLC000806.jpeg,2,sha256:2f3f856f79a721dfc598ed49b9a945d5add838172679703222c8abaa20e2830c,2f3f856f79a721dfc598ed49b9a945d5add838172679703222c8abaa20e2830c
AMLC000807,C:\ITDA_OCR_CODE\학습대상데이터\AMLC000807.jpeg,1,sha256:a6b8e44f7083189a72fea714d604a65b49fba6299db04ca53c4a6f12be3aaf97,a6b8e44f7083189a72fea714d604a65b49fba6299db04ca53c4a6f12be3aaf97
AMLC000808,C:\ITDA_OCR_CODE\학습대상데이터\AMLC000808.jpeg,2,sha256:5fe1fa1d539152f58c4f38fb9ff3fcdbf8d96fcc52e196e948f7f7bfec121948,5fe1fa1d539152f58c4f38fb9ff3fcdbf8d96fcc52e196e948f7f7bfec121948
AMLC000809,C:\ITDA_OCR_CODE\학습대상데이터\AMLC000809.jpeg,5,sha256:0a293e428d4e05aaca8b043dfdc6d020e02d93e031dbef29abdcdbf47c7487a6,0a293e428d4e05aaca8b043dfdc6d020e02d93e031dbef29abdcdbf47c7487a6
AMLC000810,C:\ITDA_OCR_CODE\학습대상데이터\AMLC000810.jpeg,3,sha256:e0abe8fae2a160c1edb32edd3ee59338cb840b3c6a4cc457a9bd8dce58b22702,e0abe8fae2a160c1edb32edd3ee59338cb840b3c6a4cc457a9bd8dce58b22702
AMLC000811,C:\ITDA_OCR_CODE\학습대상데이터\AMLC000811.jpeg,2,sha256:4200137b75c9bc1a4992c0e014324592770893690137df095c42e049a0728a40,4200137b75c9bc1a4992c0e014324592770893690137df095c42e049a0728a40
AMLC000812,C:\ITDA_OCR_CODE\학습대상데이터\AMLC000812.jpeg,5,sha256:0d4863d59d0abe219a4c42abee84a6290e5c3fcadb83059a61d0237e5826bb56,0d4863d59d0abe219a4c42abee84a6290e5c3fcadb83059a61d0237e5826bb56
AMLC000813,C:\ITDA_OCR_CODE\학습대상데이터\AMLC000813.jpeg,1,sha256:9bc44968211216f81e92e8c834130d0ba46c5794b2ec9b3d37f1f6d679746450,9bc44968211216f81e92e8c834130d0ba46c5794b2ec9b3d37f1f6d679746450
AMLC000814,C:\ITDA_OCR_CODE\학습대상데이터\AMLC000814.jpeg,5,sha256:7b9cf9f4706cf23883ca978b6a07f56738ff036b8b91820fd53cab0b7fd04049,7b9cf9f4706cf23883ca978b6a07f56738ff036b8b91820fd53cab0b7fd04049
AMLC000815,C:\ITDA_OCR_CODE\학습대상데이터\AMLC000815.jpeg,4,sha256:03e883b4da5600ae6c54690a4031b6f319de698f9edc3898878e021cfc9bf89a,03e883b4da5600ae6c54690a4031b6f319de698f9edc3898878e021cfc9bf89a
AMLC000816,C:\ITDA_OCR_CODE\학습대상데이터\AMLC000816.jpeg,2,sha256:c6032dc1c7470023bbda6a350dbb8c6d6c98fec3a54a16b83815094b1c47d476,c6032dc1c7470023bbda6a350dbb8c6d6c98fec3a54a16b83815094b1c47d476
AMLC000817,C:\ITDA_OCR_CODE\학습대상데이터\AMLC000817.jpeg,4,sha256:e9e8e83b8254e41948ec17c86148a4e26143918288684919a14c3d78c4c786db,e9e8e83b8254e41948ec17c86148a4e26143918288684919a14c3d78c4c786db
AMLC000818,C:\ITDA_OCR_CODE\학습대상데이터\AMLC000818.jpeg,4,sha256:1ff49e84a453f28a38e6022b3bb767560069c174b56ac3f31a6b8f86b0bdb537,1ff49e84a453f28a38e6022b3bb767560069c174b56ac3f31a6b8f86b0bdb537
AMLC000819,C:\ITDA_OCR_CODE\학습대상데이터\AMLC000819.jpeg,5,sha256:48d0424ae05ce5ca744eac2afc4799cf75336b7991e0e9a8690dc28cc2a57ca6,48d0424ae05ce5ca744eac2afc4799cf75336b7991e0e9a8690dc28cc2a57ca6
AMLC000820,C:\ITDA_OCR_CODE\학습대상데이터\AMLC000820.jpeg,2,sha256:f5c4591620a2e15e7f628c576fba1563279e7c33045ad09c0a4fe3fd6854774e,f5c4591620a2e15e7f628c576fba1563279e7c33045ad09c0a4fe3fd6854774e
AMLC000821,C:\ITDA_OCR_CODE\학습대상데이터\AMLC000821.jpeg,4,sha256:8b3dd59b36c6f91191edf5521fcfb51dc64c230bf949793feed91540d5d24cf8,8b3dd59b36c6f91191edf5521fcfb51dc64c230bf949793feed91540d5d24cf8
AMLC000822,C:\ITDA_OCR_CODE\학습대상데이터\AMLC000822.jpeg,2,sha256:86bbd5f8d64775d304cdbd4365d0cb251d5048ec0d3a2d393aac67299774cb5b,86bbd5f8d64775d304cdbd4365d0cb251d5048ec0d3a2d393aac67299774cb5b
AMLC000823,C:\ITDA_OCR_CODE\학습대상데이터\AMLC000823.jpeg,3,sha256:ea71fc994251f06cb197682b7df66f2bff33f4cca864d8702bac6c2291f3bb51,ea71fc994251f06cb197682b7df66f2bff33f4cca864d8702bac6c2291f3bb51
AMLC000824,C:\ITDA_OCR_CODE\학습대상데이터\AMLC000824.jpeg,4,sha256:88303b193a782f432b856e70e7b44b4297955ce33f0d7302935a1f0fcf448141,88303b193a782f432b856e70e7b44b4297955ce33f0d7302935a1f0fcf448141
AMLC000825,C:\ITDA_OCR_CODE\학습대상데이터\AMLC000825.jpeg,2,sha256:77a0c3ea5a20a55b3b9866c9b8596ce20c0b4df759680882718c798efb0b0874,77a0c3ea5a20a55b3b9866c9b8596ce20c0b4df759680882718c798efb0b0874
AMLC000826,C:\ITDA_OCR_CODE\학습대상데이터\AMLC000826.jpeg,1,sha256:c97cb43b3408b91541405315a55e72e75662a923ce5e2ee3c36ced7a7db40961,c97cb43b3408b91541405315a55e72e75662a923ce5e2ee3c36ced7a7db40961
AMLC000827,C:\ITDA_OCR_CODE\학습대상데이터\AMLC000827.jpeg,4,sha256:e3a10bc0c8c0f996966c3eac45ade48305db42f7f5466b66db16fcd27e7931ac,e3a10bc0c8c0f996966c3eac45ade48305db42f7f5466b66db16fcd27e7931ac
AMLC000828,C:\ITDA_OCR_CODE\학습대상데이터\AMLC000828.jpeg,4,sha256:a099b4e12b62e2d73e2f28e3e43898eaa5a076c2d23b30ed8cfdfd0362b11d36,a099b4e12b62e2d73e2f28e3e43898eaa5a076c2d23b30ed8cfdfd0362b11d36
AMLC000829,C:\ITDA_OCR_CODE\학습대상데이터\AMLC000829.jpeg,4,sha256:9b04cd80b72462c2cef82ff1fbf04baa8f534e4914bb67a4f274dba4a7841b50,9b04cd80b72462c2cef82ff1fbf04baa8f534e4914bb67a4f274dba4a7841b50
AMLC000830,C:\ITDA_OCR_CODE\학습대상데이터\AMLC000830.jpeg,5,sha256:07678944b078ea4c639f3a7230516a81c7662a8c620a2cd8b1faf1387a591283,07678944b078ea4c639f3a7230516a81c7662a8c620a2cd8b1faf1387a591283
AMLC000831,C:\ITDA_OCR_CODE\학습대상데이터\AMLC000831.jpeg,4,sha256:d17bd0299bf72a9c755148c621f180ca98a1dae3f5e8f336d58a5cf84ccae431,d17bd0299bf72a9c755148c621f180ca98a1dae3f5e8f336d58a5cf84ccae431
AMLC000832,C:\ITDA_OCR_CODE\학습대상데이터\AMLC000832.jpeg,5,sha256:89ec46baee601cde523e872862cafb704a6a74c6ce71e90172520614576af93c,89ec46baee601cde523e872862cafb704a6a74c6ce71e90172520614576af93c
AMLC000833,C:\ITDA_OCR_CODE\학습대상데이터\AMLC000833.jpeg,1,sha256:f8cdf470f3fdf0dbc6f20df8e10d873187528b419fbc893b9a62de2fdfc5bdc4,f8cdf470f3fdf0dbc6f20df8e10d873187528b419fbc893b9a62de2fdfc5bdc4
AMLC000834,C:\ITDA_OCR_CODE\학습대상데이터\AMLC000834.jpeg,5,sha256:570a87e02298179b2ef6ca87629bb926e4309e1b041f0e57f5bce1e5dd81dcfe,570a87e02298179b2ef6ca87629bb926e4309e1b041f0e57f5bce1e5dd81dcfe
AMLC000835,C:\ITDA_OCR_CODE\학습대상데이터\AMLC000835.jpeg,5,sha256:5c6a76dedcc6b0048a8051c59717dccd6690f8cfe3cb6baf0f826fcb234935fd,5c6a76dedcc6b0048a8051c59717dccd6690f8cfe3cb6baf0f826fcb234935fd
AMLC000836,C:\ITDA_OCR_CODE\학습대상데이터\AMLC000836.jpeg,1,sha256:d35926711638a102ccd377ad513cffee213cbfa90b1c4173c1ef8acd605b0dd1,d35926711638a102ccd377ad513cffee213cbfa90b1c4173c1ef8acd605b0dd1
AMLC000837,C:\ITDA_OCR_CODE\학습대상데이터\AMLC000837.jpeg,4,sha256:7bb78aedc44a251178643891a49e0c2b0549b6ced1fdcab2988d0d4d62bbfb89,7bb78aedc44a251178643891a49e0c2b0549b6ced1fdcab2988d0d4d62bbfb89
AMLC000838,C:\ITDA_OCR_CODE\학습대상데이터\AMLC000838.jpeg,1,sha256:964ccef7a96af814b9559998954fcea421334e2a4bf9aadfc570ad6b9d1b7e57,964ccef7a96af814b9559998954fcea421334e2a4bf9aadfc570ad6b9d1b7e57
AMLC000839,C:\ITDA_OCR_CODE\학습대상데이터\AMLC000839.jpeg,3,sha256:abb573a77b15e12c1ba50ece42a6ae4d5c2d05d495d1cd472f4d12e654ad60e6,abb573a77b15e12c1ba50ece42a6ae4d5c2d05d495d1cd472f4d12e654ad60e6
AMLC000840,C:\ITDA_OCR_CODE\학습대상데이터\AMLC000840.jpeg,1,sha256:1537811ebe930cbed5af62f9a27a580003ca0ec985324e858ccd2d71cbfba052,1537811ebe930cbed5af62f9a27a580003ca0ec985324e858ccd2d71cbfba052
AMLC000841,C:\ITDA_OCR_CODE\학습대상데이터\AMLC000841.jpeg,4,sha256:7779d276a7fb1b11213b676b0cabd898d29d8680daff5dcfc5821e80bb6879f9,7779d276a7fb1b11213b676b0cabd898d29d8680daff5dcfc5821e80bb6879f9
AMLC000842,C:\ITDA_OCR_CODE\학습대상데이터\AMLC000842.jpeg,2,sha256:2628a08de252d9c12196ca8435c86473a4cbf28c768881dff93524ba8a01a485,2628a08de252d9c12196ca8435c86473a4cbf28c768881dff93524ba8a01a485
AMLC000843,C:\ITDA_OCR_CODE\학습대상데이터\AMLC000843.jpeg,1,sha256:14dc56eaf3a0b9a5a194d7a41ccdb9b126d75ed0b9d43b71ea024b1125a017c2,14dc56eaf3a0b9a5a194d7a41ccdb9b126d75ed0b9d43b71ea024b1125a017c2
AMLC000844,C:\ITDA_OCR_CODE\학습대상데이터\AMLC000844.jpeg,5,sha256:af49a1f473872c3db0d1a303c11eb3e733271ed17deb4b7a492939d90827eba3,af49a1f473872c3db0d1a303c11eb3e733271ed17deb4b7a492939d90827eba3
AMLC000845,C:\ITDA_OCR_CODE\학습대상데이터\AMLC000845.jpeg,3,sha256:aa2295ce253d5f9f6042ff7824e4fcf7c8673761417bdc20d912b876fba52b33,aa2295ce253d5f9f6042ff7824e4fcf7c8673761417bdc20d912b876fba52b33
AMLC000846,C:\ITDA_OCR_CODE\학습대상데이터\AMLC000846.jpeg,5,sha256:4b4f2163df8b1bc791ad63b1d5da4ba0219d2d238dd4a51571af3fae2282e34b,4b4f2163df8b1bc791ad63b1d5da4ba0219d2d238dd4a51571af3fae2282e34b
AMLC000847,C:\ITDA_OCR_CODE\학습대상데이터\AMLC000847.jpeg,4,sha256:e11e3e7977ffba8c8d46a31e10640b18259a7ffd5ffdb6e2dcaa48662bd67618,e11e3e7977ffba8c8d46a31e10640b18259a7ffd5ffdb6e2dcaa48662bd67618
AMLC000848,C:\ITDA_OCR_CODE\학습대상데이터\AMLC000848.jpeg,1,sha256:854c0297cfbd4a72d53018ae3e177118dc20e6f170aa23662a4da337e363b5dd,854c0297cfbd4a72d53018ae3e177118dc20e6f170aa23662a4da337e363b5dd
AMLC000849,C:\ITDA_OCR_CODE\학습대상데이터\AMLC000849.jpeg,2,sha256:b8a65b38f6f97fb61bd6035bb0ec05183d7a4f1d81d0dbed27b27be78177b3c5,b8a65b38f6f97fb61bd6035bb0ec05183d7a4f1d81d0dbed27b27be78177b3c5
AMLC000850,C:\ITDA_OCR_CODE\학습대상데이터\AMLC000850.jpeg,3,sha256:61d4d1e974c6b0898ee6e8db97f63a745d308b98fcf59a64dfed51bc682581ec,61d4d1e974c6b0898ee6e8db97f63a745d308b98fcf59a64dfed51bc682581ec
AMLC000851,C:\ITDA_OCR_CODE\학습대상데이터\AMLC000851.jpeg,2,sha256:4afd0c9596af3738af8f919c18e51077a6df0e792db78f1231f025cb5da2d8b7,4afd0c9596af3738af8f919c18e51077a6df0e792db78f1231f025cb5da2d8b7
AMLC000852,C:\ITDA_OCR_CODE\학습대상데이터\AMLC000852.jpeg,3,sha256:9c3ec35d6c853dcd4cf365ff846fadd37a2b9e85892d789675fa0bcae938123c,9c3ec35d6c853dcd4cf365ff846fadd37a2b9e85892d789675fa0bcae938123c
AMLC000853,C:\ITDA_OCR_CODE\학습대상데이터\AMLC000853.jpeg,2,sha256:b83a8a3bc3e8ed1bedcc589e86e979adb514d9d0199f12f722d9778cb6485969,b83a8a3bc3e8ed1bedcc589e86e979adb514d9d0199f12f722d9778cb6485969
AMLC000854,C:\ITDA_OCR_CODE\학습대상데이터\AMLC000854.jpeg,3,sha256:3f4b2521e10208ff92b7a0a1ec391fae17854783c6803cc8d5fcb490a0a73d7c,3f4b2521e10208ff92b7a0a1ec391fae17854783c6803cc8d5fcb490a0a73d7c
AMLC000855,C:\ITDA_OCR_CODE\학습대상데이터\AMLC000855.jpeg,5,sha256:0d2d5e1ad11b576225fda6fceba2f63f78a3dfcfadc281c5e842674a477ce153,0d2d5e1ad11b576225fda6fceba2f63f78a3dfcfadc281c5e842674a477ce153
AMLC000856,C:\ITDA_OCR_CODE\학습대상데이터\AMLC000856.jpeg,4,sha256:938f74aed4bf56e04c6665fb8f8bf12bbb66a2893c44f113a29f292abe5a6d2a,938f74aed4bf56e04c6665fb8f8bf12bbb66a2893c44f113a29f292abe5a6d2a
AMLC000857,C:\ITDA_OCR_CODE\학습대상데이터\AMLC000857.jpg,5,sha256:b063aed513792719fbd701102e1b40f730bf043a6136200f13b729f919f998ea,b063aed513792719fbd701102e1b40f730bf043a6136200f13b729f919f998ea
AMLC000858,C:\ITDA_OCR_CODE\학습대상데이터\AMLC000858.jpg,5,sha256:35bec8400ded7239a5091c5d320ed78fb6c35c2e27e43659423afe05d277d7d2,35bec8400ded7239a5091c5d320ed78fb6c35c2e27e43659423afe05d277d7d2
AMLC000859,C:\ITDA_OCR_CODE\학습대상데이터\AMLC000859.jpg,4,sha256:6e0e023b4f2fa2d06d76b11f57153b9237f386cbe803403b9808c905884cc06f,6e0e023b4f2fa2d06d76b11f57153b9237f386cbe803403b9808c905884cc06f
AMLC000860,C:\ITDA_OCR_CODE\학습대상데이터\AMLC000860.jpg,4,sha256:4fa6747af87351ad27352257d7d059c246aa484e53864ff24e793cf34a037d47,4fa6747af87351ad27352257d7d059c246aa484e53864ff24e793cf34a037d47
AMLC000861,C:\ITDA_OCR_CODE\학습대상데이터\AMLC000861.jpg,1,sha256:e13020ba454447aeac7ceb7789ac3b83c54035eccdd96fffa72859d0f79a9c9f,e13020ba454447aeac7ceb7789ac3b83c54035eccdd96fffa72859d0f79a9c9f
AMLC000862,C:\ITDA_OCR_CODE\학습대상데이터\AMLC000862.jpg,3,sha256:588d36ed00daa371f2b4af2ecf49c4d402ad67e55b6f94c51a0dd1814af51d28,588d36ed00daa371f2b4af2ecf49c4d402ad67e55b6f94c51a0dd1814af51d28
AMLC000863,C:\ITDA_OCR_CODE\학습대상데이터\AMLC000863.jpg,2,sha256:c183ded7900cc2346720925c2d1efcd473f78d5786019536b5081c3868057572,c183ded7900cc2346720925c2d1efcd473f78d5786019536b5081c3868057572
AMLC000864,C:\ITDA_OCR_CODE\학습대상데이터\AMLC000864.jpg,4,sha256:b354d59f381778901dd36279f87dfbd76ea8a93a0f8847567ed705a44e808e9c,b354d59f381778901dd36279f87dfbd76ea8a93a0f8847567ed705a44e808e9c
AMLC000865,C:\ITDA_OCR_CODE\학습대상데이터\AMLC000865.jpg,3,sha256:015aae54d3713fb788773515af2a31a1ab197f63fa760467a7e4ccefaf5009a3,015aae54d3713fb788773515af2a31a1ab197f63fa760467a7e4ccefaf5009a3
AMLC000866,C:\ITDA_OCR_CODE\학습대상데이터\AMLC000866.jpg,3,sha256:603702aa24a82e124d5c79e2e358f74e3c7a26a562be25a4ac1cd55cf4b08c3f,603702aa24a82e124d5c79e2e358f74e3c7a26a562be25a4ac1cd55cf4b08c3f
AMLC000867,C:\ITDA_OCR_CODE\학습대상데이터\AMLC000867.jpg,2,sha256:61689579ed147dc8a13331553056a3f9f3eac5b8774b12dade924b7072d5f1b2,61689579ed147dc8a13331553056a3f9f3eac5b8774b12dade924b7072d5f1b2
AMLC000868,C:\ITDA_OCR_CODE\학습대상데이터\AMLC000868.jpg,3,sha256:d96664bffd944b68f4e80dcfe2aeae65aed219443ec7728fa113158df9acdb4c,d96664bffd944b68f4e80dcfe2aeae65aed219443ec7728fa113158df9acdb4c
AMLC000869,C:\ITDA_OCR_CODE\학습대상데이터\AMLC000869.jpg,3,sha256:f7697b401eb942321df971d3eadb4338f70ec69dc9b944cb8772901480cbd0f6,f7697b401eb942321df971d3eadb4338f70ec69dc9b944cb8772901480cbd0f6
AMLC000870,C:\ITDA_OCR_CODE\학습대상데이터\AMLC000870.jpg,2,sha256:9415985255c83ca42c82be1334f61b34ef9525bb2be6742d6fca9cce4c5bd94c,9415985255c83ca42c82be1334f61b34ef9525bb2be6742d6fca9cce4c5bd94c
AMLC000871,C:\ITDA_OCR_CODE\학습대상데이터\AMLC000871.jpg,4,sha256:18b1ccb285ce5d7cda3216b7b746e4412f0a07821e3b594240bb3a70f073a6da,18b1ccb285ce5d7cda3216b7b746e4412f0a07821e3b594240bb3a70f073a6da
AMLC000872,C:\ITDA_OCR_CODE\학습대상데이터\AMLC000872.jpg,3,sha256:7013b49ae7be7211ed838baa92f7a7b507702d10621aa61bcb618292a56807af,7013b49ae7be7211ed838baa92f7a7b507702d10621aa61bcb618292a56807af
AMLC000873,C:\ITDA_OCR_CODE\학습대상데이터\AMLC000873.jpg,5,sha256:4abc5de92763b6bf364c1ebcaf1f3c6a87fd7004417dd7e8a89159041cccbb3e,4abc5de92763b6bf364c1ebcaf1f3c6a87fd7004417dd7e8a89159041cccbb3e
AMLC000874,C:\ITDA_OCR_CODE\학습대상데이터\AMLC000874.jpg,2,sha256:9cdce94b74fba5eda7ada7cf87dd6cb8e1554a73e0d0495e16b39147c6cec1ea,9cdce94b74fba5eda7ada7cf87dd6cb8e1554a73e0d0495e16b39147c6cec1ea
AMLC000875,C:\ITDA_OCR_CODE\학습대상데이터\AMLC000875.jpg,5,sha256:5fd22f9e06c441289a5fbc08dcc1697c9ec25992ef00f5e6876dfeeef4b9d1d8,5fd22f9e06c441289a5fbc08dcc1697c9ec25992ef00f5e6876dfeeef4b9d1d8
AMLC000876,C:\ITDA_OCR_CODE\학습대상데이터\AMLC000876.jpg,2,sha256:c919c048e03859a8dcde98084e854f01a07dd99d17c212c8d65b811b91fab978,c919c048e03859a8dcde98084e854f01a07dd99d17c212c8d65b811b91fab978
AMLC000877,C:\ITDA_OCR_CODE\학습대상데이터\AMLC000877.jpg,2,sha256:d5e0d997d75018da07a75f4ae2813c5e64b450ca394a32f5d4d313302bc3959b,d5e0d997d75018da07a75f4ae2813c5e64b450ca394a32f5d4d313302bc3959b
AMLC000878,C:\ITDA_OCR_CODE\학습대상데이터\AMLC000878.jpg,5,sha256:df0a1d9767d95578eb1582b04865b1f56d0279bff9b7934f76d19f1d4d6425f7,df0a1d9767d95578eb1582b04865b1f56d0279bff9b7934f76d19f1d4d6425f7
AMLC000879,C:\ITDA_OCR_CODE\학습대상데이터\AMLC000879.jpg,3,sha256:ea4bae6594d13d9aa23cb83e172d76230d2e633f4a8457ba460f1d321d22c3d2,ea4bae6594d13d9aa23cb83e172d76230d2e633f4a8457ba460f1d321d22c3d2
AMLC000880,C:\ITDA_OCR_CODE\학습대상데이터\AMLC000880.jpg,5,sha256:d57cb368040546fd65c426d9fdee50828949273e3e964c983514f3d3999bd1c7,d57cb368040546fd65c426d9fdee50828949273e3e964c983514f3d3999bd1c7
AMLC000881,C:\ITDA_OCR_CODE\학습대상데이터\AMLC000881.jpg,2,sha256:1b0b058d8a231283d1f848f1d3a182b506321a7c449f69b7658883b41c5a6439,1b0b058d8a231283d1f848f1d3a182b506321a7c449f69b7658883b41c5a6439
AMLC000882,C:\ITDA_OCR_CODE\학습대상데이터\AMLC000882.jpg,3,sha256:f8af15a271f5b5d19076a47fe98dbc429b7cc8e629f8d3aedefacf42a98c817a,f8af15a271f5b5d19076a47fe98dbc429b7cc8e629f8d3aedefacf42a98c817a
AMLC000883,C:\ITDA_OCR_CODE\학습대상데이터\AMLC000883.jpg,1,sha256:732fd35579f88c1d9e38348f1fe73f44afa5bd4da748eea27019824310d27b4a,732fd35579f88c1d9e38348f1fe73f44afa5bd4da748eea27019824310d27b4a
AMLC000884,C:\ITDA_OCR_CODE\학습대상데이터\AMLC000884.jpg,4,sha256:090551c6bd6092aa4da95d4cce40f3b71f40a330c6a54c33b71a00432f4a2561,090551c6bd6092aa4da95d4cce40f3b71f40a330c6a54c33b71a00432f4a2561
AMLC000885,C:\ITDA_OCR_CODE\학습대상데이터\AMLC000885.jpg,4,sha256:21b5b8bf4e2232b000cd574442d53772a8466fbc4c0331cfb51210a4f9f8c7cb,21b5b8bf4e2232b000cd574442d53772a8466fbc4c0331cfb51210a4f9f8c7cb
AMLC000886,C:\ITDA_OCR_CODE\학습대상데이터\AMLC000886.jpg,4,sha256:5ad8e46d71402f9b9d20e2bd93e4090015c0406d893822b0933a18f45c864f47,5ad8e46d71402f9b9d20e2bd93e4090015c0406d893822b0933a18f45c864f47
AMLC000887,C:\ITDA_OCR_CODE\학습대상데이터\AMLC000887.jpg,3,sha256:e76b0c49a599fa8dfc7b87bb518e8b05dfc5032ef8ba1b835a1a08758980bceb,e76b0c49a599fa8dfc7b87bb518e8b05dfc5032ef8ba1b835a1a08758980bceb
AMLC000888,C:\ITDA_OCR_CODE\학습대상데이터\AMLC000888.jpg,5,sha256:63b2c270a030601af62eeeba5f05770a5615151edcc302fbe6b4a634d1361d88,63b2c270a030601af62eeeba5f05770a5615151edcc302fbe6b4a634d1361d88
AMLC000889,C:\ITDA_OCR_CODE\학습대상데이터\AMLC000889.jpg,2,sha256:876a3fd69ca6263dc3882a27a390e8c29d5d5b2b3394a1bd39c2ccd42b682bd2,876a3fd69ca6263dc3882a27a390e8c29d5d5b2b3394a1bd39c2ccd42b682bd2
AMLC000890,C:\ITDA_OCR_CODE\학습대상데이터\AMLC000890.jpg,5,sha256:34a55863796d588d36af1d7d306a9072ba0e1b0f95e7ca5089483def1e481cad,34a55863796d588d36af1d7d306a9072ba0e1b0f95e7ca5089483def1e481cad
AMLC000891,C:\ITDA_OCR_CODE\학습대상데이터\AMLC000891.jpg,1,sha256:e4dcfe687a885e43926f82ea0818baeca7d9abfcc73e29756824eed4126a9bf9,e4dcfe687a885e43926f82ea0818baeca7d9abfcc73e29756824eed4126a9bf9
AMLC000892,C:\ITDA_OCR_CODE\학습대상데이터\AMLC000892.jpg,2,sha256:7a02d4c50c7cb193883cf75d4b88ffb446e50ce1b32868ab2ea6cb0869ede148,7a02d4c50c7cb193883cf75d4b88ffb446e50ce1b32868ab2ea6cb0869ede148
AMLC000893,C:\ITDA_OCR_CODE\학습대상데이터\AMLC000893.jpg,5,sha256:9cf6bba245033b4d46268065868b2bbb224b5b416fa420b022f748bb7d5533ce,9cf6bba245033b4d46268065868b2bbb224b5b416fa420b022f748bb7d5533ce
AMLC000894,C:\ITDA_OCR_CODE\학습대상데이터\AMLC000894.jpg,1,sha256:f1644d177c68bdad9fc514c7a08cfef8f2c510b1589dc28a1f90fb06ebb2350c,f1644d177c68bdad9fc514c7a08cfef8f2c510b1589dc28a1f90fb06ebb2350c
AMLC000895,C:\ITDA_OCR_CODE\학습대상데이터\AMLC000895.jpg,1,sha256:86e6c9825acfa0030f34006926ef25562c8bb1cf91f1ddebfa49d3ff4f83ff83,86e6c9825acfa0030f34006926ef25562c8bb1cf91f1ddebfa49d3ff4f83ff83
AMLC000896,C:\ITDA_OCR_CODE\학습대상데이터\AMLC000896.jpg,5,sha256:bf026639c70443bc08dec731db3e0b79177415175506286825276f798e4e5b70,bf026639c70443bc08dec731db3e0b79177415175506286825276f798e4e5b70
AMLC000897,C:\ITDA_OCR_CODE\학습대상데이터\AMLC000897.jpg,1,sha256:b2edba2ad4fa275ce6cee8a73b47a2c69f42ef150aeed298046c9274d7097f97,b2edba2ad4fa275ce6cee8a73b47a2c69f42ef150aeed298046c9274d7097f97
AMLC000898,C:\ITDA_OCR_CODE\학습대상데이터\AMLC000898.jpg,4,sha256:cc3c0c269deb2aa0b8c866e29a704b6a474ec8f03ef2053e619cbad973c2f84a,cc3c0c269deb2aa0b8c866e29a704b6a474ec8f03ef2053e619cbad973c2f84a
AMLC000899,C:\ITDA_OCR_CODE\학습대상데이터\AMLC000899.jpg,4,sha256:9e1eaab450df2ed9335b43411469ad1d1730fbe59aa59b56a3e01c1f7792462a,9e1eaab450df2ed9335b43411469ad1d1730fbe59aa59b56a3e01c1f7792462a
AMLC000900,C:\ITDA_OCR_CODE\학습대상데이터\AMLC000900.jpg,3,sha256:324cde3107d3a2770f713d91f54849c280d27e84651219497ad74be481bbc46c,324cde3107d3a2770f713d91f54849c280d27e84651219497ad74be481bbc46c
AMLC000901,C:\ITDA_OCR_CODE\학습대상데이터\AMLC000901.jpg,5,sha256:c678d70de4833bb9a79492c7515610f4f55bbb18ddbaf26f6a41d744af90bb9a,c678d70de4833bb9a79492c7515610f4f55bbb18ddbaf26f6a41d744af90bb9a
AMLC000902,C:\ITDA_OCR_CODE\학습대상데이터\AMLC000902.jpg,5,sha256:8c19bbc1438688fd8706c743f6715e149e07f94e5cc454284a23d5462b40b268,8c19bbc1438688fd8706c743f6715e149e07f94e5cc454284a23d5462b40b268
AMLC000903,C:\ITDA_OCR_CODE\학습대상데이터\AMLC000903.jpg,2,sha256:31c34d8f87b91764497598b10fba8c262297db555ef007ff3fff303bc8058ea2,31c34d8f87b91764497598b10fba8c262297db555ef007ff3fff303bc8058ea2
AMLC000904,C:\ITDA_OCR_CODE\학습대상데이터\AMLC000904.jpg,5,sha256:a2c9a141405e7264fdea31205ff9dfa1d7929bf94a820551885e72f187a86dcb,a2c9a141405e7264fdea31205ff9dfa1d7929bf94a820551885e72f187a86dcb
AMLC000905,C:\ITDA_OCR_CODE\학습대상데이터\AMLC000905.jpg,3,sha256:bd60db11c7969c42dd93280f32fe2dd2328f514973c0511abd7f5e8d061ed3ed,bd60db11c7969c42dd93280f32fe2dd2328f514973c0511abd7f5e8d061ed3ed
AMLC000906,C:\ITDA_OCR_CODE\학습대상데이터\AMLC000906.jpg,5,sha256:94c4e5edf927444afd00c905c539c2fd34f03c89da41ecdb7f5bb735d29852e0,94c4e5edf927444afd00c905c539c2fd34f03c89da41ecdb7f5bb735d29852e0
AMLC000907,C:\ITDA_OCR_CODE\학습대상데이터\AMLC000907.jpg,4,sha256:8e1c7254ffe798e8f49317da07f51e1f1309ce78e7a3eaf1a17eb27d93f61fdd,8e1c7254ffe798e8f49317da07f51e1f1309ce78e7a3eaf1a17eb27d93f61fdd
AMLC000908,C:\ITDA_OCR_CODE\학습대상데이터\AMLC000908.jpg,5,sha256:f27ad6d1e273752fb568e36821f747565aee569d1f80ca28f380631fb2030ac8,f27ad6d1e273752fb568e36821f747565aee569d1f80ca28f380631fb2030ac8
AMLC000909,C:\ITDA_OCR_CODE\학습대상데이터\AMLC000909.jpg,3,sha256:367a0376ac265b4e64c7a637095f301d3fdafdf1ff0a637aece94d9a4b9b3ab4,367a0376ac265b4e64c7a637095f301d3fdafdf1ff0a637aece94d9a4b9b3ab4
AMLC000910,C:\ITDA_OCR_CODE\학습대상데이터\AMLC000910.jpg,4,sha256:62252f8022923b302357ed72064a13210d2a1a6454022bff84c81774ac25f160,62252f8022923b302357ed72064a13210d2a1a6454022bff84c81774ac25f160
AMLC000911,C:\ITDA_OCR_CODE\학습대상데이터\AMLC000911.jpg,4,sha256:60a901f7382efc5efb76260235375cc30e0b0e463d26935e87468a2a8fe94939,60a901f7382efc5efb76260235375cc30e0b0e463d26935e87468a2a8fe94939
AMLC000912,C:\ITDA_OCR_CODE\학습대상데이터\AMLC000912.jpg,4,sha256:898757af49f338cb3eb86def950a14c91b1c42f6c17ae1446c6b326eea696ffd,898757af49f338cb3eb86def950a14c91b1c42f6c17ae1446c6b326eea696ffd
AMLC000913,C:\ITDA_OCR_CODE\학습대상데이터\AMLC000913.jpg,3,sha256:f67624555a2c998da60a21f9f64ae36253960edc8656a79628785008eb124af0,f67624555a2c998da60a21f9f64ae36253960edc8656a79628785008eb124af0
AMLC000914,C:\ITDA_OCR_CODE\학습대상데이터\AMLC000914.jpg,5,sha256:9623b6bc186627e038ce5ed77a56d7d145c91283e8cd0139448be0782647565d,9623b6bc186627e038ce5ed77a56d7d145c91283e8cd0139448be0782647565d
AMLC000915,C:\ITDA_OCR_CODE\학습대상데이터\AMLC000915.jpg,2,sha256:f248c27e354e7842657de3486cbe92414e0a161a1b591082de6dfe28f57d3e7a,f248c27e354e7842657de3486cbe92414e0a161a1b591082de6dfe28f57d3e7a
AMLC000916,C:\ITDA_OCR_CODE\학습대상데이터\AMLC000916.jpg,2,sha256:af884719a57e6a2fe3ce09e35429fde279343b3509faf9799215884bf259f001,af884719a57e6a2fe3ce09e35429fde279343b3509faf9799215884bf259f001
AMLC000917,C:\ITDA_OCR_CODE\학습대상데이터\AMLC000917.jpg,4,sha256:dbf4004ab4e4193b306c5a8160ff007b954b7c8d44e37d5c2d4e7fad7715e689,dbf4004ab4e4193b306c5a8160ff007b954b7c8d44e37d5c2d4e7fad7715e689
AMLC000918,C:\ITDA_OCR_CODE\학습대상데이터\AMLC000918.jpg,5,sha256:9aaeed8dbfdbb87bac11ca5c3bf9f9f20df1da2f532cdad80bc26c7669eaf6b8,9aaeed8dbfdbb87bac11ca5c3bf9f9f20df1da2f532cdad80bc26c7669eaf6b8
AMLC000919,C:\ITDA_OCR_CODE\학습대상데이터\AMLC000919.jpg,5,sha256:5ca844ca69f3dc32c5ec859ab7d2e5a6b3aa7130a875c1dab9f5c52218ea89f2,5ca844ca69f3dc32c5ec859ab7d2e5a6b3aa7130a875c1dab9f5c52218ea89f2
AMLC000920,C:\ITDA_OCR_CODE\학습대상데이터\AMLC000920.jpg,3,sha256:88b68424a65252b975f5796cc54355f0c0331b5c6ca47c1cc343b132c6236390,88b68424a65252b975f5796cc54355f0c0331b5c6ca47c1cc343b132c6236390
AMLC000921,C:\ITDA_OCR_CODE\학습대상데이터\AMLC000921.jpg,5,sha256:b00cf46a5d413cbe59228648155152fdc92c5e53f2c733d73fa77487c092f9a0,b00cf46a5d413cbe59228648155152fdc92c5e53f2c733d73fa77487c092f9a0
AMLC000922,C:\ITDA_OCR_CODE\학습대상데이터\AMLC000922.jpg,1,sha256:e944afa1125eb195c12a3e75195b497d6d8013e468c16062ca30c2a8a9618a7a,e944afa1125eb195c12a3e75195b497d6d8013e468c16062ca30c2a8a9618a7a
AMLC000923,C:\ITDA_OCR_CODE\학습대상데이터\AMLC000923.jpg,2,sha256:dd95c84eeaa0f03f173ebd27b4eff2d2d1ba5caecf0b4cec206dc4e041f1427a,dd95c84eeaa0f03f173ebd27b4eff2d2d1ba5caecf0b4cec206dc4e041f1427a
AMLC000924,C:\ITDA_OCR_CODE\학습대상데이터\AMLC000924.jpg,5,sha256:2b8934004c223d3040d1c530aedb22dab38d30a4c2fbbf6eaef23039d043590a,2b8934004c223d3040d1c530aedb22dab38d30a4c2fbbf6eaef23039d043590a
AMLC000925,C:\ITDA_OCR_CODE\학습대상데이터\AMLC000925.jpg,5,sha256:8222736dc5ccb3047b2cb4cfc99dd53f90e62cb00265615d6768bb052f7830e2,8222736dc5ccb3047b2cb4cfc99dd53f90e62cb00265615d6768bb052f7830e2
AMLC000926,C:\ITDA_OCR_CODE\학습대상데이터\AMLC000926.jpg,5,sha256:2f728dcef4aa055ca405eaaedb0b889c5a5da2b8a2b3df4a5dd6b4db11b6095f,2f728dcef4aa055ca405eaaedb0b889c5a5da2b8a2b3df4a5dd6b4db11b6095f
AMLC000927,C:\ITDA_OCR_CODE\학습대상데이터\AMLC000927.jpg,1,sha256:85c7732f1fa0f6be705b4d77b671d927208f6b3cd6caea4c79c5aed3212bdced,85c7732f1fa0f6be705b4d77b671d927208f6b3cd6caea4c79c5aed3212bdced
AMLC000928,C:\ITDA_OCR_CODE\학습대상데이터\AMLC000928.jpg,2,sha256:68d89a01f2bf94b22be53b5ef8e37595b2187a27b8bb6ae13d011305d910a844,68d89a01f2bf94b22be53b5ef8e37595b2187a27b8bb6ae13d011305d910a844
AMLC000929,C:\ITDA_OCR_CODE\학습대상데이터\AMLC000929.jpg,5,sha256:a7bfbb9f6e9916576482d30283c3b4ce499907122daa82df07a3d336c8c6c1f8,a7bfbb9f6e9916576482d30283c3b4ce499907122daa82df07a3d336c8c6c1f8
AMLC000930,C:\ITDA_OCR_CODE\학습대상데이터\AMLC000930.jpg,2,sha256:3060a4ef3bed3944d652a2ee1efca2aebfcdf32f8196a9278b5fd37fa89b4cdf,3060a4ef3bed3944d652a2ee1efca2aebfcdf32f8196a9278b5fd37fa89b4cdf
AMLC000931,C:\ITDA_OCR_CODE\학습대상데이터\AMLC000931.jpg,5,sha256:332de3bbdeb0bb5afcd10c0e2c6de886aeea5c56e969b816307f4c90820bef6d,332de3bbdeb0bb5afcd10c0e2c6de886aeea5c56e969b816307f4c90820bef6d
AMLC000932,C:\ITDA_OCR_CODE\학습대상데이터\AMLC000932.jpg,3,sha256:eab1b6aa2e7df6b172724db50f4b1f7c438cb6e6e6495e1c04d26c36e925981b,eab1b6aa2e7df6b172724db50f4b1f7c438cb6e6e6495e1c04d26c36e925981b
AMLC000933,C:\ITDA_OCR_CODE\학습대상데이터\AMLC000933.jpg,2,sha256:2477772691973ac6f26496202bdd6cac36bfe0f2c5b405ba0d904cd686a671ca,2477772691973ac6f26496202bdd6cac36bfe0f2c5b405ba0d904cd686a671ca
AMLC000934,C:\ITDA_OCR_CODE\학습대상데이터\AMLC000934.jpg,1,sha256:63ff2a7707a25c61b709d4cca4c36c92c90e8fa96e29504c280dc455e3df4733,63ff2a7707a25c61b709d4cca4c36c92c90e8fa96e29504c280dc455e3df4733
AMLC000935,C:\ITDA_OCR_CODE\학습대상데이터\AMLC000935.jpg,2,sha256:472ddfd5f3b498b488684a6533b9b6e4fb47970e6402bd8f2d7183b5a40b5771,472ddfd5f3b498b488684a6533b9b6e4fb47970e6402bd8f2d7183b5a40b5771
AMLC000936,C:\ITDA_OCR_CODE\학습대상데이터\AMLC000936.jpg,1,sha256:58d0e9da6ccddb02b5379bad7a3456d45931730908b75199a5c76506777f0b36,58d0e9da6ccddb02b5379bad7a3456d45931730908b75199a5c76506777f0b36
AMLC000937,C:\ITDA_OCR_CODE\학습대상데이터\AMLC000937.jpg,3,sha256:2ac15ea71d311d6fd616c230cbb2e81083d6d1bfdf13b5de07a310d7da892e48,2ac15ea71d311d6fd616c230cbb2e81083d6d1bfdf13b5de07a310d7da892e48
AMLC000938,C:\ITDA_OCR_CODE\학습대상데이터\AMLC000938.jpg,2,sha256:2bc430b8438bd06f000dfe01f604a005d7f38d110ed3dc334b5033012aca8a50,2bc430b8438bd06f000dfe01f604a005d7f38d110ed3dc334b5033012aca8a50
AMLC000939,C:\ITDA_OCR_CODE\학습대상데이터\AMLC000939.jpg,2,sha256:6c0778159a4d4fe736f90faced1d5dcccfb37d6d8e7d99bf0e008c2ea2864aec,6c0778159a4d4fe736f90faced1d5dcccfb37d6d8e7d99bf0e008c2ea2864aec
AMLC000940,C:\ITDA_OCR_CODE\학습대상데이터\AMLC000940.jpg,5,sha256:d2841fbd975e8d1ad1bc89e68391a35936206fc973c870b3ee9943e80e94e7ac,d2841fbd975e8d1ad1bc89e68391a35936206fc973c870b3ee9943e80e94e7ac
AMLC000941,C:\ITDA_OCR_CODE\학습대상데이터\AMLC000941.jpg,2,sha256:dbba50fafa002f38445abeccb947a4d3d5da42c1825aabb189aec7b9e1123291,dbba50fafa002f38445abeccb947a4d3d5da42c1825aabb189aec7b9e1123291
AMLC000942,C:\ITDA_OCR_CODE\학습대상데이터\AMLC000942.jpg,2,sha256:67dff51bfc6425ba3b57d3070fdb8a127d2722fe067969abd85a95df9efe4175,67dff51bfc6425ba3b57d3070fdb8a127d2722fe067969abd85a95df9efe4175
AMLC000943,C:\ITDA_OCR_CODE\학습대상데이터\AMLC000943.jpg,5,sha256:b7b1ddbefcfcbbc2bec0ad9b13672bc3a1ff9cac7c3cd627e0f699a931e6311f,b7b1ddbefcfcbbc2bec0ad9b13672bc3a1ff9cac7c3cd627e0f699a931e6311f
AMLC000944,C:\ITDA_OCR_CODE\학습대상데이터\AMLC000944.jpg,4,sha256:19cba7ead15c12545b5bb9e9fe80ddfa9e82baf211c9014e5354cf16466fc965,19cba7ead15c12545b5bb9e9fe80ddfa9e82baf211c9014e5354cf16466fc965
AMLC000945,C:\ITDA_OCR_CODE\학습대상데이터\AMLC000945.jpg,2,sha256:f73f92598943bee4e8cbc99e768100f0e2ab39929a385dbb12b432340ddd9bb8,f73f92598943bee4e8cbc99e768100f0e2ab39929a385dbb12b432340ddd9bb8
AMLC000946,C:\ITDA_OCR_CODE\학습대상데이터\AMLC000946.jpg,5,sha256:1eb0f0325880e59ad3444be01c1bb379d35bc52d07b4b3f991ce67ce012c7747,1eb0f0325880e59ad3444be01c1bb379d35bc52d07b4b3f991ce67ce012c7747
AMLC000947,C:\ITDA_OCR_CODE\학습대상데이터\AMLC000947.jpg,4,sha256:c0c37a66fb0f8d6e2529e9a119eeb7bcf4159f435680b73ce5103727ea93f649,c0c37a66fb0f8d6e2529e9a119eeb7bcf4159f435680b73ce5103727ea93f649
AMLC000948,C:\ITDA_OCR_CODE\학습대상데이터\AMLC000948.jpg,1,sha256:e18fa9b2e37fea160d627e37a8816c703f91f7c676628fa576e677cc5f0fe933,e18fa9b2e37fea160d627e37a8816c703f91f7c676628fa576e677cc5f0fe933
AMLC000949,C:\ITDA_OCR_CODE\학습대상데이터\AMLC000949.jpg,1,sha256:22f101560f8f17a82763aba9631cb9304f45861af37a1e20d06ea774a576b5ca,22f101560f8f17a82763aba9631cb9304f45861af37a1e20d06ea774a576b5ca
AMLC000950,C:\ITDA_OCR_CODE\학습대상데이터\AMLC000950.jpg,5,sha256:de67268bcb756d981035a8b4e4da1dcaf1cca27d102c59c1cc681c4108176f69,de67268bcb756d981035a8b4e4da1dcaf1cca27d102c59c1cc681c4108176f69
AMLC000951,C:\ITDA_OCR_CODE\학습대상데이터\AMLC000951.jpg,5,sha256:3d9a1704540c2166acc760c7e2b09b4548821862449208d34ea61dccce330692,3d9a1704540c2166acc760c7e2b09b4548821862449208d34ea61dccce330692
AMLC000952,C:\ITDA_OCR_CODE\학습대상데이터\AMLC000952.jpg,5,sha256:602d7295f4e1371727de7d7f5170e1ac8aacd43622a0d19f64ba94c6a02c23a6,602d7295f4e1371727de7d7f5170e1ac8aacd43622a0d19f64ba94c6a02c23a6
AMLC000953,C:\ITDA_OCR_CODE\학습대상데이터\AMLC000953.jpg,2,sha256:8a64271decc476289da3bb3edb8f50095a1e6b1ad21b476db7851dd321e6142f,8a64271decc476289da3bb3edb8f50095a1e6b1ad21b476db7851dd321e6142f
AMLC000954,C:\ITDA_OCR_CODE\학습대상데이터\AMLC000954.jpg,5,sha256:6f9a5d5905db214c086bc78174d5d2a0c41e996551012b7e7fa3929982191cbd,6f9a5d5905db214c086bc78174d5d2a0c41e996551012b7e7fa3929982191cbd
AMLC000955,C:\ITDA_OCR_CODE\학습대상데이터\AMLC000955.jpg,1,sha256:b9159c0632151c700d8db37141c4046a2151579ba645425842b1067fd9a2c971,b9159c0632151c700d8db37141c4046a2151579ba645425842b1067fd9a2c971
AMLC000956,C:\ITDA_OCR_CODE\학습대상데이터\AMLC000956.jpg,1,sha256:54c6bac8d96bba29e9caf1c8560c3ef7e4f2264a0f464794bf5c4bafb9057328,54c6bac8d96bba29e9caf1c8560c3ef7e4f2264a0f464794bf5c4bafb9057328
AMLC000957,C:\ITDA_OCR_CODE\학습대상데이터\AMLC000957.jpg,5,sha256:9fffe5750ab672e7a3c646202355ea6ab9c47288445cf092319f43259f824f3c,9fffe5750ab672e7a3c646202355ea6ab9c47288445cf092319f43259f824f3c
AMLC000958,C:\ITDA_OCR_CODE\학습대상데이터\AMLC000958.jpg,1,sha256:8dd4b0ccd89c5b9efe2a0c4bdbfc77de6e83e4a76851494d12d936ea58fb7585,8dd4b0ccd89c5b9efe2a0c4bdbfc77de6e83e4a76851494d12d936ea58fb7585
AMLC000959,C:\ITDA_OCR_CODE\학습대상데이터\AMLC000959.jpg,4,sha256:1ff7f83a5168695dc2480324ea05bae25c654a90efb3b97ea9f30f117db3853b,1ff7f83a5168695dc2480324ea05bae25c654a90efb3b97ea9f30f117db3853b
AMLC000960,C:\ITDA_OCR_CODE\학습대상데이터\AMLC000960.jpg,5,sha256:609b5825536e5fb0548cd89fd5309fd5fd9ef521662ad2965fc063c4b4aaf83b,609b5825536e5fb0548cd89fd5309fd5fd9ef521662ad2965fc063c4b4aaf83b
AMLC000961,C:\ITDA_OCR_CODE\학습대상데이터\AMLC000961.jpg,2,sha256:b2025757dc7b0cde65079c5a5335ba1640fbe333b99657881b5ca3aff7ae3fb1,b2025757dc7b0cde65079c5a5335ba1640fbe333b99657881b5ca3aff7ae3fb1
AMLC000962,C:\ITDA_OCR_CODE\학습대상데이터\AMLC000962.jpg,5,sha256:9fb510cca76b9acfa0b1fafd8750bac1ff7304295f61e74d91757d1d9f1b5e58,9fb510cca76b9acfa0b1fafd8750bac1ff7304295f61e74d91757d1d9f1b5e58
AMLC000963,C:\ITDA_OCR_CODE\학습대상데이터\AMLC000963.jpg,2,sha256:6974d207532fca3de1f40a0ef179247d8462e1da402eaa908232bc8fbbab6e9b,6974d207532fca3de1f40a0ef179247d8462e1da402eaa908232bc8fbbab6e9b
AMLC000964,C:\ITDA_OCR_CODE\학습대상데이터\AMLC000964.jpg,1,sha256:5dc80f6ca6ab91de4524fd07514a20838af9cd2bf259c94179687c10f3599c22,5dc80f6ca6ab91de4524fd07514a20838af9cd2bf259c94179687c10f3599c22
AMLC000965,C:\ITDA_OCR_CODE\학습대상데이터\AMLC000965.jpg,4,sha256:5e7e1d8e4cc6fe6530c9d398fed9f8bf6b34a9dffb11ff4de17e56a0d3b1a528,5e7e1d8e4cc6fe6530c9d398fed9f8bf6b34a9dffb11ff4de17e56a0d3b1a528
AMLC000966,C:\ITDA_OCR_CODE\학습대상데이터\AMLC000966.jpg,2,sha256:a11dbcd946c4136dd5e5f89a0840a7ca8d2a7aecbdf64311a9398b5ba375f75a,a11dbcd946c4136dd5e5f89a0840a7ca8d2a7aecbdf64311a9398b5ba375f75a
AMLC000967,C:\ITDA_OCR_CODE\학습대상데이터\AMLC000967.jpg,2,sha256:2a407205a2fc6699c7c97fc33e45c9574c6e5de02e6ac27f497fc71ab1630bb1,2a407205a2fc6699c7c97fc33e45c9574c6e5de02e6ac27f497fc71ab1630bb1
AMLC000968,C:\ITDA_OCR_CODE\학습대상데이터\AMLC000968.jpg,2,sha256:5064aff2c904f78de245ad0eb9dff7fcfc0536a21b6da16b6a70f1bc148baebb,5064aff2c904f78de245ad0eb9dff7fcfc0536a21b6da16b6a70f1bc148baebb
AMLC000969,C:\ITDA_OCR_CODE\학습대상데이터\AMLC000969.jpg,1,sha256:51c879ae83635175a12b074c536fea55c8aeaaf67d5713519490f5c3b2aa49c3,51c879ae83635175a12b074c536fea55c8aeaaf67d5713519490f5c3b2aa49c3
AMLC000970,C:\ITDA_OCR_CODE\학습대상데이터\AMLC000970.jpg,5,sha256:dae280ffcf02ce99fbf8fb4c5f72a777b339c92ffe6cd09eb4775f51fa7e282e,dae280ffcf02ce99fbf8fb4c5f72a777b339c92ffe6cd09eb4775f51fa7e282e
AMLC000971,C:\ITDA_OCR_CODE\학습대상데이터\AMLC000971.jpg,2,sha256:46934c6234367bd13c0a0ae28d5797575434c39b0340da60a995898cfdead693,46934c6234367bd13c0a0ae28d5797575434c39b0340da60a995898cfdead693
AMLC000972,C:\ITDA_OCR_CODE\학습대상데이터\AMLC000972.jpg,4,sha256:d3d3e82ab5e0cf3a65000e5391dcb2a33b4e91f73b45fa714bdf68fcd0778f84,d3d3e82ab5e0cf3a65000e5391dcb2a33b4e91f73b45fa714bdf68fcd0778f84
AMLC000973,C:\ITDA_OCR_CODE\학습대상데이터\AMLC000973.jpg,4,sha256:4e0fb03c0b6bfeecf05e7640add278d43b75c0395937c03ee034bd5b65640ad8,4e0fb03c0b6bfeecf05e7640add278d43b75c0395937c03ee034bd5b65640ad8
AMLC000974,C:\ITDA_OCR_CODE\학습대상데이터\AMLC000974.jpg,5,sha256:76e0bc5c8b782fbc55dc776dc746b8b11286d288d9de697e4595b9102b4ec702,76e0bc5c8b782fbc55dc776dc746b8b11286d288d9de697e4595b9102b4ec702
AMLC000975,C:\ITDA_OCR_CODE\학습대상데이터\AMLC000975.jpg,3,sha256:feceefcd990f4f9cf3923126ecea3e21ab8b70841fde7355b3f5f752ed98665a,feceefcd990f4f9cf3923126ecea3e21ab8b70841fde7355b3f5f752ed98665a
AMLC000976,C:\ITDA_OCR_CODE\학습대상데이터\AMLC000976.jpg,5,sha256:60dbab37797ca7a4226d48f03f8f623acfc40e60a0ca80b6d7b0a24da29bc57d,60dbab37797ca7a4226d48f03f8f623acfc40e60a0ca80b6d7b0a24da29bc57d
AMLC000977,C:\ITDA_OCR_CODE\학습대상데이터\AMLC000977.jpg,3,sha256:fd4af6022f23fe5bc4ee218588f5beffac860d32b1b9bdf0d3a8ac890525c12f,fd4af6022f23fe5bc4ee218588f5beffac860d32b1b9bdf0d3a8ac890525c12f
AMLC000978,C:\ITDA_OCR_CODE\학습대상데이터\AMLC000978.jpg,4,sha256:008bcaff1d121fabfa4d899194483b13f9324d7ab7ac911a9f4f6a0d792ac498,008bcaff1d121fabfa4d899194483b13f9324d7ab7ac911a9f4f6a0d792ac498
AMLC000979,C:\ITDA_OCR_CODE\학습대상데이터\AMLC000979.jpg,3,sha256:c55126fe867ed27a3a3e204447b3ed4c12a15ef3696e5cf67cffe9164d173bb3,c55126fe867ed27a3a3e204447b3ed4c12a15ef3696e5cf67cffe9164d173bb3
AMLC000980,C:\ITDA_OCR_CODE\학습대상데이터\AMLC000980.jpg,5,sha256:47abacef3dda6b26d69282a00d55e9e7aaf4cddefad12e47668da067e8ae8c47,47abacef3dda6b26d69282a00d55e9e7aaf4cddefad12e47668da067e8ae8c47
AMLC000981,C:\ITDA_OCR_CODE\학습대상데이터\AMLC000981.jpg,1,sha256:3939907f910b3698dcde1335337dae025a0817c75ad9352bf53eebddd637b4d5,3939907f910b3698dcde1335337dae025a0817c75ad9352bf53eebddd637b4d5
AMLC000982,C:\ITDA_OCR_CODE\학습대상데이터\AMLC000982.jpg,2,sha256:37c0b71cf6c79a87e5631c66bbd808647ca18897602aabf6e697000accc516e4,37c0b71cf6c79a87e5631c66bbd808647ca18897602aabf6e697000accc516e4
AMLC000983,C:\ITDA_OCR_CODE\학습대상데이터\AMLC000983.jpg,5,sha256:4126c58870bc5a2e94dee71888e498fe58d30e794f6875c04a321d7f152cf30f,4126c58870bc5a2e94dee71888e498fe58d30e794f6875c04a321d7f152cf30f
AMLC000984,C:\ITDA_OCR_CODE\학습대상데이터\AMLC000984.jpg,1,sha256:239e67141b62546a60d1e2c6a5b495b1072ff5f941ed27f44cd28b35a87ede97,239e67141b62546a60d1e2c6a5b495b1072ff5f941ed27f44cd28b35a87ede97
AMLC000985,C:\ITDA_OCR_CODE\학습대상데이터\AMLC000985.jpg,3,sha256:eec039d55e395b380a03836369898abd079698efabcedf76389cbf6cb944fc2b,eec039d55e395b380a03836369898abd079698efabcedf76389cbf6cb944fc2b
AMLC000986,C:\ITDA_OCR_CODE\학습대상데이터\AMLC000986.jpg,5,sha256:a50fde2c6ebacdc517823d999510cf81dda9b5fe1294f6cbf629762fa357737c,a50fde2c6ebacdc517823d999510cf81dda9b5fe1294f6cbf629762fa357737c
AMLC000987,C:\ITDA_OCR_CODE\학습대상데이터\AMLC000987.jpg,4,sha256:1d73ced9dacbbcfd3739efae5e7dcd641fe31eaeb8166ce980b7235750ce0b75,1d73ced9dacbbcfd3739efae5e7dcd641fe31eaeb8166ce980b7235750ce0b75
AMLC000988,C:\ITDA_OCR_CODE\학습대상데이터\AMLC000988.jpg,2,sha256:de21b1272595d5021909d7b0803088ad37997921bae3ab6070266c45456d52cb,de21b1272595d5021909d7b0803088ad37997921bae3ab6070266c45456d52cb
AMLC000989,C:\ITDA_OCR_CODE\학습대상데이터\AMLC000989.jpg,2,sha256:705d86234fac2a7cecedb72c14c271f07e9e2ece5644f75b3f868f425eac4252,705d86234fac2a7cecedb72c14c271f07e9e2ece5644f75b3f868f425eac4252
AMLC000990,C:\ITDA_OCR_CODE\학습대상데이터\AMLC000990.jpg,4,sha256:5e8ce653eecc581101bb141b1c704455053f2b2651de66cf15d3578e728f32e6,5e8ce653eecc581101bb141b1c704455053f2b2651de66cf15d3578e728f32e6
AMLC000991,C:\ITDA_OCR_CODE\학습대상데이터\AMLC000991.jpg,1,sha256:cac1abc62c16825a0ba292666b50a7fa97e987a332eb29ccf3cd674968bf8873,cac1abc62c16825a0ba292666b50a7fa97e987a332eb29ccf3cd674968bf8873
AMLC000992,C:\ITDA_OCR_CODE\학습대상데이터\AMLC000992.jpg,1,sha256:9debf14ced26cfbc844d831ddd3c4c52caa03d7649f09418126677f4abea41ce,9debf14ced26cfbc844d831ddd3c4c52caa03d7649f09418126677f4abea41ce
AMLC000993,C:\ITDA_OCR_CODE\학습대상데이터\AMLC000993.jpg,3,sha256:585f60fade78c6c50b2645754450b2d11dc1d86a5ca3bfaaf3b1440b9caf2623,585f60fade78c6c50b2645754450b2d11dc1d86a5ca3bfaaf3b1440b9caf2623
AMLC000994,C:\ITDA_OCR_CODE\학습대상데이터\AMLC000994.jpg,5,sha256:e3b8be99e74fcc763e349839a78e4ff4a935e8688c3af23c71e8a5680f801e0b,e3b8be99e74fcc763e349839a78e4ff4a935e8688c3af23c71e8a5680f801e0b
AMLC000995,C:\ITDA_OCR_CODE\학습대상데이터\AMLC000995.jpg,3,sha256:c22e506ab4321a01aac016354c6b01f53540c6c6b5e5026e4ed7d52bd9727805,c22e506ab4321a01aac016354c6b01f53540c6c6b5e5026e4ed7d52bd9727805
AMLC000996,C:\ITDA_OCR_CODE\학습대상데이터\AMLC000996.jpg,2,sha256:04926cb7ba5bef3f58828da80b15ee52777a75d50033c81fdf6626f6629dba3c,04926cb7ba5bef3f58828da80b15ee52777a75d50033c81fdf6626f6629dba3c
AMLC000997,C:\ITDA_OCR_CODE\학습대상데이터\AMLC000997.jpg,5,sha256:83615fa590a431034b352fe6e2a70a9f5756f28704162e29dfa70f1676ad3fb8,83615fa590a431034b352fe6e2a70a9f5756f28704162e29dfa70f1676ad3fb8
AMLC000998,C:\ITDA_OCR_CODE\학습대상데이터\AMLC000998.jpg,3,sha256:9bfdf45c44b36b22cc26d23802b3a5334dbdf31ca4bb8c54c78bd9ce2957e815,9bfdf45c44b36b22cc26d23802b3a5334dbdf31ca4bb8c54c78bd9ce2957e815
AMLC000999,C:\ITDA_OCR_CODE\학습대상데이터\AMLC000999.jpg,1,sha256:0f6b9a898897a8ee49dd02132d38d0c25f7290cdded10210d131f77462232cdf,0f6b9a898897a8ee49dd02132d38d0c25f7290cdded10210d131f77462232cdf
AMLC001000,C:\ITDA_OCR_CODE\학습대상데이터\AMLC001000.jpg,5,sha256:a98c53edcf33758dab52bfc7f5f0b6c9eff88017d34676bd6a6a3444f537c692,a98c53edcf33758dab52bfc7f5f0b6c9eff88017d34676bd6a6a3444f537c692
AMLC001001,C:\ITDA_OCR_CODE\학습대상데이터\AMLC001001.jpg,5,sha256:c9fc04ad8fb44ea21d34cc7c58078753fd5e7ad2a494e60ccf325661377c8640,c9fc04ad8fb44ea21d34cc7c58078753fd5e7ad2a494e60ccf325661377c8640
AMLC001002,C:\ITDA_OCR_CODE\학습대상데이터\AMLC001002.jpg,5,sha256:83c51c65c01bd87ae93a3bf570978f15796ac1e8c57deb3fd0b23273779a2f22,83c51c65c01bd87ae93a3bf570978f15796ac1e8c57deb3fd0b23273779a2f22
AMLC001003,C:\ITDA_OCR_CODE\학습대상데이터\AMLC001003.jpg,4,sha256:7ad12619f65c3f05873259e1879bc23c19f13552f2992fafb4ca7bc4eb981a6c,7ad12619f65c3f05873259e1879bc23c19f13552f2992fafb4ca7bc4eb981a6c
AMLC001004,C:\ITDA_OCR_CODE\학습대상데이터\AMLC001004.jpg,4,sha256:ee6825fcf38a59e1f349b390e0513c434e4d5485097fa523b05a5dc9cb652fa3,ee6825fcf38a59e1f349b390e0513c434e4d5485097fa523b05a5dc9cb652fa3
AMLC001005,C:\ITDA_OCR_CODE\학습대상데이터\AMLC001005.jpg,3,sha256:30d090b5c96e943dc084a62ee32280ed73d2ba812874e64ee06939d444468aae,30d090b5c96e943dc084a62ee32280ed73d2ba812874e64ee06939d444468aae
AMLC001006,C:\ITDA_OCR_CODE\학습대상데이터\AMLC001006.jpg,1,sha256:6cfbc9f8336462fbfd048603df1f16bae38e15a5e5936c9e7844192533aff0ca,6cfbc9f8336462fbfd048603df1f16bae38e15a5e5936c9e7844192533aff0ca
AMLC001007,C:\ITDA_OCR_CODE\학습대상데이터\AMLC001007.jpg,5,sha256:74f895b5858ab56b7c99576a1cd06ee61a57ccbec1e6b6e075ca7ca94a5e4973,74f895b5858ab56b7c99576a1cd06ee61a57ccbec1e6b6e075ca7ca94a5e4973
AMLC001008,C:\ITDA_OCR_CODE\학습대상데이터\AMLC001008.jpg,5,sha256:b5874d5516d629e8f50dd47e609351e2b2fc36401f56200830bccb58014e4f11,b5874d5516d629e8f50dd47e609351e2b2fc36401f56200830bccb58014e4f11
AMLC001009,C:\ITDA_OCR_CODE\학습대상데이터\AMLC001009.jpg,1,sha256:e53032e08277f7e611a3c94747ac0765ddd93f9e6feca89ecefbce9991ae3c77,e53032e08277f7e611a3c94747ac0765ddd93f9e6feca89ecefbce9991ae3c77
AMLC001010,C:\ITDA_OCR_CODE\학습대상데이터\AMLC001010.jpg,3,sha256:9d34d83485041052f2e00f853a9cbe6de2255e2ad13b687df95195b64d502cad,9d34d83485041052f2e00f853a9cbe6de2255e2ad13b687df95195b64d502cad
AMLC001011,C:\ITDA_OCR_CODE\학습대상데이터\AMLC001011.jpg,3,sha256:7b7a57de2933a60e4bca69ceb9dbad8b926bc5917c51f05614ba6174dbcd3498,7b7a57de2933a60e4bca69ceb9dbad8b926bc5917c51f05614ba6174dbcd3498
AMLC001012,C:\ITDA_OCR_CODE\학습대상데이터\AMLC001012.jpg,2,sha256:5d3c405e47d17d6e782b8f13fc870e0b86c8f1b0b3ed95dee01f8a9e932a2925,5d3c405e47d17d6e782b8f13fc870e0b86c8f1b0b3ed95dee01f8a9e932a2925
AMLC001013,C:\ITDA_OCR_CODE\학습대상데이터\AMLC001013.jpg,2,sha256:c35b6a69b3f4b700de93ad532f726dd1747c4205060b216b4871c5404932593f,c35b6a69b3f4b700de93ad532f726dd1747c4205060b216b4871c5404932593f
AMLC001014,C:\ITDA_OCR_CODE\학습대상데이터\AMLC001014.jpg,5,sha256:50febeece812d388e5879f8d97e0162a7a3ea2095ff0e07626060e20e593e4ad,50febeece812d388e5879f8d97e0162a7a3ea2095ff0e07626060e20e593e4ad
AMLC001015,C:\ITDA_OCR_CODE\학습대상데이터\AMLC001015.jpg,2,sha256:d690a90982fd9f7110cb533348108443631c14d00174924a05bd356b0dbc792d,d690a90982fd9f7110cb533348108443631c14d00174924a05bd356b0dbc792d
AMLC001016,C:\ITDA_OCR_CODE\학습대상데이터\AMLC001016.jpg,1,sha256:fd0fc2670619631e12a01f3d2b560e19800e7113061310cd74e7bb472fd91d57,fd0fc2670619631e12a01f3d2b560e19800e7113061310cd74e7bb472fd91d57
AMLC001017,C:\ITDA_OCR_CODE\학습대상데이터\AMLC001017.jpg,3,sha256:376da4196cde2bbc74428c7ea550e2dc4aac42db1cdb7855b3d36144e6605727,376da4196cde2bbc74428c7ea550e2dc4aac42db1cdb7855b3d36144e6605727
AMLC001018,C:\ITDA_OCR_CODE\학습대상데이터\AMLC001018.jpg,5,sha256:5ed493d084c0f0f7521b254ba1df523691722d3b47ade305e01d2454bb266613,5ed493d084c0f0f7521b254ba1df523691722d3b47ade305e01d2454bb266613
AMLC001019,C:\ITDA_OCR_CODE\학습대상데이터\AMLC001019.jpg,5,sha256:05dc79dafe52521e1eccff719d858babb338209541ddfd6ff32ff2555d547c37,05dc79dafe52521e1eccff719d858babb338209541ddfd6ff32ff2555d547c37
AMLC001020,C:\ITDA_OCR_CODE\학습대상데이터\AMLC001020.jpg,3,sha256:a711ec4f2059c53914625c42fda161b1c99336ab503de25c35a5ce9f1993cf73,a711ec4f2059c53914625c42fda161b1c99336ab503de25c35a5ce9f1993cf73
AMLC001021,C:\ITDA_OCR_CODE\학습대상데이터\AMLC001021.jpg,4,sha256:3b6558d10784125fbde08d24dad58fedf341796b47274a8b5a57ad622571c2c5,3b6558d10784125fbde08d24dad58fedf341796b47274a8b5a57ad622571c2c5
AMLC001022,C:\ITDA_OCR_CODE\학습대상데이터\AMLC001022.jpg,1,sha256:e5c174b14d1f32dbebc251c2001bbaf35910246d7b074252a238f6fabfa84d1f,e5c174b14d1f32dbebc251c2001bbaf35910246d7b074252a238f6fabfa84d1f
AMLC001023,C:\ITDA_OCR_CODE\학습대상데이터\AMLC001023.jpg,4,sha256:bc3a94e3232fea40096e406139c1a6aaac8a241937f10808a06525007a3801ec,bc3a94e3232fea40096e406139c1a6aaac8a241937f10808a06525007a3801ec
AMLC001024,C:\ITDA_OCR_CODE\학습대상데이터\AMLC001024.jpg,1,sha256:8e61ea3085de24b72233c67e83c3193973638f302db645cfbf224f495154d922,8e61ea3085de24b72233c67e83c3193973638f302db645cfbf224f495154d922
AMLC001025,C:\ITDA_OCR_CODE\학습대상데이터\AMLC001025.jpg,5,sha256:ad677e0af9226308acb225d7fcff85170bfecb9dae8a2d66038205fdd646e40e,ad677e0af9226308acb225d7fcff85170bfecb9dae8a2d66038205fdd646e40e
AMLC001026,C:\ITDA_OCR_CODE\학습대상데이터\AMLC001026.jpg,5,sha256:400ac3a9bc0a806898f4b3add54d49151be29210c29c3946117ebc4490f962ea,400ac3a9bc0a806898f4b3add54d49151be29210c29c3946117ebc4490f962ea
AMLC001027,C:\ITDA_OCR_CODE\학습대상데이터\AMLC001027.jpg,2,sha256:492c0eb31245bb479c6ec09735b15e127ca28fae24f9a72e13c56e7a389670f7,492c0eb31245bb479c6ec09735b15e127ca28fae24f9a72e13c56e7a389670f7
AMLC001028,C:\ITDA_OCR_CODE\학습대상데이터\AMLC001028.jpg,3,sha256:d1d8092b95ae9bb218be9dd63fb9f4d75fdd9161e203bae3d5f9a8562708785f,d1d8092b95ae9bb218be9dd63fb9f4d75fdd9161e203bae3d5f9a8562708785f
AMLC001029,C:\ITDA_OCR_CODE\학습대상데이터\AMLC001029.jpg,3,sha256:e6f2582a716bb1dd5b9024d5be078ad02afeca3c99d9859da37e50f9cafc96a4,e6f2582a716bb1dd5b9024d5be078ad02afeca3c99d9859da37e50f9cafc96a4
AMLC001030,C:\ITDA_OCR_CODE\학습대상데이터\AMLC001030.jpg,1,sha256:716267d181a619c35d57d469c3cf39d0561ab1f90d34af6c0760862422039823,716267d181a619c35d57d469c3cf39d0561ab1f90d34af6c0760862422039823
AMLC001031,C:\ITDA_OCR_CODE\학습대상데이터\AMLC001031.jpg,5,sha256:41340c9faee3367c47bd344e73aadd61a68b75e79042ea1700318a978c614443,41340c9faee3367c47bd344e73aadd61a68b75e79042ea1700318a978c614443
AMLC001032,C:\ITDA_OCR_CODE\학습대상데이터\AMLC001032.jpg,5,sha256:1061651da25c64dd8d02f299a3c29efc51a153f84de6b381ff67ed7ff1e98789,1061651da25c64dd8d02f299a3c29efc51a153f84de6b381ff67ed7ff1e98789
AMLC001033,C:\ITDA_OCR_CODE\학습대상데이터\AMLC001033.jpg,4,sha256:a310444e61531e01af46c183cdb75e06ea7d531240a8038395cd37e8bd700586,a310444e61531e01af46c183cdb75e06ea7d531240a8038395cd37e8bd700586
AMLC001034,C:\ITDA_OCR_CODE\학습대상데이터\AMLC001034.jpg,5,sha256:e2edbe930653ef80627214575c009e10efd6771d846760a67fa7548ce0ac7b30,e2edbe930653ef80627214575c009e10efd6771d846760a67fa7548ce0ac7b30
AMLC001035,C:\ITDA_OCR_CODE\학습대상데이터\AMLC001035.jpg,1,sha256:969b7c2fe1f8ba38e7ab5e8285fc945678ce78bdc7f46f21f00364857afc59b3,969b7c2fe1f8ba38e7ab5e8285fc945678ce78bdc7f46f21f00364857afc59b3
AMLC001036,C:\ITDA_OCR_CODE\학습대상데이터\AMLC001036.jpg,1,sha256:5463be6ffc2e1ab21ca7f36cde9ae23f7fc8221a5ed67a11c0f99ec23dd219ad,5463be6ffc2e1ab21ca7f36cde9ae23f7fc8221a5ed67a11c0f99ec23dd219ad
AMLC001037,C:\ITDA_OCR_CODE\학습대상데이터\AMLC001037.jpg,4,sha256:57b1f784577eb0c204ff22247bed56e85b4c5847fb4593840001600c26b9705c,57b1f784577eb0c204ff22247bed56e85b4c5847fb4593840001600c26b9705c
AMLC001038,C:\ITDA_OCR_CODE\학습대상데이터\AMLC001038.jpg,2,sha256:88cf9d32aee2c7dd097fa134da37b49e12b5f954077d650044bb72fbb6ff5c35,88cf9d32aee2c7dd097fa134da37b49e12b5f954077d650044bb72fbb6ff5c35
AMLC001039,C:\ITDA_OCR_CODE\학습대상데이터\AMLC001039.jpg,2,sha256:48e5927b894ff817de1a8646d5fc9fe2f16d7202e926eb2bc748a888790a6c3c,48e5927b894ff817de1a8646d5fc9fe2f16d7202e926eb2bc748a888790a6c3c
AMLC001040,C:\ITDA_OCR_CODE\학습대상데이터\AMLC001040.jpg,1,sha256:b7bc22f3990e131357f6a4fff2e8403e64ca4d762773c66c02513855387619a7,b7bc22f3990e131357f6a4fff2e8403e64ca4d762773c66c02513855387619a7
AMLC001041,C:\ITDA_OCR_CODE\학습대상데이터\AMLC001041.jpg,5,sha256:2c25ed298e85224ef41cbe09493bb7b0c63236406ee7b7f2ff9c9dad7f3e6ab4,2c25ed298e85224ef41cbe09493bb7b0c63236406ee7b7f2ff9c9dad7f3e6ab4
AMLC001042,C:\ITDA_OCR_CODE\학습대상데이터\AMLC001042.jpg,5,sha256:49f5794ec541953e57d671de88ce4364978efb68b0319c2bd52531660a3dfbea,49f5794ec541953e57d671de88ce4364978efb68b0319c2bd52531660a3dfbea
AMLC001043,C:\ITDA_OCR_CODE\학습대상데이터\AMLC001043.jpg,4,sha256:af967169761872a164eb44de2a3fd0942fa25c27049a49369ac25561ef8e65a4,af967169761872a164eb44de2a3fd0942fa25c27049a49369ac25561ef8e65a4
AMLC001044,C:\ITDA_OCR_CODE\학습대상데이터\AMLC001044.jpg,5,sha256:1f6f75ee5bbc33657f8e9eb44a68083ef176120f6a96a744e6b892d387160b13,1f6f75ee5bbc33657f8e9eb44a68083ef176120f6a96a744e6b892d387160b13
AMLC001045,C:\ITDA_OCR_CODE\학습대상데이터\AMLC001045.jpg,3,sha256:c95dd6b8256a6125f570b3c3c688bee2b3a874c2b3fdcdef1c17f8c2f4284555,c95dd6b8256a6125f570b3c3c688bee2b3a874c2b3fdcdef1c17f8c2f4284555
AMLC001046,C:\ITDA_OCR_CODE\학습대상데이터\AMLC001046.jpg,5,sha256:9b759f26a04c940e6570aadf62324040495002c77a945e3c09970b1eeeb9a5a2,9b759f26a04c940e6570aadf62324040495002c77a945e3c09970b1eeeb9a5a2
AMLC001047,C:\ITDA_OCR_CODE\학습대상데이터\AMLC001047.jpg,5,sha256:874d467162fe12db2d5b9bded6d305ee042184b5f7826c77a99518a5d96828eb,874d467162fe12db2d5b9bded6d305ee042184b5f7826c77a99518a5d96828eb
AMLC001048,C:\ITDA_OCR_CODE\학습대상데이터\AMLC001048.jpg,3,sha256:ef14535ab54a40f0d496613955415536ef87c6e5899ac2ae3af42298cf2bf94c,ef14535ab54a40f0d496613955415536ef87c6e5899ac2ae3af42298cf2bf94c
AMLC001049,C:\ITDA_OCR_CODE\학습대상데이터\AMLC001049.jpg,2,sha256:bcb9ecba86fdc51c6dc6e34b7eda272623a5e618382b795ce14ed6c8c65df17d,bcb9ecba86fdc51c6dc6e34b7eda272623a5e618382b795ce14ed6c8c65df17d
AMLC001050,C:\ITDA_OCR_CODE\학습대상데이터\AMLC001050.jpg,4,sha256:5cd20e61260190ea99685700e65dfe90ee3222f383f9682333b22f5d4a2054d5,5cd20e61260190ea99685700e65dfe90ee3222f383f9682333b22f5d4a2054d5
AMLC001051,C:\ITDA_OCR_CODE\학습대상데이터\AMLC001051.jpg,5,sha256:dd5e9ebeac846f5d47529e8a1367cdae5ae8ed126f3e51c23e0ca23765192547,dd5e9ebeac846f5d47529e8a1367cdae5ae8ed126f3e51c23e0ca23765192547
AMLC001052,C:\ITDA_OCR_CODE\학습대상데이터\AMLC001052.jpg,5,sha256:3f325a2d7fb29befac8771f66d8144549a07cc03494a4e3f080e4cca81e15a1b,3f325a2d7fb29befac8771f66d8144549a07cc03494a4e3f080e4cca81e15a1b
AMLC001053,C:\ITDA_OCR_CODE\학습대상데이터\AMLC001053.jpg,3,sha256:086d70d7027feef88a6f25fb9f5be42d49d47d9c1c09b692a27d69e19159e79d,086d70d7027feef88a6f25fb9f5be42d49d47d9c1c09b692a27d69e19159e79d
AMLC001054,C:\ITDA_OCR_CODE\학습대상데이터\AMLC001054.jpg,5,sha256:ee8e0bda8a3f7a525b299fc443be63ce5be98e7022e904e8040e03534852f50f,ee8e0bda8a3f7a525b299fc443be63ce5be98e7022e904e8040e03534852f50f
AMLC001055,C:\ITDA_OCR_CODE\학습대상데이터\AMLC001055.jpg,3,sha256:48f97ccffb7a5632e57a0dbd163340e663d3736d3946de2aa95ac01fc88eedb5,48f97ccffb7a5632e57a0dbd163340e663d3736d3946de2aa95ac01fc88eedb5
AMLC001056,C:\ITDA_OCR_CODE\학습대상데이터\AMLC001056.jpg,3,sha256:87a93315a8d7e10b51e8e94496929f2770d388911ca8ae8939f2cb5e286e1046,87a93315a8d7e10b51e8e94496929f2770d388911ca8ae8939f2cb5e286e1046
AMLC001057,C:\ITDA_OCR_CODE\학습대상데이터\AMLC001057.jpg,4,sha256:5f4e408f51570a5a683d7d309f9df4f2b19565f8dcda4e693c2740c655b0347a,5f4e408f51570a5a683d7d309f9df4f2b19565f8dcda4e693c2740c655b0347a
AMLC001058,C:\ITDA_OCR_CODE\학습대상데이터\AMLC001058.jpg,2,sha256:955486065a29796659d5a17c8834986b3111b6e5334269714ccbb9ac85a25666,955486065a29796659d5a17c8834986b3111b6e5334269714ccbb9ac85a25666
AMLC001059,C:\ITDA_OCR_CODE\학습대상데이터\AMLC001059.jpg,5,sha256:d778f3996fd6952cabb658ce389e5d31705cadd778520aa5a567a876411f34d4,d778f3996fd6952cabb658ce389e5d31705cadd778520aa5a567a876411f34d4
AMLC001060,C:\ITDA_OCR_CODE\학습대상데이터\AMLC001060.jpg,5,sha256:3676b1eed485d31fae42739afe17334476f8973c1a9a697188b2951ffa194248,3676b1eed485d31fae42739afe17334476f8973c1a9a697188b2951ffa194248
AMLC001061,C:\ITDA_OCR_CODE\학습대상데이터\AMLC001061.jpg,1,sha256:2956e35e41a06857e4c42df25bae40297ab7ee4ce9c7f6d73d818513c26282f5,2956e35e41a06857e4c42df25bae40297ab7ee4ce9c7f6d73d818513c26282f5
AMLC001062,C:\ITDA_OCR_CODE\학습대상데이터\AMLC001062.jpg,1,sha256:7fec1af9f1ebb38658a7435457265d769996d039c9b0c902a0037f3f6b97e7ba,7fec1af9f1ebb38658a7435457265d769996d039c9b0c902a0037f3f6b97e7ba
AMLC001063,C:\ITDA_OCR_CODE\학습대상데이터\AMLC001063.jpg,5,sha256:acc3d55c71391e04d29a96dc38686e37a1a90c81a8f6559cedd7c423632bac44,acc3d55c71391e04d29a96dc38686e37a1a90c81a8f6559cedd7c423632bac44
AMLC001064,C:\ITDA_OCR_CODE\학습대상데이터\AMLC001064.jpg,3,sha256:fec2aae386be598c210200006f4d4d73f2e3063d1e51c6d7d00bd52d2ff88501,fec2aae386be598c210200006f4d4d73f2e3063d1e51c6d7d00bd52d2ff88501
AMLC001065,C:\ITDA_OCR_CODE\학습대상데이터\AMLC001065.jpg,2,sha256:a0ceb7bc36c2929e1eacdbbeb492d68a66557da7be0141567399c41002d546c0,a0ceb7bc36c2929e1eacdbbeb492d68a66557da7be0141567399c41002d546c0
AMLC001066,C:\ITDA_OCR_CODE\학습대상데이터\AMLC001066.jpg,4,sha256:ba494e7cc2baab4ca754f5dfe3a7b434cdda7d18d8589ebb40551602280e7cf7,ba494e7cc2baab4ca754f5dfe3a7b434cdda7d18d8589ebb40551602280e7cf7
AMLC001067,C:\ITDA_OCR_CODE\학습대상데이터\AMLC001067.jpg,3,sha256:7977513f3e94a2d29007aab487dd4061dd445952fac7670a3b235f445e6a6b5b,7977513f3e94a2d29007aab487dd4061dd445952fac7670a3b235f445e6a6b5b
AMLC001068,C:\ITDA_OCR_CODE\학습대상데이터\AMLC001068.jpg,2,sha256:4a1538f3531701642883b94f6f4fb11906f0fd6ca4a4ea007378e2418cc88f34,4a1538f3531701642883b94f6f4fb11906f0fd6ca4a4ea007378e2418cc88f34
AMLC001069,C:\ITDA_OCR_CODE\학습대상데이터\AMLC001069.jpg,1,sha256:359e02d858ddd066a763b160dcc67095d24470970736af7ee84820448bee1b28,359e02d858ddd066a763b160dcc67095d24470970736af7ee84820448bee1b28
AMLC001070,C:\ITDA_OCR_CODE\학습대상데이터\AMLC001070.jpg,3,sha256:860f3971c0983e79b0e33d286860fa486b67134f0c2573487bb6d5880bf2cf8a,860f3971c0983e79b0e33d286860fa486b67134f0c2573487bb6d5880bf2cf8a
AMLC001071,C:\ITDA_OCR_CODE\학습대상데이터\AMLC001071.jpg,5,sha256:cc1b10f1c151ab1f1ebf54031b483b9780b73544d14a8a4d3819476b9c8e062b,cc1b10f1c151ab1f1ebf54031b483b9780b73544d14a8a4d3819476b9c8e062b
AMLC001072,C:\ITDA_OCR_CODE\학습대상데이터\AMLC001072.jpg,5,sha256:214f5797a68a9b732c8ec9829591dfba6ebc5b1be347e0a167dd1313a081a733,214f5797a68a9b732c8ec9829591dfba6ebc5b1be347e0a167dd1313a081a733
AMLC001073,C:\ITDA_OCR_CODE\학습대상데이터\AMLC001073.jpg,5,sha256:508673dbb3bca670e8cbd6b6e355ebe6e53e169a6a8d1d61257c232f6962f819,508673dbb3bca670e8cbd6b6e355ebe6e53e169a6a8d1d61257c232f6962f819
AMLC001074,C:\ITDA_OCR_CODE\학습대상데이터\AMLC001074.jpg,1,sha256:dd1b33b54cc5c6bebc2983e0bd5faf1e9f56a615c7c47a34163bbc8536fe4610,dd1b33b54cc5c6bebc2983e0bd5faf1e9f56a615c7c47a34163bbc8536fe4610
AMLC001075,C:\ITDA_OCR_CODE\학습대상데이터\AMLC001075.jpg,3,sha256:97c3c7e715d8ed2e9d5637d5db8cac3dc51df12b004db172b574edc53e130e25,97c3c7e715d8ed2e9d5637d5db8cac3dc51df12b004db172b574edc53e130e25
AMLC001076,C:\ITDA_OCR_CODE\학습대상데이터\AMLC001076.jpg,5,sha256:aa4291e93a53fd9997826b87c4e604e2952cb5a83727b2e57e743a297a3339fe,aa4291e93a53fd9997826b87c4e604e2952cb5a83727b2e57e743a297a3339fe
AMLC001077,C:\ITDA_OCR_CODE\학습대상데이터\AMLC001077.jpg,2,sha256:1197cee09193e8517bf9cf1f2d41fe9520b5b2e484652e6d4f42e2db0d40fdd1,1197cee09193e8517bf9cf1f2d41fe9520b5b2e484652e6d4f42e2db0d40fdd1
AMLC001078,C:\ITDA_OCR_CODE\학습대상데이터\AMLC001078.jpg,3,sha256:b4b281ef9099e6885200f6ef0d0853173bef141e98e3286ab95fb190a38001c0,b4b281ef9099e6885200f6ef0d0853173bef141e98e3286ab95fb190a38001c0
AMLC001079,C:\ITDA_OCR_CODE\학습대상데이터\AMLC001079.jpg,2,sha256:1f2f98706c96ef0b7b9ca06145d3fc37d3fbf6e78a1ce213e99a2fec17f27b7b,1f2f98706c96ef0b7b9ca06145d3fc37d3fbf6e78a1ce213e99a2fec17f27b7b
AMLC001080,C:\ITDA_OCR_CODE\학습대상데이터\AMLC001080.jpg,5,sha256:a617132f8d5f992e859669a0f53cec98deeff69f445e93a20fde9dca09f0890b,a617132f8d5f992e859669a0f53cec98deeff69f445e93a20fde9dca09f0890b
AMLC001081,C:\ITDA_OCR_CODE\학습대상데이터\AMLC001081.jpg,2,sha256:424d83dd308616634106e3f6bb51c6f3058c8b31b0d8f6a6736a5a0e6014a27a,424d83dd308616634106e3f6bb51c6f3058c8b31b0d8f6a6736a5a0e6014a27a
AMLC001082,C:\ITDA_OCR_CODE\학습대상데이터\AMLC001082.jpg,2,sha256:9365f873b1b2d6ac52b936354ab60378fea1526388f2a1284856a20cd0717054,9365f873b1b2d6ac52b936354ab60378fea1526388f2a1284856a20cd0717054
AMLC001083,C:\ITDA_OCR_CODE\학습대상데이터\AMLC001083.jpg,1,sha256:edb559ce200d530c08b13a4741139298cddb31a6746c291b484f5cf28c295036,edb559ce200d530c08b13a4741139298cddb31a6746c291b484f5cf28c295036
AMLC001084,C:\ITDA_OCR_CODE\학습대상데이터\AMLC001084.jpg,1,sha256:2ed2aea22adb6f2cd4aec6b104f9f801b2449ff1fa4e598314b7e81c2a0d05d2,2ed2aea22adb6f2cd4aec6b104f9f801b2449ff1fa4e598314b7e81c2a0d05d2
AMLC001085,C:\ITDA_OCR_CODE\학습대상데이터\AMLC001085.jpg,3,sha256:548116350f2f9d36e67fe405d7c410abc9c830383a1fa4d75e6e7ae71eb7cff5,548116350f2f9d36e67fe405d7c410abc9c830383a1fa4d75e6e7ae71eb7cff5
AMLC001086,C:\ITDA_OCR_CODE\학습대상데이터\AMLC001086.jpg,3,sha256:092dc20a2a807be8e5551b6485e01015d9e071d4715d7c45dad655893a0a979b,092dc20a2a807be8e5551b6485e01015d9e071d4715d7c45dad655893a0a979b
AMLC001087,C:\ITDA_OCR_CODE\학습대상데이터\AMLC001087.jpg,5,sha256:c41f3172367a36f28ca366dfe1a7bc6233d976869c4eed9983735cf8d919851d,c41f3172367a36f28ca366dfe1a7bc6233d976869c4eed9983735cf8d919851d
AMLC001088,C:\ITDA_OCR_CODE\학습대상데이터\AMLC001088.jpg,5,sha256:63df06c520996987e34048096b72e4f8018d9052dfeccf4cedb1e031828508e4,63df06c520996987e34048096b72e4f8018d9052dfeccf4cedb1e031828508e4
AMLC001089,C:\ITDA_OCR_CODE\학습대상데이터\AMLC001089.jpg,3,sha256:f9a0a0a460193ba21aafb4654963e156b9e32d5a32a599ad0928e549edb3cf4e,f9a0a0a460193ba21aafb4654963e156b9e32d5a32a599ad0928e549edb3cf4e
AMLC001090,C:\ITDA_OCR_CODE\학습대상데이터\AMLC001090.jpg,4,sha256:49d440e2866ae2218eced1c4382449bfb3ad5fd653b3ef5e7b37eaa6387da1ee,49d440e2866ae2218eced1c4382449bfb3ad5fd653b3ef5e7b37eaa6387da1ee
AMLC001091,C:\ITDA_OCR_CODE\학습대상데이터\AMLC001091.jpg,5,sha256:72fc135ae5436a714d44379d89c2d388caca5b4721c97e605c14cb4a2d2a65a7,72fc135ae5436a714d44379d89c2d388caca5b4721c97e605c14cb4a2d2a65a7
AMLC001092,C:\ITDA_OCR_CODE\학습대상데이터\AMLC001092.jpg,5,sha256:c9732d44abe33d6501c1a62d8ce8056b1af0a5a3eed913573386eca805ac92d4,c9732d44abe33d6501c1a62d8ce8056b1af0a5a3eed913573386eca805ac92d4
AMLC001093,C:\ITDA_OCR_CODE\학습대상데이터\AMLC001093.jpg,4,sha256:c6f52f858a4206ea002f9aae64d10be1b4ceeceff18ef9592730bacccc76fc32,c6f52f858a4206ea002f9aae64d10be1b4ceeceff18ef9592730bacccc76fc32
AMLC001094,C:\ITDA_OCR_CODE\학습대상데이터\AMLC001094.jpg,1,sha256:b1210d347191e21fab1e401be43a0addc3afc45a3f21df67e6cfbb5ed2f1a761,b1210d347191e21fab1e401be43a0addc3afc45a3f21df67e6cfbb5ed2f1a761
AMLC001095,C:\ITDA_OCR_CODE\학습대상데이터\AMLC001095.jpg,5,sha256:cf7c3e837555cb34df9e2c357c8b8628eb94202ae88c9d4345ab87217afa112f,cf7c3e837555cb34df9e2c357c8b8628eb94202ae88c9d4345ab87217afa112f
AMLC001096,C:\ITDA_OCR_CODE\학습대상데이터\AMLC001096.jpg,5,sha256:4384eb24ca205874b67e41acabe60341c0830225fb0c7c5cb832efa95608da44,4384eb24ca205874b67e41acabe60341c0830225fb0c7c5cb832efa95608da44
AMLC001097,C:\ITDA_OCR_CODE\학습대상데이터\AMLC001097.jpg,2,sha256:f49fc3ec5964d8e233a7966afa86471d1aafa964eb5f3ab10299acaf8e67f239,f49fc3ec5964d8e233a7966afa86471d1aafa964eb5f3ab10299acaf8e67f239
AMLC001098,C:\ITDA_OCR_CODE\학습대상데이터\AMLC001098.jpg,4,sha256:9bdefcf13181ebe1422f3b1113bebe5f096e4fc659e40da79270ef0d509470e7,9bdefcf13181ebe1422f3b1113bebe5f096e4fc659e40da79270ef0d509470e7
AMLC001099,C:\ITDA_OCR_CODE\학습대상데이터\AMLC001099.jpg,5,sha256:38d6a4323b925528daea5859c0714d33d0fcbe92314b021c2d4a46e7e43b80c1,38d6a4323b925528daea5859c0714d33d0fcbe92314b021c2d4a46e7e43b80c1
AMLC001100,C:\ITDA_OCR_CODE\학습대상데이터\AMLC001100.jpg,5,sha256:6c6a4889a438b1bcf153a916c8300b73e78a690352ab9e2e94bdb48c4b494013,6c6a4889a438b1bcf153a916c8300b73e78a690352ab9e2e94bdb48c4b494013
AMLC001101,C:\ITDA_OCR_CODE\학습대상데이터\AMLC001101.jpg,2,sha256:1f00af2aa2fbf52715e0744e4b4dcb541d8f46f1f4670e5132f1eeded0aef8e4,1f00af2aa2fbf52715e0744e4b4dcb541d8f46f1f4670e5132f1eeded0aef8e4
AMLC001102,C:\ITDA_OCR_CODE\학습대상데이터\AMLC001102.jpg,3,sha256:01c9d029fb1233bd378b1137acd98295937137793b45999f75429180c7d01a84,01c9d029fb1233bd378b1137acd98295937137793b45999f75429180c7d01a84
AMLC001103,C:\ITDA_OCR_CODE\학습대상데이터\AMLC001103.jpg,5,sha256:1f6328816ed1feada51d19f3eefab9907960b57f71994e541c33f35b3738f8ad,1f6328816ed1feada51d19f3eefab9907960b57f71994e541c33f35b3738f8ad
AMLC001104,C:\ITDA_OCR_CODE\학습대상데이터\AMLC001104.jpg,5,sha256:179d0b02831e06417b371e12c1a350500c49d23b0fdee151f6656798d7553cf8,179d0b02831e06417b371e12c1a350500c49d23b0fdee151f6656798d7553cf8
AMLC001105,C:\ITDA_OCR_CODE\학습대상데이터\AMLC001105.jpg,5,sha256:3095d4f132c9091dfc2cba77cb89447d9b348017cd1f5d50eafb5131872c090a,3095d4f132c9091dfc2cba77cb89447d9b348017cd1f5d50eafb5131872c090a
AMLC001106,C:\ITDA_OCR_CODE\학습대상데이터\AMLC001106.jpg,4,sha256:ef5c4b1192447644e8e7ffb01a05f01ac99db875e6563c8412b266eb2b8058da,ef5c4b1192447644e8e7ffb01a05f01ac99db875e6563c8412b266eb2b8058da
AMLC001107,C:\ITDA_OCR_CODE\학습대상데이터\AMLC001107.jpg,3,sha256:28a6e5a84bf5f89df6cdda016499badca4ddf5cff8e7c9d1dbe341da58628969,28a6e5a84bf5f89df6cdda016499badca4ddf5cff8e7c9d1dbe341da58628969
AMLC001108,C:\ITDA_OCR_CODE\학습대상데이터\AMLC001108.jpg,5,sha256:0ce4e1b6a72f58a94d10f7bf4782381a30970223a1397ab87f337d337aa8ed1e,0ce4e1b6a72f58a94d10f7bf4782381a30970223a1397ab87f337d337aa8ed1e
AMLC001109,C:\ITDA_OCR_CODE\학습대상데이터\AMLC001109.jpg,2,sha256:8b6384edd6f3a97f8104b8ea73434460e9312a8cfd5d14ba7e465ee9190249dd,8b6384edd6f3a97f8104b8ea73434460e9312a8cfd5d14ba7e465ee9190249dd
AMLC001110,C:\ITDA_OCR_CODE\학습대상데이터\AMLC001110.jpg,1,sha256:a3fd1c8f848757bc8af46ad4e34c084f70375780c0fff37590db69c532c3fd72,a3fd1c8f848757bc8af46ad4e34c084f70375780c0fff37590db69c532c3fd72
AMLC001111,C:\ITDA_OCR_CODE\학습대상데이터\AMLC001111.jpg,5,sha256:877b333bba85aa5c7d87a0478beb05e4ea80d5e13148ea99b87e35dce697988a,877b333bba85aa5c7d87a0478beb05e4ea80d5e13148ea99b87e35dce697988a
AMLC001112,C:\ITDA_OCR_CODE\학습대상데이터\AMLC001112.jpg,1,sha256:cc743b893aa66c641617b41b9e4d4edd01b5b398e377927a38cb082865b7edb8,cc743b893aa66c641617b41b9e4d4edd01b5b398e377927a38cb082865b7edb8
AMLC001113,C:\ITDA_OCR_CODE\학습대상데이터\AMLC001113.jpg,3,sha256:4dde27fab37983a2bf5f4159811f7be29b47458ee7dda6c2707618866e2d6080,4dde27fab37983a2bf5f4159811f7be29b47458ee7dda6c2707618866e2d6080
AMLC001114,C:\ITDA_OCR_CODE\학습대상데이터\AMLC001114.jpg,1,sha256:0f7bc3723bd3e7aba34dc95f8a973c3668c0e6e2a41abbac9da0fd4cf3d29af7,0f7bc3723bd3e7aba34dc95f8a973c3668c0e6e2a41abbac9da0fd4cf3d29af7
AMLC001115,C:\ITDA_OCR_CODE\학습대상데이터\AMLC001115.jpg,1,sha256:ff181dcfa3c1569aca8f06629ed30ac93ea5d9f5afb80ce9221c44c334fee358,ff181dcfa3c1569aca8f06629ed30ac93ea5d9f5afb80ce9221c44c334fee358
AMLC001116,C:\ITDA_OCR_CODE\학습대상데이터\AMLC001116.jpg,1,sha256:46e0f0ea96c95ffca2f8b5d017abb3e0600ad8a9a85d218f9fc458ea703344f1,46e0f0ea96c95ffca2f8b5d017abb3e0600ad8a9a85d218f9fc458ea703344f1
AMLC001117,C:\ITDA_OCR_CODE\학습대상데이터\AMLC001117.jpg,2,sha256:da5c20fb18112967171858df94b318da1f902f536af09814c601a0361acc1b7f,da5c20fb18112967171858df94b318da1f902f536af09814c601a0361acc1b7f
AMLC001118,C:\ITDA_OCR_CODE\학습대상데이터\AMLC001118.jpg,5,sha256:f213135d8c5d6646826aa4c527d84a3a40c71c512a78053631893bfe290c2983,f213135d8c5d6646826aa4c527d84a3a40c71c512a78053631893bfe290c2983
AMLC001119,C:\ITDA_OCR_CODE\학습대상데이터\AMLC001119.jpg,1,sha256:7d440f9160bc227cdf9115b004c72210f2360b34b433724c4cccdb95495f9579,7d440f9160bc227cdf9115b004c72210f2360b34b433724c4cccdb95495f9579
AMLC001120,C:\ITDA_OCR_CODE\학습대상데이터\AMLC001120.jpg,3,sha256:bc5d14d9739c549c4efa115a23d3dce08553fa6de388bd05a1c2f1add6a4a7cb,bc5d14d9739c549c4efa115a23d3dce08553fa6de388bd05a1c2f1add6a4a7cb
AMLC001121,C:\ITDA_OCR_CODE\학습대상데이터\AMLC001121.jpg,5,sha256:32b9f7e885727bbfb4ead01fffdc823c5f2b96f78966f630a027bc1c4c587cf6,32b9f7e885727bbfb4ead01fffdc823c5f2b96f78966f630a027bc1c4c587cf6
AMLC001122,C:\ITDA_OCR_CODE\학습대상데이터\AMLC001122.jpg,2,sha256:04dcf063c185bf9d04142080100a34f57c8f2605906f799867c55c5d4fa03bfc,04dcf063c185bf9d04142080100a34f57c8f2605906f799867c55c5d4fa03bfc
AMLC001123,C:\ITDA_OCR_CODE\학습대상데이터\AMLC001123.jpg,1,sha256:9dd3a18eb1a84cbb9d4290ce53caa7ef5bdfb0275bcb0c54f67f9ae375985301,9dd3a18eb1a84cbb9d4290ce53caa7ef5bdfb0275bcb0c54f67f9ae375985301
AMLC001124,C:\ITDA_OCR_CODE\학습대상데이터\AMLC001124.jpg,5,sha256:f51cea5b34e1fdf5c435f70c6332d5aed209439806baf86a066b24eaa58875bd,f51cea5b34e1fdf5c435f70c6332d5aed209439806baf86a066b24eaa58875bd
AMLC001125,C:\ITDA_OCR_CODE\학습대상데이터\AMLC001125.jpg,5,sha256:1ac6dbc467e1d75275425b2111a2025076d4931d849e88cff2b88ea079dd1e4f,1ac6dbc467e1d75275425b2111a2025076d4931d849e88cff2b88ea079dd1e4f
AMLC001126,C:\ITDA_OCR_CODE\학습대상데이터\AMLC001126.jpg,3,sha256:d2156163c65a4b258356ad287849d6f2e1e11eff3b90c180730ad160fc49a58e,d2156163c65a4b258356ad287849d6f2e1e11eff3b90c180730ad160fc49a58e
AMLC001127,C:\ITDA_OCR_CODE\학습대상데이터\AMLC001127.jpg,3,sha256:e3946d85dbd247add526575b3a8ebc866dab07258458a42aac56b7f0ae71e290,e3946d85dbd247add526575b3a8ebc866dab07258458a42aac56b7f0ae71e290
AMLC001128,C:\ITDA_OCR_CODE\학습대상데이터\AMLC001128.jpg,4,sha256:7709165e26922b9a07a773222e7ec1c9b0d3b2f78a19c0faf98214199cbad849,7709165e26922b9a07a773222e7ec1c9b0d3b2f78a19c0faf98214199cbad849
AMLC001129,C:\ITDA_OCR_CODE\학습대상데이터\AMLC001129.jpg,1,sha256:c9df1e6afce1c28b3643ea2bf1ee8f1d184013b1921195b0f194a5e5cec689a4,c9df1e6afce1c28b3643ea2bf1ee8f1d184013b1921195b0f194a5e5cec689a4
AMLC001130,C:\ITDA_OCR_CODE\학습대상데이터\AMLC001130.jpg,2,sha256:f30be33e7589af392d9326b20a0d442eedf9e442ff9e0ac16937b9644ed6dd75,f30be33e7589af392d9326b20a0d442eedf9e442ff9e0ac16937b9644ed6dd75
AMLC001131,C:\ITDA_OCR_CODE\학습대상데이터\AMLC001131.jpg,5,sha256:e3553f214edca8ce6b32059a2f492c2bd1f4a2429ca6ff7a1942cfb7a1ccb3e3,e3553f214edca8ce6b32059a2f492c2bd1f4a2429ca6ff7a1942cfb7a1ccb3e3
AMLC001132,C:\ITDA_OCR_CODE\학습대상데이터\AMLC001132.jpg,3,sha256:30531b6af811cd2db3d39a7a0153d34a595bc261ff599110451fb66e2d34d72f,30531b6af811cd2db3d39a7a0153d34a595bc261ff599110451fb66e2d34d72f
AMLC001133,C:\ITDA_OCR_CODE\학습대상데이터\AMLC001133.jpg,5,sha256:f0709c0f0eff7d6e61ed335853f3bcea31198e789494b4b3e59e0d2472a3982b,f0709c0f0eff7d6e61ed335853f3bcea31198e789494b4b3e59e0d2472a3982b
AMLC001134,C:\ITDA_OCR_CODE\학습대상데이터\AMLC001134.jpg,4,sha256:bfe064b27b8a20f263d20f73ff9a3bf6b15387bfe4734d472410b98841c6b1e5,bfe064b27b8a20f263d20f73ff9a3bf6b15387bfe4734d472410b98841c6b1e5
AMLC001135,C:\ITDA_OCR_CODE\학습대상데이터\AMLC001135.jpg,5,sha256:0697d5a833b7a7e05c03ef637e60541b8a5c7b5c217cd7ca8dad244da1c07cc7,0697d5a833b7a7e05c03ef637e60541b8a5c7b5c217cd7ca8dad244da1c07cc7
AMLC001136,C:\ITDA_OCR_CODE\학습대상데이터\AMLC001136.jpg,3,sha256:d802b54ec12ee386984c05c68bc94dd4ff90d7134149dbab68cfc035793b039a,d802b54ec12ee386984c05c68bc94dd4ff90d7134149dbab68cfc035793b039a
AMLC001137,C:\ITDA_OCR_CODE\학습대상데이터\AMLC001137.jpg,5,sha256:efce5ef76432f4f4841306f056b90270e7889abadae3a0e6b9b9f50f945af724,efce5ef76432f4f4841306f056b90270e7889abadae3a0e6b9b9f50f945af724
AMLC001138,C:\ITDA_OCR_CODE\학습대상데이터\AMLC001138.jpg,3,sha256:118609410a1c159f094794628fa66f2afefd2682243fcf0c1d7509a6b3fdd017,118609410a1c159f094794628fa66f2afefd2682243fcf0c1d7509a6b3fdd017
AMLC001139,C:\ITDA_OCR_CODE\학습대상데이터\AMLC001139.jpg,3,sha256:e77cf7fe1529e7dbb05cb0fa4d073b90eb69b38f83a8e0f16df1882ca92c6783,e77cf7fe1529e7dbb05cb0fa4d073b90eb69b38f83a8e0f16df1882ca92c6783
AMLC001140,C:\ITDA_OCR_CODE\학습대상데이터\AMLC001140.jpg,1,sha256:8e82b889451a3cf9807f86cf84e088fc328e9b000735384a7967b6d589dda38b,8e82b889451a3cf9807f86cf84e088fc328e9b000735384a7967b6d589dda38b
AMLC001141,C:\ITDA_OCR_CODE\학습대상데이터\AMLC001141.jpg,3,sha256:ed58175989adae5cca7bab2e90ce2ac58ead8ed416836e295a2683b20f0e43d6,ed58175989adae5cca7bab2e90ce2ac58ead8ed416836e295a2683b20f0e43d6
AMLC001142,C:\ITDA_OCR_CODE\학습대상데이터\AMLC001142.jpg,1,sha256:7401e4cb117af54fc8d265f6ec03a7978fae7e5abdc0e121a8d5d6f31f9d1b7b,7401e4cb117af54fc8d265f6ec03a7978fae7e5abdc0e121a8d5d6f31f9d1b7b
AMLC001143,C:\ITDA_OCR_CODE\학습대상데이터\AMLC001143.jpg,5,sha256:2bc96f49628198b4be0dc506929ff3f61b62f627b3169e451861e1ff5b4942df,2bc96f49628198b4be0dc506929ff3f61b62f627b3169e451861e1ff5b4942df
AMLC001144,C:\ITDA_OCR_CODE\학습대상데이터\AMLC001144.jpg,2,sha256:6df8684d2db723c82eaa7495885129fce0427a64132043394965a97fbbf08faf,6df8684d2db723c82eaa7495885129fce0427a64132043394965a97fbbf08faf
AMLC001145,C:\ITDA_OCR_CODE\학습대상데이터\AMLC001145.jpg,3,sha256:efcbd0e5c2df6da5c275a9660d2acf2fb52accad1523316287651c82427b6cb8,efcbd0e5c2df6da5c275a9660d2acf2fb52accad1523316287651c82427b6cb8
AMLC001146,C:\ITDA_OCR_CODE\학습대상데이터\AMLC001146.jpg,4,sha256:368389899124d133704a74257f6a9394498895a862f2be9e742ac734cc5866ad,368389899124d133704a74257f6a9394498895a862f2be9e742ac734cc5866ad
AMLC001147,C:\ITDA_OCR_CODE\학습대상데이터\AMLC001147.jpg,2,sha256:2145381a14d7a904206b78dc40eb89708606385f14400fffce1f3f99bedf2dc6,2145381a14d7a904206b78dc40eb89708606385f14400fffce1f3f99bedf2dc6
AMLC001148,C:\ITDA_OCR_CODE\학습대상데이터\AMLC001148.jpg,3,sha256:3ad59421046c33d8ff31731c644a99598d5a5547968e7e73450a8a6edf30b54e,3ad59421046c33d8ff31731c644a99598d5a5547968e7e73450a8a6edf30b54e
AMLC001149,C:\ITDA_OCR_CODE\학습대상데이터\AMLC001149.jpg,5,sha256:0e8ca09f6ceb42392cc399fcd454c59b7faf59ff54371973ad19e364368399fc,0e8ca09f6ceb42392cc399fcd454c59b7faf59ff54371973ad19e364368399fc
AMLC001150,C:\ITDA_OCR_CODE\학습대상데이터\AMLC001150.jpg,1,sha256:ba1a1ab06f9eef98a9af0c0aafbb59deeeb253389639885b00c95de6ef039be6,ba1a1ab06f9eef98a9af0c0aafbb59deeeb253389639885b00c95de6ef039be6
AMLC001151,C:\ITDA_OCR_CODE\학습대상데이터\AMLC001151.jpg,3,sha256:2e73a23db43a27090a97c6ff3f0610fe874d09cdaea7e0d0d858d2d84ce46182,2e73a23db43a27090a97c6ff3f0610fe874d09cdaea7e0d0d858d2d84ce46182
AMLC001152,C:\ITDA_OCR_CODE\학습대상데이터\AMLC001152.jpg,2,sha256:7a93620c0c64d3bc759b8922e42902810cdb35d8c9a6aed48eb543cf530a3c4e,7a93620c0c64d3bc759b8922e42902810cdb35d8c9a6aed48eb543cf530a3c4e
AMLC001153,C:\ITDA_OCR_CODE\학습대상데이터\AMLC001153.jpg,1,sha256:9134298e5652a2949dd18e9bfb887d98322a9373f74cb301d4b824a6fe1a6943,9134298e5652a2949dd18e9bfb887d98322a9373f74cb301d4b824a6fe1a6943
AMLC001154,C:\ITDA_OCR_CODE\학습대상데이터\AMLC001154.jpg,2,sha256:391604b16fb8795fd0108645bf947020d958ca19aa285d90ddbe35c88087f1a4,391604b16fb8795fd0108645bf947020d958ca19aa285d90ddbe35c88087f1a4
AMLC001155,C:\ITDA_OCR_CODE\학습대상데이터\AMLC001155.jpg,4,sha256:c13b7adc5a93221f13721376fa052e1a41cfd89b869b5ec58fd692195dca0432,c13b7adc5a93221f13721376fa052e1a41cfd89b869b5ec58fd692195dca0432
AMLC001156,C:\ITDA_OCR_CODE\학습대상데이터\AMLC001156.jpg,3,sha256:5e8a8c7fd665dcd9d5308cae37696acba3587f1d4a5cb8df690781e669ad1779,5e8a8c7fd665dcd9d5308cae37696acba3587f1d4a5cb8df690781e669ad1779
AMLC001157,C:\ITDA_OCR_CODE\학습대상데이터\AMLC001157.jpg,4,sha256:ed54d17046176ffe063f520ea57cd7c2ee77dffd5956a0f131a02ccf7c8ad1a7,ed54d17046176ffe063f520ea57cd7c2ee77dffd5956a0f131a02ccf7c8ad1a7
AMLC001158,C:\ITDA_OCR_CODE\학습대상데이터\AMLC001158.jpg,4,sha256:e6201ebb3b512ed8181fe33c0e8019a8ce62c68961744fa30ad798e7a82c36ee,e6201ebb3b512ed8181fe33c0e8019a8ce62c68961744fa30ad798e7a82c36ee
AMLC001159,C:\ITDA_OCR_CODE\학습대상데이터\AMLC001159.jpg,1,sha256:abb43081e75168de91a8a475f05774c195857394191c06e4820bdd6fd58ae739,abb43081e75168de91a8a475f05774c195857394191c06e4820bdd6fd58ae739
AMLC001160,C:\ITDA_OCR_CODE\학습대상데이터\AMLC001160.jpg,3,sha256:83f5cb2ee606d1444bb923a64efd1c403cb9a754ffaab67b204fc583cca21249,83f5cb2ee606d1444bb923a64efd1c403cb9a754ffaab67b204fc583cca21249
AMLC001161,C:\ITDA_OCR_CODE\학습대상데이터\AMLC001161.jpg,5,sha256:9d0673487f9df08f33e79a5c121cd4db09bbbe061e1b47d90e4ed3ad2d3459e2,9d0673487f9df08f33e79a5c121cd4db09bbbe061e1b47d90e4ed3ad2d3459e2
AMLC001162,C:\ITDA_OCR_CODE\학습대상데이터\AMLC001162.jpg,5,sha256:f57613110666a6c847001ff11b6d04a96abf5cb33fbd92e715656e3321c84b9e,f57613110666a6c847001ff11b6d04a96abf5cb33fbd92e715656e3321c84b9e
AMLC001163,C:\ITDA_OCR_CODE\학습대상데이터\AMLC001163.jpg,2,sha256:cdc6c1871b2ee9a48d1819c402622e35032600059a362d9e30cc1652615d3ce4,cdc6c1871b2ee9a48d1819c402622e35032600059a362d9e30cc1652615d3ce4
AMLC001164,C:\ITDA_OCR_CODE\학습대상데이터\AMLC001164.jpg,5,sha256:1324852e7c5ae896870e2e29c6995e158d12a7db564b7b82b1b9f70d7de0d36c,1324852e7c5ae896870e2e29c6995e158d12a7db564b7b82b1b9f70d7de0d36c
AMLC001165,C:\ITDA_OCR_CODE\학습대상데이터\AMLC001165.jpg,4,sha256:9abf1648752a9d7c255d988997f2e976d0dfabec4aad15ad6ed3e873a8119e58,9abf1648752a9d7c255d988997f2e976d0dfabec4aad15ad6ed3e873a8119e58
AMLC001166,C:\ITDA_OCR_CODE\학습대상데이터\AMLC001166.jpg,5,sha256:c796d9a0007f128c04a51b829c7c63374944da9d6290fa1e3ddbf21e578a3570,c796d9a0007f128c04a51b829c7c63374944da9d6290fa1e3ddbf21e578a3570
AMLC001167,C:\ITDA_OCR_CODE\학습대상데이터\AMLC001167.jpg,2,sha256:8aef225a27fbd4a50ba42e78042e6375c5bdb0b06d3faa4888c94d06b5a8db0c,8aef225a27fbd4a50ba42e78042e6375c5bdb0b06d3faa4888c94d06b5a8db0c
AMLC001168,C:\ITDA_OCR_CODE\학습대상데이터\AMLC001168.jpg,1,sha256:6dca1ff7d3129c3a650de0b039ba354f32017686eb5d2691145f1f67a5bf6697,6dca1ff7d3129c3a650de0b039ba354f32017686eb5d2691145f1f67a5bf6697
AMLC001169,C:\ITDA_OCR_CODE\학습대상데이터\AMLC001169.jpg,5,sha256:995fffcfcc81bcdc20db2952f9628b0d02de4cbf20556b4959b8f62559c17043,995fffcfcc81bcdc20db2952f9628b0d02de4cbf20556b4959b8f62559c17043
AMLC001170,C:\ITDA_OCR_CODE\학습대상데이터\AMLC001170.jpg,2,sha256:afd2748d2d03cbe525ab3174bc20e4d6a906ab7c41200c4542145468dcc321f9,afd2748d2d03cbe525ab3174bc20e4d6a906ab7c41200c4542145468dcc321f9
AMLC001171,C:\ITDA_OCR_CODE\학습대상데이터\AMLC001171.jpg,3,sha256:6b654087faac3ce59d72c2bba8a92b78703540e19a7e6a9e7b8bfba3b1365a3c,6b654087faac3ce59d72c2bba8a92b78703540e19a7e6a9e7b8bfba3b1365a3c
AMLC001172,C:\ITDA_OCR_CODE\학습대상데이터\AMLC001172.jpg,4,sha256:7a3b178f5e2beee30d3b579db55c4a20ac78eabcdc3f715a84d54e41006195fc,7a3b178f5e2beee30d3b579db55c4a20ac78eabcdc3f715a84d54e41006195fc
AMLC001173,C:\ITDA_OCR_CODE\학습대상데이터\AMLC001173.jpg,1,sha256:4545512fc3d6e719a5cd5e88cd77471a4f999a60898f4123b5f17e659269171c,4545512fc3d6e719a5cd5e88cd77471a4f999a60898f4123b5f17e659269171c
AMLC001174,C:\ITDA_OCR_CODE\학습대상데이터\AMLC001174.jpg,4,sha256:862c0020cd7bceca52911cd6745c42494be22b0eb597e36776d908b8d2436253,862c0020cd7bceca52911cd6745c42494be22b0eb597e36776d908b8d2436253
AMLC001175,C:\ITDA_OCR_CODE\학습대상데이터\AMLC001175.jpg,5,sha256:06c7d4754eb78d689be7cdb193ceb2a1e641364766e990bc5e2a380028f0d7b1,06c7d4754eb78d689be7cdb193ceb2a1e641364766e990bc5e2a380028f0d7b1
AMLC001176,C:\ITDA_OCR_CODE\학습대상데이터\AMLC001176.jpg,1,sha256:dc651114b8f137594762020f15d745066d780d99c39b425e71545f7b38b659bb,dc651114b8f137594762020f15d745066d780d99c39b425e71545f7b38b659bb
AMLC001177,C:\ITDA_OCR_CODE\학습대상데이터\AMLC001177.jpg,5,sha256:2bbe685283e70c8b7e5b7e4295706d94b9cea7d18bc63098734d1518b3a738ff,2bbe685283e70c8b7e5b7e4295706d94b9cea7d18bc63098734d1518b3a738ff
AMLC001178,C:\ITDA_OCR_CODE\학습대상데이터\AMLC001178.jpg,5,sha256:22c1608a461122f87992321e435a0e1f8b3ed4e44efa683ff2775d3f2ab67a68,22c1608a461122f87992321e435a0e1f8b3ed4e44efa683ff2775d3f2ab67a68
AMLC001179,C:\ITDA_OCR_CODE\학습대상데이터\AMLC001179.jpg,5,sha256:e6c3ccf62da7cdee8269c4658bdac24de3289dc1c8955e1417b95b0838d0cb04,e6c3ccf62da7cdee8269c4658bdac24de3289dc1c8955e1417b95b0838d0cb04
AMLC001180,C:\ITDA_OCR_CODE\학습대상데이터\AMLC001180.jpg,4,sha256:f6eb33cd5220ba152556c94445a4304093cb8e97ca76d666c6c06a7b03a4db36,f6eb33cd5220ba152556c94445a4304093cb8e97ca76d666c6c06a7b03a4db36
AMLC001181,C:\ITDA_OCR_CODE\학습대상데이터\AMLC001181.jpg,2,sha256:ba68cc96b961d10d041ef61637d6b1a7fb41496193b89f405f8a80b802177118,ba68cc96b961d10d041ef61637d6b1a7fb41496193b89f405f8a80b802177118
AMLC001182,C:\ITDA_OCR_CODE\학습대상데이터\AMLC001182.jpg,1,sha256:c73f98c54907569cc17e3728ff7aca9f3713bb5aca23048af5323c282ecd3852,c73f98c54907569cc17e3728ff7aca9f3713bb5aca23048af5323c282ecd3852
AMLC001183,C:\ITDA_OCR_CODE\학습대상데이터\AMLC001183.jpg,3,sha256:c825240f3ae482c5d4ab9a0c9c1b30bc644317f7c4f6095b710a38239ad93772,c825240f3ae482c5d4ab9a0c9c1b30bc644317f7c4f6095b710a38239ad93772
AMLC001184,C:\ITDA_OCR_CODE\학습대상데이터\AMLC001184.jpg,3,sha256:154c0aa77185fab7b5291c5df95eb20b4998054a76f10c48430cc343187dc045,154c0aa77185fab7b5291c5df95eb20b4998054a76f10c48430cc343187dc045
AMLC001185,C:\ITDA_OCR_CODE\학습대상데이터\AMLC001185.jpg,4,sha256:82484e357da0a9e4f670b726aee11d65f5b08ff900d32bef06ac9813ef2633dd,82484e357da0a9e4f670b726aee11d65f5b08ff900d32bef06ac9813ef2633dd
AMLC001186,C:\ITDA_OCR_CODE\학습대상데이터\AMLC001186.jpg,3,sha256:cbc3ff4d68cff66642a3aa7e89bb86e8bc9fe30653a0b31fcea646a2981b74af,cbc3ff4d68cff66642a3aa7e89bb86e8bc9fe30653a0b31fcea646a2981b74af
AMLC001187,C:\ITDA_OCR_CODE\학습대상데이터\AMLC001187.jpg,3,sha256:b37a8fd3217d52e03b527eada2aec1ac39f9c69f810a52763891d19491467b90,b37a8fd3217d52e03b527eada2aec1ac39f9c69f810a52763891d19491467b90
AMLC001188,C:\ITDA_OCR_CODE\학습대상데이터\AMLC001188.jpg,5,sha256:d1ecfc06aa1f75b61fb32700e2cffdf78028be9b7c1c36ac551f9fdbd168a58b,d1ecfc06aa1f75b61fb32700e2cffdf78028be9b7c1c36ac551f9fdbd168a58b
AMLC001189,C:\ITDA_OCR_CODE\학습대상데이터\AMLC001189.jpg,2,sha256:8faf9070fbc0813f33e35a570bb94a15c9d16718cd0d24a87f5ea1173ecb9f9b,8faf9070fbc0813f33e35a570bb94a15c9d16718cd0d24a87f5ea1173ecb9f9b
AMLC001190,C:\ITDA_OCR_CODE\학습대상데이터\AMLC001190.jpg,5,sha256:bd4766f0eb318df9c2cc4bab18d198c3b9b635e4c618a0b486faa52254d06fc3,bd4766f0eb318df9c2cc4bab18d198c3b9b635e4c618a0b486faa52254d06fc3
AMLC001191,C:\ITDA_OCR_CODE\학습대상데이터\AMLC001191.jpg,5,sha256:6ff3693ba33e9fc0daa11a8ff3e7d0342a75d3d82ba4bb22e84910b18d04c01d,6ff3693ba33e9fc0daa11a8ff3e7d0342a75d3d82ba4bb22e84910b18d04c01d
AMLC001192,C:\ITDA_OCR_CODE\학습대상데이터\AMLC001192.jpg,4,sha256:43beb57e87858f99239d87f7aafa98391e96d9e4a23ae58da2d5fb865c5563e2,43beb57e87858f99239d87f7aafa98391e96d9e4a23ae58da2d5fb865c5563e2
AMLC001193,C:\ITDA_OCR_CODE\학습대상데이터\AMLC001193.jpg,5,sha256:1fe99252cd7cab3c7feb248f87943525b9bed327ed76465217bc44d103973a97,1fe99252cd7cab3c7feb248f87943525b9bed327ed76465217bc44d103973a97
AMLC001194,C:\ITDA_OCR_CODE\학습대상데이터\AMLC001194.jpg,4,sha256:3609a6ae4da2dd2ade8d0478e2199c38584ec5bc2c3a9b36efad59c00c9894f2,3609a6ae4da2dd2ade8d0478e2199c38584ec5bc2c3a9b36efad59c00c9894f2
AMLC001195,C:\ITDA_OCR_CODE\학습대상데이터\AMLC001195.jpg,1,sha256:eba31a2c86a50f9333340b21abe9758906ab11e962783b979dcd0e3e3190252d,eba31a2c86a50f9333340b21abe9758906ab11e962783b979dcd0e3e3190252d
AMLC001196,C:\ITDA_OCR_CODE\학습대상데이터\AMLC001196.jpg,3,sha256:8d434a8f9ddebeb16a6c5a943826fb4c3edbe5ff4c5bc69dfc4b2b94506a55e8,8d434a8f9ddebeb16a6c5a943826fb4c3edbe5ff4c5bc69dfc4b2b94506a55e8
AMLC001197,C:\ITDA_OCR_CODE\학습대상데이터\AMLC001197.jpg,3,sha256:0f6c115331ee8c953a946e579310712d8be90d00c3529ae213d450f4d2c9038f,0f6c115331ee8c953a946e579310712d8be90d00c3529ae213d450f4d2c9038f
AMLC001198,C:\ITDA_OCR_CODE\학습대상데이터\AMLC001198.jpg,3,sha256:0e35e4d4828159d86435923c72eb3932430b8ac678c304ae93d767875e39767b,0e35e4d4828159d86435923c72eb3932430b8ac678c304ae93d767875e39767b
AMLC001199,C:\ITDA_OCR_CODE\학습대상데이터\AMLC001199.jpg,2,sha256:1cf0bfc5ff71544c80e765cf2d2bc674fa0f6d6fad9fc4e2aa83771bc3bc2c73,1cf0bfc5ff71544c80e765cf2d2bc674fa0f6d6fad9fc4e2aa83771bc3bc2c73
AMLC001200,C:\ITDA_OCR_CODE\학습대상데이터\AMLC001200.jpg,5,sha256:e9e9a230ea4fcc8e915b38803214f3a4c91a4a77ff5570ba31363596aabf6b60,e9e9a230ea4fcc8e915b38803214f3a4c91a4a77ff5570ba31363596aabf6b60
AMLC001201,C:\ITDA_OCR_CODE\학습대상데이터\AMLC001201.jpg,4,sha256:3353131d1642876cc3461df346f2e67dbd2ae6093c435c5fba0cc8d482cafbc4,3353131d1642876cc3461df346f2e67dbd2ae6093c435c5fba0cc8d482cafbc4
AMLC001202,C:\ITDA_OCR_CODE\학습대상데이터\AMLC001202.jpg,5,sha256:c9328c4643d3417a5cd85ace1d876d1e1803e3408a078ebcd83587b06a5b1d3c,c9328c4643d3417a5cd85ace1d876d1e1803e3408a078ebcd83587b06a5b1d3c
AMLC001203,C:\ITDA_OCR_CODE\학습대상데이터\AMLC001203.jpg,2,sha256:8aa2ed6bf51856f01f986da4deecaaedc4750267e78155562825ff45e34f502c,8aa2ed6bf51856f01f986da4deecaaedc4750267e78155562825ff45e34f502c
AMLC001204,C:\ITDA_OCR_CODE\학습대상데이터\AMLC001204.jpg,5,sha256:3edd008d3c1be009030ea47fd3678a7894d252d8c7dbae0f134449d0b7d0b5ae,3edd008d3c1be009030ea47fd3678a7894d252d8c7dbae0f134449d0b7d0b5ae
AMLC001205,C:\ITDA_OCR_CODE\학습대상데이터\AMLC001205.jpg,1,sha256:6ed26cfb9e789d0fc267f1e7193f4c4506ec62ea62fcfab8fcd8cbabb38db4b6,6ed26cfb9e789d0fc267f1e7193f4c4506ec62ea62fcfab8fcd8cbabb38db4b6
AMLC001206,C:\ITDA_OCR_CODE\학습대상데이터\AMLC001206.jpg,3,sha256:7503220a7675a9cc37ca2ca288f12147b6f96284269f6a04066b72256a94cc17,7503220a7675a9cc37ca2ca288f12147b6f96284269f6a04066b72256a94cc17
AMLC001207,C:\ITDA_OCR_CODE\학습대상데이터\AMLC001207.jpg,5,sha256:1c34c8d9d5517cea99b1a64465c824154f1f48d0b453c990dce461c5cb8ad28b,1c34c8d9d5517cea99b1a64465c824154f1f48d0b453c990dce461c5cb8ad28b
AMLC001208,C:\ITDA_OCR_CODE\학습대상데이터\AMLC001208.jpg,2,sha256:975a4fa545194e572a79c7b1eac8d62141b56359bf1bc2e41d1657baf1c4ea8a,975a4fa545194e572a79c7b1eac8d62141b56359bf1bc2e41d1657baf1c4ea8a
AMLC001209,C:\ITDA_OCR_CODE\학습대상데이터\AMLC001209.jpg,5,sha256:6fe5d7329c867fd01856f0d3ecec7c14803bcaf18acc4707fb3290465a8e4a59,6fe5d7329c867fd01856f0d3ecec7c14803bcaf18acc4707fb3290465a8e4a59
AMLC001210,C:\ITDA_OCR_CODE\학습대상데이터\AMLC001210.jpg,1,sha256:f1d28edd748bfa3b81e03de242dc268f736245d6cb26b4a751bb9ff5ee0b0ba2,f1d28edd748bfa3b81e03de242dc268f736245d6cb26b4a751bb9ff5ee0b0ba2
AMLC001211,C:\ITDA_OCR_CODE\학습대상데이터\AMLC001211.jpg,3,sha256:7c29adb846fa258e5f521978ace2354b64321bf4852a00576f1291a69cfa2e77,7c29adb846fa258e5f521978ace2354b64321bf4852a00576f1291a69cfa2e77
AMLC001212,C:\ITDA_OCR_CODE\학습대상데이터\AMLC001212.jpg,3,sha256:b5d5f28def0cfbcd3006edb73fd2c314989174d07e1fcdd925cf7ec039ff1b42,b5d5f28def0cfbcd3006edb73fd2c314989174d07e1fcdd925cf7ec039ff1b42
AMLC001213,C:\ITDA_OCR_CODE\학습대상데이터\AMLC001213.jpg,2,sha256:7be7a5c7b90b640bb2e78491c7683ce606a0ca36b083b56fec5716ca6ae22b8c,7be7a5c7b90b640bb2e78491c7683ce606a0ca36b083b56fec5716ca6ae22b8c
AMLC001214,C:\ITDA_OCR_CODE\학습대상데이터\AMLC001214.jpg,2,sha256:f6721bfb1ffec7a9dd9ae100b55b2f81d73946900f471deab1c2cf476a1fe51e,f6721bfb1ffec7a9dd9ae100b55b2f81d73946900f471deab1c2cf476a1fe51e
AMLC001215,C:\ITDA_OCR_CODE\학습대상데이터\AMLC001215.jpg,5,sha256:754077f7bf57b36b67bffc60e0821c189988599855473674d54cde908f758a5d,754077f7bf57b36b67bffc60e0821c189988599855473674d54cde908f758a5d
AMLC001216,C:\ITDA_OCR_CODE\학습대상데이터\AMLC001216.jpg,1,sha256:f99499d162be55d7744890b841aa7fff55f092a795a6883e1dcf9c4e0fa8499b,f99499d162be55d7744890b841aa7fff55f092a795a6883e1dcf9c4e0fa8499b
AMLC001217,C:\ITDA_OCR_CODE\학습대상데이터\AMLC001217.jpg,2,sha256:5d0ac2136bfca8690c6d07b02d69c26065c0862ac7049824637797bba4444612,5d0ac2136bfca8690c6d07b02d69c26065c0862ac7049824637797bba4444612
AMLC001218,C:\ITDA_OCR_CODE\학습대상데이터\AMLC001218.jpg,1,sha256:74f5e12fad4e804f526601be2182c18a5b703316f964a56ee1536ca230099fdf,74f5e12fad4e804f526601be2182c18a5b703316f964a56ee1536ca230099fdf
AMLC001219,C:\ITDA_OCR_CODE\학습대상데이터\AMLC001219.jpg,5,sha256:2a97c7b72f2b5cff8a119d0188b3a19bfff3a773e8aec249026fbd561a6fa082,2a97c7b72f2b5cff8a119d0188b3a19bfff3a773e8aec249026fbd561a6fa082
AMLC001220,C:\ITDA_OCR_CODE\학습대상데이터\AMLC001220.jpg,2,sha256:ac66007286f12e0df395908ba3b5aa615bf79373d4f798e1e77e7d79306bf23a,ac66007286f12e0df395908ba3b5aa615bf79373d4f798e1e77e7d79306bf23a
AMLC001221,C:\ITDA_OCR_CODE\학습대상데이터\AMLC001221.jpg,1,sha256:f1bd2342e3fae0221b1d1d0cfad57852d1cc5263c34bb995210dbaa237678dd7,f1bd2342e3fae0221b1d1d0cfad57852d1cc5263c34bb995210dbaa237678dd7
AMLC001222,C:\ITDA_OCR_CODE\학습대상데이터\AMLC001222.jpg,1,sha256:8b6c195d7b496476d0beab01d0a7735422066f1eb64324a1658b65b48653e139,8b6c195d7b496476d0beab01d0a7735422066f1eb64324a1658b65b48653e139
AMLC001223,C:\ITDA_OCR_CODE\학습대상데이터\AMLC001223.jpg,4,sha256:19f225aeafcb9040a661d37b44be4017b04a4ec5568966a02f05f20cab8f1b3a,19f225aeafcb9040a661d37b44be4017b04a4ec5568966a02f05f20cab8f1b3a
AMLC001224,C:\ITDA_OCR_CODE\학습대상데이터\AMLC001224.jpg,4,sha256:ca76fd5449332be14e502bb75d07e7561dd83c1810978e4a5ec89ee349a14095,ca76fd5449332be14e502bb75d07e7561dd83c1810978e4a5ec89ee349a14095
AMLC001225,C:\ITDA_OCR_CODE\학습대상데이터\AMLC001225.jpg,5,sha256:2aa8c712076b15f1b8cf232174f7e10381ae09e4997913ffbce7217689a0eee2,2aa8c712076b15f1b8cf232174f7e10381ae09e4997913ffbce7217689a0eee2
AMLC001226,C:\ITDA_OCR_CODE\학습대상데이터\AMLC001226.jpg,3,sha256:e5e1b08e46e958da2fe161432dcafebe8d38f808951f6f0c06a8d8f8621382dc,e5e1b08e46e958da2fe161432dcafebe8d38f808951f6f0c06a8d8f8621382dc
AMLC001227,C:\ITDA_OCR_CODE\학습대상데이터\AMLC001227.jpg,5,sha256:39f5ae2e3249e70310c2124acd7443918a6b1c5ef01f3d7e8c6e4f973c053493,39f5ae2e3249e70310c2124acd7443918a6b1c5ef01f3d7e8c6e4f973c053493
AMLC001228,C:\ITDA_OCR_CODE\학습대상데이터\AMLC001228.jpg,5,sha256:bbc9fbea852311749587ca0bac9b65818718e5948331a0e7d4347f150b51aa59,bbc9fbea852311749587ca0bac9b65818718e5948331a0e7d4347f150b51aa59
AMLC001229,C:\ITDA_OCR_CODE\학습대상데이터\AMLC001229.jpg,3,sha256:8c977f81a84f9e08911e7d2cc9d5fa8bced95e05b78fba0881d88f1a3fea1f22,8c977f81a84f9e08911e7d2cc9d5fa8bced95e05b78fba0881d88f1a3fea1f22
AMLC001230,C:\ITDA_OCR_CODE\학습대상데이터\AMLC001230.jpg,3,sha256:f6273e634c170cf9b8e2c410290cda409f2a26aadb37910403970b8da9b8739a,f6273e634c170cf9b8e2c410290cda409f2a26aadb37910403970b8da9b8739a
AMLC001231,C:\ITDA_OCR_CODE\학습대상데이터\AMLC001231.jpg,5,sha256:2e2f78732ec74141f4cde4f38ea30988fc6cf8cdd4f947837586a643a699a6af,2e2f78732ec74141f4cde4f38ea30988fc6cf8cdd4f947837586a643a699a6af
AMLC001232,C:\ITDA_OCR_CODE\학습대상데이터\AMLC001232.jpg,2,sha256:6ffe01376efbfe1f29ae0cb3ed90b05b28782809d11b077ea160c949727a7d92,6ffe01376efbfe1f29ae0cb3ed90b05b28782809d11b077ea160c949727a7d92
AMLC001233,C:\ITDA_OCR_CODE\학습대상데이터\AMLC001233.jpg,2,sha256:e1f80f448497263778b3c166a1e1957ae4bb9ceb65b416027c3497426668761c,e1f80f448497263778b3c166a1e1957ae4bb9ceb65b416027c3497426668761c
AMLC001234,C:\ITDA_OCR_CODE\학습대상데이터\AMLC001234.jpg,5,sha256:29391d63cef3b2872add9bdaa61f0999bf12d5fc020680b930bd2042f77507a2,29391d63cef3b2872add9bdaa61f0999bf12d5fc020680b930bd2042f77507a2
AMLC001235,C:\ITDA_OCR_CODE\학습대상데이터\AMLC001235.jpg,2,sha256:f5f2de4c72745b8d8d3f1db27d807dc8d00f04403a5656f856a58d454329fe2c,f5f2de4c72745b8d8d3f1db27d807dc8d00f04403a5656f856a58d454329fe2c
AMLC001236,C:\ITDA_OCR_CODE\학습대상데이터\AMLC001236.jpg,1,sha256:3176bfe4500a95cce4766ac19d6d770f7181c05c87ff7f5bfb55a3990e8c520d,3176bfe4500a95cce4766ac19d6d770f7181c05c87ff7f5bfb55a3990e8c520d
AMLC001237,C:\ITDA_OCR_CODE\학습대상데이터\AMLC001237.jpg,3,sha256:5bc81d561a2afd61c23265acf8f7e92f0636a2567b28808f78905336f69decfa,5bc81d561a2afd61c23265acf8f7e92f0636a2567b28808f78905336f69decfa
AMLC001238,C:\ITDA_OCR_CODE\학습대상데이터\AMLC001238.jpg,5,sha256:0396fd3698134da659d65d90be2b5305f2ae98b5db66fcc85d9a4925a0194b1a,0396fd3698134da659d65d90be2b5305f2ae98b5db66fcc85d9a4925a0194b1a
AMLC001239,C:\ITDA_OCR_CODE\학습대상데이터\AMLC001239.jpg,1,sha256:8f68120bdbd26d7920ef202c3acc8c534abcc71939032672578e55a75e3adb0b,8f68120bdbd26d7920ef202c3acc8c534abcc71939032672578e55a75e3adb0b
AMLC001240,C:\ITDA_OCR_CODE\학습대상데이터\AMLC001240.jpg,1,sha256:1111d49678448017ca15df6691b8b5b0b0f532e729a2d977b0d0164350bc4340,1111d49678448017ca15df6691b8b5b0b0f532e729a2d977b0d0164350bc4340
AMLC001241,C:\ITDA_OCR_CODE\학습대상데이터\AMLC001241.jpg,1,sha256:d8c936fec6d0a66bbc260f179d8742adab4085fe62e017f6de2e560412035bad,d8c936fec6d0a66bbc260f179d8742adab4085fe62e017f6de2e560412035bad
AMLC001242,C:\ITDA_OCR_CODE\학습대상데이터\AMLC001242.jpg,1,sha256:5acfe12729e2a32a0a2386b7bea8dc1d0c0c9f490487268536f85d88d8d9954b,5acfe12729e2a32a0a2386b7bea8dc1d0c0c9f490487268536f85d88d8d9954b
AMLC001243,C:\ITDA_OCR_CODE\학습대상데이터\AMLC001243.jpg,5,sha256:48459c163ffc46c25e9d5cacfe62353d9f50b20bc0cfb801b7b42e81401e725f,48459c163ffc46c25e9d5cacfe62353d9f50b20bc0cfb801b7b42e81401e725f
AMLC001244,C:\ITDA_OCR_CODE\학습대상데이터\AMLC001244.jpg,2,sha256:36972e315685730d8b368f535c57862977261604dd1e203fed90a8a8d9a2a5dd,36972e315685730d8b368f535c57862977261604dd1e203fed90a8a8d9a2a5dd
AMLC001245,C:\ITDA_OCR_CODE\학습대상데이터\AMLC001245.jpg,4,sha256:28ec14c139a168897997264eb7522093d9cdf4a71ff7e370a86358e4aaf3d82d,28ec14c139a168897997264eb7522093d9cdf4a71ff7e370a86358e4aaf3d82d
AMLC001246,C:\ITDA_OCR_CODE\학습대상데이터\AMLC001246.jpg,2,sha256:8298f12cc14ed24d832b88fdf563efc6f47518466286ea8921443c824189e509,8298f12cc14ed24d832b88fdf563efc6f47518466286ea8921443c824189e509
AMLC001247,C:\ITDA_OCR_CODE\학습대상데이터\AMLC001247.jpg,4,sha256:47277b7d8344d21ca61229b1ddb44d9a31c4a0d0222113569cc31801478a4c57,47277b7d8344d21ca61229b1ddb44d9a31c4a0d0222113569cc31801478a4c57
AMLC001248,C:\ITDA_OCR_CODE\학습대상데이터\AMLC001248.jpg,3,sha256:ee6fb8642d7b556f8dedafe8abb7a2029113be2c358be14970217f415af8b75f,ee6fb8642d7b556f8dedafe8abb7a2029113be2c358be14970217f415af8b75f
AMLC001249,C:\ITDA_OCR_CODE\학습대상데이터\AMLC001249.jpg,5,sha256:27a43be3cd866f0f1b1709e82e569b37187e924e1c746065e01265ed54fd3741,27a43be3cd866f0f1b1709e82e569b37187e924e1c746065e01265ed54fd3741
AMLC001250,C:\ITDA_OCR_CODE\학습대상데이터\AMLC001250.jpg,2,sha256:4530000c7f0810bc84686412097c1791908e25e8789284c3836ece7ee4b6d853,4530000c7f0810bc84686412097c1791908e25e8789284c3836ece7ee4b6d853
AMLC001251,C:\ITDA_OCR_CODE\학습대상데이터\AMLC001251.jpg,5,sha256:7e018ab2ae68a129adb2f30f41460f9cd6b2884d7de4c685312c8d98b55b6cf0,7e018ab2ae68a129adb2f30f41460f9cd6b2884d7de4c685312c8d98b55b6cf0
AMLC001252,C:\ITDA_OCR_CODE\학습대상데이터\AMLC001252.jpg,1,sha256:b70f969e58739c9965aad45e74210fccff81b492eb511ca4ca072e6d5551fe09,b70f969e58739c9965aad45e74210fccff81b492eb511ca4ca072e6d5551fe09
AMLC001253,C:\ITDA_OCR_CODE\학습대상데이터\AMLC001253.jpg,5,sha256:1f23f29c077fa9536a387036b34c3f9081cebe1f355a0629a09b7f19db54cfe2,1f23f29c077fa9536a387036b34c3f9081cebe1f355a0629a09b7f19db54cfe2
AMLC001254,C:\ITDA_OCR_CODE\학습대상데이터\AMLC001254.jpg,4,sha256:152dfe038154dce87d431653a00577cb97810e78262ccfa933a4c0da7a9ae5c7,152dfe038154dce87d431653a00577cb97810e78262ccfa933a4c0da7a9ae5c7
AMLC001255,C:\ITDA_OCR_CODE\학습대상데이터\AMLC001255.jpg,3,sha256:41610d2d1ccf39d576b608d66fbb290a973c050f371ebb1e85109035d9b4bd3b,41610d2d1ccf39d576b608d66fbb290a973c050f371ebb1e85109035d9b4bd3b
AMLC001256,C:\ITDA_OCR_CODE\학습대상데이터\AMLC001256.jpg,4,sha256:6eaa08e8a0f86ce48c2f9c2b6dd1766033e6f9fddcb6229f001b117adceeb396,6eaa08e8a0f86ce48c2f9c2b6dd1766033e6f9fddcb6229f001b117adceeb396
AMLC001257,C:\ITDA_OCR_CODE\학습대상데이터\AMLC001257.jpg,4,sha256:87aeec0e26fdf22c2a243070cac5aa86ce90221b0b1bff804ab624b773d1119f,87aeec0e26fdf22c2a243070cac5aa86ce90221b0b1bff804ab624b773d1119f
AMLC001258,C:\ITDA_OCR_CODE\학습대상데이터\AMLC001258.jpg,4,sha256:cd3a7619cf4e31a789b32d055ff23c57e97b320bf434f1a90bd65da3b32eec60,cd3a7619cf4e31a789b32d055ff23c57e97b320bf434f1a90bd65da3b32eec60
AMLC001259,C:\ITDA_OCR_CODE\학습대상데이터\AMLC001259.jpg,5,sha256:6a042ddd74dd402f0cd34e53d88cbe8f3f667caa0b5eb8b3bdf12e211af9e57c,6a042ddd74dd402f0cd34e53d88cbe8f3f667caa0b5eb8b3bdf12e211af9e57c
AMLC001260,C:\ITDA_OCR_CODE\학습대상데이터\AMLC001260.jpg,5,sha256:9e6f612e8a72e9fc3fc619aa6335dffe1e2a094c887fa050ee450a4bc4e3dd73,9e6f612e8a72e9fc3fc619aa6335dffe1e2a094c887fa050ee450a4bc4e3dd73
AMLC001261,C:\ITDA_OCR_CODE\학습대상데이터\AMLC001261.jpg,5,sha256:4b337c08bd3e82f5238f0571e0d1ccdbff77f6576f787e532ad6a4247ddaf36f,4b337c08bd3e82f5238f0571e0d1ccdbff77f6576f787e532ad6a4247ddaf36f
AMLC001262,C:\ITDA_OCR_CODE\학습대상데이터\AMLC001262.jpg,2,sha256:55895bafa33103d9bdda15c14112dec360df9e31d53067bbaa642f7c181fe8ab,55895bafa33103d9bdda15c14112dec360df9e31d53067bbaa642f7c181fe8ab
AMLC001263,C:\ITDA_OCR_CODE\학습대상데이터\AMLC001263.jpg,5,sha256:5c01fc6493043a855e4860b431f169f3f6e05a6ce7a15d0f86682b45cf4dab75,5c01fc6493043a855e4860b431f169f3f6e05a6ce7a15d0f86682b45cf4dab75
AMLC001264,C:\ITDA_OCR_CODE\학습대상데이터\AMLC001264.jpg,3,sha256:bfb2f7a0c4ab5f0876d646b25822af116d34bfc33f81da27e2ace9568d1ae469,bfb2f7a0c4ab5f0876d646b25822af116d34bfc33f81da27e2ace9568d1ae469
AMLC001265,C:\ITDA_OCR_CODE\학습대상데이터\AMLC001265.jpg,1,sha256:73352706c4af05641b98f9dc6eb3da311755f7cb81e41e4f179a860d87f3ab5b,73352706c4af05641b98f9dc6eb3da311755f7cb81e41e4f179a860d87f3ab5b
AMLC001266,C:\ITDA_OCR_CODE\학습대상데이터\AMLC001266.jpg,5,sha256:8eeeca97ed2c0185da69f380f0f0c432e729abd07ace12731f6b93c22b6cebdc,8eeeca97ed2c0185da69f380f0f0c432e729abd07ace12731f6b93c22b6cebdc
AMLC001267,C:\ITDA_OCR_CODE\학습대상데이터\AMLC001267.jpg,1,sha256:1324be788fa8b406308c13b5b3cf09992eef055d37ee20297f3f76458705c050,1324be788fa8b406308c13b5b3cf09992eef055d37ee20297f3f76458705c050
AMLC001268,C:\ITDA_OCR_CODE\학습대상데이터\AMLC001268.jpg,4,sha256:8fec320c2a154cecef3af10ebaa8cf219e67b9fd882c007f50cca92b74accf38,8fec320c2a154cecef3af10ebaa8cf219e67b9fd882c007f50cca92b74accf38
AMLC001269,C:\ITDA_OCR_CODE\학습대상데이터\AMLC001269.jpg,1,sha256:a91bf2039621051cc363e1c8f4ab3de0dcaa7c02574b244f1f3fdd8064a19472,a91bf2039621051cc363e1c8f4ab3de0dcaa7c02574b244f1f3fdd8064a19472
AMLC001270,C:\ITDA_OCR_CODE\학습대상데이터\AMLC001270.jpg,5,sha256:bc08fda2fdca7d628e4b49447218ff78f40ef63590f37b5c1f9ab88fdae20dab,bc08fda2fdca7d628e4b49447218ff78f40ef63590f37b5c1f9ab88fdae20dab
AMLC001271,C:\ITDA_OCR_CODE\학습대상데이터\AMLC001271.jpg,4,sha256:c23ba45392d52c8d7cabc17e59ce4f1c35d8c70dc0e5690ff3fc7823d9df7797,c23ba45392d52c8d7cabc17e59ce4f1c35d8c70dc0e5690ff3fc7823d9df7797
AMLC001272,C:\ITDA_OCR_CODE\학습대상데이터\AMLC001272.jpg,1,sha256:07b79116670f5a31d9e4b88ad90f73c4f29aee8ecb6babff4c16f876e6fc13de,07b79116670f5a31d9e4b88ad90f73c4f29aee8ecb6babff4c16f876e6fc13de
AMLC001273,C:\ITDA_OCR_CODE\학습대상데이터\AMLC001273.jpg,1,sha256:0ded3371dc7dd31abf0c45d1183e7a8c5b38fd108aa12c9b973bc19e7a4773e3,0ded3371dc7dd31abf0c45d1183e7a8c5b38fd108aa12c9b973bc19e7a4773e3
AMLC001274,C:\ITDA_OCR_CODE\학습대상데이터\AMLC001274.jpg,1,sha256:b8588286cc9cf26329109efd1a1e530b1713d6277d4a05dbf275c0387fc36e3e,b8588286cc9cf26329109efd1a1e530b1713d6277d4a05dbf275c0387fc36e3e
AMLC001275,C:\ITDA_OCR_CODE\학습대상데이터\AMLC001275.jpg,5,sha256:8906d09b2236f13ec0f9078f3ef10fabce7cce87d42959e86a77907a9b291e2c,8906d09b2236f13ec0f9078f3ef10fabce7cce87d42959e86a77907a9b291e2c
AMLC001276,C:\ITDA_OCR_CODE\학습대상데이터\AMLC001276.jpg,3,sha256:ee7216a2fbb96debe712bcbe8cd0debc2f0867249226692142bee13500f020b9,ee7216a2fbb96debe712bcbe8cd0debc2f0867249226692142bee13500f020b9
AMLC001277,C:\ITDA_OCR_CODE\학습대상데이터\AMLC001277.jpg,3,sha256:0744c73e60e78ab5e122e6eca43679ededc4a864289e08322537faf1377ae93b,0744c73e60e78ab5e122e6eca43679ededc4a864289e08322537faf1377ae93b
AMLC001278,C:\ITDA_OCR_CODE\학습대상데이터\AMLC001278.jpg,3,sha256:3cbf940dd941aa2833d461bbe7f94a9a87a94a1dbf8bc52564fffaef6181f010,3cbf940dd941aa2833d461bbe7f94a9a87a94a1dbf8bc52564fffaef6181f010
AMLC001279,C:\ITDA_OCR_CODE\학습대상데이터\AMLC001279.jpg,2,sha256:6c3926d242eb6991f98647ded12a039adec535bfd19570f73e34ead468d7f32a,6c3926d242eb6991f98647ded12a039adec535bfd19570f73e34ead468d7f32a
AMLC001280,C:\ITDA_OCR_CODE\학습대상데이터\AMLC001280.jpg,1,sha256:886e1595b465de0599a75716602fb8a88104aa52c762b13d47475ee078d13a49,886e1595b465de0599a75716602fb8a88104aa52c762b13d47475ee078d13a49
AMLC001281,C:\ITDA_OCR_CODE\학습대상데이터\AMLC001281.jpg,4,sha256:279821827b5375e29ff2ed1039827edb1e3eab662609bb1993209dfad4040982,279821827b5375e29ff2ed1039827edb1e3eab662609bb1993209dfad4040982
AMLC001282,C:\ITDA_OCR_CODE\학습대상데이터\AMLC001282.jpg,3,sha256:1d07d2103b447dd191ae1c59d25e6e52fb2f7e14a6bdeb8640a5007ad081ed5d,1d07d2103b447dd191ae1c59d25e6e52fb2f7e14a6bdeb8640a5007ad081ed5d
AMLC001283,C:\ITDA_OCR_CODE\학습대상데이터\AMLC001283.jpg,4,sha256:dee93a7d90e20711f66adfa335ddfeaa7248d346b5389bb894816de1a37a9e85,dee93a7d90e20711f66adfa335ddfeaa7248d346b5389bb894816de1a37a9e85
AMLC001284,C:\ITDA_OCR_CODE\학습대상데이터\AMLC001284.jpg,3,sha256:5d0ae5391bed301e37c2027349e0a0298fa49a1d9a2dcc6836c7214039504ae7,5d0ae5391bed301e37c2027349e0a0298fa49a1d9a2dcc6836c7214039504ae7
AMLC001285,C:\ITDA_OCR_CODE\학습대상데이터\AMLC001285.jpg,2,sha256:d32e7d51242a14d385d6e901c8a300eb2eba40d4d7dfd3df3cab668dc351c0ca,d32e7d51242a14d385d6e901c8a300eb2eba40d4d7dfd3df3cab668dc351c0ca
AMLC001286,C:\ITDA_OCR_CODE\학습대상데이터\AMLC001286.jpg,5,sha256:5a7c6b3853b767c32903f330f09ce65b439d16e2ebcb739fb64f610a82779a6f,5a7c6b3853b767c32903f330f09ce65b439d16e2ebcb739fb64f610a82779a6f
AMLC001287,C:\ITDA_OCR_CODE\학습대상데이터\AMLC001287.jpg,3,sha256:5d9bbf5a1cbce750e0db4fbfd78821aca2bef85b50a794aeaeddb1fef13f2836,5d9bbf5a1cbce750e0db4fbfd78821aca2bef85b50a794aeaeddb1fef13f2836
AMLC001288,C:\ITDA_OCR_CODE\학습대상데이터\AMLC001288.jpg,2,sha256:e49c3b58a3b082cf214ad86ce3758808f7297694ba9a8d9d3b521c6e1e5041e3,e49c3b58a3b082cf214ad86ce3758808f7297694ba9a8d9d3b521c6e1e5041e3
AMLC001289,C:\ITDA_OCR_CODE\학습대상데이터\AMLC001289.jpg,5,sha256:b61d7a251c6c79883bbfcb380c642ef7b7b7f4b502ae76d8666a451abafc398a,b61d7a251c6c79883bbfcb380c642ef7b7b7f4b502ae76d8666a451abafc398a
AMLC001290,C:\ITDA_OCR_CODE\학습대상데이터\AMLC001290.jpg,4,sha256:35a05cd5b58366f839d4061c47f0466159e1dcbad4a6f4c61d2582a3aabe3d24,35a05cd5b58366f839d4061c47f0466159e1dcbad4a6f4c61d2582a3aabe3d24
AMLC001291,C:\ITDA_OCR_CODE\학습대상데이터\AMLC001291.jpg,3,sha256:2bdc8939f6e3ad2178343c2f76749378d848b5b9c74bf0ec727cc82fb419d1c7,2bdc8939f6e3ad2178343c2f76749378d848b5b9c74bf0ec727cc82fb419d1c7
AMLC001292,C:\ITDA_OCR_CODE\학습대상데이터\AMLC001292.jpg,3,sha256:9a9f633dcee146262e8e501d116366a6905485595702c65dafc8a3d0a064edca,9a9f633dcee146262e8e501d116366a6905485595702c65dafc8a3d0a064edca
AMLC001293,C:\ITDA_OCR_CODE\학습대상데이터\AMLC001293.jpg,5,sha256:0f6e3dd1e18f919d751f11c1159679cf197050b54cca4006b428d5da8de03a67,0f6e3dd1e18f919d751f11c1159679cf197050b54cca4006b428d5da8de03a67
AMLC001294,C:\ITDA_OCR_CODE\학습대상데이터\AMLC001294.jpg,1,sha256:cf2430c44f0512c98b60afc1de562a2edd54cfaf3f2cc7b25ef799cfe641b235,cf2430c44f0512c98b60afc1de562a2edd54cfaf3f2cc7b25ef799cfe641b235
AMLC001295,C:\ITDA_OCR_CODE\학습대상데이터\AMLC001295.jpg,5,sha256:45d6095a87f5c8ea0b3b733d6a15d524d2302dd40ecd497b3b8f03b7273a0ab6,45d6095a87f5c8ea0b3b733d6a15d524d2302dd40ecd497b3b8f03b7273a0ab6
AMLC001296,C:\ITDA_OCR_CODE\학습대상데이터\AMLC001296.jpg,3,sha256:6c7eb38aad107b4763c4da829f87ac13c69fcca0da7befe929a4f753dbe9b5fe,6c7eb38aad107b4763c4da829f87ac13c69fcca0da7befe929a4f753dbe9b5fe
AMLC001297,C:\ITDA_OCR_CODE\학습대상데이터\AMLC001297.jpg,3,sha256:a0255e632ca8f248cad96dcd744f4682f1e647a86d6221f29fd785c7886653e8,a0255e632ca8f248cad96dcd744f4682f1e647a86d6221f29fd785c7886653e8
AMLC001298,C:\ITDA_OCR_CODE\학습대상데이터\AMLC001298.jpg,5,sha256:bd2f095e29c20dfc8c4f554c9792a587e1553c89daa91bbef79597d326be4fe7,bd2f095e29c20dfc8c4f554c9792a587e1553c89daa91bbef79597d326be4fe7
AMLC001299,C:\ITDA_OCR_CODE\학습대상데이터\AMLC001299.jpg,2,sha256:1d2c59dd29c412ec1e479531ca11e59f9dbd3f2243b2bd2b77ddaddc2c2cf6dd,1d2c59dd29c412ec1e479531ca11e59f9dbd3f2243b2bd2b77ddaddc2c2cf6dd
AMLC001300,C:\ITDA_OCR_CODE\학습대상데이터\AMLC001300.jpg,2,sha256:5f674e2374efd6541d748624b4eea74407f106632ed36c7708fc5c61a1ae872a,5f674e2374efd6541d748624b4eea74407f106632ed36c7708fc5c61a1ae872a
AMLC001301,C:\ITDA_OCR_CODE\학습대상데이터\AMLC001301.jpg,4,sha256:38c8c3f48a303b6b97f6edbdcfc4e12aca3562fd8f188ba5408f50782cad0300,38c8c3f48a303b6b97f6edbdcfc4e12aca3562fd8f188ba5408f50782cad0300
AMLC001302,C:\ITDA_OCR_CODE\학습대상데이터\AMLC001302.jpg,5,sha256:ed2e369825f3a83c75a1c764e11980544bb0a57e72a4c5835c98a08a67ceb2cd,ed2e369825f3a83c75a1c764e11980544bb0a57e72a4c5835c98a08a67ceb2cd
AMLC001303,C:\ITDA_OCR_CODE\학습대상데이터\AMLC001303.jpg,5,sha256:f9fe682e1812c7e221001295b79cc77bf93a7d510cd0ceb15e08e0aabf805245,f9fe682e1812c7e221001295b79cc77bf93a7d510cd0ceb15e08e0aabf805245
AMLC001304,C:\ITDA_OCR_CODE\학습대상데이터\AMLC001304.jpg,3,sha256:486bfe82def0b192d1ad10908674c688b999ea3f03f4aeff896581d9f90a452a,486bfe82def0b192d1ad10908674c688b999ea3f03f4aeff896581d9f90a452a
AMLC001305,C:\ITDA_OCR_CODE\학습대상데이터\AMLC001305.jpg,4,sha256:230e1535e1efe5a77530666a75fa48d0311bc26cf516fa8497d728c65903f4b4,230e1535e1efe5a77530666a75fa48d0311bc26cf516fa8497d728c65903f4b4
AMLC001306,C:\ITDA_OCR_CODE\학습대상데이터\AMLC001306.jpg,4,sha256:94b2212d1b6b39d19048405dfec2e1ba6e23f0478e0e85b250651671f01557d0,94b2212d1b6b39d19048405dfec2e1ba6e23f0478e0e85b250651671f01557d0
AMLC001307,C:\ITDA_OCR_CODE\학습대상데이터\AMLC001307.jpg,5,sha256:efde81002999240eff6df25491ae39530796c189d613654f5245d0df6b18411c,efde81002999240eff6df25491ae39530796c189d613654f5245d0df6b18411c
AMLC001308,C:\ITDA_OCR_CODE\학습대상데이터\AMLC001308.jpg,4,sha256:12c08c0485df4164776197ad07d2f816ceabfc9f864801835048cb4f8634fd54,12c08c0485df4164776197ad07d2f816ceabfc9f864801835048cb4f8634fd54
AMLC001309,C:\ITDA_OCR_CODE\학습대상데이터\AMLC001309.jpg,3,sha256:8cf5aa612b00b7e7b83ae6cfbf9ec8a6c586a85b8f18f56d5d4929a8fec8de9a,8cf5aa612b00b7e7b83ae6cfbf9ec8a6c586a85b8f18f56d5d4929a8fec8de9a
AMLC001310,C:\ITDA_OCR_CODE\학습대상데이터\AMLC001310.jpg,3,sha256:338848691c555dc4d862b073bb5bd21d10ba53b949f8f50bd9d2332256c33ed6,338848691c555dc4d862b073bb5bd21d10ba53b949f8f50bd9d2332256c33ed6
AMLC001311,C:\ITDA_OCR_CODE\학습대상데이터\AMLC001311.jpg,1,sha256:aaddde30c348f629e73c881bd102ef53f58713f0fdb28b87248d124090db8392,aaddde30c348f629e73c881bd102ef53f58713f0fdb28b87248d124090db8392
AMLC001312,C:\ITDA_OCR_CODE\학습대상데이터\AMLC001312.jpg,3,sha256:5ab4b92234cfd56bde966620fc24f7a171fb3d6cbc462931e395a144d24c0680,5ab4b92234cfd56bde966620fc24f7a171fb3d6cbc462931e395a144d24c0680
AMLC001313,C:\ITDA_OCR_CODE\학습대상데이터\AMLC001313.jpg,5,sha256:0393f66a7ba2c916bc5ba844645a94671c135581dc476f6f66a01b9a28addc68,0393f66a7ba2c916bc5ba844645a94671c135581dc476f6f66a01b9a28addc68
AMLC001314,C:\ITDA_OCR_CODE\학습대상데이터\AMLC001314.jpg,2,sha256:dffbfa4f2327377d9debefd690a1ac23c2f87a5e7076e7db87bbaf04803ebabc,dffbfa4f2327377d9debefd690a1ac23c2f87a5e7076e7db87bbaf04803ebabc
AMLC001315,C:\ITDA_OCR_CODE\학습대상데이터\AMLC001315.jpg,3,sha256:1ff6afb0a39bb6d5f23f91f70b7377f28c8481b88879bb793611c8fd86d05d53,1ff6afb0a39bb6d5f23f91f70b7377f28c8481b88879bb793611c8fd86d05d53
AMLC001316,C:\ITDA_OCR_CODE\학습대상데이터\AMLC001316.jpg,1,sha256:b28f441f26722345f2142255d3ed55490bd23089d801108deffeaa644defdcf1,b28f441f26722345f2142255d3ed55490bd23089d801108deffeaa644defdcf1
AMLC001317,C:\ITDA_OCR_CODE\학습대상데이터\AMLC001317.jpg,3,sha256:26b6eb0ea845185da4e230d4c4e72f61bbb4ca0280e39e6373135265350a9c4f,26b6eb0ea845185da4e230d4c4e72f61bbb4ca0280e39e6373135265350a9c4f
AMLC001318,C:\ITDA_OCR_CODE\학습대상데이터\AMLC001318.jpg,2,sha256:25ca933b4a8b6f81063e07c3f1c1c192f83d8392c525e5bbc793f9154ffce413,25ca933b4a8b6f81063e07c3f1c1c192f83d8392c525e5bbc793f9154ffce413
AMLC001319,C:\ITDA_OCR_CODE\학습대상데이터\AMLC001319.jpg,5,sha256:1282a3662e605b16c708b25fbac0de05b5f66e6513c544e611ba3d80e3e08b71,1282a3662e605b16c708b25fbac0de05b5f66e6513c544e611ba3d80e3e08b71
AMLC001320,C:\ITDA_OCR_CODE\학습대상데이터\AMLC001320.jpg,1,sha256:05ca6292a1b12c225a5ada4a228db8816fe7b42f1b92b41b52b4f825c1d452e0,05ca6292a1b12c225a5ada4a228db8816fe7b42f1b92b41b52b4f825c1d452e0
AMLC001321,C:\ITDA_OCR_CODE\학습대상데이터\AMLC001321.jpg,3,sha256:f04bbdfc3a08f2c4df36358cc9e6f3660c86732a11e684865685ffa522cef4ca,f04bbdfc3a08f2c4df36358cc9e6f3660c86732a11e684865685ffa522cef4ca
AMLC001322,C:\ITDA_OCR_CODE\학습대상데이터\AMLC001322.jpg,4,sha256:8386dac8e4b5cda1517c9910ec0873cf00449d4ad5060288b5af4015931177f8,8386dac8e4b5cda1517c9910ec0873cf00449d4ad5060288b5af4015931177f8
AMLC001323,C:\ITDA_OCR_CODE\학습대상데이터\AMLC001323.jpg,2,sha256:a8f9720c7e60c004e9aeb091c6360232c1b117daeb9e94894622b164d11507ef,a8f9720c7e60c004e9aeb091c6360232c1b117daeb9e94894622b164d11507ef
AMLC001324,C:\ITDA_OCR_CODE\학습대상데이터\AMLC001324.jpg,3,sha256:2e7841dc358062ae8033304d289fa130a239d1f5217dcf781f6f98e55b6c603a,2e7841dc358062ae8033304d289fa130a239d1f5217dcf781f6f98e55b6c603a
AMLC001325,C:\ITDA_OCR_CODE\학습대상데이터\AMLC001325.jpg,1,sha256:d06a4b637ed69e4972b698513257867062f3d4b9b7cb049f31da0d4db1455695,d06a4b637ed69e4972b698513257867062f3d4b9b7cb049f31da0d4db1455695
AMLC001326,C:\ITDA_OCR_CODE\학습대상데이터\AMLC001326.jpg,2,sha256:5e34855e4f3964fdf31d5ff574849dca3655bf3363029fbf6aef1200ab462a73,5e34855e4f3964fdf31d5ff574849dca3655bf3363029fbf6aef1200ab462a73
AMLC001327,C:\ITDA_OCR_CODE\학습대상데이터\AMLC001327.jpg,1,sha256:9747b061cfebd9dcde5f95f3971c767017f843e6f718422b667ded247b44744f,9747b061cfebd9dcde5f95f3971c767017f843e6f718422b667ded247b44744f
AMLC001328,C:\ITDA_OCR_CODE\학습대상데이터\AMLC001328.jpg,1,sha256:63aefce36a4a6d293b5b869e7e893cf72fe48971843f9dcb564e19e2d0dbd8b1,63aefce36a4a6d293b5b869e7e893cf72fe48971843f9dcb564e19e2d0dbd8b1
AMLC001329,C:\ITDA_OCR_CODE\학습대상데이터\AMLC001329.jpg,4,sha256:8d7fd3323627e129ed4c9aa90632c9639110ea0a13e8c2da64a186d3197ef187,8d7fd3323627e129ed4c9aa90632c9639110ea0a13e8c2da64a186d3197ef187
AMLC001330,C:\ITDA_OCR_CODE\학습대상데이터\AMLC001330.jpg,1,sha256:c82d0914be2397fed7201c0ae12cec87c77da7bd8c4f034c7aa7f57d7d1132ec,c82d0914be2397fed7201c0ae12cec87c77da7bd8c4f034c7aa7f57d7d1132ec
AMLC001331,C:\ITDA_OCR_CODE\학습대상데이터\AMLC001331.jpg,5,sha256:ee48e0319e28e1ce9985a512ee1294bec3083e36e563a7a97976ef0f20913cc7,ee48e0319e28e1ce9985a512ee1294bec3083e36e563a7a97976ef0f20913cc7
AMLC001332,C:\ITDA_OCR_CODE\학습대상데이터\AMLC001332.jpg,1,sha256:a5aab24f3cc32179546f179b8762d5b6cc797548e070a388ecc0926f5bcca194,a5aab24f3cc32179546f179b8762d5b6cc797548e070a388ecc0926f5bcca194
AMLC001333,C:\ITDA_OCR_CODE\학습대상데이터\AMLC001333.jpg,1,sha256:94d1793e5c77f496c83dc150921c124591e40ea1d40dcf8c5b5ca5249ca38d7c,94d1793e5c77f496c83dc150921c124591e40ea1d40dcf8c5b5ca5249ca38d7c
AMLC001334,C:\ITDA_OCR_CODE\학습대상데이터\AMLC001334.jpg,5,sha256:a71a2963cf29b79765d50fffcb285fa74614a5d684b5ca641ef0742755aabd89,a71a2963cf29b79765d50fffcb285fa74614a5d684b5ca641ef0742755aabd89
AMLC001335,C:\ITDA_OCR_CODE\학습대상데이터\AMLC001335.jpg,4,sha256:bc3c0019cc545c936f4a0a8070ff19b28cab7a137720b0ba368cf44edd7bf486,bc3c0019cc545c936f4a0a8070ff19b28cab7a137720b0ba368cf44edd7bf486
AMLC001336,C:\ITDA_OCR_CODE\학습대상데이터\AMLC001336.jpg,1,sha256:1e2b434cbdf282fef6889dde6bb5ac50488a0496528063358c53c20426867a6a,1e2b434cbdf282fef6889dde6bb5ac50488a0496528063358c53c20426867a6a
AMLC001337,C:\ITDA_OCR_CODE\학습대상데이터\AMLC001337.jpg,1,sha256:991b72990f6f21ecf06ad764f2cb95d06caa343a747029e366f14cc6a38c2d07,991b72990f6f21ecf06ad764f2cb95d06caa343a747029e366f14cc6a38c2d07
AMLC001338,C:\ITDA_OCR_CODE\학습대상데이터\AMLC001338.jpg,4,sha256:4442c045e78d776baf80936dc307da717398d5548a4d96319c33c8610369db59,4442c045e78d776baf80936dc307da717398d5548a4d96319c33c8610369db59
AMLC001339,C:\ITDA_OCR_CODE\학습대상데이터\AMLC001339.jpg,3,sha256:4496c7d5a723d9413f4d7aadb0e78137a64220397ad7e56f4bb05e96d153e78f,4496c7d5a723d9413f4d7aadb0e78137a64220397ad7e56f4bb05e96d153e78f
AMLC001340,C:\ITDA_OCR_CODE\학습대상데이터\AMLC001340.jpg,4,sha256:ec9b6d5056e4604a25dc265042fb8d02d4ad62bd6ba0c27a31aceed370d7608a,ec9b6d5056e4604a25dc265042fb8d02d4ad62bd6ba0c27a31aceed370d7608a
AMLC001341,C:\ITDA_OCR_CODE\학습대상데이터\AMLC001341.jpg,1,sha256:ebda9acc648b237a92b08ce818b7441d83daa2a7f9ab6a1dd16fa2bcb5eba36b,ebda9acc648b237a92b08ce818b7441d83daa2a7f9ab6a1dd16fa2bcb5eba36b
AMLC001342,C:\ITDA_OCR_CODE\학습대상데이터\AMLC001342.jpg,5,sha256:87b9aaca8321b8686a879e215929f26f8d839ca56e19cca37c8712ebbd5cb04b,87b9aaca8321b8686a879e215929f26f8d839ca56e19cca37c8712ebbd5cb04b
AMLC001343,C:\ITDA_OCR_CODE\학습대상데이터\AMLC001343.jpg,2,sha256:95d2882abfd0b1861813bc722c5c3f5e9ac16236cc7d1783c41cb0a09d3a34fa,95d2882abfd0b1861813bc722c5c3f5e9ac16236cc7d1783c41cb0a09d3a34fa
AMLC001344,C:\ITDA_OCR_CODE\학습대상데이터\AMLC001344.jpg,1,sha256:39328aca9efddda03bbc5bf0f67b8831bed3ac112ba8814ace16d3cfe6b2f7f2,39328aca9efddda03bbc5bf0f67b8831bed3ac112ba8814ace16d3cfe6b2f7f2
AMLC001345,C:\ITDA_OCR_CODE\학습대상데이터\AMLC001345.jpg,5,sha256:e0e05606fedb6773f6b8a9c24cb2d4898b2c5f3a3f2ed3a25ff7cc2f4f6b2893,e0e05606fedb6773f6b8a9c24cb2d4898b2c5f3a3f2ed3a25ff7cc2f4f6b2893
AMLC001346,C:\ITDA_OCR_CODE\학습대상데이터\AMLC001346.jpg,5,sha256:cdea78e51e8b83e445116168099167280f2a1db3b6f9b414a637d9a4a0065f0d,cdea78e51e8b83e445116168099167280f2a1db3b6f9b414a637d9a4a0065f0d
AMLC001347,C:\ITDA_OCR_CODE\학습대상데이터\AMLC001347.jpg,5,sha256:2e5d7add8947c3e81037ed4f556bd5f90e3fd74d955f7dbc9c833cd1499924ac,2e5d7add8947c3e81037ed4f556bd5f90e3fd74d955f7dbc9c833cd1499924ac
AMLC001348,C:\ITDA_OCR_CODE\학습대상데이터\AMLC001348.jpg,2,sha256:cb242869178bc0456908523546e78ec0226b12ae1040aad3a41a38ae1ed5f5f1,cb242869178bc0456908523546e78ec0226b12ae1040aad3a41a38ae1ed5f5f1
AMLC001349,C:\ITDA_OCR_CODE\학습대상데이터\AMLC001349.jpg,4,sha256:52eae2d5c5a69d82e65f2119bb629b04de3646016f7e91a5efeef3847c5534f4,52eae2d5c5a69d82e65f2119bb629b04de3646016f7e91a5efeef3847c5534f4
AMLC001350,C:\ITDA_OCR_CODE\학습대상데이터\AMLC001350.jpg,5,sha256:51ed042a91667ba19ea2d9645dfe236eadac67a101944febb076e011571ee7c2,51ed042a91667ba19ea2d9645dfe236eadac67a101944febb076e011571ee7c2
AMLC001351,C:\ITDA_OCR_CODE\학습대상데이터\AMLC001351.jpg,1,sha256:5348a66dbbc4cef5773c320cd3f704013e8a248d0de1fe3d1701d917337191f2,5348a66dbbc4cef5773c320cd3f704013e8a248d0de1fe3d1701d917337191f2
AMLC001352,C:\ITDA_OCR_CODE\학습대상데이터\AMLC001352.jpg,1,sha256:c26bb63d17d5e3f38b48fb98b73876fc6c30b31fccc1b0bc81321066af6c7524,c26bb63d17d5e3f38b48fb98b73876fc6c30b31fccc1b0bc81321066af6c7524
AMLC001353,C:\ITDA_OCR_CODE\학습대상데이터\AMLC001353.jpg,3,sha256:0ba11e8ad3523ba4494de05dbce36ad288de3b41d8c89fc3c772c3ed1c72aa93,0ba11e8ad3523ba4494de05dbce36ad288de3b41d8c89fc3c772c3ed1c72aa93
AMLC001354,C:\ITDA_OCR_CODE\학습대상데이터\AMLC001354.jpg,2,sha256:f2ccd6576063f9ed3663f55a0c22f388749c99630473f662f999b5212f64d83d,f2ccd6576063f9ed3663f55a0c22f388749c99630473f662f999b5212f64d83d
AMLC001355,C:\ITDA_OCR_CODE\학습대상데이터\AMLC001355.jpg,1,sha256:e20c2837874e754d47cd41efd3bff046c80e734bbd10768d06304f91e0b1be47,e20c2837874e754d47cd41efd3bff046c80e734bbd10768d06304f91e0b1be47
AMLC001356,C:\ITDA_OCR_CODE\학습대상데이터\AMLC001356.jpg,2,sha256:416c436c6ba45314387890f5af2947274e3e3f6ce34a4860534e6d8fb8020616,416c436c6ba45314387890f5af2947274e3e3f6ce34a4860534e6d8fb8020616
AMLC001357,C:\ITDA_OCR_CODE\학습대상데이터\AMLC001357.jpg,4,sha256:2cd73d83c763eda03923524a59f498a176645f7ebb08a762e25ff286249711fb,2cd73d83c763eda03923524a59f498a176645f7ebb08a762e25ff286249711fb
AMLC001358,C:\ITDA_OCR_CODE\학습대상데이터\AMLC001358.jpg,3,sha256:5cbcb562f430276496766fa71fbe1d620bdd1325d0ae0863fa861635a5c81875,5cbcb562f430276496766fa71fbe1d620bdd1325d0ae0863fa861635a5c81875
AMLC001359,C:\ITDA_OCR_CODE\학습대상데이터\AMLC001359.jpg,4,sha256:44d9484a2b278dd58282d6104b7a426bba28660751cc3e96f4b8e891fbcbc8bd,44d9484a2b278dd58282d6104b7a426bba28660751cc3e96f4b8e891fbcbc8bd
AMLC001360,C:\ITDA_OCR_CODE\학습대상데이터\AMLC001360.jpg,5,sha256:6da90ff2284babe04144b32084082b16dd9d66f5cd95a9fb40fd88a2e0e91243,6da90ff2284babe04144b32084082b16dd9d66f5cd95a9fb40fd88a2e0e91243
AMLC001361,C:\ITDA_OCR_CODE\학습대상데이터\AMLC001361.jpg,2,sha256:db015a12e9f5a48471b4fa78e2a2d0d478b677a57afaaf5408b9f6a1d14ce486,db015a12e9f5a48471b4fa78e2a2d0d478b677a57afaaf5408b9f6a1d14ce486
AMLC001362,C:\ITDA_OCR_CODE\학습대상데이터\AMLC001362.jpg,4,sha256:2aac021ebb46235b1903130b302be868b1c929f361aeeb75bef4efd79cf2ae6f,2aac021ebb46235b1903130b302be868b1c929f361aeeb75bef4efd79cf2ae6f
AMLC001363,C:\ITDA_OCR_CODE\학습대상데이터\AMLC001363.jpg,2,sha256:4f3372860e9bc2fded20bd06fe8842035f4df4b214f45910bf253fccc67067a0,4f3372860e9bc2fded20bd06fe8842035f4df4b214f45910bf253fccc67067a0
AMLC001364,C:\ITDA_OCR_CODE\학습대상데이터\AMLC001364.jpg,3,sha256:7ba5d76c3880d1fa8e9ce7e5a3306fde2c51fc23550347fbaf2127c4b95a2b92,7ba5d76c3880d1fa8e9ce7e5a3306fde2c51fc23550347fbaf2127c4b95a2b92
AMLC001365,C:\ITDA_OCR_CODE\학습대상데이터\AMLC001365.jpg,1,sha256:216cbe099499ab5405fa52e49c51a6786d4116bd804f488d9e30e2070ce17d62,216cbe099499ab5405fa52e49c51a6786d4116bd804f488d9e30e2070ce17d62
AMLC001366,C:\ITDA_OCR_CODE\학습대상데이터\AMLC001366.jpg,3,sha256:01294b5b034eab9ee8d2fae00236a7661189d97ac65baf09b58fb6a7809ed849,01294b5b034eab9ee8d2fae00236a7661189d97ac65baf09b58fb6a7809ed849
AMLC001367,C:\ITDA_OCR_CODE\학습대상데이터\AMLC001367.jpg,4,sha256:46984ff7e86ca8e3efa82d51843dd02e1a11e1b42cbfc353f4da8445ad67a7a9,46984ff7e86ca8e3efa82d51843dd02e1a11e1b42cbfc353f4da8445ad67a7a9
AMLC001368,C:\ITDA_OCR_CODE\학습대상데이터\AMLC001368.jpg,1,sha256:ca15e9a9c79615a5dee64d9f53ef329768e6e58cc954a4f75f127a08b34de9a7,ca15e9a9c79615a5dee64d9f53ef329768e6e58cc954a4f75f127a08b34de9a7
AMLC001369,C:\ITDA_OCR_CODE\학습대상데이터\AMLC001369.jpg,3,sha256:591928f32e956f577535843a6daf22cdbb702f64ec80b49f6b880c06abb48da5,591928f32e956f577535843a6daf22cdbb702f64ec80b49f6b880c06abb48da5
AMLC001370,C:\ITDA_OCR_CODE\학습대상데이터\AMLC001370.jpg,4,sha256:479b9a54354961a72f81480e9ef7baaaf8c24762a79b7630ca61828eec7c515e,479b9a54354961a72f81480e9ef7baaaf8c24762a79b7630ca61828eec7c515e
AMLC001371,C:\ITDA_OCR_CODE\학습대상데이터\AMLC001371.jpg,5,sha256:63bbc5b2816ab056ad37d71346a0bb17a2111f83e627154c0f940332d957cb78,63bbc5b2816ab056ad37d71346a0bb17a2111f83e627154c0f940332d957cb78
AMLC001372,C:\ITDA_OCR_CODE\학습대상데이터\AMLC001372.jpg,3,sha256:4c13bd29ba35a9a6e255c00681043c58bc5f972cce4eef3b6592314d701d5349,4c13bd29ba35a9a6e255c00681043c58bc5f972cce4eef3b6592314d701d5349
AMLC001373,C:\ITDA_OCR_CODE\학습대상데이터\AMLC001373.jpg,4,sha256:c4f803ca71f4a712562b0ec6151c7d39d3256eb0078816e32dd8bc9347eb1b1c,c4f803ca71f4a712562b0ec6151c7d39d3256eb0078816e32dd8bc9347eb1b1c
AMLC001374,C:\ITDA_OCR_CODE\학습대상데이터\AMLC001374.jpg,5,sha256:2309828683099b627cc0ff4ee71a2e29dadf2e3273cf2a2bfe4bed52eb922962,2309828683099b627cc0ff4ee71a2e29dadf2e3273cf2a2bfe4bed52eb922962
AMLC001375,C:\ITDA_OCR_CODE\학습대상데이터\AMLC001375.jpg,2,sha256:1dc08cbd3928d44dcb06e44ef7ba538e110b604b054b9531b9888603ffb6296b,1dc08cbd3928d44dcb06e44ef7ba538e110b604b054b9531b9888603ffb6296b
AMLC001376,C:\ITDA_OCR_CODE\학습대상데이터\AMLC001376.jpg,1,sha256:a594a9473619bcf39f6152d0fd52be27acd04abbc0f8bf8d35bfe5811b92a6f3,a594a9473619bcf39f6152d0fd52be27acd04abbc0f8bf8d35bfe5811b92a6f3
AMLC001377,C:\ITDA_OCR_CODE\학습대상데이터\AMLC001377.jpg,2,sha256:93845b81a3c43e4355a7db24795b31cff865b65c368e2867ae57e96dee323e87,93845b81a3c43e4355a7db24795b31cff865b65c368e2867ae57e96dee323e87
AMLC001378,C:\ITDA_OCR_CODE\학습대상데이터\AMLC001378.jpg,3,sha256:088b5b343f193da26402e81226599e8b4a9e825bdfcb8e364cee8aac309e7af9,088b5b343f193da26402e81226599e8b4a9e825bdfcb8e364cee8aac309e7af9
AMLC001379,C:\ITDA_OCR_CODE\학습대상데이터\AMLC001379.jpg,5,sha256:cd54c75a550e5469124c9dcb959224e438e8b6d2169a71f1e17183a97e06b4f0,cd54c75a550e5469124c9dcb959224e438e8b6d2169a71f1e17183a97e06b4f0
AMLC001380,C:\ITDA_OCR_CODE\학습대상데이터\AMLC001380.jpg,4,sha256:90ab468fd8c0600dfc438d4aa75da4c1316556728b442085f111d186094ab27b,90ab468fd8c0600dfc438d4aa75da4c1316556728b442085f111d186094ab27b
AMLC001381,C:\ITDA_OCR_CODE\학습대상데이터\AMLC001381.jpg,3,sha256:72c5ad193d1d2ba5ff33dd8d8a4805876317de9fc2bdd7d13901782f14716e37,72c5ad193d1d2ba5ff33dd8d8a4805876317de9fc2bdd7d13901782f14716e37
AMLC001382,C:\ITDA_OCR_CODE\학습대상데이터\AMLC001382.jpg,4,sha256:81ec458bd348c0b374038634be94ee04434ec48a90e064647d4b354063c6960b,81ec458bd348c0b374038634be94ee04434ec48a90e064647d4b354063c6960b
AMLC001383,C:\ITDA_OCR_CODE\학습대상데이터\AMLC001383.jpg,1,sha256:b0e9d2b83cdb98e1ae6c5302df5f2abc323adeee48c43eca07e4ed567bd27b06,b0e9d2b83cdb98e1ae6c5302df5f2abc323adeee48c43eca07e4ed567bd27b06
AMLC001384,C:\ITDA_OCR_CODE\학습대상데이터\AMLC001384.jpg,5,sha256:9755fad71c4bb1f195dacea9dff9a8819a883eefcbeb07d183c8ceffe0d4dd63,9755fad71c4bb1f195dacea9dff9a8819a883eefcbeb07d183c8ceffe0d4dd63
AMLC001385,C:\ITDA_OCR_CODE\학습대상데이터\AMLC001385.jpg,5,sha256:bb11e49e3816a0f619ec34809b23807816dfa38bf048e8bcb8380d63a2c89a4e,bb11e49e3816a0f619ec34809b23807816dfa38bf048e8bcb8380d63a2c89a4e
AMLC001386,C:\ITDA_OCR_CODE\학습대상데이터\AMLC001386.jpg,5,sha256:fc128bea8f74ab85af2f1f64dbfac99b2b5f8c72a3fcdefb6ed21e98ae7f711e,fc128bea8f74ab85af2f1f64dbfac99b2b5f8c72a3fcdefb6ed21e98ae7f711e
AMLC001387,C:\ITDA_OCR_CODE\학습대상데이터\AMLC001387.jpg,1,sha256:d9888e83f3b315c1bf591598802e8d4dc8425155f2d9cebf98711a8f56d1667c,d9888e83f3b315c1bf591598802e8d4dc8425155f2d9cebf98711a8f56d1667c
AMLC001388,C:\ITDA_OCR_CODE\학습대상데이터\AMLC001388.jpg,5,sha256:3a6d4b9f5687e4daa13787203190385c6e4bc2d34a7a55b1f90b25d126bdc985,3a6d4b9f5687e4daa13787203190385c6e4bc2d34a7a55b1f90b25d126bdc985
AMLC001389,C:\ITDA_OCR_CODE\학습대상데이터\AMLC001389.jpg,4,sha256:e8322e43cf5b33aa17d02b96313098ec2781af9638176f91dfa0da18972e9deb,e8322e43cf5b33aa17d02b96313098ec2781af9638176f91dfa0da18972e9deb
AMLC001390,C:\ITDA_OCR_CODE\학습대상데이터\AMLC001390.jpg,5,sha256:f392e443a3b545e077c835715bf7346ed8561fbfe1ed29ebaaeb556d3e855cb3,f392e443a3b545e077c835715bf7346ed8561fbfe1ed29ebaaeb556d3e855cb3
AMLC001391,C:\ITDA_OCR_CODE\학습대상데이터\AMLC001391.jpg,4,sha256:7196f1264b5bcbb256bfe4ce8238c7e22455dfc89b6dc915ba1887d9dfe06587,7196f1264b5bcbb256bfe4ce8238c7e22455dfc89b6dc915ba1887d9dfe06587
AMLC001392,C:\ITDA_OCR_CODE\학습대상데이터\AMLC001392.jpg,2,sha256:0bd42d47261fee3e28d71ce22da9aa625a13cf347f29d1f202d1b1972a8196bc,0bd42d47261fee3e28d71ce22da9aa625a13cf347f29d1f202d1b1972a8196bc
AMLC001393,C:\ITDA_OCR_CODE\학습대상데이터\AMLC001393.jpg,1,sha256:21227919ee5744b733b9c3914e6074667a2c3f217c8ed9c3e13cf7653bb3fc35,21227919ee5744b733b9c3914e6074667a2c3f217c8ed9c3e13cf7653bb3fc35
AMLC001394,C:\ITDA_OCR_CODE\학습대상데이터\AMLC001394.jpg,1,sha256:07c6acef470b923c1d04927c13c186ee5e782b2eedde08134a6f71774a12d52a,07c6acef470b923c1d04927c13c186ee5e782b2eedde08134a6f71774a12d52a
AMLC001395,C:\ITDA_OCR_CODE\학습대상데이터\AMLC001395.jpg,2,sha256:b9ee8edbd987f304b9c0be4b1748a2b84f0fdabe3e333620a1be132c6657f32d,b9ee8edbd987f304b9c0be4b1748a2b84f0fdabe3e333620a1be132c6657f32d
AMLC001396,C:\ITDA_OCR_CODE\학습대상데이터\AMLC001396.jpg,5,sha256:1cc12dff751210b82dd23b8b9ef3f7cb24454ce702388d598a6e4f061fd66622,1cc12dff751210b82dd23b8b9ef3f7cb24454ce702388d598a6e4f061fd66622
AMLC001397,C:\ITDA_OCR_CODE\학습대상데이터\AMLC001397.jpg,2,sha256:46bf1d887bd878f554d5673a7d8c10490ac37e40c8a95a2205d2434363142134,46bf1d887bd878f554d5673a7d8c10490ac37e40c8a95a2205d2434363142134
AMLC001398,C:\ITDA_OCR_CODE\학습대상데이터\AMLC001398.jpg,5,sha256:2fae2881d19150c9485f0531e5a5687575ba8ae62158b155d165da4bf2ee1b39,2fae2881d19150c9485f0531e5a5687575ba8ae62158b155d165da4bf2ee1b39
AMLC001399,C:\ITDA_OCR_CODE\학습대상데이터\AMLC001399.jpg,3,sha256:74812d884b23d35478a053440d678b3bd8fe3d0f437807c46326a6ec6ddc0453,74812d884b23d35478a053440d678b3bd8fe3d0f437807c46326a6ec6ddc0453
AMLC001400,C:\ITDA_OCR_CODE\학습대상데이터\AMLC001400.jpg,5,sha256:be4cb76d327d13105da5c1d54f4b203a3b35d07e3754537cb4ee44351d3027ec,be4cb76d327d13105da5c1d54f4b203a3b35d07e3754537cb4ee44351d3027ec
AMLC001401,C:\ITDA_OCR_CODE\학습대상데이터\AMLC001401.jpg,5,sha256:f9aad2765f8311d2aa183f65db6c7f1735976c9053c432731378bfd4cf2ae161,f9aad2765f8311d2aa183f65db6c7f1735976c9053c432731378bfd4cf2ae161
AMLC001402,C:\ITDA_OCR_CODE\학습대상데이터\AMLC001402.jpg,2,sha256:d505c71c874e14bee93345e929579ca73a890e8c1a4fc292d9720ce37c95828c,d505c71c874e14bee93345e929579ca73a890e8c1a4fc292d9720ce37c95828c
AMLC001403,C:\ITDA_OCR_CODE\학습대상데이터\AMLC001403.jpg,4,sha256:1af758d095192f71d7f88dd84ef6d8a47fbfe66e10a46d44a7788e60aaae8369,1af758d095192f71d7f88dd84ef6d8a47fbfe66e10a46d44a7788e60aaae8369
AMLC001404,C:\ITDA_OCR_CODE\학습대상데이터\AMLC001404.jpg,5,sha256:7b10e5009696964eaa78362bc3e47e991a967e3b8841dddeabcf74bf2938c538,7b10e5009696964eaa78362bc3e47e991a967e3b8841dddeabcf74bf2938c538
AMLC001405,C:\ITDA_OCR_CODE\학습대상데이터\AMLC001405.jpg,5,sha256:f5dffce17cf28504667e96acc960619a47f64d08869eeabcb9b92435d474ca3c,f5dffce17cf28504667e96acc960619a47f64d08869eeabcb9b92435d474ca3c
AMLC001406,C:\ITDA_OCR_CODE\학습대상데이터\AMLC001406.jpg,4,sha256:7c15d8ddfd9920ac5d6945abe4b82fa9b6c7c793f312a9b04034824eadaeffbc,7c15d8ddfd9920ac5d6945abe4b82fa9b6c7c793f312a9b04034824eadaeffbc
AMLC001407,C:\ITDA_OCR_CODE\학습대상데이터\AMLC001407.jpg,5,sha256:bee5052a63cc6d24fb3b94c132d7fde5c548450607fdcb8b6b29d733d8e0e168,bee5052a63cc6d24fb3b94c132d7fde5c548450607fdcb8b6b29d733d8e0e168
AMLC001408,C:\ITDA_OCR_CODE\학습대상데이터\AMLC001408.jpg,5,sha256:da1a2f8ba6a6f5b94c5a7ea1199ab51fc68e2bd8f7a4d50cff6c064a9cae31fe,da1a2f8ba6a6f5b94c5a7ea1199ab51fc68e2bd8f7a4d50cff6c064a9cae31fe
AMLC001409,C:\ITDA_OCR_CODE\학습대상데이터\AMLC001409.jpg,5,sha256:a42040779d3babe85f2c37d723e2f700a9666b3d2d042a0ba9053f78d0df3ad5,a42040779d3babe85f2c37d723e2f700a9666b3d2d042a0ba9053f78d0df3ad5
AMLC001410,C:\ITDA_OCR_CODE\학습대상데이터\AMLC001410.jpg,1,sha256:d4e65e0f412d2d5200f682c5a856e834d585e94fa8ef4965d5d68cc1814a79d5,d4e65e0f412d2d5200f682c5a856e834d585e94fa8ef4965d5d68cc1814a79d5
AMLC001411,C:\ITDA_OCR_CODE\학습대상데이터\AMLC001411.jpg,1,sha256:bd3ad6c886c4962a287233e4d921137c08a1320f2d36c29289250cedcc150efa,bd3ad6c886c4962a287233e4d921137c08a1320f2d36c29289250cedcc150efa
AMLC001412,C:\ITDA_OCR_CODE\학습대상데이터\AMLC001412.jpg,2,sha256:918485881eae4965a45e429cd2bc9a1cea66cac1cf1c57185f26cbeb924c3eb6,918485881eae4965a45e429cd2bc9a1cea66cac1cf1c57185f26cbeb924c3eb6
AMLC001413,C:\ITDA_OCR_CODE\학습대상데이터\AMLC001413.jpg,2,sha256:810744cd615b6e975717928890dbfa644e585ec304d5c85906812cb4e2c4865c,810744cd615b6e975717928890dbfa644e585ec304d5c85906812cb4e2c4865c
AMLC001414,C:\ITDA_OCR_CODE\학습대상데이터\AMLC001414.jpg,3,sha256:048af917d01c90456fac172942b7c6dd77ac6250917685f4d00047552778ef77,048af917d01c90456fac172942b7c6dd77ac6250917685f4d00047552778ef77
AMLC001415,C:\ITDA_OCR_CODE\학습대상데이터\AMLC001415.jpg,2,sha256:b4034c7c715cfbe3e42996e8f42a31ca00c03c09f2b5f74b5e59bf1ff72ff018,b4034c7c715cfbe3e42996e8f42a31ca00c03c09f2b5f74b5e59bf1ff72ff018
AMLC001416,C:\ITDA_OCR_CODE\학습대상데이터\AMLC001416.jpg,5,sha256:420beb13b811b87d11eaf1196ba17af2cc4ac9591f1fbf79417e9f08aeac54e7,420beb13b811b87d11eaf1196ba17af2cc4ac9591f1fbf79417e9f08aeac54e7
AMLC001417,C:\ITDA_OCR_CODE\학습대상데이터\AMLC001417.jpg,5,sha256:b0408e13c82f7b7a7f930b726190b66972aeb2cb9ad755d7e7d759936213d453,b0408e13c82f7b7a7f930b726190b66972aeb2cb9ad755d7e7d759936213d453
AMLC001418,C:\ITDA_OCR_CODE\학습대상데이터\AMLC001418.jpg,2,sha256:5ea9f6df1a4e012e7f70ff4594829810e06166669ea490e3a05ce066a2ed2949,5ea9f6df1a4e012e7f70ff4594829810e06166669ea490e3a05ce066a2ed2949
AMLC001419,C:\ITDA_OCR_CODE\학습대상데이터\AMLC001419.jpg,4,sha256:5f7ed60bf6c0f29b0b81c279fbf357b0b3f63a29fa3035fb0e4bc9a75504b849,5f7ed60bf6c0f29b0b81c279fbf357b0b3f63a29fa3035fb0e4bc9a75504b849
AMLC001420,C:\ITDA_OCR_CODE\학습대상데이터\AMLC001420.jpg,3,sha256:54ee2b717fbac0887a99dc1ea5635942cf3e834bbbdfe7fc66ed7f8a80e312f9,54ee2b717fbac0887a99dc1ea5635942cf3e834bbbdfe7fc66ed7f8a80e312f9
AMLC001421,C:\ITDA_OCR_CODE\학습대상데이터\AMLC001421.jpg,2,sha256:547174b9cbbc4280f3cf6f329196b9269964a9b7560c8213420a413d10c9c40f,547174b9cbbc4280f3cf6f329196b9269964a9b7560c8213420a413d10c9c40f
AMLC001422,C:\ITDA_OCR_CODE\학습대상데이터\AMLC001422.jpg,2,sha256:5d1ba3b19892d4daf4935ddb3075ca17118d359a010e01c914e6df01fbc4b5b6,5d1ba3b19892d4daf4935ddb3075ca17118d359a010e01c914e6df01fbc4b5b6
AMLC001423,C:\ITDA_OCR_CODE\학습대상데이터\AMLC001423.jpg,1,sha256:5b9e361871b7cd5712fc8bb980237b6039c26d35972e0f916a21adffe74bd536,5b9e361871b7cd5712fc8bb980237b6039c26d35972e0f916a21adffe74bd536
AMLC001424,C:\ITDA_OCR_CODE\학습대상데이터\AMLC001424.jpg,4,sha256:372ed57caef7d2faf48ab55a2edff7df0e70cd5134a1a674c9f2c42bed429d19,372ed57caef7d2faf48ab55a2edff7df0e70cd5134a1a674c9f2c42bed429d19
AMLC001425,C:\ITDA_OCR_CODE\학습대상데이터\AMLC001425.jpg,1,sha256:89f8b1941fb2fddaea780ddf71897d7eb1c91ccdd845848010ddb1056491966d,89f8b1941fb2fddaea780ddf71897d7eb1c91ccdd845848010ddb1056491966d
AMLC001426,C:\ITDA_OCR_CODE\학습대상데이터\AMLC001426.jpg,5,sha256:cc85119d86b516926b0f1578406296b7aad43e1c344afe14a95ba68a7f73cfda,cc85119d86b516926b0f1578406296b7aad43e1c344afe14a95ba68a7f73cfda
AMLC001427,C:\ITDA_OCR_CODE\학습대상데이터\AMLC001427.jpg,4,sha256:c931feb94eaf6915263d8b386c4ee5877657253339d3ca47ae2f4b8e28c7a85d,c931feb94eaf6915263d8b386c4ee5877657253339d3ca47ae2f4b8e28c7a85d
AMLC001428,C:\ITDA_OCR_CODE\학습대상데이터\AMLC001428.jpg,3,sha256:e91d4ab42c1e1bd032a4d50e8451c460583b71b850113eef811b485244727ba6,e91d4ab42c1e1bd032a4d50e8451c460583b71b850113eef811b485244727ba6
AMLC001429,C:\ITDA_OCR_CODE\학습대상데이터\AMLC001429.jpg,1,sha256:0bc1a7451c50278e1abdef688aa113443667138f3d3a652832e53181e9abbe01,0bc1a7451c50278e1abdef688aa113443667138f3d3a652832e53181e9abbe01
AMLC001430,C:\ITDA_OCR_CODE\학습대상데이터\AMLC001430.jpg,1,sha256:b39ee8276f10af5b12d06b7ca670b6758f0ec2e3a17d4606de0444d279605308,b39ee8276f10af5b12d06b7ca670b6758f0ec2e3a17d4606de0444d279605308
AMLC001431,C:\ITDA_OCR_CODE\학습대상데이터\AMLC001431.jpg,1,sha256:39c5ca84b00b15f2e204478684fd478666526c9d6a740c0b51971de4f3bb8f53,39c5ca84b00b15f2e204478684fd478666526c9d6a740c0b51971de4f3bb8f53
AMLC001432,C:\ITDA_OCR_CODE\학습대상데이터\AMLC001432.jpg,5,sha256:695be307a5f22963c2ce569eb32fc606cb966143c4df6dba37753cc9473e06d5,695be307a5f22963c2ce569eb32fc606cb966143c4df6dba37753cc9473e06d5
AMLC001433,C:\ITDA_OCR_CODE\학습대상데이터\AMLC001433.jpg,1,sha256:d6680fdfe8a9827150653a7e95d9be82ed9a1d765629766058c0b42e12741b7d,d6680fdfe8a9827150653a7e95d9be82ed9a1d765629766058c0b42e12741b7d
AMLC001434,C:\ITDA_OCR_CODE\학습대상데이터\AMLC001434.jpg,1,sha256:b290b62cfbf7c2d05dd24ec5a45cfdad04827001fbee156539e92783aad64dc6,b290b62cfbf7c2d05dd24ec5a45cfdad04827001fbee156539e92783aad64dc6
AMLC001435,C:\ITDA_OCR_CODE\학습대상데이터\AMLC001435.jpg,4,sha256:820b03c7fcedf50148911633ce937a31a7d17124b4249df1f876931d3972df97,820b03c7fcedf50148911633ce937a31a7d17124b4249df1f876931d3972df97
AMLC001436,C:\ITDA_OCR_CODE\학습대상데이터\AMLC001436.jpg,5,sha256:f7aed9523c19dd7a6b4238f5a3dfeff49125d30dd9c4ed84c8d54eb04b914313,f7aed9523c19dd7a6b4238f5a3dfeff49125d30dd9c4ed84c8d54eb04b914313
AMLC001437,C:\ITDA_OCR_CODE\학습대상데이터\AMLC001437.jpg,3,sha256:ca1a6eb232f0b1a6a89309f2254cbcb8ca9db0d869e693e2ffd97102715151c1,ca1a6eb232f0b1a6a89309f2254cbcb8ca9db0d869e693e2ffd97102715151c1
AMLC001438,C:\ITDA_OCR_CODE\학습대상데이터\AMLC001438.jpg,2,sha256:50cdccb424f8ba98520d9621567d7dad2b7b550c5a123ddd1ff41234ca41b4b9,50cdccb424f8ba98520d9621567d7dad2b7b550c5a123ddd1ff41234ca41b4b9
AMLC001439,C:\ITDA_OCR_CODE\학습대상데이터\AMLC001439.jpg,1,sha256:94bb5ba96d6b440ffa9de5afd8ed2c32076af3daf9f4db83b1d489e88b66e27e,94bb5ba96d6b440ffa9de5afd8ed2c32076af3daf9f4db83b1d489e88b66e27e
AMLC001440,C:\ITDA_OCR_CODE\학습대상데이터\AMLC001440.jpg,5,sha256:791819b160fa934a8e94ccea14097c41ea35b2281d77f75c9f7e14866e45ef22,791819b160fa934a8e94ccea14097c41ea35b2281d77f75c9f7e14866e45ef22
AMLC001441,C:\ITDA_OCR_CODE\학습대상데이터\AMLC001441.jpg,5,sha256:098011a121184e25b3aeeadaeff63d22d648ac203dfb7458e9da08367e40502f,098011a121184e25b3aeeadaeff63d22d648ac203dfb7458e9da08367e40502f
AMLC001442,C:\ITDA_OCR_CODE\학습대상데이터\AMLC001442.jpg,4,sha256:5d771fd549da6d4a235670325433115e642fe0b41ccd6dc0ab80eb6cfe04ea94,5d771fd549da6d4a235670325433115e642fe0b41ccd6dc0ab80eb6cfe04ea94
AMLC001443,C:\ITDA_OCR_CODE\학습대상데이터\AMLC001443.jpg,3,sha256:d0073c5e89fb7aaa963d5d5e7be9a89d9b3ebb75298e279020d348c0c15f1363,d0073c5e89fb7aaa963d5d5e7be9a89d9b3ebb75298e279020d348c0c15f1363
AMLC001444,C:\ITDA_OCR_CODE\학습대상데이터\AMLC001444.jpg,2,sha256:69ff6727b37b4e201b4cf898c5834b30033dc8978a144649340be798b6df8bb8,69ff6727b37b4e201b4cf898c5834b30033dc8978a144649340be798b6df8bb8
AMLC001445,C:\ITDA_OCR_CODE\학습대상데이터\AMLC001445.jpg,3,sha256:f5f27107a5638fe7833b254c291fc8179d16a91dcd8ecdc9c27b4ac98010c5be,f5f27107a5638fe7833b254c291fc8179d16a91dcd8ecdc9c27b4ac98010c5be
AMLC001446,C:\ITDA_OCR_CODE\학습대상데이터\AMLC001446.jpg,1,sha256:3a14ae23b82516b46c273c20983cf141b0cdb3149fc2dbf0117df5479bee586b,3a14ae23b82516b46c273c20983cf141b0cdb3149fc2dbf0117df5479bee586b
AMLC001447,C:\ITDA_OCR_CODE\학습대상데이터\AMLC001447.jpg,3,sha256:fe5494e8b54d84b034230b78c35e0fee38f7d80c4e7eac5e65fd995d9e773c7f,fe5494e8b54d84b034230b78c35e0fee38f7d80c4e7eac5e65fd995d9e773c7f
AMLC001448,C:\ITDA_OCR_CODE\학습대상데이터\AMLC001448.jpg,5,sha256:b05be8ded2b098f1f4b6046c019bd4eea7a76ec59565caa5f1b458b1200c7432,b05be8ded2b098f1f4b6046c019bd4eea7a76ec59565caa5f1b458b1200c7432
AMLC001449,C:\ITDA_OCR_CODE\학습대상데이터\AMLC001449.jpg,5,sha256:f1bc576be6e73d62d39da40d01765e3d8db4290231623a74be6fd1debc824527,f1bc576be6e73d62d39da40d01765e3d8db4290231623a74be6fd1debc824527
AMLC001450,C:\ITDA_OCR_CODE\학습대상데이터\AMLC001450.jpg,4,sha256:28a11f33ed8a7f151ec2ba533d2e7d2d9adbef353a4f060d044e6ce226d8fccd,28a11f33ed8a7f151ec2ba533d2e7d2d9adbef353a4f060d044e6ce226d8fccd
AMLC001451,C:\ITDA_OCR_CODE\학습대상데이터\AMLC001451.jpg,4,sha256:e27a6ede7ac37472f8683c5b7e4b6b361f3c041fa3287ad41994ab60958fe47b,e27a6ede7ac37472f8683c5b7e4b6b361f3c041fa3287ad41994ab60958fe47b
AMLC001452,C:\ITDA_OCR_CODE\학습대상데이터\AMLC001452.jpg,5,sha256:bf4cd5e2107657f21a120139d65aa8990b0a965298b770a7bdb49051ff10929f,bf4cd5e2107657f21a120139d65aa8990b0a965298b770a7bdb49051ff10929f
AMLC001453,C:\ITDA_OCR_CODE\학습대상데이터\AMLC001453.jpg,5,sha256:e0fbfe78c13da5c8586219913580e37e0c1af2cc1a0e3b64f0d9372861fb1186,e0fbfe78c13da5c8586219913580e37e0c1af2cc1a0e3b64f0d9372861fb1186
AMLC001454,C:\ITDA_OCR_CODE\학습대상데이터\AMLC001454.jpg,5,sha256:afbac1dc021b89e13f3dfde86f3e4462a37a55c95a550d370bc74a5dc2038abe,afbac1dc021b89e13f3dfde86f3e4462a37a55c95a550d370bc74a5dc2038abe
AMLC001455,C:\ITDA_OCR_CODE\학습대상데이터\AMLC001455.jpg,4,sha256:ba447de729bb89eda0768602d732c6195bbc006dc2aa8cf952e1126849591461,ba447de729bb89eda0768602d732c6195bbc006dc2aa8cf952e1126849591461
AMLC001456,C:\ITDA_OCR_CODE\학습대상데이터\AMLC001456.jpg,5,sha256:cd1604a743de770383c9011f663ecc6a1ef64b7fe8af4cca743a786569c21cd0,cd1604a743de770383c9011f663ecc6a1ef64b7fe8af4cca743a786569c21cd0
AMLC001457,C:\ITDA_OCR_CODE\학습대상데이터\AMLC001457.jpg,3,sha256:635354891f45cfb5f91f69c4e5c0f8db6ed85c9656c86ae9f4cd83a3f6590da1,635354891f45cfb5f91f69c4e5c0f8db6ed85c9656c86ae9f4cd83a3f6590da1
AMLC001458,C:\ITDA_OCR_CODE\학습대상데이터\AMLC001458.jpg,3,sha256:bde4ec6a526405d588a22ad897bc24b1633c499bb0d91e06125590d9cb080711,bde4ec6a526405d588a22ad897bc24b1633c499bb0d91e06125590d9cb080711
AMLC001459,C:\ITDA_OCR_CODE\학습대상데이터\AMLC001459.jpg,2,sha256:d63bfdedbaeeeb62b665833f934605cd516bc07edc74a60a93276c422540080f,d63bfdedbaeeeb62b665833f934605cd516bc07edc74a60a93276c422540080f
AMLC001460,C:\ITDA_OCR_CODE\학습대상데이터\AMLC001460.jpg,5,sha256:c41d27512df6c52a44d20e09bdf9e5a8d022d2b79d7fb7be538214ff0404b62d,c41d27512df6c52a44d20e09bdf9e5a8d022d2b79d7fb7be538214ff0404b62d
AMLC001461,C:\ITDA_OCR_CODE\학습대상데이터\AMLC001461.jpg,5,sha256:f6198142a1cd96c47a24c77da2c8a1035532e44fdd4fa23d60c20c00f2606013,f6198142a1cd96c47a24c77da2c8a1035532e44fdd4fa23d60c20c00f2606013
AMLC001462,C:\ITDA_OCR_CODE\학습대상데이터\AMLC001462.jpg,2,sha256:daf67f468b1b75729918b6a2b4f3a650a4ddf2d8f94cb12599dcc2d44a831034,daf67f468b1b75729918b6a2b4f3a650a4ddf2d8f94cb12599dcc2d44a831034
AMLC001463,C:\ITDA_OCR_CODE\학습대상데이터\AMLC001463.jpg,2,sha256:333eb737a2562d8ff480868e5da93ac4b8aeb267c047c02f618134f13254071b,333eb737a2562d8ff480868e5da93ac4b8aeb267c047c02f618134f13254071b
AMLC001464,C:\ITDA_OCR_CODE\학습대상데이터\AMLC001464.jpg,5,sha256:8575da7d2deb147d02e1bce1884edc44f42f941c30580f968c11e64b91685ec8,8575da7d2deb147d02e1bce1884edc44f42f941c30580f968c11e64b91685ec8
AMLC001465,C:\ITDA_OCR_CODE\학습대상데이터\AMLC001465.jpg,5,sha256:227c3172dc46c69be3927cc34c1460d6b64d394eabd6f63b0f9dad6252aa5363,227c3172dc46c69be3927cc34c1460d6b64d394eabd6f63b0f9dad6252aa5363
AMLC001466,C:\ITDA_OCR_CODE\학습대상데이터\AMLC001466.jpg,5,sha256:484485c18f916d394164e5300634d186ae9092f41f75b74dc8872bca5f8e3e0f,484485c18f916d394164e5300634d186ae9092f41f75b74dc8872bca5f8e3e0f
AMLC001467,C:\ITDA_OCR_CODE\학습대상데이터\AMLC001467.jpg,3,sha256:d0ab04ac016b96a6ea212f847023e42563bf040b6c5d20a180f07accd2d1a976,d0ab04ac016b96a6ea212f847023e42563bf040b6c5d20a180f07accd2d1a976
AMLC001468,C:\ITDA_OCR_CODE\학습대상데이터\AMLC001468.jpg,4,sha256:ae76d8ab50a53ea945ebe3a84d1c38ecc0b6e83ea3788529a5f3c19e42ddd5c8,ae76d8ab50a53ea945ebe3a84d1c38ecc0b6e83ea3788529a5f3c19e42ddd5c8
AMLC001469,C:\ITDA_OCR_CODE\학습대상데이터\AMLC001469.jpg,5,sha256:85fde33be54356648b023b0dab0c5afab72cb558b0138b443e7a538b4ce107f9,85fde33be54356648b023b0dab0c5afab72cb558b0138b443e7a538b4ce107f9
AMLC001470,C:\ITDA_OCR_CODE\학습대상데이터\AMLC001470.jpg,2,sha256:38f6161b769561ec0046097bb94a737f25a326465978e11ee14ac66700cb078e,38f6161b769561ec0046097bb94a737f25a326465978e11ee14ac66700cb078e
AMLC001471,C:\ITDA_OCR_CODE\학습대상데이터\AMLC001471.jpg,1,sha256:54958bb0619295abaf370bf692eeffe712eb183e8535c9c5c7cea24512c0e404,54958bb0619295abaf370bf692eeffe712eb183e8535c9c5c7cea24512c0e404
AMLC001472,C:\ITDA_OCR_CODE\학습대상데이터\AMLC001472.jpg,5,sha256:99b02805a6a4eb0cab75442f9ff92db437edd40005bf3a38b51f04f034f76d18,99b02805a6a4eb0cab75442f9ff92db437edd40005bf3a38b51f04f034f76d18
AMLC001473,C:\ITDA_OCR_CODE\학습대상데이터\AMLC001473.jpg,3,sha256:82267e39c27568a385169d8701405989d5ac4d5d1a55a9d11c1096ae21e60326,82267e39c27568a385169d8701405989d5ac4d5d1a55a9d11c1096ae21e60326
AMLC001474,C:\ITDA_OCR_CODE\학습대상데이터\AMLC001474.jpg,5,sha256:9c825904e706df0f3bb508c9cfbb0ce957e5a73ed40db5bc71d25fcb14f7c181,9c825904e706df0f3bb508c9cfbb0ce957e5a73ed40db5bc71d25fcb14f7c181
AMLC001475,C:\ITDA_OCR_CODE\학습대상데이터\AMLC001475.jpg,4,sha256:9c9d6bb8d8c90db2f4da53bf3fa972317ceaa8f479cb494bf7c608afe1ae8e5c,9c9d6bb8d8c90db2f4da53bf3fa972317ceaa8f479cb494bf7c608afe1ae8e5c
AMLC001476,C:\ITDA_OCR_CODE\학습대상데이터\AMLC001476.jpg,4,sha256:a0908717f8a9edfb7dd8f6857297b40a40fd0be79cb429563aa9363930983714,a0908717f8a9edfb7dd8f6857297b40a40fd0be79cb429563aa9363930983714
AMLC001477,C:\ITDA_OCR_CODE\학습대상데이터\AMLC001477.jpg,1,sha256:1a4359ded5dcb8be859224ccc539ba3e8467d5316a17824ac70feb63dd865484,1a4359ded5dcb8be859224ccc539ba3e8467d5316a17824ac70feb63dd865484
AMLC001478,C:\ITDA_OCR_CODE\학습대상데이터\AMLC001478.jpg,5,sha256:b2f1a51b48abc53a9f4bcc5dcfe9e48d31c7cc30f3648c574fd1ec3c2eb3cea9,b2f1a51b48abc53a9f4bcc5dcfe9e48d31c7cc30f3648c574fd1ec3c2eb3cea9
AMLC001479,C:\ITDA_OCR_CODE\학습대상데이터\AMLC001479.jpg,5,sha256:2da75b23beed9dc615d931c933a0e19f7b607c480cc453588bf836bfd2f3f529,2da75b23beed9dc615d931c933a0e19f7b607c480cc453588bf836bfd2f3f529
AMLC001480,C:\ITDA_OCR_CODE\학습대상데이터\AMLC001480.jpg,1,sha256:a350399787e195bcd95638c744c5b59933c9b43d8546b55685854c8d366ab0b8,a350399787e195bcd95638c744c5b59933c9b43d8546b55685854c8d366ab0b8
AMLC001481,C:\ITDA_OCR_CODE\학습대상데이터\AMLC001481.jpg,5,sha256:d3f2f699936409dae4f3c9bc31585e649f158c5432878039c7046af9bb301682,d3f2f699936409dae4f3c9bc31585e649f158c5432878039c7046af9bb301682
AMLC001482,C:\ITDA_OCR_CODE\학습대상데이터\AMLC001482.jpg,3,sha256:7e1f6868898d2f027f5bf144c5c00d1ac55c3eaa9ef55ffe4a6d47f873f70df3,7e1f6868898d2f027f5bf144c5c00d1ac55c3eaa9ef55ffe4a6d47f873f70df3
AMLC001483,C:\ITDA_OCR_CODE\학습대상데이터\AMLC001483.jpg,5,sha256:5c1ddd8a46ac8b9e2e8dce792599c1ba40c45c592277f73648ae111ead136089,5c1ddd8a46ac8b9e2e8dce792599c1ba40c45c592277f73648ae111ead136089
AMLC001484,C:\ITDA_OCR_CODE\학습대상데이터\AMLC001484.jpg,2,sha256:9448501074c6c55238c6001c182a2675c866ae11c16b81384398a5d26d550a50,9448501074c6c55238c6001c182a2675c866ae11c16b81384398a5d26d550a50
AMLC001485,C:\ITDA_OCR_CODE\학습대상데이터\AMLC001485.jpg,3,sha256:aead34c70cce38a47ad6da98d5b88e53f4f6392bb568225525c43b520ca8635b,aead34c70cce38a47ad6da98d5b88e53f4f6392bb568225525c43b520ca8635b
AMLC001486,C:\ITDA_OCR_CODE\학습대상데이터\AMLC001486.jpg,5,sha256:c437c9b3ad1d683c6670ef49dd344deb84851f81f7b83449c2c53c7b4c9ca9dc,c437c9b3ad1d683c6670ef49dd344deb84851f81f7b83449c2c53c7b4c9ca9dc
AMLC001487,C:\ITDA_OCR_CODE\학습대상데이터\AMLC001487.jpg,4,sha256:69ba86dcaeb7f6e392fe2144a5dcfe96030866320e92f0ddd326e2c843ee1e62,69ba86dcaeb7f6e392fe2144a5dcfe96030866320e92f0ddd326e2c843ee1e62
AMLC001488,C:\ITDA_OCR_CODE\학습대상데이터\AMLC001488.jpg,1,sha256:d2aa852bf40fd3ea010e3c5fe5148280017ac2a58156a4ada003f38debf3ddef,d2aa852bf40fd3ea010e3c5fe5148280017ac2a58156a4ada003f38debf3ddef
AMLC001489,C:\ITDA_OCR_CODE\학습대상데이터\AMLC001489.jpg,2,sha256:e4e98f3b001337f5566bc9af3a5662201292cc99a6682a78ec47f27b2cc264e0,e4e98f3b001337f5566bc9af3a5662201292cc99a6682a78ec47f27b2cc264e0
AMLC001490,C:\ITDA_OCR_CODE\학습대상데이터\AMLC001490.jpg,1,sha256:b2a3b8c57deb54f351109fb463f87fa3b960119965d27e71e657b14d87cbbb68,b2a3b8c57deb54f351109fb463f87fa3b960119965d27e71e657b14d87cbbb68
AMLC001491,C:\ITDA_OCR_CODE\학습대상데이터\AMLC001491.jpg,1,sha256:e6d961f24248b86a4a676faf7f05c928477a8f6c96c9e2369991964e11a96c12,e6d961f24248b86a4a676faf7f05c928477a8f6c96c9e2369991964e11a96c12
AMLC001492,C:\ITDA_OCR_CODE\학습대상데이터\AMLC001492.jpg,4,sha256:218efd7c291f08cf73de105b969129667e0dae7748f3076a616804bbd47a5fbf,218efd7c291f08cf73de105b969129667e0dae7748f3076a616804bbd47a5fbf
AMLC001493,C:\ITDA_OCR_CODE\학습대상데이터\AMLC001493.jpg,4,sha256:1f81d7b14a5d45c60005380b57dcaf06e1bd39b3c45edac680301499e606fe3e,1f81d7b14a5d45c60005380b57dcaf06e1bd39b3c45edac680301499e606fe3e
AMLC001494,C:\ITDA_OCR_CODE\학습대상데이터\AMLC001494.jpg,5,sha256:6764a36a1cc6d3e08574453c14d542b3d07c92ea351be72a2f75783a5619983c,6764a36a1cc6d3e08574453c14d542b3d07c92ea351be72a2f75783a5619983c
AMLC001495,C:\ITDA_OCR_CODE\학습대상데이터\AMLC001495.jpg,3,sha256:3addd8909b123ff976975dde67279286e45078011c13ca787a2906a265eb18ca,3addd8909b123ff976975dde67279286e45078011c13ca787a2906a265eb18ca
AMLC001496,C:\ITDA_OCR_CODE\학습대상데이터\AMLC001496.jpg,3,sha256:0627893cd89e9d97ea2c0eae3757a6c2f9a8902c664e12110043beb9955535c0,0627893cd89e9d97ea2c0eae3757a6c2f9a8902c664e12110043beb9955535c0
AMLC001497,C:\ITDA_OCR_CODE\학습대상데이터\AMLC001497.jpg,4,sha256:9c7fd134d0f603ef1457bd511dec2bddcac0d6066215cbea1fb34b1920229a60,9c7fd134d0f603ef1457bd511dec2bddcac0d6066215cbea1fb34b1920229a60
AMLC001498,C:\ITDA_OCR_CODE\학습대상데이터\AMLC001498.jpg,5,sha256:56a64ecd4a23d6ed3ebaca496dc528e3760321cde3f4667b9b0982ab22ee7aff,56a64ecd4a23d6ed3ebaca496dc528e3760321cde3f4667b9b0982ab22ee7aff
AMLC001499,C:\ITDA_OCR_CODE\학습대상데이터\AMLC001499.jpg,5,sha256:0d02adaac9a5847b734daaeef063440c3d282474ba919fad3559a65ce6bdf39b,0d02adaac9a5847b734daaeef063440c3d282474ba919fad3559a65ce6bdf39b
AMLC001500,C:\ITDA_OCR_CODE\학습대상데이터\AMLC001500.jpg,1,sha256:1a54f0c3b45baef0b33a63cdfd65ce5c0a016749cb5b0da06507d8b00bec9167,1a54f0c3b45baef0b33a63cdfd65ce5c0a016749cb5b0da06507d8b00bec9167
AMLC001501,C:\ITDA_OCR_CODE\학습대상데이터\AMLC001501.jpg,4,sha256:f9450869e76f07ce3774483849477f89f82d9156985e61fa0e59a175ca6d5cc5,f9450869e76f07ce3774483849477f89f82d9156985e61fa0e59a175ca6d5cc5
AMLC001502,C:\ITDA_OCR_CODE\학습대상데이터\AMLC001502.jpg,5,sha256:fe4e645aa7c6c0a0fe3a08c696b1d9bf112152890fe66b9c95ebba2925646f6f,fe4e645aa7c6c0a0fe3a08c696b1d9bf112152890fe66b9c95ebba2925646f6f
AMLC001503,C:\ITDA_OCR_CODE\학습대상데이터\AMLC001503.jpg,5,sha256:ceef1a56c3106115ec74518e6e144bb43bf95d807ed21b06006843a9a5fded1f,ceef1a56c3106115ec74518e6e144bb43bf95d807ed21b06006843a9a5fded1f
AMLC001504,C:\ITDA_OCR_CODE\학습대상데이터\AMLC001504.jpg,5,sha256:68f661c36bdec21befd1d0f9faa076f7467304bfb69619d655104c745c94dfaa,68f661c36bdec21befd1d0f9faa076f7467304bfb69619d655104c745c94dfaa
AMLC001505,C:\ITDA_OCR_CODE\학습대상데이터\AMLC001505.jpg,5,sha256:03373dcbf616038cadb3ab6af4fea586e52c91c17b5640cd859d38bec861eeb6,03373dcbf616038cadb3ab6af4fea586e52c91c17b5640cd859d38bec861eeb6
AMLC001506,C:\ITDA_OCR_CODE\학습대상데이터\AMLC001506.jpg,1,sha256:9c924e91f294b2b8bdb5cd2f22ad666ad7f241a7150e926205c2e0ff9eb665aa,9c924e91f294b2b8bdb5cd2f22ad666ad7f241a7150e926205c2e0ff9eb665aa
AMLC001507,C:\ITDA_OCR_CODE\학습대상데이터\AMLC001507.jpg,4,sha256:d891bad470573f90dd875073c4a7a28fc15e9760209ba22b4f68aff9f30917a8,d891bad470573f90dd875073c4a7a28fc15e9760209ba22b4f68aff9f30917a8
AMLC001508,C:\ITDA_OCR_CODE\학습대상데이터\AMLC001508.jpg,5,sha256:23f988f105fb3b71e7e80b251e3c2254837df8fa3f09b5dc90a30e22318181be,23f988f105fb3b71e7e80b251e3c2254837df8fa3f09b5dc90a30e22318181be
AMLC001509,C:\ITDA_OCR_CODE\학습대상데이터\AMLC001509.jpg,3,sha256:9756de13ffe55517fdc1525b832a6140c1bee4cf009b032060468e93a2507e05,9756de13ffe55517fdc1525b832a6140c1bee4cf009b032060468e93a2507e05
AMLC001510,C:\ITDA_OCR_CODE\학습대상데이터\AMLC001510.jpg,3,sha256:cbc2fc2a2a664be59044d934a7bf16ed08b9ca518cf6676566ad674e76911579,cbc2fc2a2a664be59044d934a7bf16ed08b9ca518cf6676566ad674e76911579
AMLC001511,C:\ITDA_OCR_CODE\학습대상데이터\AMLC001511.jpg,5,sha256:1907a9a33fa073f1e74287583a07f307b874cd0a5999aa9a3f41d5649e962653,1907a9a33fa073f1e74287583a07f307b874cd0a5999aa9a3f41d5649e962653
AMLC001512,C:\ITDA_OCR_CODE\학습대상데이터\AMLC001512.jpg,4,sha256:767ed5548647e9d2a55a73faf3bc6d8904216509250f508ae6b2c927ee62e20a,767ed5548647e9d2a55a73faf3bc6d8904216509250f508ae6b2c927ee62e20a
AMLC001513,C:\ITDA_OCR_CODE\학습대상데이터\AMLC001513.jpg,3,sha256:7167808a800d0eb52b618965b4c2100d7a9af05a742e9cda2e3fb28fb9cc231a,7167808a800d0eb52b618965b4c2100d7a9af05a742e9cda2e3fb28fb9cc231a
AMLC001514,C:\ITDA_OCR_CODE\학습대상데이터\AMLC001514.jpg,1,sha256:e6f28787925f2b68ae7d89466c0a77b0f218e5d8c4a5024af02f696c5f8097af,e6f28787925f2b68ae7d89466c0a77b0f218e5d8c4a5024af02f696c5f8097af
AMLC001515,C:\ITDA_OCR_CODE\학습대상데이터\AMLC001515.jpg,3,sha256:ff425ae05339cb93bdf40322912489000ecc4829bf6235ad2a8a77fba3ffd314,ff425ae05339cb93bdf40322912489000ecc4829bf6235ad2a8a77fba3ffd314
AMLC001516,C:\ITDA_OCR_CODE\학습대상데이터\AMLC001516.jpg,1,sha256:a97f198186a393f3b4c87cef786139515ec99022f032c22d3519131d318e8384,a97f198186a393f3b4c87cef786139515ec99022f032c22d3519131d318e8384
AMLC001517,C:\ITDA_OCR_CODE\학습대상데이터\AMLC001517.jpg,3,sha256:9272bb906365632b9de298cf40e3b37cc9fcd83e34a516f66afe4ec90d72a924,9272bb906365632b9de298cf40e3b37cc9fcd83e34a516f66afe4ec90d72a924
AMLC001518,C:\ITDA_OCR_CODE\학습대상데이터\AMLC001518.jpg,4,sha256:4ad9d825c722ec7c6b652a7323bc064161657a99ec0128821c5877b5ccb20099,4ad9d825c722ec7c6b652a7323bc064161657a99ec0128821c5877b5ccb20099
AMLC001519,C:\ITDA_OCR_CODE\학습대상데이터\AMLC001519.jpg,1,sha256:52e06b7d39c6d96506003f8c98d331c33185b4e3d3a2e63737368fbd4a53a52d,52e06b7d39c6d96506003f8c98d331c33185b4e3d3a2e63737368fbd4a53a52d
AMLC001520,C:\ITDA_OCR_CODE\학습대상데이터\AMLC001520.jpg,4,sha256:18303155cf31b525257159d4b30ddf74e9041286ce997557c494d98baa9e8530,18303155cf31b525257159d4b30ddf74e9041286ce997557c494d98baa9e8530
AMLC001521,C:\ITDA_OCR_CODE\학습대상데이터\AMLC001521.jpg,5,sha256:7ffabe18b40271059bb6681beb62b515b7f9b6b185f3e3b0e523765bebd6ab54,7ffabe18b40271059bb6681beb62b515b7f9b6b185f3e3b0e523765bebd6ab54
AMLC001522,C:\ITDA_OCR_CODE\학습대상데이터\AMLC001522.jpg,2,sha256:d566bff8d872bca7c336e90cff87e00b94ed5032b17bea4ebe11fef1501ed375,d566bff8d872bca7c336e90cff87e00b94ed5032b17bea4ebe11fef1501ed375
AMLC001523,C:\ITDA_OCR_CODE\학습대상데이터\AMLC001523.jpg,1,sha256:6be4b3886a610f1f791ce8720b8732544828035887e6cb2af645362566ba2b7a,6be4b3886a610f1f791ce8720b8732544828035887e6cb2af645362566ba2b7a
AMLC001524,C:\ITDA_OCR_CODE\학습대상데이터\AMLC001524.jpg,2,sha256:afbf6173a33ef84562e380cee1e02871736efbe1ee984d1882ce31a178141ded,afbf6173a33ef84562e380cee1e02871736efbe1ee984d1882ce31a178141ded
AMLC001525,C:\ITDA_OCR_CODE\학습대상데이터\AMLC001525.jpg,3,sha256:1f29bf295ff723813209b4980eef4fe818974e87c4b01a229a5f93976ca30ea2,1f29bf295ff723813209b4980eef4fe818974e87c4b01a229a5f93976ca30ea2
AMLC001526,C:\ITDA_OCR_CODE\학습대상데이터\AMLC001526.jpg,3,sha256:6edbf67f9b044fe4d085ef7d83499aa047a37e7e647e25bbae223c1b00cf019b,6edbf67f9b044fe4d085ef7d83499aa047a37e7e647e25bbae223c1b00cf019b
AMLC001527,C:\ITDA_OCR_CODE\학습대상데이터\AMLC001527.jpg,5,sha256:b6e0f0da23e75d0dcce255a01f6ff12b4299b79d907b3511b076aace2801ff04,b6e0f0da23e75d0dcce255a01f6ff12b4299b79d907b3511b076aace2801ff04
AMLC001528,C:\ITDA_OCR_CODE\학습대상데이터\AMLC001528.jpg,5,sha256:d2c5209a69ff210e7fde03521482b453f9b801393f7e3761dffbaf2462a83eb9,d2c5209a69ff210e7fde03521482b453f9b801393f7e3761dffbaf2462a83eb9
AMLC001529,C:\ITDA_OCR_CODE\학습대상데이터\AMLC001529.jpg,3,sha256:e2e08ef4de3f95e74b1ff4a775c935157dd2a43651d5826004310302ee536b8d,e2e08ef4de3f95e74b1ff4a775c935157dd2a43651d5826004310302ee536b8d
AMLC001530,C:\ITDA_OCR_CODE\학습대상데이터\AMLC001530.jpg,1,sha256:b1fb3421e5d0ab9d6cc124952ef3460982d0cf518356acd76a4367952f4bede2,b1fb3421e5d0ab9d6cc124952ef3460982d0cf518356acd76a4367952f4bede2
AMLC001531,C:\ITDA_OCR_CODE\학습대상데이터\AMLC001531.jpg,2,sha256:aa5a0abd9494487c7c88d3e16db8566f66055e9202e767c67718d85e5966bd74,aa5a0abd9494487c7c88d3e16db8566f66055e9202e767c67718d85e5966bd74
AMLC001532,C:\ITDA_OCR_CODE\학습대상데이터\AMLC001532.jpg,5,sha256:cb87934438e5284126ab572f8fa88ecf335c6a7770ea9ccb87e789494dcb90d7,cb87934438e5284126ab572f8fa88ecf335c6a7770ea9ccb87e789494dcb90d7
AMLC001533,C:\ITDA_OCR_CODE\학습대상데이터\AMLC001533.jpg,4,sha256:7d27249de2897f57ba4f390f53072fa071c125705ff7447f7c87ec6ba29ea257,7d27249de2897f57ba4f390f53072fa071c125705ff7447f7c87ec6ba29ea257
AMLC001534,C:\ITDA_OCR_CODE\학습대상데이터\AMLC001534.jpg,2,sha256:7c61e7c8144655f57facf40c79ec1ffe918ce3c2170e3cf68279613ffe2bb741,7c61e7c8144655f57facf40c79ec1ffe918ce3c2170e3cf68279613ffe2bb741
AMLC001535,C:\ITDA_OCR_CODE\학습대상데이터\AMLC001535.jpg,1,sha256:214d82e7ad70b77cbea13555a0a6653bfdce31afbb8efbed512bd0202faa2592,214d82e7ad70b77cbea13555a0a6653bfdce31afbb8efbed512bd0202faa2592
AMLC001536,C:\ITDA_OCR_CODE\학습대상데이터\AMLC001536.jpg,2,sha256:1e68021b34fd6609628036d29a1170a0d4075e19c4ed90abe17cddea4380bc4d,1e68021b34fd6609628036d29a1170a0d4075e19c4ed90abe17cddea4380bc4d
AMLC001537,C:\ITDA_OCR_CODE\학습대상데이터\AMLC001537.jpg,5,sha256:d7d745ff8e7260ee60b04f3d523f065b0395c03ce9928673878977450860e800,d7d745ff8e7260ee60b04f3d523f065b0395c03ce9928673878977450860e800
AMLC001538,C:\ITDA_OCR_CODE\학습대상데이터\AMLC001538.jpg,5,sha256:55b584f61a989033400e958ff4188726d5bf913e2f87329b6e8e8be1c6067845,55b584f61a989033400e958ff4188726d5bf913e2f87329b6e8e8be1c6067845
AMLC001539,C:\ITDA_OCR_CODE\학습대상데이터\AMLC001539.jpg,5,sha256:01f3a345d1a6490fbd71ee2e45cec5f5dd9592579ad466993a3baea69388cff1,01f3a345d1a6490fbd71ee2e45cec5f5dd9592579ad466993a3baea69388cff1
AMLC001540,C:\ITDA_OCR_CODE\학습대상데이터\AMLC001540.jpg,4,sha256:af6744ce2fa181c48c68ec4b879208c1d9c5dc5bcdb684b1ef392fc8370f7c3d,af6744ce2fa181c48c68ec4b879208c1d9c5dc5bcdb684b1ef392fc8370f7c3d
AMLC001541,C:\ITDA_OCR_CODE\학습대상데이터\AMLC001541.jpg,2,sha256:d78e843a8b1fe21d896000062713fad07eb8db94e0783d967439bb70acc0cd2b,d78e843a8b1fe21d896000062713fad07eb8db94e0783d967439bb70acc0cd2b
AMLC001542,C:\ITDA_OCR_CODE\학습대상데이터\AMLC001542.jpg,5,sha256:75385b1cabed6f19f879bd78e8e4c0eb50918d3c11d3543dbd812051053d234c,75385b1cabed6f19f879bd78e8e4c0eb50918d3c11d3543dbd812051053d234c
AMLC001543,C:\ITDA_OCR_CODE\학습대상데이터\AMLC001543.jpg,3,sha256:4cc0a73ea76964f7597ebfe698db92b0496dea1585734749a3c575a334cc564c,4cc0a73ea76964f7597ebfe698db92b0496dea1585734749a3c575a334cc564c
AMLC001544,C:\ITDA_OCR_CODE\학습대상데이터\AMLC001544.jpg,2,sha256:3cc3b950416bec19d74248dfbe16a8516a59417ad17d15eb37cc7f7c343e10f3,3cc3b950416bec19d74248dfbe16a8516a59417ad17d15eb37cc7f7c343e10f3
AMLC001545,C:\ITDA_OCR_CODE\학습대상데이터\AMLC001545.jpg,5,sha256:4a093ce8e05e408a61a17df8bab6a836ac12675dc689e30b6f7669f61ed920ef,4a093ce8e05e408a61a17df8bab6a836ac12675dc689e30b6f7669f61ed920ef
AMLC001546,C:\ITDA_OCR_CODE\학습대상데이터\AMLC001546.jpg,2,sha256:854434c9e0279ff2ec2a764bf6beb9ea44defe913408c7bd55712a7e9db07a6a,854434c9e0279ff2ec2a764bf6beb9ea44defe913408c7bd55712a7e9db07a6a
AMLC001547,C:\ITDA_OCR_CODE\학습대상데이터\AMLC001547.jpg,4,sha256:0ce489bc1c685481986c096c81a7c9fb585f06dbfa9d8c013447888e82c4b4ea,0ce489bc1c685481986c096c81a7c9fb585f06dbfa9d8c013447888e82c4b4ea
AMLC001548,C:\ITDA_OCR_CODE\학습대상데이터\AMLC001548.jpg,5,sha256:600eb5a47ebfe89fb90930aa4dd37de5b9c13ea8e1c4a616bd76cc55429c0d34,600eb5a47ebfe89fb90930aa4dd37de5b9c13ea8e1c4a616bd76cc55429c0d34
AMLC001549,C:\ITDA_OCR_CODE\학습대상데이터\AMLC001549.jpg,3,sha256:059d89157277a6b72696b30ccd6411148aa8eb8a2a31e8d94bbcecd4456896d0,059d89157277a6b72696b30ccd6411148aa8eb8a2a31e8d94bbcecd4456896d0
AMLC001550,C:\ITDA_OCR_CODE\학습대상데이터\AMLC001550.jpg,3,sha256:ac4584c4dfb26f18bdcb51a7fd652c00c11c8baea1abf244196698bc18c99e40,ac4584c4dfb26f18bdcb51a7fd652c00c11c8baea1abf244196698bc18c99e40
AMLC001551,C:\ITDA_OCR_CODE\학습대상데이터\AMLC001551.jpg,2,sha256:b8c7252df34f3636dce2d8a2776f0dab454b4a4c21720435f6b25253047cbb95,b8c7252df34f3636dce2d8a2776f0dab454b4a4c21720435f6b25253047cbb95
AMLC001552,C:\ITDA_OCR_CODE\학습대상데이터\AMLC001552.jpg,5,sha256:55af3032170019c7a07e6ecaf654b40516954842547c9caced10ee9440f76c0c,55af3032170019c7a07e6ecaf654b40516954842547c9caced10ee9440f76c0c
AMLC001553,C:\ITDA_OCR_CODE\학습대상데이터\AMLC001553.jpg,5,sha256:a1f6612b4630e969fd84621303be7d383aad30f19421c04c26aea7fb8725a62b,a1f6612b4630e969fd84621303be7d383aad30f19421c04c26aea7fb8725a62b
AMLC001554,C:\ITDA_OCR_CODE\학습대상데이터\AMLC001554.jpg,1,sha256:7bbed6646395e7a62e142100c5aad4008978eac5c69b983a92386f560497e17c,7bbed6646395e7a62e142100c5aad4008978eac5c69b983a92386f560497e17c
AMLC001555,C:\ITDA_OCR_CODE\학습대상데이터\AMLC001555.jpg,2,sha256:c1df964a7a0863273fffd8b9193e26e039c0cf0756b366e21bda805117236afa,c1df964a7a0863273fffd8b9193e26e039c0cf0756b366e21bda805117236afa
AMLC001556,C:\ITDA_OCR_CODE\학습대상데이터\AMLC001556.jpg,3,sha256:d1a6e4e45a16c0c1abc808bccc753158384959ebf1eb3a400fb491e09498f0c4,d1a6e4e45a16c0c1abc808bccc753158384959ebf1eb3a400fb491e09498f0c4
AMLC001557,C:\ITDA_OCR_CODE\학습대상데이터\AMLC001557.jpg,2,sha256:233fe53ef9391da681c6920f1d00ad70dc6b8b7e18083cb1a302e11bf48b18cf,233fe53ef9391da681c6920f1d00ad70dc6b8b7e18083cb1a302e11bf48b18cf
AMLC001558,C:\ITDA_OCR_CODE\학습대상데이터\AMLC001558.jpg,3,sha256:5a9a606acb978f768789017413099923e5ea25e56cc14e0a9219273c97b146c5,5a9a606acb978f768789017413099923e5ea25e56cc14e0a9219273c97b146c5
AMLC001559,C:\ITDA_OCR_CODE\학습대상데이터\AMLC001559.jpg,5,sha256:06c55a4dfb71edb919ad44b4b0fe08f622d0a1e27046aa1b157b4fe4d1289409,06c55a4dfb71edb919ad44b4b0fe08f622d0a1e27046aa1b157b4fe4d1289409
AMLC001560,C:\ITDA_OCR_CODE\학습대상데이터\AMLC001560.jpg,4,sha256:dcdd763522a03e7e0e4e353973c96cff994f5195df03ce7477774977f261b8c7,dcdd763522a03e7e0e4e353973c96cff994f5195df03ce7477774977f261b8c7
AMLC001561,C:\ITDA_OCR_CODE\학습대상데이터\AMLC001561.jpg,4,sha256:0d7edfd4bfa2418060e28ea6767c46cbedefd6f58f2d73bf3729cdfd24c5f8f3,0d7edfd4bfa2418060e28ea6767c46cbedefd6f58f2d73bf3729cdfd24c5f8f3
AMLC001562,C:\ITDA_OCR_CODE\학습대상데이터\AMLC001562.jpg,1,sha256:748b57120532dde725e2479cf19e9859d2415bcbbbb7915e27f648b13d021adc,748b57120532dde725e2479cf19e9859d2415bcbbbb7915e27f648b13d021adc
AMLC001563,C:\ITDA_OCR_CODE\학습대상데이터\AMLC001563.jpg,5,sha256:3dd129c1fa634a3f67c5801b2ec8ee19bc018ed03586fdc3aa5ee08f8e74e7c0,3dd129c1fa634a3f67c5801b2ec8ee19bc018ed03586fdc3aa5ee08f8e74e7c0
AMLC001564,C:\ITDA_OCR_CODE\학습대상데이터\AMLC001564.jpg,2,sha256:6f930dccab8173884601171eedef95abc5348323d6affab5c4ae9431222fe0af,6f930dccab8173884601171eedef95abc5348323d6affab5c4ae9431222fe0af
AMLC001565,C:\ITDA_OCR_CODE\학습대상데이터\AMLC001565.jpg,3,sha256:4d1ea5d1a2c12121d1dd98002282a8e58262ef2d9ecc8713a0564b36503aa04a,4d1ea5d1a2c12121d1dd98002282a8e58262ef2d9ecc8713a0564b36503aa04a
AMLC001566,C:\ITDA_OCR_CODE\학습대상데이터\AMLC001566.jpg,4,sha256:1568da8f3ba078ee3d0c21534287a96866f475c20b6993febbd7d48fd3d4be29,1568da8f3ba078ee3d0c21534287a96866f475c20b6993febbd7d48fd3d4be29
AMLC001567,C:\ITDA_OCR_CODE\학습대상데이터\AMLC001567.jpg,5,sha256:9b865fb4fb174f5d76691d9f605d528b7b2924c08229de5138d06c501e25107b,9b865fb4fb174f5d76691d9f605d528b7b2924c08229de5138d06c501e25107b
AMLC001568,C:\ITDA_OCR_CODE\학습대상데이터\AMLC001568.jpg,1,sha256:10a10d40097e068c9a3eda4c5904e14722502f4750d773e1ec53106dd42d3fed,10a10d40097e068c9a3eda4c5904e14722502f4750d773e1ec53106dd42d3fed
AMLC001569,C:\ITDA_OCR_CODE\학습대상데이터\AMLC001569.jpg,3,sha256:12873e121d5569d2b27a53bb035147e2a31aa07877c17943e0cc59d028b34a02,12873e121d5569d2b27a53bb035147e2a31aa07877c17943e0cc59d028b34a02
AMLC001570,C:\ITDA_OCR_CODE\학습대상데이터\AMLC001570.jpg,2,sha256:d7b61d8ec1f8ba088ccaa550b7ced50cb45858500f9431f049a6cb3db7426453,d7b61d8ec1f8ba088ccaa550b7ced50cb45858500f9431f049a6cb3db7426453
AMLC001571,C:\ITDA_OCR_CODE\학습대상데이터\AMLC001571.jpg,2,sha256:a835f141b4f5e69a2ce7c5640b59b90bb11621af9ae32f61a147a3c287a53fb8,a835f141b4f5e69a2ce7c5640b59b90bb11621af9ae32f61a147a3c287a53fb8
AMLC001572,C:\ITDA_OCR_CODE\학습대상데이터\AMLC001572.jpg,3,sha256:8ed1a34a07da47421d6c65e1d0c844d74982ee2459b59d1f0874fd4dfe8ba73e,8ed1a34a07da47421d6c65e1d0c844d74982ee2459b59d1f0874fd4dfe8ba73e
AMLC001573,C:\ITDA_OCR_CODE\학습대상데이터\AMLC001573.jpg,3,sha256:7b395e5ea76daace8708fe2a5b23afbe39572f4e3babd9e6b334e66f4546c103,7b395e5ea76daace8708fe2a5b23afbe39572f4e3babd9e6b334e66f4546c103
AMLC001574,C:\ITDA_OCR_CODE\학습대상데이터\AMLC001574.jpg,1,sha256:5f11a74914f5f0069e8a0eb7c1a3a2fe12c8a11adb0c670b07fe5721742292c2,5f11a74914f5f0069e8a0eb7c1a3a2fe12c8a11adb0c670b07fe5721742292c2
AMLC001575,C:\ITDA_OCR_CODE\학습대상데이터\AMLC001575.jpg,2,sha256:fa24688ca3e803386cd85db5a8f0705ba825e9ba96205ef5ab05f3a8e904101d,fa24688ca3e803386cd85db5a8f0705ba825e9ba96205ef5ab05f3a8e904101d
AMLC001576,C:\ITDA_OCR_CODE\학습대상데이터\AMLC001576.jpg,5,sha256:bd0cd1b06cceb7b92504fff80f8958cfcd27172a2477b4a39522411931643e17,bd0cd1b06cceb7b92504fff80f8958cfcd27172a2477b4a39522411931643e17
AMLC001577,C:\ITDA_OCR_CODE\학습대상데이터\AMLC001577.jpg,5,sha256:554a0681cdcb506e83f1eb18455e65f38e9248301f158bec7ad3b57f0eeca5be,554a0681cdcb506e83f1eb18455e65f38e9248301f158bec7ad3b57f0eeca5be
AMLC001578,C:\ITDA_OCR_CODE\학습대상데이터\AMLC001578.jpg,2,sha256:464b618106fb3e9c89ec64ca99cad46b0c1b19c1ea2a425d8c982006fa978e7f,464b618106fb3e9c89ec64ca99cad46b0c1b19c1ea2a425d8c982006fa978e7f
AMLC001579,C:\ITDA_OCR_CODE\학습대상데이터\AMLC001579.jpg,5,sha256:a7eb5334936d86f8f476a298c172c001de3cd82adce1cc494c5a7a7691027d47,a7eb5334936d86f8f476a298c172c001de3cd82adce1cc494c5a7a7691027d47
AMLC001580,C:\ITDA_OCR_CODE\학습대상데이터\AMLC001580.jpg,3,sha256:ecddb922ef344b2d2ed8a25a6f1cc3a08a1be9399d9b7f06bf0429b6e75d93ff,ecddb922ef344b2d2ed8a25a6f1cc3a08a1be9399d9b7f06bf0429b6e75d93ff
AMLC001581,C:\ITDA_OCR_CODE\학습대상데이터\AMLC001581.jpg,1,sha256:5d02f166bd04e15a67c150184ddd2097fb5df35b44f9e40db6bb4b472b76f83e,5d02f166bd04e15a67c150184ddd2097fb5df35b44f9e40db6bb4b472b76f83e
AMLC001582,C:\ITDA_OCR_CODE\학습대상데이터\AMLC001582.jpg,2,sha256:1280de3be036d3d5eab0ef4a765dc6fc98c50ce9bbb553747f3e1764b8a4f69b,1280de3be036d3d5eab0ef4a765dc6fc98c50ce9bbb553747f3e1764b8a4f69b
AMLC001583,C:\ITDA_OCR_CODE\학습대상데이터\AMLC001583.jpg,1,sha256:cfbe4178a660cffbcb4569ccba16a2813421ce4b73c5bc0aed7c0dcc8d36d16a,cfbe4178a660cffbcb4569ccba16a2813421ce4b73c5bc0aed7c0dcc8d36d16a
AMLC001584,C:\ITDA_OCR_CODE\학습대상데이터\AMLC001584.jpg,5,sha256:b621e84577d661dfddfd95eb014941bb68b62853bdccbf8d720d8e875d2e1a28,b621e84577d661dfddfd95eb014941bb68b62853bdccbf8d720d8e875d2e1a28
AMLC001585,C:\ITDA_OCR_CODE\학습대상데이터\AMLC001585.jpg,2,sha256:1f8bdc8d6ccab022c41bbd35e149ea3678fb0502233c71a6fc6e9ca11e2175b8,1f8bdc8d6ccab022c41bbd35e149ea3678fb0502233c71a6fc6e9ca11e2175b8
AMLC001586,C:\ITDA_OCR_CODE\학습대상데이터\AMLC001586.jpg,3,sha256:5c66ad541e0ce370a4ad9bb6e305925d776adfe1383659c295fadb633e653e0f,5c66ad541e0ce370a4ad9bb6e305925d776adfe1383659c295fadb633e653e0f
AMLC001587,C:\ITDA_OCR_CODE\학습대상데이터\AMLC001587.jpg,5,sha256:9d9175fab9696df8cedc1214430e96d7437c9ebe9b543387d5ff5d88a0cb5981,9d9175fab9696df8cedc1214430e96d7437c9ebe9b543387d5ff5d88a0cb5981
AMLC001588,C:\ITDA_OCR_CODE\학습대상데이터\AMLC001588.jpg,2,sha256:36129dde1a346c3befc1cb3814278aee79636684cd6ebea5fb53c98abc99e6d3,36129dde1a346c3befc1cb3814278aee79636684cd6ebea5fb53c98abc99e6d3
AMLC001589,C:\ITDA_OCR_CODE\학습대상데이터\AMLC001589.jpg,3,sha256:796fc542745bb695c7fa48f5909e2d7d986ad3208ceeea6aa6ee8bc45a3eeecc,796fc542745bb695c7fa48f5909e2d7d986ad3208ceeea6aa6ee8bc45a3eeecc
AMLC001590,C:\ITDA_OCR_CODE\학습대상데이터\AMLC001590.jpg,5,sha256:bc1d45da63554fdc1806a16cd4921bec3e0742dd27c363b56d34ebe3d4a3b171,bc1d45da63554fdc1806a16cd4921bec3e0742dd27c363b56d34ebe3d4a3b171
AMLC001591,C:\ITDA_OCR_CODE\학습대상데이터\AMLC001591.jpg,4,sha256:e3e54156a31bdbe533a4fdc6bfe7553ad10b6e4bc79ccc5d45cf44a92a0ef553,e3e54156a31bdbe533a4fdc6bfe7553ad10b6e4bc79ccc5d45cf44a92a0ef553
AMLC001592,C:\ITDA_OCR_CODE\학습대상데이터\AMLC001592.jpg,1,sha256:724fdb22e052fefdec69315db6c71b20c22062187fa51474216b1da07c4686a7,724fdb22e052fefdec69315db6c71b20c22062187fa51474216b1da07c4686a7
AMLC001593,C:\ITDA_OCR_CODE\학습대상데이터\AMLC001593.jpg,2,sha256:b3a6b5bfb561ceb5a0615ebe14d0c95161afc74f3f600a0f4faa30493f8ae0fe,b3a6b5bfb561ceb5a0615ebe14d0c95161afc74f3f600a0f4faa30493f8ae0fe
AMLC001594,C:\ITDA_OCR_CODE\학습대상데이터\AMLC001594.jpg,4,sha256:b1fa3c7d93b125c2fbdb12926d8c9198958395b26f5ebf0b5edb101861358717,b1fa3c7d93b125c2fbdb12926d8c9198958395b26f5ebf0b5edb101861358717
AMLC001595,C:\ITDA_OCR_CODE\학습대상데이터\AMLC001595.jpg,4,sha256:6a7d5ef1bfa1a24b99cc2b677fe00b8c72c3c0bab204ed9f3ac248d8a1ebc9c3,6a7d5ef1bfa1a24b99cc2b677fe00b8c72c3c0bab204ed9f3ac248d8a1ebc9c3
AMLC001596,C:\ITDA_OCR_CODE\학습대상데이터\AMLC001596.jpg,4,sha256:f9c45703005d0148420fa6ee10821751ce75a83987054d34e3b4c1edf6c359ab,f9c45703005d0148420fa6ee10821751ce75a83987054d34e3b4c1edf6c359ab
AMLC001597,C:\ITDA_OCR_CODE\학습대상데이터\AMLC001597.jpg,2,sha256:99d8f2cbdd6564e6dd4f5c8a87c3b2fc0a8231cb031cc72c203c60d9a31fc067,99d8f2cbdd6564e6dd4f5c8a87c3b2fc0a8231cb031cc72c203c60d9a31fc067
AMLC001598,C:\ITDA_OCR_CODE\학습대상데이터\AMLC001598.jpg,5,sha256:f8a586f34a47b692c212a713d9375d1ebad774f3b9682697ec23a64de3995f79,f8a586f34a47b692c212a713d9375d1ebad774f3b9682697ec23a64de3995f79
AMLC001599,C:\ITDA_OCR_CODE\학습대상데이터\AMLC001599.jpg,2,sha256:01723d258062bdff37ea8e61da1bbf45e902ab4ddba17235436f1bf0f2d662ed,01723d258062bdff37ea8e61da1bbf45e902ab4ddba17235436f1bf0f2d662ed
AMLC001600,C:\ITDA_OCR_CODE\학습대상데이터\AMLC001600.jpg,4,sha256:e54f4ca54939689396e52de9fdb587f9f54764de93ec0f7fdf1581543c8c6226,e54f4ca54939689396e52de9fdb587f9f54764de93ec0f7fdf1581543c8c6226
AMLC001601,C:\ITDA_OCR_CODE\학습대상데이터\AMLC001601.jpg,3,sha256:6c8cf3c7b4f25ee6c12c4443fea34a1d0e57da9396ee6de205a7de748e90bdc3,6c8cf3c7b4f25ee6c12c4443fea34a1d0e57da9396ee6de205a7de748e90bdc3
AMLC001602,C:\ITDA_OCR_CODE\학습대상데이터\AMLC001602.jpg,3,sha256:1c3107204ffe7f85a6d2bde13ea50a52c3a6960985aa17587cf73792a9870b83,1c3107204ffe7f85a6d2bde13ea50a52c3a6960985aa17587cf73792a9870b83
AMLC001603,C:\ITDA_OCR_CODE\학습대상데이터\AMLC001603.jpg,3,sha256:1223594fcc3c7320f580bd772811eccc98c805ccf146a42e99c75720d05d11b5,1223594fcc3c7320f580bd772811eccc98c805ccf146a42e99c75720d05d11b5
AMLC001604,C:\ITDA_OCR_CODE\학습대상데이터\AMLC001604.jpg,5,sha256:93561a64b69530d3b9ac70b3f7203729d3dd37b58037863e7f40a3a7ed04de0f,93561a64b69530d3b9ac70b3f7203729d3dd37b58037863e7f40a3a7ed04de0f
AMLC001605,C:\ITDA_OCR_CODE\학습대상데이터\AMLC001605.jpg,5,sha256:996d906bd49cdd57d6451aeaac18dc051d535195a9aaa573a51af91ea336d23a,996d906bd49cdd57d6451aeaac18dc051d535195a9aaa573a51af91ea336d23a
AMLC001606,C:\ITDA_OCR_CODE\학습대상데이터\AMLC001606.jpg,5,sha256:739c710190ad769bbbc18e4ba66f7180cc0c5c8b37b45a3e34e6ec1823c9ccef,739c710190ad769bbbc18e4ba66f7180cc0c5c8b37b45a3e34e6ec1823c9ccef
AMLC001607,C:\ITDA_OCR_CODE\학습대상데이터\AMLC001607.jpg,3,sha256:93da337fa30af5055c11d4b0ce4ceb1620e9a1ee1daedacb00a7a1f1375055ed,93da337fa30af5055c11d4b0ce4ceb1620e9a1ee1daedacb00a7a1f1375055ed
AMLC001608,C:\ITDA_OCR_CODE\학습대상데이터\AMLC001608.jpg,3,sha256:66039a3a57a3a8b434fcc3664d04f16d39126ef27dcb4105120b885022eeb6c7,66039a3a57a3a8b434fcc3664d04f16d39126ef27dcb4105120b885022eeb6c7
AMLC001609,C:\ITDA_OCR_CODE\학습대상데이터\AMLC001609.jpg,5,sha256:31a7c1a06f757e170245bc008b3534bffe306c6473484183ef8cff1e1ddf9bc0,31a7c1a06f757e170245bc008b3534bffe306c6473484183ef8cff1e1ddf9bc0
AMLC001610,C:\ITDA_OCR_CODE\학습대상데이터\AMLC001610.jpg,5,sha256:65f7223d46d3cc61b238159f121643365e6d6276f09899098d6445f59166f041,65f7223d46d3cc61b238159f121643365e6d6276f09899098d6445f59166f041
AMLC001611,C:\ITDA_OCR_CODE\학습대상데이터\AMLC001611.jpg,1,sha256:8b6b8456af8beb945d1555a389e65072a49404e3b1880f2b9188ecd852025de9,8b6b8456af8beb945d1555a389e65072a49404e3b1880f2b9188ecd852025de9
AMLC001612,C:\ITDA_OCR_CODE\학습대상데이터\AMLC001612.jpg,5,sha256:2d95ad68f099aef4088fad3cb06fa7c4d1e93ccd79115cba0a3cdd110318357c,2d95ad68f099aef4088fad3cb06fa7c4d1e93ccd79115cba0a3cdd110318357c
AMLC001613,C:\ITDA_OCR_CODE\학습대상데이터\AMLC001613.jpg,5,sha256:272d885336e2673959835118bc8b141187a7d6e2dcf36711dc4ca1086b7381dc,272d885336e2673959835118bc8b141187a7d6e2dcf36711dc4ca1086b7381dc
AMLC001614,C:\ITDA_OCR_CODE\학습대상데이터\AMLC001614.jpg,4,sha256:e75d9e92b9b8dbe35df248ae0c16eb3322a9265849d4b75f26a6f2ffa1b74de2,e75d9e92b9b8dbe35df248ae0c16eb3322a9265849d4b75f26a6f2ffa1b74de2
AMLC001615,C:\ITDA_OCR_CODE\학습대상데이터\AMLC001615.jpg,4,sha256:4876bff014f7230c40debdcf697ab370ec241359389ed5a1964dff3f12d4bc75,4876bff014f7230c40debdcf697ab370ec241359389ed5a1964dff3f12d4bc75
AMLC001616,C:\ITDA_OCR_CODE\학습대상데이터\AMLC001616.jpg,5,sha256:8ec02cd90f3efb4ed083532e0dc982d8b9b266d736c107fba6e8bb144773b818,8ec02cd90f3efb4ed083532e0dc982d8b9b266d736c107fba6e8bb144773b818
AMLC001617,C:\ITDA_OCR_CODE\학습대상데이터\AMLC001617.jpg,1,sha256:157e74ddab8cbe9dfc46173a7be3a1478f2b091d00f647f07a01522627ff38e4,157e74ddab8cbe9dfc46173a7be3a1478f2b091d00f647f07a01522627ff38e4
AMLC001618,C:\ITDA_OCR_CODE\학습대상데이터\AMLC001618.jpg,2,sha256:d8d6fa16f7d289e6f5bf0dee032cbcba2cdd61b4cc80016968a2d6acd77425c2,d8d6fa16f7d289e6f5bf0dee032cbcba2cdd61b4cc80016968a2d6acd77425c2
AMLC001619,C:\ITDA_OCR_CODE\학습대상데이터\AMLC001619.jpg,5,sha256:57a5067c1f8e911170457e3f4f9828070764a32aa297e9224bc987bb3944a829,57a5067c1f8e911170457e3f4f9828070764a32aa297e9224bc987bb3944a829
AMLC001620,C:\ITDA_OCR_CODE\학습대상데이터\AMLC001620.jpg,4,sha256:fdddcc3d6aebca68a4b098d40341a4bcfdc2146d7e7de494d337ecadd5ef944c,fdddcc3d6aebca68a4b098d40341a4bcfdc2146d7e7de494d337ecadd5ef944c
AMLC001621,C:\ITDA_OCR_CODE\학습대상데이터\AMLC001621.jpg,5,sha256:59811a948c0eeeb2f5aedbd9a51b67c2820c4e62a91b945c09459b1f8ee723b4,59811a948c0eeeb2f5aedbd9a51b67c2820c4e62a91b945c09459b1f8ee723b4
AMLC001622,C:\ITDA_OCR_CODE\학습대상데이터\AMLC001622.jpg,2,sha256:d925f9030907de574afc3151c8c87abd1b0f9639b6b4db6721ccf4c7464efccb,d925f9030907de574afc3151c8c87abd1b0f9639b6b4db6721ccf4c7464efccb
AMLC001623,C:\ITDA_OCR_CODE\학습대상데이터\AMLC001623.jpg,5,sha256:ba28061016290219b110d32b6864b1a5e6735522435febd4cfd1b0879a0c038e,ba28061016290219b110d32b6864b1a5e6735522435febd4cfd1b0879a0c038e
AMLC001624,C:\ITDA_OCR_CODE\학습대상데이터\AMLC001624.jpg,2,sha256:d14bb6d5a2933d51872e86a6d1affd8cd11f49c29b7ddad3ca60082580f09bea,d14bb6d5a2933d51872e86a6d1affd8cd11f49c29b7ddad3ca60082580f09bea
AMLC001625,C:\ITDA_OCR_CODE\학습대상데이터\AMLC001625.jpg,1,sha256:903887a7bd40747c59f2c4b64946e0ddff461a02a7b5182507a7762433ee37ba,903887a7bd40747c59f2c4b64946e0ddff461a02a7b5182507a7762433ee37ba
AMLC001626,C:\ITDA_OCR_CODE\학습대상데이터\AMLC001626.jpg,1,sha256:f35701568d969829910a2b6406fbcc8be1a66222525abb1186dc860eaea33586,f35701568d969829910a2b6406fbcc8be1a66222525abb1186dc860eaea33586
AMLC001627,C:\ITDA_OCR_CODE\학습대상데이터\AMLC001627.jpg,2,sha256:3937271cc4a19f42e9a2c0bca7436aa3443c80bb730f738f7fa15dfe3580faa3,3937271cc4a19f42e9a2c0bca7436aa3443c80bb730f738f7fa15dfe3580faa3
AMLC001628,C:\ITDA_OCR_CODE\학습대상데이터\AMLC001628.jpg,2,sha256:944f82de9add2f55155c17eb5ae2077a4dc6d60cb77296d48eef8acdc4b0ce46,944f82de9add2f55155c17eb5ae2077a4dc6d60cb77296d48eef8acdc4b0ce46
AMLC001629,C:\ITDA_OCR_CODE\학습대상데이터\AMLC001629.jpg,5,sha256:f5e4ccca5dcf62c3fbfb3ad9af3d281f8cdc810d693b46afdfff9a0089f355f2,f5e4ccca5dcf62c3fbfb3ad9af3d281f8cdc810d693b46afdfff9a0089f355f2
AMLC001630,C:\ITDA_OCR_CODE\학습대상데이터\AMLC001630.jpg,3,sha256:37444e97bcdda362f3fe7867646b9b355a0ceeabae8218a90bcca0bee048ba2a,37444e97bcdda362f3fe7867646b9b355a0ceeabae8218a90bcca0bee048ba2a
AMLC001631,C:\ITDA_OCR_CODE\학습대상데이터\AMLC001631.jpg,1,sha256:1c911808ca003c3aeee41caa64ebf9cd83cd7d64631c804285d1b9865e5eb2c9,1c911808ca003c3aeee41caa64ebf9cd83cd7d64631c804285d1b9865e5eb2c9
AMLC001632,C:\ITDA_OCR_CODE\학습대상데이터\AMLC001632.jpg,4,sha256:8a13df50e7529754a6e60aa7d48cb2d73ef5fa3a7c4a0880a1e92b83886bea10,8a13df50e7529754a6e60aa7d48cb2d73ef5fa3a7c4a0880a1e92b83886bea10
AMLC001633,C:\ITDA_OCR_CODE\학습대상데이터\AMLC001633.jpg,1,sha256:0750e3ae6830f91f44ed5fc2ad6980efe605c3af451094d937e024fe2bcdc591,0750e3ae6830f91f44ed5fc2ad6980efe605c3af451094d937e024fe2bcdc591
AMLC001634,C:\ITDA_OCR_CODE\학습대상데이터\AMLC001634.jpg,3,sha256:a44317708aa1154ed7ba3dd52ed45b26372c2c57fef060d9dd3014e8f3b292ab,a44317708aa1154ed7ba3dd52ed45b26372c2c57fef060d9dd3014e8f3b292ab
AMLC001635,C:\ITDA_OCR_CODE\학습대상데이터\AMLC001635.jpg,2,sha256:85e2642bb2114ef51ecb3a0711664c56274b2f5b3478a1e7f08360a226e5f642,85e2642bb2114ef51ecb3a0711664c56274b2f5b3478a1e7f08360a226e5f642
AMLC001636,C:\ITDA_OCR_CODE\학습대상데이터\AMLC001636.jpg,4,sha256:7712038eb2f335d28ac4436f0e5d0f14893c215a057522c82b86034123ee0b74,7712038eb2f335d28ac4436f0e5d0f14893c215a057522c82b86034123ee0b74
AMLC001637,C:\ITDA_OCR_CODE\학습대상데이터\AMLC001637.jpg,4,sha256:2d52ccddc50143a79fcb2d25168e21c21ddeef2f0bb696628cb9bc7b4d28d4c8,2d52ccddc50143a79fcb2d25168e21c21ddeef2f0bb696628cb9bc7b4d28d4c8
AMLC001638,C:\ITDA_OCR_CODE\학습대상데이터\AMLC001638.jpg,1,sha256:4f76a481045e81d7ad92d13c3f4af0fac40475cbc14c769c42ef705a0db2bf8f,4f76a481045e81d7ad92d13c3f4af0fac40475cbc14c769c42ef705a0db2bf8f
AMLC001639,C:\ITDA_OCR_CODE\학습대상데이터\AMLC001639.jpg,5,sha256:cc6e37869f6a054d4af1e4f8f28fd5db584e188373a18f086b43667001b31e9e,cc6e37869f6a054d4af1e4f8f28fd5db584e188373a18f086b43667001b31e9e
AMLC001640,C:\ITDA_OCR_CODE\학습대상데이터\AMLC001640.jpg,4,sha256:8f413986baf5e544beb55d1dad5d179c2b917732cbc920fbbe2770f03e99a1a7,8f413986baf5e544beb55d1dad5d179c2b917732cbc920fbbe2770f03e99a1a7
AMLC001641,C:\ITDA_OCR_CODE\학습대상데이터\AMLC001641.jpg,2,sha256:f9a3578907d64a7a576b88eebd7dac8ba64d6078058238b87a713bcc9debdeb6,f9a3578907d64a7a576b88eebd7dac8ba64d6078058238b87a713bcc9debdeb6
AMLC001642,C:\ITDA_OCR_CODE\학습대상데이터\AMLC001642.jpg,2,sha256:703a9514116cebd60212cca78676ac1c214be3a30f231246e6fad6a0d7f870a2,703a9514116cebd60212cca78676ac1c214be3a30f231246e6fad6a0d7f870a2
AMLC001643,C:\ITDA_OCR_CODE\학습대상데이터\AMLC001643.jpg,5,sha256:2f902f885469eebde649762b61970a03b23b9fbcb6869d917a9ccfd43c0ed356,2f902f885469eebde649762b61970a03b23b9fbcb6869d917a9ccfd43c0ed356
AMLC001644,C:\ITDA_OCR_CODE\학습대상데이터\AMLC001644.jpg,5,sha256:f614934a72b5033729aafdbdfb3894d4d3e6d74e1c53e4e3cf507c0b1b76661f,f614934a72b5033729aafdbdfb3894d4d3e6d74e1c53e4e3cf507c0b1b76661f
AMLC001645,C:\ITDA_OCR_CODE\학습대상데이터\AMLC001645.jpg,5,sha256:3a445f0536da263368e35759b9b0489cb80fbb678f2e10a5ca74858cb24c0401,3a445f0536da263368e35759b9b0489cb80fbb678f2e10a5ca74858cb24c0401
AMLC001646,C:\ITDA_OCR_CODE\학습대상데이터\AMLC001646.jpg,5,sha256:ef53c3721a880068d8d09d02e347dd3f31081f5cfcc10d4d54e3e206e6f751a6,ef53c3721a880068d8d09d02e347dd3f31081f5cfcc10d4d54e3e206e6f751a6
AMLC001647,C:\ITDA_OCR_CODE\학습대상데이터\AMLC001647.jpg,1,sha256:d27e12094e05804b08fa69874494a1ad69fc4dab67b661acb9bc0debc73e0d9d,d27e12094e05804b08fa69874494a1ad69fc4dab67b661acb9bc0debc73e0d9d
AMLC001648,C:\ITDA_OCR_CODE\학습대상데이터\AMLC001648.jpg,5,sha256:3f15a1adec0668af01dfac1079434fb3ed27a47caf79201c16fe8edde5e0487b,3f15a1adec0668af01dfac1079434fb3ed27a47caf79201c16fe8edde5e0487b
AMLC001649,C:\ITDA_OCR_CODE\학습대상데이터\AMLC001649.jpg,5,sha256:1bb80b7717ba008b502ac233e23b826e6f75542b6fdffbcad5a61ee284d6fc47,1bb80b7717ba008b502ac233e23b826e6f75542b6fdffbcad5a61ee284d6fc47
AMLC001650,C:\ITDA_OCR_CODE\학습대상데이터\AMLC001650.jpg,3,sha256:1083cc69a31234db42b45e54ef2df00949f16780600845c0009059b714850836,1083cc69a31234db42b45e54ef2df00949f16780600845c0009059b714850836
AMLC001651,C:\ITDA_OCR_CODE\학습대상데이터\AMLC001651.jpg,3,sha256:27aebcc8dfcf94df8b7157724dead0c5f4f924c89207f434825dc49630fb6713,27aebcc8dfcf94df8b7157724dead0c5f4f924c89207f434825dc49630fb6713
AMLC001652,C:\ITDA_OCR_CODE\학습대상데이터\AMLC001652.jpg,5,sha256:e2d566c12a6a1c54b8a363a9c184526a369f31c8cb75271c035218b225be2afd,e2d566c12a6a1c54b8a363a9c184526a369f31c8cb75271c035218b225be2afd
AMLC001653,C:\ITDA_OCR_CODE\학습대상데이터\AMLC001653.jpg,5,sha256:533dddd4dcd7fb6b9dffddcf5f3309086d4295bfc609965036fc98facbfe39de,533dddd4dcd7fb6b9dffddcf5f3309086d4295bfc609965036fc98facbfe39de
AMLC001654,C:\ITDA_OCR_CODE\학습대상데이터\AMLC001654.jpg,4,sha256:cf7435cfaa4b53bbeecea986ec356dd39f8d431a7455a51a16a24e3366033141,cf7435cfaa4b53bbeecea986ec356dd39f8d431a7455a51a16a24e3366033141
AMLC001655,C:\ITDA_OCR_CODE\학습대상데이터\AMLC001655.jpg,4,sha256:381f9770046ce5f7ff427ab95303f2c3e9865a4d1218fccbdd81cd41fb1d9d31,381f9770046ce5f7ff427ab95303f2c3e9865a4d1218fccbdd81cd41fb1d9d31
AMLC001656,C:\ITDA_OCR_CODE\학습대상데이터\AMLC001656.jpg,5,sha256:40e6cf1f2349171211aaa4ce5dc4f34ac4f82627642b15ef10dd864d8aa5a15e,40e6cf1f2349171211aaa4ce5dc4f34ac4f82627642b15ef10dd864d8aa5a15e
AMLC001657,C:\ITDA_OCR_CODE\학습대상데이터\AMLC001657.jpg,5,sha256:1c30fb214f79c9ef0113b895c6862e53c2641e4f923eb0a5e0b9d916ee09f6a9,1c30fb214f79c9ef0113b895c6862e53c2641e4f923eb0a5e0b9d916ee09f6a9
AMLC001658,C:\ITDA_OCR_CODE\학습대상데이터\AMLC001658.jpg,1,sha256:47083bff90fcad2378d57954cc2abded33640edb3af2eba5b9e2c0eed38d18ed,47083bff90fcad2378d57954cc2abded33640edb3af2eba5b9e2c0eed38d18ed
AMLC001659,C:\ITDA_OCR_CODE\학습대상데이터\AMLC001659.jpg,4,sha256:a1709bba18f77596c2497aa192ddaea9f514b0514a0a568d8135ad13b2064758,a1709bba18f77596c2497aa192ddaea9f514b0514a0a568d8135ad13b2064758
AMLC001660,C:\ITDA_OCR_CODE\학습대상데이터\AMLC001660.jpg,5,sha256:4e3d1ab6a91922edc0e077eed503da4465e85944f22b04f5fb5cb9178fa64203,4e3d1ab6a91922edc0e077eed503da4465e85944f22b04f5fb5cb9178fa64203
AMLC001661,C:\ITDA_OCR_CODE\학습대상데이터\AMLC001661.jpg,2,sha256:5cb9fe326a421dc5236f6958298190d17856f56f93cb2538e8c64faad34b3e99,5cb9fe326a421dc5236f6958298190d17856f56f93cb2538e8c64faad34b3e99
AMLC001662,C:\ITDA_OCR_CODE\학습대상데이터\AMLC001662.jpg,2,sha256:7f12d6c94e0c50d94e5c6d95cebb729369cc48c8b4294e86bcb3d497a201f395,7f12d6c94e0c50d94e5c6d95cebb729369cc48c8b4294e86bcb3d497a201f395
AMLC001663,C:\ITDA_OCR_CODE\학습대상데이터\AMLC001663.jpg,5,sha256:c7f0ec06ccbbe46306c05d2182ed94ccb1f3f77bc531059d64861b37e6cd077f,c7f0ec06ccbbe46306c05d2182ed94ccb1f3f77bc531059d64861b37e6cd077f
AMLC001664,C:\ITDA_OCR_CODE\학습대상데이터\AMLC001664.jpg,4,sha256:58a107f504c86694d387bb4800c01a40f53140d5c902e937a28ec96763298c6c,58a107f504c86694d387bb4800c01a40f53140d5c902e937a28ec96763298c6c
AMLC001665,C:\ITDA_OCR_CODE\학습대상데이터\AMLC001665.jpg,2,sha256:a391be48c5b4ad7b78f537875531bd3eb7cb77a8cc2c832e944dac5b51f57a9d,a391be48c5b4ad7b78f537875531bd3eb7cb77a8cc2c832e944dac5b51f57a9d
AMLC001666,C:\ITDA_OCR_CODE\학습대상데이터\AMLC001666.jpg,3,sha256:d3eba20fc4e40f948d768dfb0f88a5a041c24d9b7a7874e0d41fd9bc9ac38187,d3eba20fc4e40f948d768dfb0f88a5a041c24d9b7a7874e0d41fd9bc9ac38187
AMLC001667,C:\ITDA_OCR_CODE\학습대상데이터\AMLC001667.jpg,4,sha256:28004abbff6aaff456988da6aca66f99a1975a633be03745b807dd832965dbf0,28004abbff6aaff456988da6aca66f99a1975a633be03745b807dd832965dbf0
AMLC001668,C:\ITDA_OCR_CODE\학습대상데이터\AMLC001668.jpg,4,sha256:863b73c729110acd257b751f5199c733aca5b2a9d2db4a831895f13cafde9d9f,863b73c729110acd257b751f5199c733aca5b2a9d2db4a831895f13cafde9d9f
AMLC001669,C:\ITDA_OCR_CODE\학습대상데이터\AMLC001669.jpg,5,sha256:5a3d0160bacc9a5b4812ce009d0bbe6340701de3ecdc90fba76a33e86e4d04fd,5a3d0160bacc9a5b4812ce009d0bbe6340701de3ecdc90fba76a33e86e4d04fd
AMLC001670,C:\ITDA_OCR_CODE\학습대상데이터\AMLC001670.jpg,5,sha256:4326ec6ffbda3252a179af1ac5a15dae8f89f39e4eea5c40c8255b6081020dd5,4326ec6ffbda3252a179af1ac5a15dae8f89f39e4eea5c40c8255b6081020dd5
AMLC001671,C:\ITDA_OCR_CODE\학습대상데이터\AMLC001671.jpg,5,sha256:28d626146aae9b6750a98192525b0123c4e2fa954c012937eefc7f424694de09,28d626146aae9b6750a98192525b0123c4e2fa954c012937eefc7f424694de09
AMLC001672,C:\ITDA_OCR_CODE\학습대상데이터\AMLC001672.jpg,1,sha256:f6b81883c19ea29224c4ffcb487ad0b841db02f297330f9757c1855e9e789e1a,f6b81883c19ea29224c4ffcb487ad0b841db02f297330f9757c1855e9e789e1a
AMLC001673,C:\ITDA_OCR_CODE\학습대상데이터\AMLC001673.jpg,5,sha256:d40b21fe9bc5401bafc312185ac9e8a4f40d35e1ec337b63234861f923bf74f4,d40b21fe9bc5401bafc312185ac9e8a4f40d35e1ec337b63234861f923bf74f4
AMLC001674,C:\ITDA_OCR_CODE\학습대상데이터\AMLC001674.jpg,1,sha256:3c31099f05197a0770287a0bb12cbe05be4bc778ad01681f2fc46c300b96707b,3c31099f05197a0770287a0bb12cbe05be4bc778ad01681f2fc46c300b96707b
AMLC001675,C:\ITDA_OCR_CODE\학습대상데이터\AMLC001675.jpg,2,sha256:c423e68629f1d56d3ae1ffe8c194cea23346798d1b6c08f22be53bba68507504,c423e68629f1d56d3ae1ffe8c194cea23346798d1b6c08f22be53bba68507504
AMLC001676,C:\ITDA_OCR_CODE\학습대상데이터\AMLC001676.jpg,1,sha256:4bf604eef488e91559692f870e0e5352a57ce61c45edf99dc9b0323e4eb4d766,4bf604eef488e91559692f870e0e5352a57ce61c45edf99dc9b0323e4eb4d766
AMLC001677,C:\ITDA_OCR_CODE\학습대상데이터\AMLC001677.jpg,3,sha256:2651c2804d8aebc46ebe02fc2cd6a72d84192e31c70e3d7063c75ed84c4d4ee1,2651c2804d8aebc46ebe02fc2cd6a72d84192e31c70e3d7063c75ed84c4d4ee1
AMLC001678,C:\ITDA_OCR_CODE\학습대상데이터\AMLC001678.jpg,5,sha256:40e651e0e8a3d440e9f015a287077f515b940a9994b7e1daf3a794f53a9b0bf6,40e651e0e8a3d440e9f015a287077f515b940a9994b7e1daf3a794f53a9b0bf6
AMLC001679,C:\ITDA_OCR_CODE\학습대상데이터\AMLC001679.jpg,2,sha256:a62710059443f71618001b616a195fd0fd48dc600d49963c89fad80fbf53c9ee,a62710059443f71618001b616a195fd0fd48dc600d49963c89fad80fbf53c9ee
AMLC001680,C:\ITDA_OCR_CODE\학습대상데이터\AMLC001680.jpg,5,sha256:cb8df5f6d3804ffd1d8f18876db01f15459dea1b91d329d6a9b8d0fbe92b1857,cb8df5f6d3804ffd1d8f18876db01f15459dea1b91d329d6a9b8d0fbe92b1857
AMLC001681,C:\ITDA_OCR_CODE\학습대상데이터\AMLC001681.jpg,1,sha256:19b9a196b040e5a6faa11dbd5681b1e36464deac0957ece89da2873cabf81b59,19b9a196b040e5a6faa11dbd5681b1e36464deac0957ece89da2873cabf81b59
AMLC001682,C:\ITDA_OCR_CODE\학습대상데이터\AMLC001682.jpg,1,sha256:68d205656ad43be4429889ccefe976b4eea48efca57d430e5749f777adac9e43,68d205656ad43be4429889ccefe976b4eea48efca57d430e5749f777adac9e43
AMLC001683,C:\ITDA_OCR_CODE\학습대상데이터\AMLC001683.jpg,5,sha256:8b100c464d81e7eebc8de517fdcd0a4a4eb609ff57ebe73e212e0079d7f43e2f,8b100c464d81e7eebc8de517fdcd0a4a4eb609ff57ebe73e212e0079d7f43e2f
AMLC001684,C:\ITDA_OCR_CODE\학습대상데이터\AMLC001684.jpg,5,sha256:3f361bc812441ace5c1567575309e232e7049dbc696be9741036d60b4df5a0ad,3f361bc812441ace5c1567575309e232e7049dbc696be9741036d60b4df5a0ad
AMLC001685,C:\ITDA_OCR_CODE\학습대상데이터\AMLC001685.jpg,2,sha256:6e49bf02d791fb4314507e89e3c57a4a2dba162b6b8d6d8ca6d8fb9bd9ed9d11,6e49bf02d791fb4314507e89e3c57a4a2dba162b6b8d6d8ca6d8fb9bd9ed9d11
AMLC001686,C:\ITDA_OCR_CODE\학습대상데이터\AMLC001686.jpg,1,sha256:034d056364706585d24931afcea27da20156338f001490bd281f6496370e4dcc,034d056364706585d24931afcea27da20156338f001490bd281f6496370e4dcc
AMLC001687,C:\ITDA_OCR_CODE\학습대상데이터\AMLC001687.jpg,1,sha256:539080027f328cc455a88e8e202492836127ebdd77c31749524308ffa8e7da52,539080027f328cc455a88e8e202492836127ebdd77c31749524308ffa8e7da52
AMLC001688,C:\ITDA_OCR_CODE\학습대상데이터\AMLC001688.jpg,3,sha256:75599ff3737d9156bd9b5eb0fe10eb926418dd2ee329e72565e77c1a6b67d7cd,75599ff3737d9156bd9b5eb0fe10eb926418dd2ee329e72565e77c1a6b67d7cd
AMLC001689,C:\ITDA_OCR_CODE\학습대상데이터\AMLC001689.jpg,5,sha256:87038cf87133d5bc445896f0fcbe9a827df33a8d80aadbe462dccfee099e42e7,87038cf87133d5bc445896f0fcbe9a827df33a8d80aadbe462dccfee099e42e7
AMLC001690,C:\ITDA_OCR_CODE\학습대상데이터\AMLC001690.jpg,1,sha256:ac0ec1290e6f5d4f9cbd70ee24f42ec9e97707ac7852391faf8878f8c0b23193,ac0ec1290e6f5d4f9cbd70ee24f42ec9e97707ac7852391faf8878f8c0b23193
AMLC001691,C:\ITDA_OCR_CODE\학습대상데이터\AMLC001691.jpg,2,sha256:0f6ff918cceba2927f4dae9d02a28615ef2aa035147f8bd74e0af9348fc4cd1b,0f6ff918cceba2927f4dae9d02a28615ef2aa035147f8bd74e0af9348fc4cd1b
AMLC001692,C:\ITDA_OCR_CODE\학습대상데이터\AMLC001692.jpg,3,sha256:d5dd5d5110d771d8f11e3680779cd8c70baad9df12313aded39710fa48256352,d5dd5d5110d771d8f11e3680779cd8c70baad9df12313aded39710fa48256352
AMLC001693,C:\ITDA_OCR_CODE\학습대상데이터\AMLC001693.jpg,4,sha256:a6c1d84227e6b1985d94f00d40a84b9860731f1ce37429c6cbcb0116a5c41481,a6c1d84227e6b1985d94f00d40a84b9860731f1ce37429c6cbcb0116a5c41481
AMLC001694,C:\ITDA_OCR_CODE\학습대상데이터\AMLC001694.jpg,2,sha256:d5d3a050a08f495d6050dca555f7217aabaf4c998e3d8fe617570a12ab86913f,d5d3a050a08f495d6050dca555f7217aabaf4c998e3d8fe617570a12ab86913f
AMLC001695,C:\ITDA_OCR_CODE\학습대상데이터\AMLC001695.jpg,5,sha256:873d71c3961bff92f0f4509c0273e10c7ccc1e23bee4808df9b926791ae976a1,873d71c3961bff92f0f4509c0273e10c7ccc1e23bee4808df9b926791ae976a1
AMLC001696,C:\ITDA_OCR_CODE\학습대상데이터\AMLC001696.jpg,4,sha256:14d9f1cb6c19538c6d6774c7b16c2ed803bcbdb640a7dc9b5210902c0b33c3fb,14d9f1cb6c19538c6d6774c7b16c2ed803bcbdb640a7dc9b5210902c0b33c3fb
AMLC001697,C:\ITDA_OCR_CODE\학습대상데이터\AMLC001697.jpg,3,sha256:773ba9d98d82a0a1f8b94a49b9acfe6ba7cb1d13c20b945530a866f1598b7093,773ba9d98d82a0a1f8b94a49b9acfe6ba7cb1d13c20b945530a866f1598b7093
AMLC001698,C:\ITDA_OCR_CODE\학습대상데이터\AMLC001698.jpg,5,sha256:d2d8a4e6b82af3c667eba268737578a8cd1eb866df118c56b81965f9156750c7,d2d8a4e6b82af3c667eba268737578a8cd1eb866df118c56b81965f9156750c7
AMLC001699,C:\ITDA_OCR_CODE\학습대상데이터\AMLC001699.jpg,1,sha256:42849df687000aeac9e0039a70fe6fca7108efa4467659ba87a32664fd31afbb,42849df687000aeac9e0039a70fe6fca7108efa4467659ba87a32664fd31afbb
AMLC001700,C:\ITDA_OCR_CODE\학습대상데이터\AMLC001700.jpg,1,sha256:a5b113e7615fbe5464ffd8133baa8fa5538dc9f95fb07507126f60bc36792ac5,a5b113e7615fbe5464ffd8133baa8fa5538dc9f95fb07507126f60bc36792ac5
AMLC001701,C:\ITDA_OCR_CODE\학습대상데이터\AMLC001701.jpg,3,sha256:859b303fc8b43d9d21bb709287d4f23e42c1663eca8d6c9c05800908b36863a8,859b303fc8b43d9d21bb709287d4f23e42c1663eca8d6c9c05800908b36863a8
AMLC001702,C:\ITDA_OCR_CODE\학습대상데이터\AMLC001702.jpg,3,sha256:021f3185c43895c5be4db18bbfafccec3e21d6a38280f3527cd40b8ed952754d,021f3185c43895c5be4db18bbfafccec3e21d6a38280f3527cd40b8ed952754d
AMLC001703,C:\ITDA_OCR_CODE\학습대상데이터\AMLC001703.jpg,1,sha256:e4f86671054593b8c1eecdae0578800d357b6249a6f73489b61b7cd79c3b1f3b,e4f86671054593b8c1eecdae0578800d357b6249a6f73489b61b7cd79c3b1f3b
AMLC001704,C:\ITDA_OCR_CODE\학습대상데이터\AMLC001704.jpg,1,sha256:ddc2af5654d3bcf8c8aacff72905a5eb32493fe035ff914350e39d5c7b20a743,ddc2af5654d3bcf8c8aacff72905a5eb32493fe035ff914350e39d5c7b20a743
AMLC001705,C:\ITDA_OCR_CODE\학습대상데이터\AMLC001705.jpg,2,sha256:3693528baf56bb7793ee31ed405cb90e6f672172f032e526bdaa0484bddfd7ad,3693528baf56bb7793ee31ed405cb90e6f672172f032e526bdaa0484bddfd7ad
AMLC001706,C:\ITDA_OCR_CODE\학습대상데이터\AMLC001706.jpg,3,sha256:ccb0dd4e522c0ac296f0464a2c7e472025d5e877945f4e1b7ff6987cb8afb961,ccb0dd4e522c0ac296f0464a2c7e472025d5e877945f4e1b7ff6987cb8afb961
AMLC001707,C:\ITDA_OCR_CODE\학습대상데이터\AMLC001707.jpg,5,sha256:c4471e5faad37779feff751dea9feea5e277a2c6cab2e292399f50e378bae0c7,c4471e5faad37779feff751dea9feea5e277a2c6cab2e292399f50e378bae0c7
AMLC001708,C:\ITDA_OCR_CODE\학습대상데이터\AMLC001708.jpg,4,sha256:64328268396fd2e51a61819ca4fea4d3fc25bfd80da31e39aae1611edd61b9a9,64328268396fd2e51a61819ca4fea4d3fc25bfd80da31e39aae1611edd61b9a9
AMLC001709,C:\ITDA_OCR_CODE\학습대상데이터\AMLC001709.jpg,2,sha256:c403795499eef076bba9b65872f916be2f1db118c7460a40ba224a10faa0058f,c403795499eef076bba9b65872f916be2f1db118c7460a40ba224a10faa0058f
AMLC001710,C:\ITDA_OCR_CODE\학습대상데이터\AMLC001710.jpg,3,sha256:00a104df3b5167c8ba8cb334f291295d629eff93018e91a106b753814deb1176,00a104df3b5167c8ba8cb334f291295d629eff93018e91a106b753814deb1176
AMLC001711,C:\ITDA_OCR_CODE\학습대상데이터\AMLC001711.jpg,5,sha256:8f893158ec47bd21f6f60ae1cb25189968a819c0830a63847c5892f5337ee515,8f893158ec47bd21f6f60ae1cb25189968a819c0830a63847c5892f5337ee515
AMLC001712,C:\ITDA_OCR_CODE\학습대상데이터\AMLC001712.jpg,4,sha256:3f4c1a686d859d5a0186aba8a898285e772476a97cb04e9f6ce994e5f69c3f0b,3f4c1a686d859d5a0186aba8a898285e772476a97cb04e9f6ce994e5f69c3f0b
AMLC001713,C:\ITDA_OCR_CODE\학습대상데이터\AMLC001713.jpg,5,sha256:1652a46cd2afbd65895306e6fdd20b5c031a16f16c3edcbc20d19400143663a3,1652a46cd2afbd65895306e6fdd20b5c031a16f16c3edcbc20d19400143663a3
AMLC001714,C:\ITDA_OCR_CODE\학습대상데이터\AMLC001714.jpg,1,sha256:55621f31be958923739c987fb95c80a2e15ac0a9d7ae2f860c641cf1919bf950,55621f31be958923739c987fb95c80a2e15ac0a9d7ae2f860c641cf1919bf950
AMLC001715,C:\ITDA_OCR_CODE\학습대상데이터\AMLC001715.jpg,1,sha256:563bcc015f8ba49bb35d88e48b9c9bffe562b6c598dd9c8af1c4a1b84be542d1,563bcc015f8ba49bb35d88e48b9c9bffe562b6c598dd9c8af1c4a1b84be542d1
AMLC001716,C:\ITDA_OCR_CODE\학습대상데이터\AMLC001716.jpg,4,sha256:73e6366b534fc290407ce661d0e4a52219d8829ffca23cabf6d0862eb112d3f3,73e6366b534fc290407ce661d0e4a52219d8829ffca23cabf6d0862eb112d3f3
AMLC001717,C:\ITDA_OCR_CODE\학습대상데이터\AMLC001717.jpg,2,sha256:72f5ce86e4da40b33a7b9dcbe2a3e642fa8473531d2cb65708eace5e30885415,72f5ce86e4da40b33a7b9dcbe2a3e642fa8473531d2cb65708eace5e30885415
AMLC001718,C:\ITDA_OCR_CODE\학습대상데이터\AMLC001718.jpg,2,sha256:fd88551743f2be7ac5107b640a400340c8ad69560b91925f229a3aa29cf910e2,fd88551743f2be7ac5107b640a400340c8ad69560b91925f229a3aa29cf910e2
AMLC001719,C:\ITDA_OCR_CODE\학습대상데이터\AMLC001719.jpg,4,sha256:1b9de65a9b7ea1da829490af114b49f0911db624da640fb88f2c542d4d08f33a,1b9de65a9b7ea1da829490af114b49f0911db624da640fb88f2c542d4d08f33a
AMLC001720,C:\ITDA_OCR_CODE\학습대상데이터\AMLC001720.jpg,1,sha256:cd730811f00cafcfcd3ce26f5b238973face6df95b8cebb578d0c8a3e06c5a04,cd730811f00cafcfcd3ce26f5b238973face6df95b8cebb578d0c8a3e06c5a04
AMLC001721,C:\ITDA_OCR_CODE\학습대상데이터\AMLC001721.jpg,2,sha256:b4e5f6fbde1a64da4e7eb8f3d83a43b7e38d1f6b53a70c2fa2a240c38f80a77f,b4e5f6fbde1a64da4e7eb8f3d83a43b7e38d1f6b53a70c2fa2a240c38f80a77f
AMLC001722,C:\ITDA_OCR_CODE\학습대상데이터\AMLC001722.jpg,2,sha256:40c139b211465f47167752b925cd6b22acbf12e13858d261a59b2a6357362916,40c139b211465f47167752b925cd6b22acbf12e13858d261a59b2a6357362916
AMLC001723,C:\ITDA_OCR_CODE\학습대상데이터\AMLC001723.jpg,3,sha256:80bdd40604b0da32b8a42ff2b0dfd87287d4c04070e88540df1ae956f24e34e3,80bdd40604b0da32b8a42ff2b0dfd87287d4c04070e88540df1ae956f24e34e3
AMLC001724,C:\ITDA_OCR_CODE\학습대상데이터\AMLC001724.jpg,3,sha256:d4ff3f8af8502d3394d68489c9e2812fb4184eff516cea7880ce87d0b169013e,d4ff3f8af8502d3394d68489c9e2812fb4184eff516cea7880ce87d0b169013e
AMLC001725,C:\ITDA_OCR_CODE\학습대상데이터\AMLC001725.jpg,4,sha256:4b40f851ba6d360904b59917a759829457a971c4844351b32dde639299e40a49,4b40f851ba6d360904b59917a759829457a971c4844351b32dde639299e40a49
AMLC001726,C:\ITDA_OCR_CODE\학습대상데이터\AMLC001726.jpg,4,sha256:32bd2b0ffd224ffd6ffbbcd1888a58234fa19dceaa55416c17d6c3924296ff3c,32bd2b0ffd224ffd6ffbbcd1888a58234fa19dceaa55416c17d6c3924296ff3c
AMLC001727,C:\ITDA_OCR_CODE\학습대상데이터\AMLC001727.jpg,5,sha256:e85777a97abae449bee543516f240140f10233bac0dec56b26239ff4a341a517,e85777a97abae449bee543516f240140f10233bac0dec56b26239ff4a341a517
AMLC001728,C:\ITDA_OCR_CODE\학습대상데이터\AMLC001728.jpg,1,sha256:3cd6a73b31d83a331843bdbf592a2605c5450f45f5380e2619ab3de80305b9be,3cd6a73b31d83a331843bdbf592a2605c5450f45f5380e2619ab3de80305b9be
AMLC001729,C:\ITDA_OCR_CODE\학습대상데이터\AMLC001729.jpg,5,sha256:236cf71a2d4a54f00763bccbf9c380335f9fec59cf804071640f71b3405f6e19,236cf71a2d4a54f00763bccbf9c380335f9fec59cf804071640f71b3405f6e19
AMLC001730,C:\ITDA_OCR_CODE\학습대상데이터\AMLC001730.jpg,2,sha256:3f0c86419e11b90229c1cbf484d0f8607addb34ea7c609552fd909a62395068a,3f0c86419e11b90229c1cbf484d0f8607addb34ea7c609552fd909a62395068a
AMLC001731,C:\ITDA_OCR_CODE\학습대상데이터\AMLC001731.jpg,5,sha256:5466155a9eb1fc6935ca14ec6fdbeb6096a67d5407d7f770d0d046603c5339d9,5466155a9eb1fc6935ca14ec6fdbeb6096a67d5407d7f770d0d046603c5339d9
AMLC001732,C:\ITDA_OCR_CODE\학습대상데이터\AMLC001732.jpg,1,sha256:d399758962ba52c72b704c7c2ac88eaac46e951b15a49e9cd15b84bb47cf5a0c,d399758962ba52c72b704c7c2ac88eaac46e951b15a49e9cd15b84bb47cf5a0c
AMLC001733,C:\ITDA_OCR_CODE\학습대상데이터\AMLC001733.jpg,2,sha256:b359748e3aaf236b0826798f6b1e7b3bae0b6f26b1dbebe0cc13fd0f1f8b041f,b359748e3aaf236b0826798f6b1e7b3bae0b6f26b1dbebe0cc13fd0f1f8b041f
AMLC001734,C:\ITDA_OCR_CODE\학습대상데이터\AMLC001734.jpg,5,sha256:e73d9067475fa81782e5df9cfe5e6ead1b5633ad564c9edc9a8b695ce79907e7,e73d9067475fa81782e5df9cfe5e6ead1b5633ad564c9edc9a8b695ce79907e7
AMLC001735,C:\ITDA_OCR_CODE\학습대상데이터\AMLC001735.jpg,3,sha256:380a1a555eb8fbd913352fa2f476031d87a06afe0bff3ff767e1eff31553a11e,380a1a555eb8fbd913352fa2f476031d87a06afe0bff3ff767e1eff31553a11e
AMLC001736,C:\ITDA_OCR_CODE\학습대상데이터\AMLC001736.jpg,5,sha256:d0b91338e3dd1107d1b3ed110c6ed1eb1c3e67ba078588fb4450632cd9ecef0a,d0b91338e3dd1107d1b3ed110c6ed1eb1c3e67ba078588fb4450632cd9ecef0a
AMLC001737,C:\ITDA_OCR_CODE\학습대상데이터\AMLC001737.jpg,4,sha256:4b07a9640befa0b25b2d3762615bd950655521149d4c95696ccd416176656f37,4b07a9640befa0b25b2d3762615bd950655521149d4c95696ccd416176656f37
AMLC001738,C:\ITDA_OCR_CODE\학습대상데이터\AMLC001738.jpg,2,sha256:95b9e209db729d4e993e428e74d18d6de7cf81e44fd74e997f9ea20cee06c151,95b9e209db729d4e993e428e74d18d6de7cf81e44fd74e997f9ea20cee06c151
AMLC001739,C:\ITDA_OCR_CODE\학습대상데이터\AMLC001739.jpg,1,sha256:b1aef0dba5400b4a2f1afe7896ad0b835e53e57dcbfd76356e957ac6f79d336e,b1aef0dba5400b4a2f1afe7896ad0b835e53e57dcbfd76356e957ac6f79d336e
AMLC001740,C:\ITDA_OCR_CODE\학습대상데이터\AMLC001740.jpg,1,sha256:f62a60f91df82f94189491301f36f53c6772ba166ed8dc0f16c79f68e65ca81c,f62a60f91df82f94189491301f36f53c6772ba166ed8dc0f16c79f68e65ca81c
AMLC001741,C:\ITDA_OCR_CODE\학습대상데이터\AMLC001741.jpg,1,sha256:e2e7940389f6cdb5c6187b1cc530d64bc5d50c8016bcc0d800d9f211c456cc4b,e2e7940389f6cdb5c6187b1cc530d64bc5d50c8016bcc0d800d9f211c456cc4b
AMLC001742,C:\ITDA_OCR_CODE\학습대상데이터\AMLC001742.jpg,4,sha256:4698ac31d5c5e8a4f310ab4f3e37987680b6930018f97cd1fea5dbb7e719605f,4698ac31d5c5e8a4f310ab4f3e37987680b6930018f97cd1fea5dbb7e719605f
AMLC001743,C:\ITDA_OCR_CODE\학습대상데이터\AMLC001743.jpg,1,sha256:77d4202af5022dd14da82aaa45b6fe6002c900c9681d218d4cecaef9d798534d,77d4202af5022dd14da82aaa45b6fe6002c900c9681d218d4cecaef9d798534d
AMLC001744,C:\ITDA_OCR_CODE\학습대상데이터\AMLC001744.jpg,4,sha256:12896d2e508308b2cf1f26a795e3ae6d66782124917a62c8d7f0c3bd7198ca8d,12896d2e508308b2cf1f26a795e3ae6d66782124917a62c8d7f0c3bd7198ca8d
AMLC001745,C:\ITDA_OCR_CODE\학습대상데이터\AMLC001745.jpg,3,sha256:786733a4773aecd42287ef7981193f92128ed053b8cd6602ca707a14b3b7960f,786733a4773aecd42287ef7981193f92128ed053b8cd6602ca707a14b3b7960f
AMLC001746,C:\ITDA_OCR_CODE\학습대상데이터\AMLC001746.jpg,1,sha256:925897ca56ef37f96f31d34ab7609d02794b2504c9dab57ac1635530585d43f6,925897ca56ef37f96f31d34ab7609d02794b2504c9dab57ac1635530585d43f6
AMLC001747,C:\ITDA_OCR_CODE\학습대상데이터\AMLC001747.jpg,1,sha256:23a289209fd14b95c9b36d9666953554975f0d513272c1770b61041c78e9f8af,23a289209fd14b95c9b36d9666953554975f0d513272c1770b61041c78e9f8af
AMLC001748,C:\ITDA_OCR_CODE\학습대상데이터\AMLC001748.jpg,2,sha256:8c8262287230958ec89901cc75477c08575e6661ab6fd51a859a411d53230e3c,8c8262287230958ec89901cc75477c08575e6661ab6fd51a859a411d53230e3c
AMLC001749,C:\ITDA_OCR_CODE\학습대상데이터\AMLC001749.jpg,2,sha256:666b97b6db22f2fad3c628ba92ca61b53b998b67a4ea3976ed692efa71da75c8,666b97b6db22f2fad3c628ba92ca61b53b998b67a4ea3976ed692efa71da75c8
AMLC001750,C:\ITDA_OCR_CODE\학습대상데이터\AMLC001750.jpg,3,sha256:d2449972016f8fc96d03d7fa1f2562a57a0bbd53c4cd48fe1a969b02174480dd,d2449972016f8fc96d03d7fa1f2562a57a0bbd53c4cd48fe1a969b02174480dd
AMLC001751,C:\ITDA_OCR_CODE\학습대상데이터\AMLC001751.jpg,2,sha256:2ec3627d83e8c1bfca1e86add38ac401e69211ea1838dab2aecbd7f49dd0a3fb,2ec3627d83e8c1bfca1e86add38ac401e69211ea1838dab2aecbd7f49dd0a3fb
AMLC001752,C:\ITDA_OCR_CODE\학습대상데이터\AMLC001752.jpg,5,sha256:57ace6401228e8312daba4621770a3192aded7c5e3cb1090e12afe671ebe4224,57ace6401228e8312daba4621770a3192aded7c5e3cb1090e12afe671ebe4224
AMLC001753,C:\ITDA_OCR_CODE\학습대상데이터\AMLC001753.jpg,1,sha256:2454f8a1229097d61650eee8e92532002e695979a990cca968ac408d0191287b,2454f8a1229097d61650eee8e92532002e695979a990cca968ac408d0191287b
AMLC001754,C:\ITDA_OCR_CODE\학습대상데이터\AMLC001754.jpg,1,sha256:59e9f602c8d13f6b7aee7340a6536dc2727988d1d0e91d95a4c659d1994a28b3,59e9f602c8d13f6b7aee7340a6536dc2727988d1d0e91d95a4c659d1994a28b3
AMLC001755,C:\ITDA_OCR_CODE\학습대상데이터\AMLC001755.jpg,5,sha256:e8855f7b2fbc4b8c50066867a54cc95546afba049976b54832d4a11fe630ea58,e8855f7b2fbc4b8c50066867a54cc95546afba049976b54832d4a11fe630ea58
AMLC001756,C:\ITDA_OCR_CODE\학습대상데이터\AMLC001756.jpg,5,sha256:302d703be123c423d05344cc2aac0e98402ad99006a28cfb90841e95fdc4f5e9,302d703be123c423d05344cc2aac0e98402ad99006a28cfb90841e95fdc4f5e9
AMLC001757,C:\ITDA_OCR_CODE\학습대상데이터\AMLC001757.jpg,1,sha256:4065540195d387e69ad107c02a2490731169b155ae3b83f95b1bfbe4fa24679d,4065540195d387e69ad107c02a2490731169b155ae3b83f95b1bfbe4fa24679d
AMLC001758,C:\ITDA_OCR_CODE\학습대상데이터\AMLC001758.jpg,5,sha256:8ae55b2424256b03b66c0043d0149366fa6c81bc7e7e96e0ca377aba7b9a7877,8ae55b2424256b03b66c0043d0149366fa6c81bc7e7e96e0ca377aba7b9a7877
AMLC001759,C:\ITDA_OCR_CODE\학습대상데이터\AMLC001759.jpg,4,sha256:fca4f4dc9eee920e959e4bdeaa0a32ee1ed94f467323a00edc2d520e70139440,fca4f4dc9eee920e959e4bdeaa0a32ee1ed94f467323a00edc2d520e70139440
AMLC001760,C:\ITDA_OCR_CODE\학습대상데이터\AMLC001760.jpg,5,sha256:2bd088af685002857e13ebe63993a7e90622892c44e92ff5d57e2d6355f4dbee,2bd088af685002857e13ebe63993a7e90622892c44e92ff5d57e2d6355f4dbee
AMLC001761,C:\ITDA_OCR_CODE\학습대상데이터\AMLC001761.jpg,3,sha256:ff79641c7056a8239769040affbebb5fd25aea45c89f997687bdd50af90cf7fd,ff79641c7056a8239769040affbebb5fd25aea45c89f997687bdd50af90cf7fd
AMLC001762,C:\ITDA_OCR_CODE\학습대상데이터\AMLC001762.jpg,5,sha256:786b964752d32db861e0e8a166231c901ea26794080c722a4aea45efdbc7b89a,786b964752d32db861e0e8a166231c901ea26794080c722a4aea45efdbc7b89a
AMLC001763,C:\ITDA_OCR_CODE\학습대상데이터\AMLC001763.jpg,4,sha256:371ef8ac82c7e3ba70aa3a31f94c90b7bc82843b36c64134566c3b676b575d63,371ef8ac82c7e3ba70aa3a31f94c90b7bc82843b36c64134566c3b676b575d63
AMLC001764,C:\ITDA_OCR_CODE\학습대상데이터\AMLC001764.jpg,5,sha256:9592d8db01ed9bfe66434d25412db54c5a329079bf50b9756c928dbf6459f06b,9592d8db01ed9bfe66434d25412db54c5a329079bf50b9756c928dbf6459f06b
AMLC001765,C:\ITDA_OCR_CODE\학습대상데이터\AMLC001765.jpg,1,sha256:075f3b88429e4215bdbd6345644041c8bf7fdc36338c44f0ffd1bbf80efa11fa,075f3b88429e4215bdbd6345644041c8bf7fdc36338c44f0ffd1bbf80efa11fa
AMLC001766,C:\ITDA_OCR_CODE\학습대상데이터\AMLC001766.jpg,2,sha256:7aa951762010476fcb3326310562c0403bbcc2aa26cab4f95e7dbdf43e3c2017,7aa951762010476fcb3326310562c0403bbcc2aa26cab4f95e7dbdf43e3c2017
AMLC001767,C:\ITDA_OCR_CODE\학습대상데이터\AMLC001767.jpg,3,sha256:ca2f9ce8909a89f3bf121e71726f64f7b6cd2fc55a7da0d7d7afe565c25427c3,ca2f9ce8909a89f3bf121e71726f64f7b6cd2fc55a7da0d7d7afe565c25427c3
AMLC001768,C:\ITDA_OCR_CODE\학습대상데이터\AMLC001768.jpg,1,sha256:1ffba19abab0e455cac92681dca2020dca90989c076c1f26f5401e91d8f0b97d,1ffba19abab0e455cac92681dca2020dca90989c076c1f26f5401e91d8f0b97d
AMLC001769,C:\ITDA_OCR_CODE\학습대상데이터\AMLC001769.jpg,5,sha256:998a7ff04a031b9030bad5710bb142c1b43f8335495c763a32f8b7539ea52ebf,998a7ff04a031b9030bad5710bb142c1b43f8335495c763a32f8b7539ea52ebf
AMLC001770,C:\ITDA_OCR_CODE\학습대상데이터\AMLC001770.jpg,3,sha256:2a9af9c8fb84869f909b6cf58d0077b4c98b4d451ea5ca09df069af3bac1d442,2a9af9c8fb84869f909b6cf58d0077b4c98b4d451ea5ca09df069af3bac1d442
AMLC001771,C:\ITDA_OCR_CODE\학습대상데이터\AMLC001771.jpg,2,sha256:9a117e3e87422e13001abffdda686791990aab4e588afa127ca8c8927bcdaabc,9a117e3e87422e13001abffdda686791990aab4e588afa127ca8c8927bcdaabc
AMLC001772,C:\ITDA_OCR_CODE\학습대상데이터\AMLC001772.jpg,1,sha256:9b0a53059f20aea1e32f403ae7e67e3c75cd9a4a9a554569b45d6b6b1fcc3025,9b0a53059f20aea1e32f403ae7e67e3c75cd9a4a9a554569b45d6b6b1fcc3025
AMLC001773,C:\ITDA_OCR_CODE\학습대상데이터\AMLC001773.jpg,2,sha256:efce1f0785f6e82065485010ecebe53396ff38e100b2aad2efdf0500f051a602,efce1f0785f6e82065485010ecebe53396ff38e100b2aad2efdf0500f051a602
AMLC001774,C:\ITDA_OCR_CODE\학습대상데이터\AMLC001774.jpg,5,sha256:76ee1c8076cedf315c19f7ff70de0a4b6efe94c31fa70d078bd09576983781bb,76ee1c8076cedf315c19f7ff70de0a4b6efe94c31fa70d078bd09576983781bb
AMLC001775,C:\ITDA_OCR_CODE\학습대상데이터\AMLC001775.jpg,1,sha256:43ab0c8530441abdabea75b726596062246f0e49fee3b433d9289b96ea05810a,43ab0c8530441abdabea75b726596062246f0e49fee3b433d9289b96ea05810a
AMLC001776,C:\ITDA_OCR_CODE\학습대상데이터\AMLC001776.jpg,3,sha256:767e76e4f88a60b22f214e3578a155ecd0ab41358c99a341b0b2c85f4cba591e,767e76e4f88a60b22f214e3578a155ecd0ab41358c99a341b0b2c85f4cba591e
AMLC001777,C:\ITDA_OCR_CODE\학습대상데이터\AMLC001777.jpg,4,sha256:b524b4462b7c08c399bd9515bc4b45710f93abbf9eba3edc03eb6c98cada2bc5,b524b4462b7c08c399bd9515bc4b45710f93abbf9eba3edc03eb6c98cada2bc5
AMLC001778,C:\ITDA_OCR_CODE\학습대상데이터\AMLC001778.jpg,2,sha256:f27b61d229c7df58211347f447fadcd730579f9fa44bf3ec07d8bc74f318cae4,f27b61d229c7df58211347f447fadcd730579f9fa44bf3ec07d8bc74f318cae4
AMLC001779,C:\ITDA_OCR_CODE\학습대상데이터\AMLC001779.jpg,5,sha256:74c965b0e73a3090b92642b32a10d7e8900261a323de1c7b81bc83e0e5032803,74c965b0e73a3090b92642b32a10d7e8900261a323de1c7b81bc83e0e5032803
AMLC001780,C:\ITDA_OCR_CODE\학습대상데이터\AMLC001780.jpg,5,sha256:92ded468fb184733da20d51d830096e8dbbf02825bd4b57ca01877e25d0a0714,92ded468fb184733da20d51d830096e8dbbf02825bd4b57ca01877e25d0a0714
AMLC001781,C:\ITDA_OCR_CODE\학습대상데이터\AMLC001781.jpg,5,sha256:cacbbcec73cc58b483930a0d866236aed61898b00b394b7e3e6202331a9de6b2,cacbbcec73cc58b483930a0d866236aed61898b00b394b7e3e6202331a9de6b2
AMLC001782,C:\ITDA_OCR_CODE\학습대상데이터\AMLC001782.jpg,2,sha256:f285a367c6fa3ac3c100a99d64fe91fa575a13dfdd12d8fc514ed45104288b13,f285a367c6fa3ac3c100a99d64fe91fa575a13dfdd12d8fc514ed45104288b13
AMLC001783,C:\ITDA_OCR_CODE\학습대상데이터\AMLC001783.jpg,3,sha256:9690895f270c10ca61efd836d3b8b694672aa284c2241c4977befba7a84b7e91,9690895f270c10ca61efd836d3b8b694672aa284c2241c4977befba7a84b7e91
AMLC001784,C:\ITDA_OCR_CODE\학습대상데이터\AMLC001784.jpg,1,sha256:55634f4d316718386cf8b762d959f5354d96cb7dc44ec4e317bb6bc02f633997,55634f4d316718386cf8b762d959f5354d96cb7dc44ec4e317bb6bc02f633997
AMLC001785,C:\ITDA_OCR_CODE\학습대상데이터\AMLC001785.jpg,5,sha256:6655374a35f280c9292b9b1c924637c1c4bd6d2269801aa3a1017d15a640aa30,6655374a35f280c9292b9b1c924637c1c4bd6d2269801aa3a1017d15a640aa30
AMLC001786,C:\ITDA_OCR_CODE\학습대상데이터\AMLC001786.jpg,3,sha256:b6b0038e3ca4532425d1630c69f3c92b4900dca39d3cd533e19281be9c075958,b6b0038e3ca4532425d1630c69f3c92b4900dca39d3cd533e19281be9c075958
AMLC001787,C:\ITDA_OCR_CODE\학습대상데이터\AMLC001787.jpg,4,sha256:91d1b5465ed932c456c45de81e7732c72b698d29e90815d6559397bcaeabf589,91d1b5465ed932c456c45de81e7732c72b698d29e90815d6559397bcaeabf589
AMLC001788,C:\ITDA_OCR_CODE\학습대상데이터\AMLC001788.jpg,5,sha256:fe977583e99d7ea74ca40eed4a36b7851418a0aea0e5721e30fe2501a6bd0c06,fe977583e99d7ea74ca40eed4a36b7851418a0aea0e5721e30fe2501a6bd0c06
AMLC001789,C:\ITDA_OCR_CODE\학습대상데이터\AMLC001789.jpg,5,sha256:4e8ab5bbe8ae80dd6b0f142738805a9aca8d3fb91b7bc4e3c7d9de8885e45dc6,4e8ab5bbe8ae80dd6b0f142738805a9aca8d3fb91b7bc4e3c7d9de8885e45dc6
AMLC001790,C:\ITDA_OCR_CODE\학습대상데이터\AMLC001790.jpg,2,sha256:3b3fe54a2ea6325e2633e7740174a4742ec45179dd7aceb5bb54952a9bad42e0,3b3fe54a2ea6325e2633e7740174a4742ec45179dd7aceb5bb54952a9bad42e0
AMLC001791,C:\ITDA_OCR_CODE\학습대상데이터\AMLC001791.jpg,1,sha256:d05f5cf38f221cc9d426e068529dc8b4dc145acdfb6de24e9f881073fb175828,d05f5cf38f221cc9d426e068529dc8b4dc145acdfb6de24e9f881073fb175828
AMLC001792,C:\ITDA_OCR_CODE\학습대상데이터\AMLC001792.jpg,5,sha256:aea6cce3c7f1a5559e0080cf0fb50da15e65d2fee8ea1b69edadd27eae8eec19,aea6cce3c7f1a5559e0080cf0fb50da15e65d2fee8ea1b69edadd27eae8eec19
AMLC001793,C:\ITDA_OCR_CODE\학습대상데이터\AMLC001793.jpg,1,sha256:5ab0334ad134d60f8bf2f16330b1e458bffe80498ace9b9de17b7af222cf25ac,5ab0334ad134d60f8bf2f16330b1e458bffe80498ace9b9de17b7af222cf25ac
AMLC001794,C:\ITDA_OCR_CODE\학습대상데이터\AMLC001794.jpg,4,sha256:3f9d72817042cea60ba676dfdf76b4b8f37f6b7ee8769488a81308055be63888,3f9d72817042cea60ba676dfdf76b4b8f37f6b7ee8769488a81308055be63888
AMLC001795,C:\ITDA_OCR_CODE\학습대상데이터\AMLC001795.jpg,3,sha256:90a1248da9a9f16e4c4da0ee7ee3c285683d78e3ce899fc66b3faeb934700af3,90a1248da9a9f16e4c4da0ee7ee3c285683d78e3ce899fc66b3faeb934700af3
AMLC001796,C:\ITDA_OCR_CODE\학습대상데이터\AMLC001796.jpg,3,sha256:ab546dcc5a1a65f3d5a50c06763661f4de0551bb23bc415b40914ef5f521c372,ab546dcc5a1a65f3d5a50c06763661f4de0551bb23bc415b40914ef5f521c372
AMLC001797,C:\ITDA_OCR_CODE\학습대상데이터\AMLC001797.jpg,3,sha256:f1cd41397921a2f128801ba27d27debc462fa788697e0be7befb047f1b92aca3,f1cd41397921a2f128801ba27d27debc462fa788697e0be7befb047f1b92aca3
AMLC001798,C:\ITDA_OCR_CODE\학습대상데이터\AMLC001798.jpg,2,sha256:4e1242aa86784922992695b0dc98838cfadba3647742ef1df28f35db9fc5555a,4e1242aa86784922992695b0dc98838cfadba3647742ef1df28f35db9fc5555a
AMLC001799,C:\ITDA_OCR_CODE\학습대상데이터\AMLC001799.jpg,4,sha256:e3338f8e6770093ef14bbc5a10d4b2ee6d818a44660b8c154d92c524f0a6a214,e3338f8e6770093ef14bbc5a10d4b2ee6d818a44660b8c154d92c524f0a6a214
AMLC001800,C:\ITDA_OCR_CODE\학습대상데이터\AMLC001800.jpg,2,sha256:e4f671366dd4e561b7ec67b4fa98b1709ef460ccddc3e23bd72a016f974d99b5,e4f671366dd4e561b7ec67b4fa98b1709ef460ccddc3e23bd72a016f974d99b5
AMLC001801,C:\ITDA_OCR_CODE\학습대상데이터\AMLC001801.jpg,3,sha256:80323a8e4f9f19ce4b42b64014c9741daadaaa9e7f3ef011f83106ba0471a2e0,80323a8e4f9f19ce4b42b64014c9741daadaaa9e7f3ef011f83106ba0471a2e0
AMLC001802,C:\ITDA_OCR_CODE\학습대상데이터\AMLC001802.jpg,5,sha256:1eeb1969d2602820ddf9873921f69ccd94cd050780ded6f995f5cf3587b8b92a,1eeb1969d2602820ddf9873921f69ccd94cd050780ded6f995f5cf3587b8b92a
AMLC001803,C:\ITDA_OCR_CODE\학습대상데이터\AMLC001803.jpg,2,sha256:4128829c6112feba24f96bd9449768fc1db9d71b09c76783690f8dfe7296dadd,4128829c6112feba24f96bd9449768fc1db9d71b09c76783690f8dfe7296dadd
AMLC001804,C:\ITDA_OCR_CODE\학습대상데이터\AMLC001804.jpg,4,sha256:8537ac1d9f49a680de7b83696d4990bdb09170a357d2d142944f04030326af4d,8537ac1d9f49a680de7b83696d4990bdb09170a357d2d142944f04030326af4d
AMLC001805,C:\ITDA_OCR_CODE\학습대상데이터\AMLC001805.jpg,2,sha256:d0ee8e67fa09711bdd6a15936a3010efd6444d22a9e8511630a79702a71739e8,d0ee8e67fa09711bdd6a15936a3010efd6444d22a9e8511630a79702a71739e8
AMLC001806,C:\ITDA_OCR_CODE\학습대상데이터\AMLC001806.jpg,5,sha256:43cea66ddfb009d6433b49e10ac65dd70a1f247ff746c2afe9fd2b4c687e87d2,43cea66ddfb009d6433b49e10ac65dd70a1f247ff746c2afe9fd2b4c687e87d2
AMLC001807,C:\ITDA_OCR_CODE\학습대상데이터\AMLC001807.jpg,4,sha256:e8fb53fab861c3f8451429d6da06d7d14c94ce020ecc158a89394eb26b5d7bfe,e8fb53fab861c3f8451429d6da06d7d14c94ce020ecc158a89394eb26b5d7bfe
AMLC001808,C:\ITDA_OCR_CODE\학습대상데이터\AMLC001808.jpg,5,sha256:855282e6d803d386429de1eb131be7c4daff64a0fdc3cde255b3be64a15d2cca,855282e6d803d386429de1eb131be7c4daff64a0fdc3cde255b3be64a15d2cca
AMLC001809,C:\ITDA_OCR_CODE\학습대상데이터\AMLC001809.jpg,3,sha256:21585d6b4a1da7deea4ae8ab00a2e5e18f4b5272ef81164563e4a7c6f5b760ea,21585d6b4a1da7deea4ae8ab00a2e5e18f4b5272ef81164563e4a7c6f5b760ea
AMLC001810,C:\ITDA_OCR_CODE\학습대상데이터\AMLC001810.jpg,4,sha256:5857a83d8487bded5b56ea224643ec2abdd5f17ff365bc1a30508d6762ab777b,5857a83d8487bded5b56ea224643ec2abdd5f17ff365bc1a30508d6762ab777b
AMLC001811,C:\ITDA_OCR_CODE\학습대상데이터\AMLC001811.jpg,4,sha256:3df8dbd06039c4dea119bf9a2f99eec4f5215d16756e064435302c2fa118e55a,3df8dbd06039c4dea119bf9a2f99eec4f5215d16756e064435302c2fa118e55a
AMLC001812,C:\ITDA_OCR_CODE\학습대상데이터\AMLC001812.jpg,5,sha256:f79e2d49f57bd68447dba28d2927b1bc693526828393fb37bbc11e8ccf96050e,f79e2d49f57bd68447dba28d2927b1bc693526828393fb37bbc11e8ccf96050e
AMLC001813,C:\ITDA_OCR_CODE\학습대상데이터\AMLC001813.jpg,4,sha256:b39ecccc332506da2b4b945cef90cd8425c32917d11173d7e07ab3b1db30a31c,b39ecccc332506da2b4b945cef90cd8425c32917d11173d7e07ab3b1db30a31c
AMLC001814,C:\ITDA_OCR_CODE\학습대상데이터\AMLC001814.jpg,3,sha256:15a9f8c214a79e41c946105ec1e648864efbd6263cc4877c192aa4db9a63b25c,15a9f8c214a79e41c946105ec1e648864efbd6263cc4877c192aa4db9a63b25c
AMLC001815,C:\ITDA_OCR_CODE\학습대상데이터\AMLC001815.jpg,1,sha256:d5c2f5f94f4e16729e10dbd3f506c74fe0e69a85e4c33abd06d3210328ec0db5,d5c2f5f94f4e16729e10dbd3f506c74fe0e69a85e4c33abd06d3210328ec0db5
AMLC001816,C:\ITDA_OCR_CODE\학습대상데이터\AMLC001816.jpg,5,sha256:76d49101c106e298650a777d9d0e72b3851fe692c4d69bee04e5ec2dc96b1c85,76d49101c106e298650a777d9d0e72b3851fe692c4d69bee04e5ec2dc96b1c85
AMLC001817,C:\ITDA_OCR_CODE\학습대상데이터\AMLC001817.jpg,5,sha256:f4726ac22ef2fde706d3fd0c7a84cfd515a56e323146a178378a1eca286b56e3,f4726ac22ef2fde706d3fd0c7a84cfd515a56e323146a178378a1eca286b56e3
AMLC001818,C:\ITDA_OCR_CODE\학습대상데이터\AMLC001818.jpg,1,sha256:6ef3786076b2cf651815ac5ea1a13baf538152c719748a4e00d09caf4706c2bd,6ef3786076b2cf651815ac5ea1a13baf538152c719748a4e00d09caf4706c2bd
AMLC001819,C:\ITDA_OCR_CODE\학습대상데이터\AMLC001819.jpg,1,sha256:6821dbf7e3bde5b9019a88a244cf3f065f74e925bca9e6801f81645a3cf64866,6821dbf7e3bde5b9019a88a244cf3f065f74e925bca9e6801f81645a3cf64866
AMLC001820,C:\ITDA_OCR_CODE\학습대상데이터\AMLC001820.jpg,1,sha256:c029efc39335a95a69c8deb3aa38b57205a0078419f65397dd122bf8363c2297,c029efc39335a95a69c8deb3aa38b57205a0078419f65397dd122bf8363c2297
AMLC001821,C:\ITDA_OCR_CODE\학습대상데이터\AMLC001821.jpg,1,sha256:d3017c3932cec3653eedb47027c53a66e1b84b7f5d7e6fa5c554cb157058e2c5,d3017c3932cec3653eedb47027c53a66e1b84b7f5d7e6fa5c554cb157058e2c5
AMLC001822,C:\ITDA_OCR_CODE\학습대상데이터\AMLC001822.jpg,3,sha256:e635d3cac831b225c5a90e6b57eeefb9281ce69d962e14a9f6c096787f36ac69,e635d3cac831b225c5a90e6b57eeefb9281ce69d962e14a9f6c096787f36ac69
AMLC001823,C:\ITDA_OCR_CODE\학습대상데이터\AMLC001823.jpg,3,sha256:1d7ca90626eb2533e173cbe115d7ec7bc68ae1037b145b6dab6a670c92e9aa57,1d7ca90626eb2533e173cbe115d7ec7bc68ae1037b145b6dab6a670c92e9aa57
AMLC001824,C:\ITDA_OCR_CODE\학습대상데이터\AMLC001824.jpg,5,sha256:78b233315c56a894c27b709aa8b55a849aca0053ad668b98a99ec99f88683776,78b233315c56a894c27b709aa8b55a849aca0053ad668b98a99ec99f88683776
AMLC001825,C:\ITDA_OCR_CODE\학습대상데이터\AMLC001825.jpg,1,sha256:012b20ec80e8c3c620b6d75820a056b7803632b549f81b3378332ce9ae21fc39,012b20ec80e8c3c620b6d75820a056b7803632b549f81b3378332ce9ae21fc39
AMLC001826,C:\ITDA_OCR_CODE\학습대상데이터\AMLC001826.jpg,1,sha256:b05b58d1ce80468b88d7fe463b3da15d7839e2e1f23c0e8c107dd921541b336c,b05b58d1ce80468b88d7fe463b3da15d7839e2e1f23c0e8c107dd921541b336c
AMLC001827,C:\ITDA_OCR_CODE\학습대상데이터\AMLC001827.jpg,4,sha256:3bc7b1433fe7e5886e6601f8f7185a7b307823fb7ac4b58f26be39c19afed29a,3bc7b1433fe7e5886e6601f8f7185a7b307823fb7ac4b58f26be39c19afed29a
AMLC001828,C:\ITDA_OCR_CODE\학습대상데이터\AMLC001828.jpg,2,sha256:274c6702c4a44d6a62555cb832afcb143ea4d50c3bd6fa966b8e316ea660acc4,274c6702c4a44d6a62555cb832afcb143ea4d50c3bd6fa966b8e316ea660acc4
AMLC001829,C:\ITDA_OCR_CODE\학습대상데이터\AMLC001829.jpg,5,sha256:ee82f74d2ce7701a5fca2df9f5643d3170c9695930e364e70b3f7b2864724fc9,ee82f74d2ce7701a5fca2df9f5643d3170c9695930e364e70b3f7b2864724fc9
AMLC001830,C:\ITDA_OCR_CODE\학습대상데이터\AMLC001830.jpg,5,sha256:ed91de6503bbce85a40bc0d0c94373e56b19b6c87dfdcc46f39262070b6569d9,ed91de6503bbce85a40bc0d0c94373e56b19b6c87dfdcc46f39262070b6569d9
AMLC001831,C:\ITDA_OCR_CODE\학습대상데이터\AMLC001831.jpg,3,sha256:9804d09294363d1ad9d5264409ffbc98668c6b20c0dcf4013b7a23b28af413d2,9804d09294363d1ad9d5264409ffbc98668c6b20c0dcf4013b7a23b28af413d2
AMLC001832,C:\ITDA_OCR_CODE\학습대상데이터\AMLC001832.jpg,2,sha256:5bd18f9ee896094abe024fd81b18b41204ac81f83c62a8d9d15ca678071ea739,5bd18f9ee896094abe024fd81b18b41204ac81f83c62a8d9d15ca678071ea739
AMLC001833,C:\ITDA_OCR_CODE\학습대상데이터\AMLC001833.jpg,2,sha256:d1531582c800e2074fba2c8746bffbb04d0709dca10c3f11e603d0e96aaeb137,d1531582c800e2074fba2c8746bffbb04d0709dca10c3f11e603d0e96aaeb137
AMLC001834,C:\ITDA_OCR_CODE\학습대상데이터\AMLC001834.jpg,1,sha256:1af2628ed01061dbce0c3b6b164e4f32a74ae4dfc6133616916f2f2880aa7788,1af2628ed01061dbce0c3b6b164e4f32a74ae4dfc6133616916f2f2880aa7788
AMLC001835,C:\ITDA_OCR_CODE\학습대상데이터\AMLC001835.jpg,5,sha256:f0ea0936c19d9e29c45082933ee77ceeaa07fdb7602d71431760d02b8adc97d0,f0ea0936c19d9e29c45082933ee77ceeaa07fdb7602d71431760d02b8adc97d0
AMLC001836,C:\ITDA_OCR_CODE\학습대상데이터\AMLC001836.jpg,4,sha256:5bac016eae72ece999314fc217c4111025da92f8bccc717f76678e7ee6a4ae67,5bac016eae72ece999314fc217c4111025da92f8bccc717f76678e7ee6a4ae67
AMLC001837,C:\ITDA_OCR_CODE\학습대상데이터\AMLC001837.jpg,4,sha256:de29a12cde395e5840c88a20d25fb2d49c612891d42149f679cc0e9575dbe463,de29a12cde395e5840c88a20d25fb2d49c612891d42149f679cc0e9575dbe463
AMLC001838,C:\ITDA_OCR_CODE\학습대상데이터\AMLC001838.jpg,5,sha256:05fab41fb1c429bb9dbec2b37a416f95aa75fd03a03d6f41c6902f7e90a152df,05fab41fb1c429bb9dbec2b37a416f95aa75fd03a03d6f41c6902f7e90a152df
AMLC001839,C:\ITDA_OCR_CODE\학습대상데이터\AMLC001839.jpg,2,sha256:a6dd7bb593292a1f530f92bc349cc8692b31d068c1dc8f4aff3ab337532ea7b9,a6dd7bb593292a1f530f92bc349cc8692b31d068c1dc8f4aff3ab337532ea7b9
AMLC001840,C:\ITDA_OCR_CODE\학습대상데이터\AMLC001840.jpg,1,sha256:6f71cacb24114fb3c1f032005a88bc670a8b394d27f35a02b67b7faa638ac66c,6f71cacb24114fb3c1f032005a88bc670a8b394d27f35a02b67b7faa638ac66c
AMLC001841,C:\ITDA_OCR_CODE\학습대상데이터\AMLC001841.jpg,4,sha256:136f5e2d3a2ffc902f2b663e662c42c642d106d6e35ca8e1cc754044eab39c76,136f5e2d3a2ffc902f2b663e662c42c642d106d6e35ca8e1cc754044eab39c76
AMLC001842,C:\ITDA_OCR_CODE\학습대상데이터\AMLC001842.jpg,1,sha256:99f8d523635122cc4b8092f078a97c7f03e4663eabe71232e4b70828ce42bf57,99f8d523635122cc4b8092f078a97c7f03e4663eabe71232e4b70828ce42bf57
AMLC001843,C:\ITDA_OCR_CODE\학습대상데이터\AMLC001843.jpg,4,sha256:9a3f479fa480e721b4e0cbc951ca15e6d89a14ea6733521e0298cc5035056bb8,9a3f479fa480e721b4e0cbc951ca15e6d89a14ea6733521e0298cc5035056bb8
AMLC001844,C:\ITDA_OCR_CODE\학습대상데이터\AMLC001844.jpg,5,sha256:4731b01079ef9d36cb81af0cf2a5a7d9ad6dc042957bb6fd2235cdd952811085,4731b01079ef9d36cb81af0cf2a5a7d9ad6dc042957bb6fd2235cdd952811085
AMLC001845,C:\ITDA_OCR_CODE\학습대상데이터\AMLC001845.jpg,2,sha256:eb711fcd45a6976046ba75c5cea848e39199fc8bd2c91d9ce0b7f116440bf2b4,eb711fcd45a6976046ba75c5cea848e39199fc8bd2c91d9ce0b7f116440bf2b4
AMLC001846,C:\ITDA_OCR_CODE\학습대상데이터\AMLC001846.jpg,3,sha256:d3cd8c82425da0535092b3325dbae53f57d92efcba51c1f723660dbd0394711c,d3cd8c82425da0535092b3325dbae53f57d92efcba51c1f723660dbd0394711c
AMLC001847,C:\ITDA_OCR_CODE\학습대상데이터\AMLC001847.jpg,4,sha256:d24eefa6824c01947dab8ad669b4c32beadd437f64cf4c5e7614178107ffc400,d24eefa6824c01947dab8ad669b4c32beadd437f64cf4c5e7614178107ffc400
AMLC001848,C:\ITDA_OCR_CODE\학습대상데이터\AMLC001848.jpg,5,sha256:640d8a382276c8854354075a50fbe902180b4ea4ba0042007156e7a004d97dc8,640d8a382276c8854354075a50fbe902180b4ea4ba0042007156e7a004d97dc8
AMLC001849,C:\ITDA_OCR_CODE\학습대상데이터\AMLC001849.jpg,3,sha256:c11dcfd54c85bff177d16c4b6e8dea3bd6da8ebf1f44f4e8186050719dd80d7e,c11dcfd54c85bff177d16c4b6e8dea3bd6da8ebf1f44f4e8186050719dd80d7e
AMLC001850,C:\ITDA_OCR_CODE\학습대상데이터\AMLC001850.jpg,5,sha256:7f942ddff21c0fbe9f056360aa096524c21f10e957d75587c3e5b6b0f117ddbc,7f942ddff21c0fbe9f056360aa096524c21f10e957d75587c3e5b6b0f117ddbc
AMLC001851,C:\ITDA_OCR_CODE\학습대상데이터\AMLC001851.jpg,4,sha256:454ced8131d09b8ffad6d04a91aa49294895f962755022fcf528c7e29ddd6e43,454ced8131d09b8ffad6d04a91aa49294895f962755022fcf528c7e29ddd6e43
AMLC001852,C:\ITDA_OCR_CODE\학습대상데이터\AMLC001852.jpg,2,sha256:a5afd6552249b9702f947e2c3d25200a9c14a59db36c0613dbc293af0960ea1c,a5afd6552249b9702f947e2c3d25200a9c14a59db36c0613dbc293af0960ea1c
AMLC001853,C:\ITDA_OCR_CODE\학습대상데이터\AMLC001853.jpg,2,sha256:a4c32e2d3e6c2f80e3da3d48be2e12f9264e5967bee0cac0b890571e2b97eb72,a4c32e2d3e6c2f80e3da3d48be2e12f9264e5967bee0cac0b890571e2b97eb72
AMLC001854,C:\ITDA_OCR_CODE\학습대상데이터\AMLC001854.jpg,3,sha256:f4351005d22200f1eeac8bfcb1d7de3545f5daf37ec7c585c378c4c890cdb6ca,f4351005d22200f1eeac8bfcb1d7de3545f5daf37ec7c585c378c4c890cdb6ca
AMLC001855,C:\ITDA_OCR_CODE\학습대상데이터\AMLC001855.jpg,5,sha256:f7c16266096e14b8a8bca49d9e6980eb4692d91254d320c129e5056f65b2396b,f7c16266096e14b8a8bca49d9e6980eb4692d91254d320c129e5056f65b2396b
AMLC001856,C:\ITDA_OCR_CODE\학습대상데이터\AMLC001856.jpg,4,sha256:a12e6ff3136b3b216721dd3886728d373fc2a6e6173ff27261afe95583ff504d,a12e6ff3136b3b216721dd3886728d373fc2a6e6173ff27261afe95583ff504d
AMLC001857,C:\ITDA_OCR_CODE\학습대상데이터\AMLC001857.jpg,3,sha256:7ca7c012c685e0bab486b006b6732c66298a57c0bf5fc3153dffd7e65f8b4596,7ca7c012c685e0bab486b006b6732c66298a57c0bf5fc3153dffd7e65f8b4596
AMLC001858,C:\ITDA_OCR_CODE\학습대상데이터\AMLC001858.jpg,1,sha256:824d7304d98aac097d5bf72322d4fecbcbf8f69e58bb497714a335ef7b79f76a,824d7304d98aac097d5bf72322d4fecbcbf8f69e58bb497714a335ef7b79f76a
AMLC001859,C:\ITDA_OCR_CODE\학습대상데이터\AMLC001859.jpg,5,sha256:c6585ca903d9d2ab99162de6b6516861bf15fe66203db84d20d0e43787e96445,c6585ca903d9d2ab99162de6b6516861bf15fe66203db84d20d0e43787e96445
AMLC001860,C:\ITDA_OCR_CODE\학습대상데이터\AMLC001860.jpg,5,sha256:aa6c021af1f14ef25a7322e1d835d2d3ea1a314cf60009b753aac10181b5670a,aa6c021af1f14ef25a7322e1d835d2d3ea1a314cf60009b753aac10181b5670a
AMLC001861,C:\ITDA_OCR_CODE\학습대상데이터\AMLC001861.jpg,2,sha256:092d58fca784e512b1ee39175c59a21892804d28d4105a16b2c16930176b4ef5,092d58fca784e512b1ee39175c59a21892804d28d4105a16b2c16930176b4ef5
AMLC001862,C:\ITDA_OCR_CODE\학습대상데이터\AMLC001862.jpg,4,sha256:cd28fdb3705600396fda9bcae383732fdca44b0ff83de2c2deedb27502a132c7,cd28fdb3705600396fda9bcae383732fdca44b0ff83de2c2deedb27502a132c7
AMLC001863,C:\ITDA_OCR_CODE\학습대상데이터\AMLC001863.jpg,5,sha256:dc0f34d2665d22f6e18023335dd553cfc5f1e0dbca64f258f81d673fd7e35297,dc0f34d2665d22f6e18023335dd553cfc5f1e0dbca64f258f81d673fd7e35297
AMLC001864,C:\ITDA_OCR_CODE\학습대상데이터\AMLC001864.jpg,4,sha256:8b56f017c1b2b931a4b36590394d6cff62e425e5d22e198e0ef0ed28ed3057ba,8b56f017c1b2b931a4b36590394d6cff62e425e5d22e198e0ef0ed28ed3057ba
AMLC001865,C:\ITDA_OCR_CODE\학습대상데이터\AMLC001865.jpg,3,sha256:25ce83426800803ef17cc3226e97bc1dd5c70479e816434c86559ea658dfa6f8,25ce83426800803ef17cc3226e97bc1dd5c70479e816434c86559ea658dfa6f8
AMLC001866,C:\ITDA_OCR_CODE\학습대상데이터\AMLC001866.jpg,5,sha256:4c6278ddd89492b6b5e6268198ea3d6241432896da7605a6e190eccbbd413b15,4c6278ddd89492b6b5e6268198ea3d6241432896da7605a6e190eccbbd413b15
AMLC001867,C:\ITDA_OCR_CODE\학습대상데이터\AMLC001867.jpg,1,sha256:2fe966c9923e11a556311419b129965f0d2d6458ccd473202a592a16006b268d,2fe966c9923e11a556311419b129965f0d2d6458ccd473202a592a16006b268d
AMLC001868,C:\ITDA_OCR_CODE\학습대상데이터\AMLC001868.jpg,1,sha256:07539480a0fb9e5dc0543b7bf2855f9649f31abcb1f62563a409df4800e7a26e,07539480a0fb9e5dc0543b7bf2855f9649f31abcb1f62563a409df4800e7a26e
AMLC001869,C:\ITDA_OCR_CODE\학습대상데이터\AMLC001869.jpg,2,sha256:ad506e71283cadf51c9f962fd1ec4402e3f5f50ef8abdd99d87b4e8a01bd517b,ad506e71283cadf51c9f962fd1ec4402e3f5f50ef8abdd99d87b4e8a01bd517b
AMLC001870,C:\ITDA_OCR_CODE\학습대상데이터\AMLC001870.jpg,3,sha256:004ed8ad0cb457423c8a23c30dd15c8b5d5d12e2cf5ad1fa6e46908f17eb55d8,004ed8ad0cb457423c8a23c30dd15c8b5d5d12e2cf5ad1fa6e46908f17eb55d8
AMLC001871,C:\ITDA_OCR_CODE\학습대상데이터\AMLC001871.jpg,4,sha256:4ef7f6e5775989b65ace3a3c3b1a29922c71a291a0c73dcafd5ec9da8afaf6e0,4ef7f6e5775989b65ace3a3c3b1a29922c71a291a0c73dcafd5ec9da8afaf6e0
AMLC001872,C:\ITDA_OCR_CODE\학습대상데이터\AMLC001872.jpg,5,sha256:ba49f14e2c461ad818e34378c65dcf5ffa48b1746814eb4cd555e9b880cf0a68,ba49f14e2c461ad818e34378c65dcf5ffa48b1746814eb4cd555e9b880cf0a68
AMLC001873,C:\ITDA_OCR_CODE\학습대상데이터\AMLC001873.jpg,4,sha256:984dd74ee8591c1da25d3c47dcec504d6e5935c88501c1fd5e96c3e595e02dd3,984dd74ee8591c1da25d3c47dcec504d6e5935c88501c1fd5e96c3e595e02dd3
AMLC001874,C:\ITDA_OCR_CODE\학습대상데이터\AMLC001874.jpg,1,sha256:8ac2ddee85a2406ad160d82129f6aa015a47624edc4ddabec9373e0d02c835d0,8ac2ddee85a2406ad160d82129f6aa015a47624edc4ddabec9373e0d02c835d0
AMLC001875,C:\ITDA_OCR_CODE\학습대상데이터\AMLC001875.jpg,3,sha256:b96a08bb10d7ec58b895316013ff229d2fe8d6d9aef3b4cca385c3c1c4c9607a,b96a08bb10d7ec58b895316013ff229d2fe8d6d9aef3b4cca385c3c1c4c9607a
AMLC001876,C:\ITDA_OCR_CODE\학습대상데이터\AMLC001876.jpg,5,sha256:6dc2e6ba4ac7fc3145ed0a04ebdd3e72be25fc305a0f9165ebe4add5db42b01b,6dc2e6ba4ac7fc3145ed0a04ebdd3e72be25fc305a0f9165ebe4add5db42b01b
AMLC001877,C:\ITDA_OCR_CODE\학습대상데이터\AMLC001877.jpg,5,sha256:880605d97a1f19424cbceb22d36a4579156957568e3ec58748c36149c0006abb,880605d97a1f19424cbceb22d36a4579156957568e3ec58748c36149c0006abb
AMLC001878,C:\ITDA_OCR_CODE\학습대상데이터\AMLC001878.jpg,1,sha256:dddba6568dedbef042f8d63becc54e56eebbb7784dd1d0949cf0496c0d73785d,dddba6568dedbef042f8d63becc54e56eebbb7784dd1d0949cf0496c0d73785d
AMLC001879,C:\ITDA_OCR_CODE\학습대상데이터\AMLC001879.jpg,5,sha256:6d93275d4f0fba5723daeb5876a196fcf3a2b5694dcc4ac0fb1b403fd650c877,6d93275d4f0fba5723daeb5876a196fcf3a2b5694dcc4ac0fb1b403fd650c877
AMLC001880,C:\ITDA_OCR_CODE\학습대상데이터\AMLC001880.jpg,2,sha256:aebafa4a0a5e444e775ae1a488192664c490364613a9fe6d023433f26feab699,aebafa4a0a5e444e775ae1a488192664c490364613a9fe6d023433f26feab699
AMLC001881,C:\ITDA_OCR_CODE\학습대상데이터\AMLC001881.jpg,3,sha256:b93a187e594c97bf2687ffc02c8bb4bf30160982d0366c83e06f808f62e5469e,b93a187e594c97bf2687ffc02c8bb4bf30160982d0366c83e06f808f62e5469e
AMLC001882,C:\ITDA_OCR_CODE\학습대상데이터\AMLC001882.jpg,5,sha256:e29f001748045a261c24255389663ff54730a54e8f2d7a3d1725e134ea1ff4ff,e29f001748045a261c24255389663ff54730a54e8f2d7a3d1725e134ea1ff4ff
AMLC001883,C:\ITDA_OCR_CODE\학습대상데이터\AMLC001883.jpg,1,sha256:7aeaf09915a4486da171398bff4ee370c76da19b37b55515d12fade0ff4e5c12,7aeaf09915a4486da171398bff4ee370c76da19b37b55515d12fade0ff4e5c12
AMLC001884,C:\ITDA_OCR_CODE\학습대상데이터\AMLC001884.jpg,4,sha256:32244a0016c5f16510fa99a3716c90af620dcdc924dc136ae3c9241a32496204,32244a0016c5f16510fa99a3716c90af620dcdc924dc136ae3c9241a32496204
AMLC001885,C:\ITDA_OCR_CODE\학습대상데이터\AMLC001885.jpg,1,sha256:c79193a6020bcf67fd37ccddd40a316378a75b070bad1fe53fdfa3a53e5a1148,c79193a6020bcf67fd37ccddd40a316378a75b070bad1fe53fdfa3a53e5a1148
AMLC001886,C:\ITDA_OCR_CODE\학습대상데이터\AMLC001886.jpg,1,sha256:f20693b83e69a845703fc9b8e6bbf55447f50a01c61ab545a9e3518d72dc26bf,f20693b83e69a845703fc9b8e6bbf55447f50a01c61ab545a9e3518d72dc26bf
AMLC001887,C:\ITDA_OCR_CODE\학습대상데이터\AMLC001887.jpg,2,sha256:2a22e3844797a51f056169a485b9625bf560e4cde3d23d5a557ca7f36a5e2b75,2a22e3844797a51f056169a485b9625bf560e4cde3d23d5a557ca7f36a5e2b75
AMLC001888,C:\ITDA_OCR_CODE\학습대상데이터\AMLC001888.jpg,3,sha256:5f756fe24edbf7ca51cbc5e1a2ebeca9a69909a5d0eab68ddaeddf0ce3ccb1be,5f756fe24edbf7ca51cbc5e1a2ebeca9a69909a5d0eab68ddaeddf0ce3ccb1be
AMLC001889,C:\ITDA_OCR_CODE\학습대상데이터\AMLC001889.jpg,5,sha256:00ffa039fb0d3728b4a2a485ca88ce614bec6ae8904cea1dd03c39a123c1133b,00ffa039fb0d3728b4a2a485ca88ce614bec6ae8904cea1dd03c39a123c1133b
AMLC001890,C:\ITDA_OCR_CODE\학습대상데이터\AMLC001890.jpg,2,sha256:650679cab0b0a0239e443277f80663117ba29a2f344b64e02d0658ef1706499a,650679cab0b0a0239e443277f80663117ba29a2f344b64e02d0658ef1706499a
AMLC001891,C:\ITDA_OCR_CODE\학습대상데이터\AMLC001891.jpg,5,sha256:ea5bc7733cb3eeeb62d013ae639ca741e7489c973f945d7e8732ef884337fe34,ea5bc7733cb3eeeb62d013ae639ca741e7489c973f945d7e8732ef884337fe34
AMLC001892,C:\ITDA_OCR_CODE\학습대상데이터\AMLC001892.jpg,5,sha256:1f767c6525dfb9fd9c521652840030ea0d2841d64f70be321ad1eb087946a3a2,1f767c6525dfb9fd9c521652840030ea0d2841d64f70be321ad1eb087946a3a2
AMLC001893,C:\ITDA_OCR_CODE\학습대상데이터\AMLC001893.jpg,4,sha256:09bc1b4b73d49ea52235f4fa4eece9ad5b00f5053c771e3d68592dc74225438b,09bc1b4b73d49ea52235f4fa4eece9ad5b00f5053c771e3d68592dc74225438b
AMLC001894,C:\ITDA_OCR_CODE\학습대상데이터\AMLC001894.jpg,2,sha256:ad22e90346ba2a34768ba8e86f474adf742a1096217822c15b4853fd6be7aa1e,ad22e90346ba2a34768ba8e86f474adf742a1096217822c15b4853fd6be7aa1e
AMLC001895,C:\ITDA_OCR_CODE\학습대상데이터\AMLC001895.jpg,3,sha256:7ca10eefbb1f08a8aba2241ad1dabf740f1951be562e4262c8a6884efb17858c,7ca10eefbb1f08a8aba2241ad1dabf740f1951be562e4262c8a6884efb17858c
AMLC001896,C:\ITDA_OCR_CODE\학습대상데이터\AMLC001896.jpg,4,sha256:9921e912614e5fa39a4f02d105d2bb54d9c1f3f3307df87f8b2421dbf4cdf29b,9921e912614e5fa39a4f02d105d2bb54d9c1f3f3307df87f8b2421dbf4cdf29b
AMLC001897,C:\ITDA_OCR_CODE\학습대상데이터\AMLC001897.jpg,5,sha256:b39e94d27fe9d17492c961e37ee7dd5bf477df71ff63efa197131f4bb2b2a42c,b39e94d27fe9d17492c961e37ee7dd5bf477df71ff63efa197131f4bb2b2a42c
AMLC001898,C:\ITDA_OCR_CODE\학습대상데이터\AMLC001898.jpg,4,sha256:b08db77f9674f341b922ab45c7bca8bef5baa7eae10ae28ed87a587adad15e46,b08db77f9674f341b922ab45c7bca8bef5baa7eae10ae28ed87a587adad15e46
AMLC001899,C:\ITDA_OCR_CODE\학습대상데이터\AMLC001899.jpg,5,sha256:a94bd6e3a7a9f1aadfd5fe31973d75cfb417f630c916b5eca25f04d0d6dffebc,a94bd6e3a7a9f1aadfd5fe31973d75cfb417f630c916b5eca25f04d0d6dffebc
AMLC001900,C:\ITDA_OCR_CODE\학습대상데이터\AMLC001900.jpg,2,sha256:90cf2b69b7815d15f04c069253b8876652d61c6eef4d36b64ead4bb93538c33a,90cf2b69b7815d15f04c069253b8876652d61c6eef4d36b64ead4bb93538c33a
AMLC001901,C:\ITDA_OCR_CODE\학습대상데이터\AMLC001901.jpg,3,sha256:0224cf3495334f773062c93b2181134cceca15cbd3c9511070b2640fe44be66a,0224cf3495334f773062c93b2181134cceca15cbd3c9511070b2640fe44be66a
AMLC001902,C:\ITDA_OCR_CODE\학습대상데이터\AMLC001902.jpg,3,sha256:b82695d9b45ea3b958376a0d1e14c5787a50c3fdd4f1578e14f03189f568be79,b82695d9b45ea3b958376a0d1e14c5787a50c3fdd4f1578e14f03189f568be79
AMLC001903,C:\ITDA_OCR_CODE\학습대상데이터\AMLC001903.jpg,2,sha256:f1f624c619d4ca027cdd661deba9cab6cb4950ef4a39b494d69f8cc3ea8b34ec,f1f624c619d4ca027cdd661deba9cab6cb4950ef4a39b494d69f8cc3ea8b34ec
AMLC001904,C:\ITDA_OCR_CODE\학습대상데이터\AMLC001904.jpg,2,sha256:f74b45c434573dea6eff2e3c3a1ffc7758c8d35638458a2aecf08c629cf7b209,f74b45c434573dea6eff2e3c3a1ffc7758c8d35638458a2aecf08c629cf7b209
AMLC001905,C:\ITDA_OCR_CODE\학습대상데이터\AMLC001905.jpg,1,sha256:951509baab346edff9aef670e68274818b52518f97a6853ef74392539b6f02de,951509baab346edff9aef670e68274818b52518f97a6853ef74392539b6f02de
AMLC001906,C:\ITDA_OCR_CODE\학습대상데이터\AMLC001906.jpg,3,sha256:fbb2989b6842cac8f033b8a659c86973a04a72911974793736921db1010bce80,fbb2989b6842cac8f033b8a659c86973a04a72911974793736921db1010bce80
AMLC001907,C:\ITDA_OCR_CODE\학습대상데이터\AMLC001907.jpg,4,sha256:53c783929375bc26206b3c4aed349356c46437a67f810916930de7e15f1b39bd,53c783929375bc26206b3c4aed349356c46437a67f810916930de7e15f1b39bd
AMLC001908,C:\ITDA_OCR_CODE\학습대상데이터\AMLC001908.jpg,1,sha256:16dde050e29858184200b77a94e0b67eed2c8a8bef0e9c55a61d4265ee64f0e1,16dde050e29858184200b77a94e0b67eed2c8a8bef0e9c55a61d4265ee64f0e1
AMLC001909,C:\ITDA_OCR_CODE\학습대상데이터\AMLC001909.jpg,2,sha256:18c18dea00cd5f51d9c4b950b7b3d59a20fd2a0f9530b2909a3f51bd494b0c56,18c18dea00cd5f51d9c4b950b7b3d59a20fd2a0f9530b2909a3f51bd494b0c56
AMLC001910,C:\ITDA_OCR_CODE\학습대상데이터\AMLC001910.jpg,3,sha256:228cb400ad47b11d64605f37f8480b1d16584575230513159e4f00d42437a955,228cb400ad47b11d64605f37f8480b1d16584575230513159e4f00d42437a955
AMLC001911,C:\ITDA_OCR_CODE\학습대상데이터\AMLC001911.jpg,4,sha256:12652116db04b104e749e1c53e1bbfe6247f496b5b2eff430c2798fe2c7b863c,12652116db04b104e749e1c53e1bbfe6247f496b5b2eff430c2798fe2c7b863c
AMLC001912,C:\ITDA_OCR_CODE\학습대상데이터\AMLC001912.jpg,2,sha256:3cd04d42c4b4f56830cdb390b2311e633f0c7398d92d75fdf36e9f0b960f5530,3cd04d42c4b4f56830cdb390b2311e633f0c7398d92d75fdf36e9f0b960f5530
AMLC001913,C:\ITDA_OCR_CODE\학습대상데이터\AMLC001913.jpg,5,sha256:d0077166149128099bf5122db5bed873e367c57ce213e6a53c86c17e475adce7,d0077166149128099bf5122db5bed873e367c57ce213e6a53c86c17e475adce7
AMLC001914,C:\ITDA_OCR_CODE\학습대상데이터\AMLC001914.jpg,3,sha256:b61ccafd1aca9620c29555c0966e65d3ce7f02e6090d3a3b0e07920ea9691495,b61ccafd1aca9620c29555c0966e65d3ce7f02e6090d3a3b0e07920ea9691495
AMLC001915,C:\ITDA_OCR_CODE\학습대상데이터\AMLC001915.jpg,5,sha256:0d2f5352ad8904ba78abbb9fa5eb78e59cc994aa65ec0d6e923c1e44a0ccdcec,0d2f5352ad8904ba78abbb9fa5eb78e59cc994aa65ec0d6e923c1e44a0ccdcec
AMLC001916,C:\ITDA_OCR_CODE\학습대상데이터\AMLC001916.jpg,3,sha256:d06ce0f2788c82f97a9dd5c2fb35820fa2ab0236952392a50edad3bf7bcfdd89,d06ce0f2788c82f97a9dd5c2fb35820fa2ab0236952392a50edad3bf7bcfdd89
AMLC001917,C:\ITDA_OCR_CODE\학습대상데이터\AMLC001917.jpg,1,sha256:bb7ac5b61a62ff917b1d66ebd28db00076b7739570d52a0a520640eb39918132,bb7ac5b61a62ff917b1d66ebd28db00076b7739570d52a0a520640eb39918132
AMLC001918,C:\ITDA_OCR_CODE\학습대상데이터\AMLC001918.jpg,2,sha256:658d6d50eca638a29a76ff70b91d1c7cd72ab3e97d9e64d5be2e114131530d14,658d6d50eca638a29a76ff70b91d1c7cd72ab3e97d9e64d5be2e114131530d14
AMLC001919,C:\ITDA_OCR_CODE\학습대상데이터\AMLC001919.jpg,3,sha256:ca6c8972e1d677feb8ab428b9abe4a04396312c945b9ce8f7ae608d4c4a9731b,ca6c8972e1d677feb8ab428b9abe4a04396312c945b9ce8f7ae608d4c4a9731b
AMLC001920,C:\ITDA_OCR_CODE\학습대상데이터\AMLC001920.jpg,5,sha256:b2e208998548d10f5cb77a22af5aa937df8af0e7e2184fd5d0f86f7721299146,b2e208998548d10f5cb77a22af5aa937df8af0e7e2184fd5d0f86f7721299146
AMLC001921,C:\ITDA_OCR_CODE\학습대상데이터\AMLC001921.jpg,5,sha256:4aadae524fccfe8d038e4ed38e6525d924c077b78a07df937d99fb6807c99e1a,4aadae524fccfe8d038e4ed38e6525d924c077b78a07df937d99fb6807c99e1a
AMLC001922,C:\ITDA_OCR_CODE\학습대상데이터\AMLC001922.jpg,1,sha256:6c62fdc6154925f92c178b652edfb59028ce25008ffb1565f83911c85f5eacf9,6c62fdc6154925f92c178b652edfb59028ce25008ffb1565f83911c85f5eacf9
AMLC001923,C:\ITDA_OCR_CODE\학습대상데이터\AMLC001923.jpg,4,sha256:9db9227c88486e65123a252cc2d88ea83f7b9986bc9d6375be6dd422db33719b,9db9227c88486e65123a252cc2d88ea83f7b9986bc9d6375be6dd422db33719b
AMLC001924,C:\ITDA_OCR_CODE\학습대상데이터\AMLC001924.jpg,3,sha256:7d2a11aee9a654c5a9d631557a6cdea28c6a226fd68a1d3bc9006a00f01bb116,7d2a11aee9a654c5a9d631557a6cdea28c6a226fd68a1d3bc9006a00f01bb116
AMLC001925,C:\ITDA_OCR_CODE\학습대상데이터\AMLC001925.jpg,5,sha256:906f9724a25ee887e480aaf3d0f1dbf881113169a3d79da60e8712bafec2dd27,906f9724a25ee887e480aaf3d0f1dbf881113169a3d79da60e8712bafec2dd27
AMLC001926,C:\ITDA_OCR_CODE\학습대상데이터\AMLC001926.jpg,2,sha256:7fa65cc0690ac70a202bc134c477e82ad7fd34b10caeb3bd24bd16e9b595a7ac,7fa65cc0690ac70a202bc134c477e82ad7fd34b10caeb3bd24bd16e9b595a7ac
AMLC001927,C:\ITDA_OCR_CODE\학습대상데이터\AMLC001927.jpg,2,sha256:657cad3d44fb4be644add05906c985e84956a93996803ee5e87aa0a25fa0db4d,657cad3d44fb4be644add05906c985e84956a93996803ee5e87aa0a25fa0db4d
AMLC001928,C:\ITDA_OCR_CODE\학습대상데이터\AMLC001928.jpg,4,sha256:47d315a31c13cbe87ac82c5935f3de38e2ce8d9aff127bcd2c45b13ada4ca24b,47d315a31c13cbe87ac82c5935f3de38e2ce8d9aff127bcd2c45b13ada4ca24b
AMLC001929,C:\ITDA_OCR_CODE\학습대상데이터\AMLC001929.jpg,1,sha256:e8ae1cbff9931cdf4753416e62f0936c43df8c1ece48047fac02c738d91554ce,e8ae1cbff9931cdf4753416e62f0936c43df8c1ece48047fac02c738d91554ce
AMLC001930,C:\ITDA_OCR_CODE\학습대상데이터\AMLC001930.jpg,5,sha256:7ae048c912512dca4dce79af5eac74aec5f9bd7f8d4870c78b891083f3e3e83a,7ae048c912512dca4dce79af5eac74aec5f9bd7f8d4870c78b891083f3e3e83a
AMLC001931,C:\ITDA_OCR_CODE\학습대상데이터\AMLC001931.jpg,4,sha256:a81c967e950bac0e18784babd4d8c7532e0c83901b08ecfae9e6ddbb7a5f440e,a81c967e950bac0e18784babd4d8c7532e0c83901b08ecfae9e6ddbb7a5f440e
AMLC001932,C:\ITDA_OCR_CODE\학습대상데이터\AMLC001932.jpg,1,sha256:45f9266b90b63c5a58a9a17597bbb1009537ef8830f016f82c151ed9e71f8337,45f9266b90b63c5a58a9a17597bbb1009537ef8830f016f82c151ed9e71f8337
AMLC001933,C:\ITDA_OCR_CODE\학습대상데이터\AMLC001933.jpg,2,sha256:85fa7111d08f320d7527f9abe3fdad3597c0ebbc007111d909f8bd58d310a467,85fa7111d08f320d7527f9abe3fdad3597c0ebbc007111d909f8bd58d310a467
AMLC001934,C:\ITDA_OCR_CODE\학습대상데이터\AMLC001934.jpg,4,sha256:89b3b08c54b564a24570701e5748927f01e45b69983a7498deec87e494616670,89b3b08c54b564a24570701e5748927f01e45b69983a7498deec87e494616670
AMLC001935,C:\ITDA_OCR_CODE\학습대상데이터\AMLC001935.jpg,2,sha256:a5a3cd4f454acdc1f5edeeba57d200f30621f5d80b77e7b025070c31b3844c5f,a5a3cd4f454acdc1f5edeeba57d200f30621f5d80b77e7b025070c31b3844c5f
AMLC001936,C:\ITDA_OCR_CODE\학습대상데이터\AMLC001936.jpg,1,sha256:6079c5ace32190d49cec2ba577838137e5f1b36bf1bc4083110b3f3e3457c73c,6079c5ace32190d49cec2ba577838137e5f1b36bf1bc4083110b3f3e3457c73c
AMLC001937,C:\ITDA_OCR_CODE\학습대상데이터\AMLC001937.jpg,2,sha256:97ae013b22ea564f8e1134a304f78ba5aaa70013535e6d5e143d5d1f45c4f97b,97ae013b22ea564f8e1134a304f78ba5aaa70013535e6d5e143d5d1f45c4f97b
AMLC001938,C:\ITDA_OCR_CODE\학습대상데이터\AMLC001938.jpg,3,sha256:1d2c4717f2985c22bfbbac2f839aeec58f7e91d18a330342bafe7ebef7d28abf,1d2c4717f2985c22bfbbac2f839aeec58f7e91d18a330342bafe7ebef7d28abf
AMLC001939,C:\ITDA_OCR_CODE\학습대상데이터\AMLC001939.jpg,1,sha256:854758227af064833a967a71083b7aea89a985bfc67ae082672263dee7b9b40c,854758227af064833a967a71083b7aea89a985bfc67ae082672263dee7b9b40c
AMLC001940,C:\ITDA_OCR_CODE\학습대상데이터\AMLC001940.jpg,5,sha256:5cb2f9308f7e250a176fbd56456c1c7125530b33ee67ccd166b0961e7b64e830,5cb2f9308f7e250a176fbd56456c1c7125530b33ee67ccd166b0961e7b64e830
AMLC001941,C:\ITDA_OCR_CODE\학습대상데이터\AMLC001941.jpg,2,sha256:6503e1c9a0b341d217493eb04809729c7b448b93377b5add02633c29de24242e,6503e1c9a0b341d217493eb04809729c7b448b93377b5add02633c29de24242e
AMLC001942,C:\ITDA_OCR_CODE\학습대상데이터\AMLC001942.jpg,5,sha256:6ec54cef234a798bf8a66b6cca12bd12f401324216ec54d9c2cb51bfa8d2b3e6,6ec54cef234a798bf8a66b6cca12bd12f401324216ec54d9c2cb51bfa8d2b3e6
AMLC001943,C:\ITDA_OCR_CODE\학습대상데이터\AMLC001943.jpg,3,sha256:463889168f1bee906b11d3bc1c698cd9f46dca70c79910fb5ca40bb172326254,463889168f1bee906b11d3bc1c698cd9f46dca70c79910fb5ca40bb172326254
AMLC001944,C:\ITDA_OCR_CODE\학습대상데이터\AMLC001944.jpg,4,sha256:af9fb9187ffb80de2471ecbb3a2525796f487d173e93dfbf692c8cfc1026fb2c,af9fb9187ffb80de2471ecbb3a2525796f487d173e93dfbf692c8cfc1026fb2c
AMLC001945,C:\ITDA_OCR_CODE\학습대상데이터\AMLC001945.jpg,2,sha256:71c204074d216e56df01857a85dbdf626b4ad24d4dc5e8ab61b31fd5124d08c9,71c204074d216e56df01857a85dbdf626b4ad24d4dc5e8ab61b31fd5124d08c9
AMLC001946,C:\ITDA_OCR_CODE\학습대상데이터\AMLC001946.jpg,1,sha256:a6d25f55783521c56312e7c8cd27eb96ee86f6c5bb39236fb6a8bc926b8d83db,a6d25f55783521c56312e7c8cd27eb96ee86f6c5bb39236fb6a8bc926b8d83db
AMLC001947,C:\ITDA_OCR_CODE\학습대상데이터\AMLC001947.jpg,5,sha256:ade210372e94dfc6f49198946760cc98c9a85b522154dc4088095fdb07769a29,ade210372e94dfc6f49198946760cc98c9a85b522154dc4088095fdb07769a29
AMLC001948,C:\ITDA_OCR_CODE\학습대상데이터\AMLC001948.jpg,4,sha256:615b7acf83a7d9554fdbc97b611bbe526a9b667a018b496f1fc762c346c699d9,615b7acf83a7d9554fdbc97b611bbe526a9b667a018b496f1fc762c346c699d9
AMLC001949,C:\ITDA_OCR_CODE\학습대상데이터\AMLC001949.jpg,5,sha256:925626022287d90d40630d86e9674770168d3414cd3154a57449b022f7363fc5,925626022287d90d40630d86e9674770168d3414cd3154a57449b022f7363fc5
AMLC001950,C:\ITDA_OCR_CODE\학습대상데이터\AMLC001950.jpg,3,sha256:da1d9939f37413942279dc0892c9667a42e24f17a6691829aedfc888d6b6f13a,da1d9939f37413942279dc0892c9667a42e24f17a6691829aedfc888d6b6f13a
AMLC001951,C:\ITDA_OCR_CODE\학습대상데이터\AMLC001951.jpg,1,sha256:3c1374f3e3f894dede85d9b2d59c27a07f19c78a16d5e84f054187f38d2fa721,3c1374f3e3f894dede85d9b2d59c27a07f19c78a16d5e84f054187f38d2fa721
AMLC001952,C:\ITDA_OCR_CODE\학습대상데이터\AMLC001952.jpg,3,sha256:81f96c77c568bffe84ec2801c1cd7c596f6e97a6dd82bc68efa8ba48127f16bb,81f96c77c568bffe84ec2801c1cd7c596f6e97a6dd82bc68efa8ba48127f16bb
AMLC001953,C:\ITDA_OCR_CODE\학습대상데이터\AMLC001953.jpg,5,sha256:b14a7a78c186cc2bec48a8e7817f2c237026d6bfcb87fdf1f9d59235e0304e9a,b14a7a78c186cc2bec48a8e7817f2c237026d6bfcb87fdf1f9d59235e0304e9a
AMLC001954,C:\ITDA_OCR_CODE\학습대상데이터\AMLC001954.jpg,3,sha256:5ddaebc07ad2ac6e34ae530fdfe0e2b4be7818a9e965ceeba8186312b1dde547,5ddaebc07ad2ac6e34ae530fdfe0e2b4be7818a9e965ceeba8186312b1dde547
AMLC001955,C:\ITDA_OCR_CODE\학습대상데이터\AMLC001955.jpg,3,sha256:05caf5a8d0c7104e9b35a89e11eab8e7198cb52747f802aae59959322690a383,05caf5a8d0c7104e9b35a89e11eab8e7198cb52747f802aae59959322690a383
AMLC001956,C:\ITDA_OCR_CODE\학습대상데이터\AMLC001956.jpg,5,sha256:ff7ea2f1e165dcea7af91044715f9074379169c4e4ce6225aa246fadd342014e,ff7ea2f1e165dcea7af91044715f9074379169c4e4ce6225aa246fadd342014e
AMLC001957,C:\ITDA_OCR_CODE\학습대상데이터\AMLC001957.jpg,2,sha256:e91ac9bf4273354e42dab059115eac86ce32bce19fc3c19a8a3eff4c1f125990,e91ac9bf4273354e42dab059115eac86ce32bce19fc3c19a8a3eff4c1f125990
AMLC001958,C:\ITDA_OCR_CODE\학습대상데이터\AMLC001958.jpg,5,sha256:1837d13dc071abc69b57d65c563fa8f2c0632ab6ae96b1db13cb067a7ecf129d,1837d13dc071abc69b57d65c563fa8f2c0632ab6ae96b1db13cb067a7ecf129d
AMLC001959,C:\ITDA_OCR_CODE\학습대상데이터\AMLC001959.jpg,5,sha256:524d15d114ac5e1c553f0a9fa0ae423ca8dc839d1de4a729a462ef018e673777,524d15d114ac5e1c553f0a9fa0ae423ca8dc839d1de4a729a462ef018e673777
AMLC001960,C:\ITDA_OCR_CODE\학습대상데이터\AMLC001960.jpg,1,sha256:b09c5a581d2f188982ba52bfa4c27c7b7471640b7785d5de9f7a34444792b5f2,b09c5a581d2f188982ba52bfa4c27c7b7471640b7785d5de9f7a34444792b5f2
AMLC001961,C:\ITDA_OCR_CODE\학습대상데이터\AMLC001961.jpg,1,sha256:b18685a0b132999d77dcc85e86bebccbca69feb28b63df77cdf9a743def41ed6,b18685a0b132999d77dcc85e86bebccbca69feb28b63df77cdf9a743def41ed6
AMLC001962,C:\ITDA_OCR_CODE\학습대상데이터\AMLC001962.jpg,1,sha256:2b27263a2514a2e1f5126a65fe65d81df6a2f2bd7aeaa0e0e84b1588658574a6,2b27263a2514a2e1f5126a65fe65d81df6a2f2bd7aeaa0e0e84b1588658574a6
AMLC001963,C:\ITDA_OCR_CODE\학습대상데이터\AMLC001963.jpg,3,sha256:8167ae0db455dfe74f18c8c91c45cba93b5d8be194a9e316aecea75b946659d3,8167ae0db455dfe74f18c8c91c45cba93b5d8be194a9e316aecea75b946659d3
AMLC001964,C:\ITDA_OCR_CODE\학습대상데이터\AMLC001964.jpg,1,sha256:7f203d8ffbb1f73b9d9c74df769e3bc6c9b9ab2578e63ac6ab52a62d29df8b69,7f203d8ffbb1f73b9d9c74df769e3bc6c9b9ab2578e63ac6ab52a62d29df8b69
AMLC001965,C:\ITDA_OCR_CODE\학습대상데이터\AMLC001965.jpg,5,sha256:9c6eb6367840efe102fe4491cfe1c0404e90a10abca4ac90a59d88756c513b3f,9c6eb6367840efe102fe4491cfe1c0404e90a10abca4ac90a59d88756c513b3f
AMLC001966,C:\ITDA_OCR_CODE\학습대상데이터\AMLC001966.jpg,5,sha256:e388d2551f897f79847d543cc1f19b485f0470cb889a353ef0ee2162d30fb07f,e388d2551f897f79847d543cc1f19b485f0470cb889a353ef0ee2162d30fb07f
AMLC001967,C:\ITDA_OCR_CODE\학습대상데이터\AMLC001967.jpg,5,sha256:1d4f7cbf4116979abff4075831830032f7fabc7914af07d31cd0a98f968dfd81,1d4f7cbf4116979abff4075831830032f7fabc7914af07d31cd0a98f968dfd81
AMLC001968,C:\ITDA_OCR_CODE\학습대상데이터\AMLC001968.jpg,3,sha256:07d01e81b30957ff685cd187ea6479f8076693d61ee6a9ce5a0cd0a933faaf8f,07d01e81b30957ff685cd187ea6479f8076693d61ee6a9ce5a0cd0a933faaf8f
AMLC001969,C:\ITDA_OCR_CODE\학습대상데이터\AMLC001969.jpg,2,sha256:f28a0866099e3926664f20e78c7514aafc2ef237d7d2dc47d34c0e17807b9b09,f28a0866099e3926664f20e78c7514aafc2ef237d7d2dc47d34c0e17807b9b09
AMLC001970,C:\ITDA_OCR_CODE\학습대상데이터\AMLC001970.jpg,2,sha256:ab6003a8a0d9eb87afcf01c7c41eb6231eeeaee6c046670d435cd6eb5bdbc1f2,ab6003a8a0d9eb87afcf01c7c41eb6231eeeaee6c046670d435cd6eb5bdbc1f2
AMLC001971,C:\ITDA_OCR_CODE\학습대상데이터\AMLC001971.jpg,1,sha256:826f8ce1c27d476c44f8245201bcd9ccfed0d42f7c3172a8dd631ea8b92284d9,826f8ce1c27d476c44f8245201bcd9ccfed0d42f7c3172a8dd631ea8b92284d9
AMLC001972,C:\ITDA_OCR_CODE\학습대상데이터\AMLC001972.jpg,5,sha256:02c5cef3a052076ced187ef95eb6ef680cba351d8b3c21bc24cbe5374637104f,02c5cef3a052076ced187ef95eb6ef680cba351d8b3c21bc24cbe5374637104f
AMLC001973,C:\ITDA_OCR_CODE\학습대상데이터\AMLC001973.jpg,2,sha256:6fb0d592dfbaa4a40681e519463944751e986742941385561f27a75ee6a28ea8,6fb0d592dfbaa4a40681e519463944751e986742941385561f27a75ee6a28ea8
AMLC001974,C:\ITDA_OCR_CODE\학습대상데이터\AMLC001974.jpg,3,sha256:1cdf3fd7f72060aa76d8001244e1e0b4d52264ac4a7f60c2155970a98bfa795c,1cdf3fd7f72060aa76d8001244e1e0b4d52264ac4a7f60c2155970a98bfa795c
AMLC001975,C:\ITDA_OCR_CODE\학습대상데이터\AMLC001975.jpg,4,sha256:1b6d4331cd28935fd7b3693c0da320725974fda39b99f7053933415d611aae34,1b6d4331cd28935fd7b3693c0da320725974fda39b99f7053933415d611aae34
AMLC001976,C:\ITDA_OCR_CODE\학습대상데이터\AMLC001976.jpg,4,sha256:b4e4e82f53d0356c8eea634b31460bce454f2dbb116a52c7220ac3f0f25a4482,b4e4e82f53d0356c8eea634b31460bce454f2dbb116a52c7220ac3f0f25a4482
AMLC001977,C:\ITDA_OCR_CODE\학습대상데이터\AMLC001977.jpg,1,sha256:92d8c9e92e4734bde8905b76b2b106a63c33d3a512a7cfccaa31e7a8444b3c72,92d8c9e92e4734bde8905b76b2b106a63c33d3a512a7cfccaa31e7a8444b3c72
AMLC001978,C:\ITDA_OCR_CODE\학습대상데이터\AMLC001978.jpg,3,sha256:3a7d0e4e9780cc13d1e5538a3642e9ca196ea13e181bd3dd4dc83f4d4e68fe0e,3a7d0e4e9780cc13d1e5538a3642e9ca196ea13e181bd3dd4dc83f4d4e68fe0e
AMLC001979,C:\ITDA_OCR_CODE\학습대상데이터\AMLC001979.jpg,1,sha256:37f6ceb8cb42c350f105354c872e6338ed1da3f57ca6b989ab0285ce1a1c78da,37f6ceb8cb42c350f105354c872e6338ed1da3f57ca6b989ab0285ce1a1c78da
AMLC001980,C:\ITDA_OCR_CODE\학습대상데이터\AMLC001980.jpg,2,sha256:19959eb75c205e838aa57d48760b02baf4bdae0abb8adff8416642c93c2adfba,19959eb75c205e838aa57d48760b02baf4bdae0abb8adff8416642c93c2adfba
AMLC001981,C:\ITDA_OCR_CODE\학습대상데이터\AMLC001981.jpg,3,sha256:b99c1c6db034ef907e9946527c4b46402cdc38640ace0ef3b3379a40825e5d13,b99c1c6db034ef907e9946527c4b46402cdc38640ace0ef3b3379a40825e5d13
AMLC001982,C:\ITDA_OCR_CODE\학습대상데이터\AMLC001982.jpg,5,sha256:0ab1a1b9f6139369cb7b8217126d949dbf624e3fae0f49d94207015968f719ac,0ab1a1b9f6139369cb7b8217126d949dbf624e3fae0f49d94207015968f719ac
AMLC001983,C:\ITDA_OCR_CODE\학습대상데이터\AMLC001983.jpg,5,sha256:bf2a99b2e241c4c861caf30ed0b6709e6973e6e4cca004897129b8692eb9bf21,bf2a99b2e241c4c861caf30ed0b6709e6973e6e4cca004897129b8692eb9bf21
AMLC001984,C:\ITDA_OCR_CODE\학습대상데이터\AMLC001984.jpg,4,sha256:2d14061a94aed27fa406431aa386c5498fbfb1686350380e9245ae36a34e2644,2d14061a94aed27fa406431aa386c5498fbfb1686350380e9245ae36a34e2644
AMLC001985,C:\ITDA_OCR_CODE\학습대상데이터\AMLC001985.jpg,5,sha256:d37a68468c5bd25a8951bc60cb690b02bd1d3721d5acb232108dcd0edad5b56f,d37a68468c5bd25a8951bc60cb690b02bd1d3721d5acb232108dcd0edad5b56f
AMLC001986,C:\ITDA_OCR_CODE\학습대상데이터\AMLC001986.jpg,3,sha256:a19f8f9b07e8930a8af75f2c97ab05800a0249880adb7f0d861af0b68b8a4888,a19f8f9b07e8930a8af75f2c97ab05800a0249880adb7f0d861af0b68b8a4888
AMLC001987,C:\ITDA_OCR_CODE\학습대상데이터\AMLC001987.jpg,3,sha256:09b49d505e54c624b39dacc22468d83f6fbc8dd2002b1d7a029c01d452cd5ee5,09b49d505e54c624b39dacc22468d83f6fbc8dd2002b1d7a029c01d452cd5ee5
AMLC001988,C:\ITDA_OCR_CODE\학습대상데이터\AMLC001988.jpg,5,sha256:41a454ad4059ffd9dfcf74fc9cd2e7e68ff4f84e97c70d86920dc4e1f5c538ae,41a454ad4059ffd9dfcf74fc9cd2e7e68ff4f84e97c70d86920dc4e1f5c538ae
AMLC001989,C:\ITDA_OCR_CODE\학습대상데이터\AMLC001989.jpg,1,sha256:9ae9bbc84dd58a9a12f988ae6301d28fe7eaf1824cc8a380d612312bb773dd7d,9ae9bbc84dd58a9a12f988ae6301d28fe7eaf1824cc8a380d612312bb773dd7d
AMLC001990,C:\ITDA_OCR_CODE\학습대상데이터\AMLC001990.jpg,3,sha256:2d99591ee785e7034db650b2136d4e1e4946d763397cfd15298908b6ba41e22f,2d99591ee785e7034db650b2136d4e1e4946d763397cfd15298908b6ba41e22f
AMLC001991,C:\ITDA_OCR_CODE\학습대상데이터\AMLC001991.jpg,3,sha256:d3c9a64abf3a37d583b84094d64977cd93feced5212f5c7647ac4296fda2634e,d3c9a64abf3a37d583b84094d64977cd93feced5212f5c7647ac4296fda2634e
AMLC001992,C:\ITDA_OCR_CODE\학습대상데이터\AMLC001992.jpg,2,sha256:015cfaea0efa3776dfee0891f7054a2f2cc7e8833665c3244f86e2447e6b7661,015cfaea0efa3776dfee0891f7054a2f2cc7e8833665c3244f86e2447e6b7661
AMLC001993,C:\ITDA_OCR_CODE\학습대상데이터\AMLC001993.jpg,2,sha256:845e578b56ad51bab7284e6202d5c1141912d8b3c230304481104669cf579f90,845e578b56ad51bab7284e6202d5c1141912d8b3c230304481104669cf579f90
AMLC001994,C:\ITDA_OCR_CODE\학습대상데이터\AMLC001994.jpg,5,sha256:47de7b2ed99934601bacf5d3585e9fd3759252d878000f33f303c9ad0fde481f,47de7b2ed99934601bacf5d3585e9fd3759252d878000f33f303c9ad0fde481f
AMLC001995,C:\ITDA_OCR_CODE\학습대상데이터\AMLC001995.jpg,2,sha256:ceb59102ed87fe7af4c3ec42d1056c2df9f60b985f14f64fc86931634baf476d,ceb59102ed87fe7af4c3ec42d1056c2df9f60b985f14f64fc86931634baf476d
AMLC001996,C:\ITDA_OCR_CODE\학습대상데이터\AMLC001996.jpg,4,sha256:3e761ba0b7496ffca5b4f1e787003feeaf67a2c77efa92a36f8a69de23c6c9c3,3e761ba0b7496ffca5b4f1e787003feeaf67a2c77efa92a36f8a69de23c6c9c3
AMLC001997,C:\ITDA_OCR_CODE\학습대상데이터\AMLC001997.jpg,5,sha256:98627ae77a91d8b2d9e52426170c01a8bd7aba52b1d9d69d002da5a8bd9737ad,98627ae77a91d8b2d9e52426170c01a8bd7aba52b1d9d69d002da5a8bd9737ad
AMLC001998,C:\ITDA_OCR_CODE\학습대상데이터\AMLC001998.jpg,3,sha256:b94aa1e496e17107d2809fe292bed99bbb2474ac2d0898083199fbd3c25b19b8,b94aa1e496e17107d2809fe292bed99bbb2474ac2d0898083199fbd3c25b19b8
AMLC001999,C:\ITDA_OCR_CODE\학습대상데이터\AMLC001999.jpg,2,sha256:d25d7b86220ccdf973eb18ccfc90f5033df21543407c2c5aebcf003dedfa4bd8,d25d7b86220ccdf973eb18ccfc90f5033df21543407c2c5aebcf003dedfa4bd8
AMLC002000,C:\ITDA_OCR_CODE\학습대상데이터\AMLC002000.jpg,5,sha256:0d595ab89e6cdf893e33c04616f1db16509d6db8f695f56255fa537ae22f763b,0d595ab89e6cdf893e33c04616f1db16509d6db8f695f56255fa537ae22f763b
AMLC002001,C:\ITDA_OCR_CODE\학습대상데이터\AMLC002001.jpg,3,sha256:912cb3ea944ef2cb6563044af8fa2e9cc4bc419228a7d321c96c835e7b1116f2,912cb3ea944ef2cb6563044af8fa2e9cc4bc419228a7d321c96c835e7b1116f2
AMLC002002,C:\ITDA_OCR_CODE\학습대상데이터\AMLC002002.jpg,3,sha256:08d4e1ae1c654b0520651cff6052598b5c6bd1b8d9052ab833ef6e2ea30dfabd,08d4e1ae1c654b0520651cff6052598b5c6bd1b8d9052ab833ef6e2ea30dfabd
AMLC002003,C:\ITDA_OCR_CODE\학습대상데이터\AMLC002003.jpg,5,sha256:548a1f35dd68d81a07d881976d217ca458af9b9a71b8a9196e4fbedffc3e3d47,548a1f35dd68d81a07d881976d217ca458af9b9a71b8a9196e4fbedffc3e3d47
AMLC002004,C:\ITDA_OCR_CODE\학습대상데이터\AMLC002004.jpg,3,sha256:ebc0de12f6ef259c2101d9ce257c7a2d304ef61f0561371e0f46bf025eeac725,ebc0de12f6ef259c2101d9ce257c7a2d304ef61f0561371e0f46bf025eeac725
AMLC002005,C:\ITDA_OCR_CODE\학습대상데이터\AMLC002005.jpg,1,sha256:2c479b7c49403536df5098997e4ae393bbbba244f4292dca0bf157f235045a08,2c479b7c49403536df5098997e4ae393bbbba244f4292dca0bf157f235045a08
AMLC002006,C:\ITDA_OCR_CODE\학습대상데이터\AMLC002006.jpg,5,sha256:e68d61d26ada46da8b443aa89d35404f624ad832d816de710ec8b2502138b455,e68d61d26ada46da8b443aa89d35404f624ad832d816de710ec8b2502138b455
AMLC002007,C:\ITDA_OCR_CODE\학습대상데이터\AMLC002007.jpg,1,sha256:fe2b48a02af3465d73cbd16d7abdc937a2a0647d9eef1520b89b0cc945f1a8d1,fe2b48a02af3465d73cbd16d7abdc937a2a0647d9eef1520b89b0cc945f1a8d1
AMLC002008,C:\ITDA_OCR_CODE\학습대상데이터\AMLC002008.jpg,3,sha256:ccc5f932111eafd8d18ec1af42f8f4a23bfe1d78b8017bec3fe13490108d5752,ccc5f932111eafd8d18ec1af42f8f4a23bfe1d78b8017bec3fe13490108d5752
AMLC002009,C:\ITDA_OCR_CODE\학습대상데이터\AMLC002009.jpg,4,sha256:7ed1723f41cd0dc6225c2a11f850ab5b79ab58da6ceaf83eb820416dfb5aa7ed,7ed1723f41cd0dc6225c2a11f850ab5b79ab58da6ceaf83eb820416dfb5aa7ed
AMLC002010,C:\ITDA_OCR_CODE\학습대상데이터\AMLC002010.jpg,4,sha256:aa30ce7a83765aec53a85c6b57f0172ad7f043dec63291270ec0f9c656fbb095,aa30ce7a83765aec53a85c6b57f0172ad7f043dec63291270ec0f9c656fbb095
AMLC002011,C:\ITDA_OCR_CODE\학습대상데이터\AMLC002011.jpg,4,sha256:e444c84067c7cf50dffde70e56e270eacf88eb56cbf0fa3d3edd7f0db69e95e9,e444c84067c7cf50dffde70e56e270eacf88eb56cbf0fa3d3edd7f0db69e95e9
AMLC002012,C:\ITDA_OCR_CODE\학습대상데이터\AMLC002012.jpg,3,sha256:e4b45458d8b1383dfb68a33e1c942294f6719320599382d7cad2df383c0d062c,e4b45458d8b1383dfb68a33e1c942294f6719320599382d7cad2df383c0d062c
AMLC002013,C:\ITDA_OCR_CODE\학습대상데이터\AMLC002013.jpg,1,sha256:f35eff6037f78f8cdd46a875cf473a4570f739ee6ecfb23b819ca9d848bd86c9,f35eff6037f78f8cdd46a875cf473a4570f739ee6ecfb23b819ca9d848bd86c9
AMLC002014,C:\ITDA_OCR_CODE\학습대상데이터\AMLC002014.jpg,5,sha256:be631c6a7246ff2894b967dbf49ee144fed6645f7bb3e8d131e97ca73f3bf2ea,be631c6a7246ff2894b967dbf49ee144fed6645f7bb3e8d131e97ca73f3bf2ea
AMLC002015,C:\ITDA_OCR_CODE\학습대상데이터\AMLC002015.jpg,5,sha256:bcf505a01a95aa31928872213ffe0eb091c793690cb42ebb80c10c6db3041a4b,bcf505a01a95aa31928872213ffe0eb091c793690cb42ebb80c10c6db3041a4b
AMLC002016,C:\ITDA_OCR_CODE\학습대상데이터\AMLC002016.jpg,4,sha256:599b707729038862de35f345b899dad9ddbe0abcc1ae825cc514fc77e7dbc28b,599b707729038862de35f345b899dad9ddbe0abcc1ae825cc514fc77e7dbc28b
AMLC002017,C:\ITDA_OCR_CODE\학습대상데이터\AMLC002017.jpg,2,sha256:0d65e510a163392e8db050889b358c5e63d80e871dc8c2d3491ae495a087c0f0,0d65e510a163392e8db050889b358c5e63d80e871dc8c2d3491ae495a087c0f0
AMLC002018,C:\ITDA_OCR_CODE\학습대상데이터\AMLC002018.jpg,5,sha256:efff7b4579e13830df2029cc81e722f3e22ce16c3b6c5283e68793abfc0ba11f,efff7b4579e13830df2029cc81e722f3e22ce16c3b6c5283e68793abfc0ba11f
AMLC002019,C:\ITDA_OCR_CODE\학습대상데이터\AMLC002019.jpg,5,sha256:7c5e13bd02091426e53c3c9b49b19e21898e2c58079a9cbd4677596956109116,7c5e13bd02091426e53c3c9b49b19e21898e2c58079a9cbd4677596956109116
AMLC002020,C:\ITDA_OCR_CODE\학습대상데이터\AMLC002020.jpg,3,sha256:731c81a1f5f59694c0f17c76ae704c99ed0969315c0cc294daf7d680dc785434,731c81a1f5f59694c0f17c76ae704c99ed0969315c0cc294daf7d680dc785434
AMLC002021,C:\ITDA_OCR_CODE\학습대상데이터\AMLC002021.jpg,1,sha256:4f16cd8ffefa8400e1618751d79cccabe44cbd76c4477ae72d2ccf97bacfd1cb,4f16cd8ffefa8400e1618751d79cccabe44cbd76c4477ae72d2ccf97bacfd1cb
AMLC002022,C:\ITDA_OCR_CODE\학습대상데이터\AMLC002022.jpg,4,sha256:46bf357436b079358736258e9b1aab9c0fe59ac8e51b1711f9cce42d733e7288,46bf357436b079358736258e9b1aab9c0fe59ac8e51b1711f9cce42d733e7288
AMLC002023,C:\ITDA_OCR_CODE\학습대상데이터\AMLC002023.jpg,2,sha256:3e15b6db34878be2b7b7f5c8b3d391ae164b8efa15f4a4da74ec2be79e8f0b25,3e15b6db34878be2b7b7f5c8b3d391ae164b8efa15f4a4da74ec2be79e8f0b25
AMLC002024,C:\ITDA_OCR_CODE\학습대상데이터\AMLC002024.jpg,3,sha256:8816550402c26dd82c2933ebd4f3d93383905ff98f69efb739da2c53f996e7f0,8816550402c26dd82c2933ebd4f3d93383905ff98f69efb739da2c53f996e7f0
AMLC002025,C:\ITDA_OCR_CODE\학습대상데이터\AMLC002025.jpg,3,sha256:05c31f1b60c49601cbe4b7c283014103aa1f6b4af4e0175b5890549b53917f13,05c31f1b60c49601cbe4b7c283014103aa1f6b4af4e0175b5890549b53917f13
AMLC002026,C:\ITDA_OCR_CODE\학습대상데이터\AMLC002026.jpg,1,sha256:991285d44e1a751aba2dd91e15d56ce75ccb21aa7d76aae91197d61faefef46d,991285d44e1a751aba2dd91e15d56ce75ccb21aa7d76aae91197d61faefef46d
AMLC002027,C:\ITDA_OCR_CODE\학습대상데이터\AMLC002027.jpg,5,sha256:d0efd94717ca5070419cf0dc45e44438d0cd86150c3fe2d6aa3d880bf6a40332,d0efd94717ca5070419cf0dc45e44438d0cd86150c3fe2d6aa3d880bf6a40332
AMLC002028,C:\ITDA_OCR_CODE\학습대상데이터\AMLC002028.jpg,4,sha256:2ff9ed10ee5bf17f6e1665d14e6494fc701791bd532d4ce855952e990a8f6ea0,2ff9ed10ee5bf17f6e1665d14e6494fc701791bd532d4ce855952e990a8f6ea0
AMLC002029,C:\ITDA_OCR_CODE\학습대상데이터\AMLC002029.jpg,3,sha256:f6d233511156ad495450a671308ed7697eff68d02b8de7b63dab4cdad9d56515,f6d233511156ad495450a671308ed7697eff68d02b8de7b63dab4cdad9d56515
AMLC002030,C:\ITDA_OCR_CODE\학습대상데이터\AMLC002030.jpg,3,sha256:537ef7fb5545b78d4effd9a9b9edd12de17105dccd11f3d8a11f53de7d5eb346,537ef7fb5545b78d4effd9a9b9edd12de17105dccd11f3d8a11f53de7d5eb346
AMLC002031,C:\ITDA_OCR_CODE\학습대상데이터\AMLC002031.jpg,1,sha256:7609cc0bd03128366669b8954129d99a542004b8092aa4448884639c68cc2666,7609cc0bd03128366669b8954129d99a542004b8092aa4448884639c68cc2666
AMLC002032,C:\ITDA_OCR_CODE\학습대상데이터\AMLC002032.jpg,1,sha256:aa6573209ed61315afabe4ac3de7aa8e9841ad045fedc355d830657fd9db0d07,aa6573209ed61315afabe4ac3de7aa8e9841ad045fedc355d830657fd9db0d07
AMLC002033,C:\ITDA_OCR_CODE\학습대상데이터\AMLC002033.jpg,4,sha256:622ebfdb4938e47b3029bc5d52fe0d26c26013213fa920ddea19d60cd900aa39,622ebfdb4938e47b3029bc5d52fe0d26c26013213fa920ddea19d60cd900aa39
AMLC002034,C:\ITDA_OCR_CODE\학습대상데이터\AMLC002034.jpg,5,sha256:bf8be27e26e581cfc8266cc4b314c3b64d1444d5772bacc0613d06c8636da94b,bf8be27e26e581cfc8266cc4b314c3b64d1444d5772bacc0613d06c8636da94b
AMLC002035,C:\ITDA_OCR_CODE\학습대상데이터\AMLC002035.jpg,3,sha256:8dbcd707ffe352186968b3c18dc518915707fd88b14238655d0340b1f4da7bab,8dbcd707ffe352186968b3c18dc518915707fd88b14238655d0340b1f4da7bab
AMLC002036,C:\ITDA_OCR_CODE\학습대상데이터\AMLC002036.jpg,5,sha256:d077fc54cbc261dfbb147526eee9609625c5b3e9a29cf565779c3cf940a1d755,d077fc54cbc261dfbb147526eee9609625c5b3e9a29cf565779c3cf940a1d755
AMLC002037,C:\ITDA_OCR_CODE\학습대상데이터\AMLC002037.jpg,2,sha256:a7bf3800f053cd45614205d5fa8a12baafb53a118cc4764afb172bfff9fff188,a7bf3800f053cd45614205d5fa8a12baafb53a118cc4764afb172bfff9fff188
AMLC002038,C:\ITDA_OCR_CODE\학습대상데이터\AMLC002038.jpg,5,sha256:d5c311674a1402f8fec0419a13363c05eeec95a811e99051ec6cb3079082198d,d5c311674a1402f8fec0419a13363c05eeec95a811e99051ec6cb3079082198d
AMLC002039,C:\ITDA_OCR_CODE\학습대상데이터\AMLC002039.jpg,3,sha256:4e19c331e117ce68737f9a6c13d11726b594debd00954ad4e8374d20f259ff85,4e19c331e117ce68737f9a6c13d11726b594debd00954ad4e8374d20f259ff85
AMLC002040,C:\ITDA_OCR_CODE\학습대상데이터\AMLC002040.jpg,1,sha256:749bceef5f6aa2c3405af89128d33ce989a874423ede3e8af469ef76d91090bf,749bceef5f6aa2c3405af89128d33ce989a874423ede3e8af469ef76d91090bf
AMLC002041,C:\ITDA_OCR_CODE\학습대상데이터\AMLC002041.jpg,4,sha256:a9097cb147a85182d3f17ccdc754909cfc9473864f432cbdb18b651ff59d806c,a9097cb147a85182d3f17ccdc754909cfc9473864f432cbdb18b651ff59d806c
AMLC002042,C:\ITDA_OCR_CODE\학습대상데이터\AMLC002042.jpg,4,sha256:6f75ffdaa7a3fcb1fbb584e317491d36a7da14f1595f417c59e59b08a5e908df,6f75ffdaa7a3fcb1fbb584e317491d36a7da14f1595f417c59e59b08a5e908df
AMLC002043,C:\ITDA_OCR_CODE\학습대상데이터\AMLC002043.jpg,3,sha256:ef08154d90dac61374be6ae907b1799bba997fe3ccbd468153c39a9b87c4ea27,ef08154d90dac61374be6ae907b1799bba997fe3ccbd468153c39a9b87c4ea27
AMLC002044,C:\ITDA_OCR_CODE\학습대상데이터\AMLC002044.jpg,4,sha256:ef69b49d4cde1cf8b66185e1787afe9ebb6c691cb34a9a4428c88a4a702589be,ef69b49d4cde1cf8b66185e1787afe9ebb6c691cb34a9a4428c88a4a702589be
AMLC002045,C:\ITDA_OCR_CODE\학습대상데이터\AMLC002045.jpg,1,sha256:5580dfb73e05eb94d6e4607c4f58e5719eb4454e9361fadbbaf41fdb8c86596f,5580dfb73e05eb94d6e4607c4f58e5719eb4454e9361fadbbaf41fdb8c86596f
AMLC002046,C:\ITDA_OCR_CODE\학습대상데이터\AMLC002046.jpg,2,sha256:a7810ce5ed81815214897a9e1ac312b21e01e95c95d4f51a9d99cbebe5f874d9,a7810ce5ed81815214897a9e1ac312b21e01e95c95d4f51a9d99cbebe5f874d9
AMLC002047,C:\ITDA_OCR_CODE\학습대상데이터\AMLC002047.jpg,3,sha256:3fc21710f40ca4782df2ca174df6167a13c15a157716852608df531b8d97bbb6,3fc21710f40ca4782df2ca174df6167a13c15a157716852608df531b8d97bbb6
AMLC002048,C:\ITDA_OCR_CODE\학습대상데이터\AMLC002048.jpg,4,sha256:390d7a82e133c16efcd184576089bb298d3b7f0b08dd4d094735753b1c1596fb,390d7a82e133c16efcd184576089bb298d3b7f0b08dd4d094735753b1c1596fb
AMLC002049,C:\ITDA_OCR_CODE\학습대상데이터\AMLC002049.jpg,5,sha256:543729d712ca770be3bfdbe374886f9a2515526c3b5de6699251cb80c7377416,543729d712ca770be3bfdbe374886f9a2515526c3b5de6699251cb80c7377416
AMLC002050,C:\ITDA_OCR_CODE\학습대상데이터\AMLC002050.jpg,2,sha256:fc683a677726ce178901a8f75aa0fa85e8e486bbaedcd7f4efe5bedb08ffe192,fc683a677726ce178901a8f75aa0fa85e8e486bbaedcd7f4efe5bedb08ffe192
AMLC002051,C:\ITDA_OCR_CODE\학습대상데이터\AMLC002051.jpg,3,sha256:1c986a26686224b6d8ca8c82a5c82527ca5601442b2b65608a2ecbc3e2189f3c,1c986a26686224b6d8ca8c82a5c82527ca5601442b2b65608a2ecbc3e2189f3c
AMLC002052,C:\ITDA_OCR_CODE\학습대상데이터\AMLC002052.jpg,1,sha256:326f8358d65614ad1ec6288087a12215de09b61aa08c2a9abbc7481bf59d16cc,326f8358d65614ad1ec6288087a12215de09b61aa08c2a9abbc7481bf59d16cc
AMLC002053,C:\ITDA_OCR_CODE\학습대상데이터\AMLC002053.jpg,5,sha256:1ef6c3668f79964e2ff4d9c648af93e96c3badff85fc18a6bd46d3e082fdb56f,1ef6c3668f79964e2ff4d9c648af93e96c3badff85fc18a6bd46d3e082fdb56f
AMLC002054,C:\ITDA_OCR_CODE\학습대상데이터\AMLC002054.jpg,5,sha256:3000aea230363c49fc54b6b1582d38237c3bd9f286f4219bb18b47f46ddfd883,3000aea230363c49fc54b6b1582d38237c3bd9f286f4219bb18b47f46ddfd883
AMLC002055,C:\ITDA_OCR_CODE\학습대상데이터\AMLC002055.jpg,5,sha256:1c24f073c3449dd9fdbcbfe000d5503345b3e8fa57714c6462fe0794aa245d44,1c24f073c3449dd9fdbcbfe000d5503345b3e8fa57714c6462fe0794aa245d44
AMLC002056,C:\ITDA_OCR_CODE\학습대상데이터\AMLC002056.jpg,4,sha256:134e7765412e77660e7cc979e4063d60f027f175d38e75db3a6263bfe99b4ae4,134e7765412e77660e7cc979e4063d60f027f175d38e75db3a6263bfe99b4ae4
AMLC002057,C:\ITDA_OCR_CODE\학습대상데이터\AMLC002057.jpg,1,sha256:de90ba36c013f222427733e4541ddcec615eee86bfd821e7bc5dbbcc968bed89,de90ba36c013f222427733e4541ddcec615eee86bfd821e7bc5dbbcc968bed89
AMLC002058,C:\ITDA_OCR_CODE\학습대상데이터\AMLC002058.jpg,1,sha256:5aa76f0a906ccf0e0287eb6b470275eaf3e119c329152c5f941e0ba15b7a525e,5aa76f0a906ccf0e0287eb6b470275eaf3e119c329152c5f941e0ba15b7a525e
AMLC002059,C:\ITDA_OCR_CODE\학습대상데이터\AMLC002059.jpg,1,sha256:7d71c0ca017a8335d4a67d0da596c61164c6761c168b8f6233ff67a1b805d82d,7d71c0ca017a8335d4a67d0da596c61164c6761c168b8f6233ff67a1b805d82d
AMLC002060,C:\ITDA_OCR_CODE\학습대상데이터\AMLC002060.jpg,3,sha256:c8bd18318cf5b3c3970f5e0e88f0f742b79cee9603397769c0bc90f373efde8d,c8bd18318cf5b3c3970f5e0e88f0f742b79cee9603397769c0bc90f373efde8d
AMLC002061,C:\ITDA_OCR_CODE\학습대상데이터\AMLC002061.jpg,3,sha256:668ac1798e4a4daac3f2f1825bb5183907e05ba43ba2155efaaff0051d712b83,668ac1798e4a4daac3f2f1825bb5183907e05ba43ba2155efaaff0051d712b83
AMLC002062,C:\ITDA_OCR_CODE\학습대상데이터\AMLC002062.jpg,2,sha256:2f569447ab76fdbaeb5c3e0f0140366f6a8c05ed778598cdfcd76bcf2305ff08,2f569447ab76fdbaeb5c3e0f0140366f6a8c05ed778598cdfcd76bcf2305ff08
AMLC002063,C:\ITDA_OCR_CODE\학습대상데이터\AMLC002063.jpg,2,sha256:569a2241c8dcfd500aae3bd58c8ddec503f53d763364c4e80b0d3ca72add0135,569a2241c8dcfd500aae3bd58c8ddec503f53d763364c4e80b0d3ca72add0135
AMLC002064,C:\ITDA_OCR_CODE\학습대상데이터\AMLC002064.jpg,1,sha256:5c45597c3a7e57279f0ae1f180b58825ff73ba41560e663e933290148ee0ce19,5c45597c3a7e57279f0ae1f180b58825ff73ba41560e663e933290148ee0ce19
AMLC002065,C:\ITDA_OCR_CODE\학습대상데이터\AMLC002065.jpg,4,sha256:003ab6064a224ebd43aa2078483fc628bda673af4d9b5c48e036da83782c3d92,003ab6064a224ebd43aa2078483fc628bda673af4d9b5c48e036da83782c3d92
AMLC002066,C:\ITDA_OCR_CODE\학습대상데이터\AMLC002066.jpg,4,sha256:e84f0c6ceec03cb4692bcb98bfbb66458f3b3638908c30b4c841d06baaa39b46,e84f0c6ceec03cb4692bcb98bfbb66458f3b3638908c30b4c841d06baaa39b46
AMLC002067,C:\ITDA_OCR_CODE\학습대상데이터\AMLC002067.jpg,2,sha256:319ffd884ecdded8875da3979fb8859d05a357f3f7f1f8fe6a4ed167f88e756a,319ffd884ecdded8875da3979fb8859d05a357f3f7f1f8fe6a4ed167f88e756a
AMLC002068,C:\ITDA_OCR_CODE\학습대상데이터\AMLC002068.jpg,4,sha256:d82312c782ebc282fc457d6ab6a89b8ba284f0a75421da0a251566c616f23821,d82312c782ebc282fc457d6ab6a89b8ba284f0a75421da0a251566c616f23821
AMLC002069,C:\ITDA_OCR_CODE\학습대상데이터\AMLC002069.jpg,1,sha256:5a68a1b830bc54bf5a8b51af73c26e8cba39aaac342ed81bc5e707fe938a86b8,5a68a1b830bc54bf5a8b51af73c26e8cba39aaac342ed81bc5e707fe938a86b8
AMLC002070,C:\ITDA_OCR_CODE\학습대상데이터\AMLC002070.jpg,3,sha256:e86888fa2e070c9a1c6e71db143b445afffc315788900c95cfd6adb43d79e1fc,e86888fa2e070c9a1c6e71db143b445afffc315788900c95cfd6adb43d79e1fc
AMLC002071,C:\ITDA_OCR_CODE\학습대상데이터\AMLC002071.jpg,1,sha256:29391b6cff5339f56db72b5bb391a43492d1f818797cf91be7c27f01213ded14,29391b6cff5339f56db72b5bb391a43492d1f818797cf91be7c27f01213ded14
AMLC002072,C:\ITDA_OCR_CODE\학습대상데이터\AMLC002072.jpg,1,sha256:5375c93eabc1a9e6ef3ede7a6b76baae6e316282a855e9a1a9e895b592d549ba,5375c93eabc1a9e6ef3ede7a6b76baae6e316282a855e9a1a9e895b592d549ba
AMLC002073,C:\ITDA_OCR_CODE\학습대상데이터\AMLC002073.jpg,4,sha256:b57d1dcad873e1da125fbc894f8550baa45afc6d4d97e892410a14fd6cff2d36,b57d1dcad873e1da125fbc894f8550baa45afc6d4d97e892410a14fd6cff2d36
AMLC002074,C:\ITDA_OCR_CODE\학습대상데이터\AMLC002074.jpg,5,sha256:59859fdeda2e4a944608d3772b34e4c4116f96add34a024c6740ec1844be9625,59859fdeda2e4a944608d3772b34e4c4116f96add34a024c6740ec1844be9625
AMLC002075,C:\ITDA_OCR_CODE\학습대상데이터\AMLC002075.jpg,5,sha256:35117c7b67d5f03e5fd209634493381cb598e129bffce468c309e44f6c723556,35117c7b67d5f03e5fd209634493381cb598e129bffce468c309e44f6c723556
AMLC002076,C:\ITDA_OCR_CODE\학습대상데이터\AMLC002076.jpg,5,sha256:b90ae2033a3aca99b3f3a2b2862d8b270003625e9471f5559f57310883214cec,b90ae2033a3aca99b3f3a2b2862d8b270003625e9471f5559f57310883214cec
AMLC002077,C:\ITDA_OCR_CODE\학습대상데이터\AMLC002077.jpg,4,sha256:b635709a597373a103a910317d25ad9883bc678a71c7da604822bf1b5abb247e,b635709a597373a103a910317d25ad9883bc678a71c7da604822bf1b5abb247e
AMLC002078,C:\ITDA_OCR_CODE\학습대상데이터\AMLC002078.jpg,5,sha256:533da241638a86d860ba71bebc18a9bca6d8a28c8464ea62d22f28ebdd5f08a6,533da241638a86d860ba71bebc18a9bca6d8a28c8464ea62d22f28ebdd5f08a6
AMLC002079,C:\ITDA_OCR_CODE\학습대상데이터\AMLC002079.jpg,5,sha256:f6e2d56f10fd4045e3d461edebcf60f46cb81c1671d970e603ab13ff84eb51b7,f6e2d56f10fd4045e3d461edebcf60f46cb81c1671d970e603ab13ff84eb51b7
AMLC002080,C:\ITDA_OCR_CODE\학습대상데이터\AMLC002080.jpg,3,sha256:326540c6a89eb572c3d1ce0d7f1be8a87dbd96589a0fba81108bf0635b2d3022,326540c6a89eb572c3d1ce0d7f1be8a87dbd96589a0fba81108bf0635b2d3022
AMLC002081,C:\ITDA_OCR_CODE\학습대상데이터\AMLC002081.jpg,2,sha256:a7131fa77cec5bc90cab3a3be0ebfd593ae254828af6fba25cb275685159b0e2,a7131fa77cec5bc90cab3a3be0ebfd593ae254828af6fba25cb275685159b0e2
AMLC002082,C:\ITDA_OCR_CODE\학습대상데이터\AMLC002082.jpg,4,sha256:d8283757e37a294b64231382906000ddfb35290d319b95b91c39356ff0d2dafb,d8283757e37a294b64231382906000ddfb35290d319b95b91c39356ff0d2dafb
AMLC002083,C:\ITDA_OCR_CODE\학습대상데이터\AMLC002083.jpg,1,sha256:1a4a0b17b66d483e6ab512f397ac26a1c94baaf7037fbf8d26bcee779ab1da8e,1a4a0b17b66d483e6ab512f397ac26a1c94baaf7037fbf8d26bcee779ab1da8e
AMLC002084,C:\ITDA_OCR_CODE\학습대상데이터\AMLC002084.jpg,5,sha256:de8bd809556426d12c28653bd92e527de97daf0a38faba9708d9a38488ad8a20,de8bd809556426d12c28653bd92e527de97daf0a38faba9708d9a38488ad8a20
AMLC002085,C:\ITDA_OCR_CODE\학습대상데이터\AMLC002085.jpg,4,sha256:16e928602df0856d41b6c73fdf4300544bfa93f4a4a0c5d733b448c0a9a3b8c3,16e928602df0856d41b6c73fdf4300544bfa93f4a4a0c5d733b448c0a9a3b8c3
AMLC002086,C:\ITDA_OCR_CODE\학습대상데이터\AMLC002086.jpg,2,sha256:6c5b8570ad05678d493b89c733e3cabbe076efec30a2184318a0c7805378d42a,6c5b8570ad05678d493b89c733e3cabbe076efec30a2184318a0c7805378d42a
AMLC002087,C:\ITDA_OCR_CODE\학습대상데이터\AMLC002087.jpg,3,sha256:15d79e19223ff7cb016bc2da01d83edd93bd6b8fba62bf00b93256a1bd3b917c,15d79e19223ff7cb016bc2da01d83edd93bd6b8fba62bf00b93256a1bd3b917c
AMLC002088,C:\ITDA_OCR_CODE\학습대상데이터\AMLC002088.jpg,5,sha256:27da61ee1b59e189605cca2df90f02552b01d0c1411b60d39fe1b47fe092ef92,27da61ee1b59e189605cca2df90f02552b01d0c1411b60d39fe1b47fe092ef92
AMLC002089,C:\ITDA_OCR_CODE\학습대상데이터\AMLC002089.jpg,4,sha256:794a8074e3feae0be3d67186fd2c33447ef417121762e930e9a2e103b5d2c19c,794a8074e3feae0be3d67186fd2c33447ef417121762e930e9a2e103b5d2c19c
AMLC002090,C:\ITDA_OCR_CODE\학습대상데이터\AMLC002090.jpg,3,sha256:5c43da68118c57817de3d22d90c2e84cf08ea6fe67ee333c5156f24922847355,5c43da68118c57817de3d22d90c2e84cf08ea6fe67ee333c5156f24922847355
AMLC002091,C:\ITDA_OCR_CODE\학습대상데이터\AMLC002091.jpg,5,sha256:35c5e47aeb92af87a041ed337ad24cab8496e18570cd4b7f7ecda25226bd61da,35c5e47aeb92af87a041ed337ad24cab8496e18570cd4b7f7ecda25226bd61da
AMLC002092,C:\ITDA_OCR_CODE\학습대상데이터\AMLC002092.jpg,5,sha256:03de3ff5e1cf75ae7170eb0a3be6092716d5e5fb9fd796456054613756e9d0db,03de3ff5e1cf75ae7170eb0a3be6092716d5e5fb9fd796456054613756e9d0db
AMLC002093,C:\ITDA_OCR_CODE\학습대상데이터\AMLC002093.jpg,5,sha256:ab71936c14f8138ddf7f278316a8477a92721a15a500c358906ae02c5d133157,ab71936c14f8138ddf7f278316a8477a92721a15a500c358906ae02c5d133157
AMLC002094,C:\ITDA_OCR_CODE\학습대상데이터\AMLC002094.jpg,5,sha256:09ca6e0fd2ba4b2c12f3811909134334fe451fb474d1e18d573e2685b6024c41,09ca6e0fd2ba4b2c12f3811909134334fe451fb474d1e18d573e2685b6024c41
AMLC002095,C:\ITDA_OCR_CODE\학습대상데이터\AMLC002095.jpg,5,sha256:82771df3ab0a589d62e3a4feb5b42b6b5710874549ed612587510b44cca0984b,82771df3ab0a589d62e3a4feb5b42b6b5710874549ed612587510b44cca0984b
AMLC002096,C:\ITDA_OCR_CODE\학습대상데이터\AMLC002096.jpg,4,sha256:a09a13dae00f741507967c950c12b7509c008fb5d08a979713c091196319efb5,a09a13dae00f741507967c950c12b7509c008fb5d08a979713c091196319efb5
AMLC002097,C:\ITDA_OCR_CODE\학습대상데이터\AMLC002097.jpg,1,sha256:7b02cdbdddeee1c747b6303535e30b9ea0b924d781c0ae5fe66b82cea59f0483,7b02cdbdddeee1c747b6303535e30b9ea0b924d781c0ae5fe66b82cea59f0483
AMLC002098,C:\ITDA_OCR_CODE\학습대상데이터\AMLC002098.jpg,5,sha256:dfc35c35630a06f8d30c7f3ac02df87823137895d981ab77d98ad56e8f853771,dfc35c35630a06f8d30c7f3ac02df87823137895d981ab77d98ad56e8f853771
AMLC002099,C:\ITDA_OCR_CODE\학습대상데이터\AMLC002099.jpg,4,sha256:f335934f6fcf48473fd95a155dcc76ab1fe0663ab12da3c52ffda5469175830a,f335934f6fcf48473fd95a155dcc76ab1fe0663ab12da3c52ffda5469175830a
AMLC002100,C:\ITDA_OCR_CODE\학습대상데이터\AMLC002100.jpg,4,sha256:9af290bbd352f8879a588b5a0ca2be8724a92a0bf4bc6286dc975008b799c603,9af290bbd352f8879a588b5a0ca2be8724a92a0bf4bc6286dc975008b799c603
AMLC002101,C:\ITDA_OCR_CODE\학습대상데이터\AMLC002101.jpg,5,sha256:b937de73118e083a758d73d04b93f17b174bd9547cc4947cd2c793c87d959a84,b937de73118e083a758d73d04b93f17b174bd9547cc4947cd2c793c87d959a84
AMLC002102,C:\ITDA_OCR_CODE\학습대상데이터\AMLC002102.jpg,1,sha256:e1bb9fc8bf473e8eed7b3249bcea918c3853077269b9c219b2cf8b9b575d8a94,e1bb9fc8bf473e8eed7b3249bcea918c3853077269b9c219b2cf8b9b575d8a94
AMLC002103,C:\ITDA_OCR_CODE\학습대상데이터\AMLC002103.jpg,3,sha256:bd1f4f1bb4af95ba40e062fa56f1c70040f01ea953d94b96b3e49e86ea88f88d,bd1f4f1bb4af95ba40e062fa56f1c70040f01ea953d94b96b3e49e86ea88f88d
AMLC002104,C:\ITDA_OCR_CODE\학습대상데이터\AMLC002104.jpg,4,sha256:84822cb6271679b11e9b8877f79415d41a897ba2d35253e336ab8a04aa11e0e4,84822cb6271679b11e9b8877f79415d41a897ba2d35253e336ab8a04aa11e0e4
AMLC002105,C:\ITDA_OCR_CODE\학습대상데이터\AMLC002105.jpg,4,sha256:c7ec41f00a1e48c1ba578cacc1f4170b94110761199c835f574a08d7fe2ccb6c,c7ec41f00a1e48c1ba578cacc1f4170b94110761199c835f574a08d7fe2ccb6c
AMLC002106,C:\ITDA_OCR_CODE\학습대상데이터\AMLC002106.jpg,4,sha256:a1714d6f6bc1c9444106c69930f79cce5404261c66a9a3ca76495d14ebac8c5e,a1714d6f6bc1c9444106c69930f79cce5404261c66a9a3ca76495d14ebac8c5e
AMLC002107,C:\ITDA_OCR_CODE\학습대상데이터\AMLC002107.jpg,2,sha256:1b34508dd382feff46a77ad539b0cb79cabdde6eb460322404a04dadf0db4891,1b34508dd382feff46a77ad539b0cb79cabdde6eb460322404a04dadf0db4891
AMLC002108,C:\ITDA_OCR_CODE\학습대상데이터\AMLC002108.jpg,2,sha256:b5c7a38845a1adabf573378d36b919430203f1bc4b3c5a7dfbe62edfdd78094c,b5c7a38845a1adabf573378d36b919430203f1bc4b3c5a7dfbe62edfdd78094c
AMLC002109,C:\ITDA_OCR_CODE\학습대상데이터\AMLC002109.jpg,2,sha256:671eb5208746a00ede2e78d205c076398b2f1a04d4d49c27a6d6ff18ecb435db,671eb5208746a00ede2e78d205c076398b2f1a04d4d49c27a6d6ff18ecb435db
AMLC002110,C:\ITDA_OCR_CODE\학습대상데이터\AMLC002110.jpg,5,sha256:7a752dc48cdb39763e8dd322b75390f7671afb2b499b9557a8e5639a78d57fc8,7a752dc48cdb39763e8dd322b75390f7671afb2b499b9557a8e5639a78d57fc8
AMLC002111,C:\ITDA_OCR_CODE\학습대상데이터\AMLC002111.jpg,4,sha256:43a663e320c8fe151e202ec12cdc4a23edc4fe2eb76ebee1f4907bea89aa82d8,43a663e320c8fe151e202ec12cdc4a23edc4fe2eb76ebee1f4907bea89aa82d8
AMLC002112,C:\ITDA_OCR_CODE\학습대상데이터\AMLC002112.jpg,1,sha256:cb0ee7922247ed1200b426b3b3349ae42e5ea496ea8170f58e47837f98925219,cb0ee7922247ed1200b426b3b3349ae42e5ea496ea8170f58e47837f98925219
AMLC002113,C:\ITDA_OCR_CODE\학습대상데이터\AMLC002113.jpg,5,sha256:aa7fe8728dea70e4e99e2a9631541f72df1ffe46c87532c8d59e016703b81caa,aa7fe8728dea70e4e99e2a9631541f72df1ffe46c87532c8d59e016703b81caa
AMLC002114,C:\ITDA_OCR_CODE\학습대상데이터\AMLC002114.jpg,5,sha256:da01ff16b578ee82b71ed03cec7330c87f00460364eeb48f79bac5de7abb2dd4,da01ff16b578ee82b71ed03cec7330c87f00460364eeb48f79bac5de7abb2dd4
AMLC002115,C:\ITDA_OCR_CODE\학습대상데이터\AMLC002115.jpg,4,sha256:721bfa510380337e193573b04873c46e6f5a41611428d2aff26901537876f00f,721bfa510380337e193573b04873c46e6f5a41611428d2aff26901537876f00f
AMLC002116,C:\ITDA_OCR_CODE\학습대상데이터\AMLC002116.jpg,2,sha256:3a51a3cd06e22cb65fe61c4470ec935b2e0a6c3dbbb775ad6073ed655d1d05cf,3a51a3cd06e22cb65fe61c4470ec935b2e0a6c3dbbb775ad6073ed655d1d05cf
AMLC002117,C:\ITDA_OCR_CODE\학습대상데이터\AMLC002117.jpg,5,sha256:c17b0a5803f5239704b595a47b81a8c24cc7598775360bb8fb0d64b12c6ed1ae,c17b0a5803f5239704b595a47b81a8c24cc7598775360bb8fb0d64b12c6ed1ae
AMLC002118,C:\ITDA_OCR_CODE\학습대상데이터\AMLC002118.jpg,1,sha256:657458c05b15c5af455d5aaac1a779525cd9ce9c6e5fb2352647dd3a1f4287f1,657458c05b15c5af455d5aaac1a779525cd9ce9c6e5fb2352647dd3a1f4287f1
AMLC002119,C:\ITDA_OCR_CODE\학습대상데이터\AMLC002119.jpg,5,sha256:e562eada07a4bf56a9a8bce9273f4e924549dab1df600878aadad7779e1b3a26,e562eada07a4bf56a9a8bce9273f4e924549dab1df600878aadad7779e1b3a26
AMLC002120,C:\ITDA_OCR_CODE\학습대상데이터\AMLC002120.jpg,4,sha256:0acd5f7eeb971284e13d3e37a7275804e4c319b6ece017365a54161fa3fbff21,0acd5f7eeb971284e13d3e37a7275804e4c319b6ece017365a54161fa3fbff21
AMLC002121,C:\ITDA_OCR_CODE\학습대상데이터\AMLC002121.jpg,4,sha256:9461ea53b982d0a50a513713f4eaeda6ff678c0169737300f44c0de71fb9d87f,9461ea53b982d0a50a513713f4eaeda6ff678c0169737300f44c0de71fb9d87f
AMLC002122,C:\ITDA_OCR_CODE\학습대상데이터\AMLC002122.jpg,1,sha256:f1b7adf01f4b632ba1da354283cd76de2ad038537b9885ae30b646bc3fb9bc5a,f1b7adf01f4b632ba1da354283cd76de2ad038537b9885ae30b646bc3fb9bc5a
AMLC002123,C:\ITDA_OCR_CODE\학습대상데이터\AMLC002123.jpg,3,sha256:622d62816f92aa657951e794977205b52530dc7596f913b0e6c2f7e26b799ae4,622d62816f92aa657951e794977205b52530dc7596f913b0e6c2f7e26b799ae4
AMLC002124,C:\ITDA_OCR_CODE\학습대상데이터\AMLC002124.jpg,1,sha256:dbc841b459e0a6d6d16ca18731fc7d47f3e4cc38d1da8cd843bc7681b7afe922,dbc841b459e0a6d6d16ca18731fc7d47f3e4cc38d1da8cd843bc7681b7afe922
AMLC002125,C:\ITDA_OCR_CODE\학습대상데이터\AMLC002125.jpg,2,sha256:35a9637c812b8c737b2870c11fef188c374f130f23ed39d4913de932585d3c14,35a9637c812b8c737b2870c11fef188c374f130f23ed39d4913de932585d3c14
AMLC002126,C:\ITDA_OCR_CODE\학습대상데이터\AMLC002126.jpg,5,sha256:7b1a3a7bdddb0efc3c01ce15a85137021471dfed1bd477b82ca4faa562af2b2d,7b1a3a7bdddb0efc3c01ce15a85137021471dfed1bd477b82ca4faa562af2b2d
AMLC002127,C:\ITDA_OCR_CODE\학습대상데이터\AMLC002127.jpg,5,sha256:fbb7d0ea967d88a004225c77156b191455f344e38e5d6c3b9b9ca53d6546a67d,fbb7d0ea967d88a004225c77156b191455f344e38e5d6c3b9b9ca53d6546a67d
AMLC002128,C:\ITDA_OCR_CODE\학습대상데이터\AMLC002128.jpg,4,sha256:2f2db9568ee396f21207cc35b44bcbb185039fbc0ef9ecc858e99eccb283f60c,2f2db9568ee396f21207cc35b44bcbb185039fbc0ef9ecc858e99eccb283f60c
AMLC002129,C:\ITDA_OCR_CODE\학습대상데이터\AMLC002129.jpg,1,sha256:45a48b7097bd97574892735405e97a63dc66f59eb8db2e42c3065b7ba96386d8,45a48b7097bd97574892735405e97a63dc66f59eb8db2e42c3065b7ba96386d8
AMLC002130,C:\ITDA_OCR_CODE\학습대상데이터\AMLC002130.jpg,5,sha256:70a33d2e894a5efb1f9389740b909b33ced16ff6d3b7197051de95e0d6623fef,70a33d2e894a5efb1f9389740b909b33ced16ff6d3b7197051de95e0d6623fef
AMLC002131,C:\ITDA_OCR_CODE\학습대상데이터\AMLC002131.jpg,4,sha256:283a68c613f45487fc3d2c5dcfffd186c0b666b09f423aca4fa7c956191bbf7a,283a68c613f45487fc3d2c5dcfffd186c0b666b09f423aca4fa7c956191bbf7a
AMLC002132,C:\ITDA_OCR_CODE\학습대상데이터\AMLC002132.jpg,3,sha256:63f39983a581d560164aa3e9fa5c2107110fdfe732d22a2e7b5f6c48db4012ad,63f39983a581d560164aa3e9fa5c2107110fdfe732d22a2e7b5f6c48db4012ad
AMLC002133,C:\ITDA_OCR_CODE\학습대상데이터\AMLC002133.jpg,1,sha256:bec1737f71312609772cab5d99ceafae976618b02d8cae00f51fdaf7d1329fc6,bec1737f71312609772cab5d99ceafae976618b02d8cae00f51fdaf7d1329fc6
AMLC002134,C:\ITDA_OCR_CODE\학습대상데이터\AMLC002134.jpg,4,sha256:827b9cea9165e1415c83789ee5477205d83bd090a6d91c12894ea2bb5407de1a,827b9cea9165e1415c83789ee5477205d83bd090a6d91c12894ea2bb5407de1a
AMLC002135,C:\ITDA_OCR_CODE\학습대상데이터\AMLC002135.jpg,2,sha256:064914d2526cf7bb2c754820a182c8933e9a2add727f5d599ce40a3a85e3a254,064914d2526cf7bb2c754820a182c8933e9a2add727f5d599ce40a3a85e3a254
AMLC002136,C:\ITDA_OCR_CODE\학습대상데이터\AMLC002136.jpg,5,sha256:a3960b7b50ebd1d12e48c184ef6903a955e3073c8471d5a3730de685a5fbb7f9,a3960b7b50ebd1d12e48c184ef6903a955e3073c8471d5a3730de685a5fbb7f9
AMLC002137,C:\ITDA_OCR_CODE\학습대상데이터\AMLC002137.jpg,4,sha256:61652296e9a35d24543a4faf285b7e2fa056097d250c884b7b55724addac0630,61652296e9a35d24543a4faf285b7e2fa056097d250c884b7b55724addac0630
AMLC002138,C:\ITDA_OCR_CODE\학습대상데이터\AMLC002138.jpg,3,sha256:cc2c5d068519ae7b72375992bbfd03b5ffa925f86978b8ac0fc4145ea0973cd2,cc2c5d068519ae7b72375992bbfd03b5ffa925f86978b8ac0fc4145ea0973cd2
AMLC002139,C:\ITDA_OCR_CODE\학습대상데이터\AMLC002139.jpg,5,sha256:2175c348349978329114bdbb707db8ef7e8fb41c2e8d28edddf407d85a1832d6,2175c348349978329114bdbb707db8ef7e8fb41c2e8d28edddf407d85a1832d6
AMLC002140,C:\ITDA_OCR_CODE\학습대상데이터\AMLC002140.jpg,4,sha256:adbb83bef1c9927713eb45caa48c23d0faab91f257f64f40e0a6b5ecb02b9573,adbb83bef1c9927713eb45caa48c23d0faab91f257f64f40e0a6b5ecb02b9573
AMLC002141,C:\ITDA_OCR_CODE\학습대상데이터\AMLC002141.jpg,5,sha256:5d57b43d1abc7f3781d2d68e1d7fd32d42624393f425b6679b71efc4dcd82181,5d57b43d1abc7f3781d2d68e1d7fd32d42624393f425b6679b71efc4dcd82181
AMLC002142,C:\ITDA_OCR_CODE\학습대상데이터\AMLC002142.jpg,2,sha256:8722b5aa43d67f493a7b9c5d7ca7b1480fa057cf82e0a1c092afbe992ca76b10,8722b5aa43d67f493a7b9c5d7ca7b1480fa057cf82e0a1c092afbe992ca76b10
AMLC002143,C:\ITDA_OCR_CODE\학습대상데이터\AMLC002143.jpg,5,sha256:6c506875a01bbd80a3878a491bd64e7cf07421ef359d36d10bb98f76f0032f39,6c506875a01bbd80a3878a491bd64e7cf07421ef359d36d10bb98f76f0032f39
AMLC002144,C:\ITDA_OCR_CODE\학습대상데이터\AMLC002144.jpg,5,sha256:0db96ee15791e4aaef870fbbe1069c3b7ff85a5398d8aab024d073e7ea74ba73,0db96ee15791e4aaef870fbbe1069c3b7ff85a5398d8aab024d073e7ea74ba73
AMLC002145,C:\ITDA_OCR_CODE\학습대상데이터\AMLC002145.jpg,4,sha256:495e922161f090c513aef41c36418e8a966d73f3db74a9f2ed250840ec4d6e20,495e922161f090c513aef41c36418e8a966d73f3db74a9f2ed250840ec4d6e20
AMLC002146,C:\ITDA_OCR_CODE\학습대상데이터\AMLC002146.jpg,4,sha256:24b82f95edcb72c35638fe184848e792b33e37b4ce6b64abd94e9e98e578e168,24b82f95edcb72c35638fe184848e792b33e37b4ce6b64abd94e9e98e578e168
AMLC002147,C:\ITDA_OCR_CODE\학습대상데이터\AMLC002147.jpg,5,sha256:bdb65178110e0dc898459bb411ab9f0eca2b5a25d963ea353072b4559a3e4a98,bdb65178110e0dc898459bb411ab9f0eca2b5a25d963ea353072b4559a3e4a98
AMLC002148,C:\ITDA_OCR_CODE\학습대상데이터\AMLC002148.jpg,1,sha256:797e8307b193734b626ed96f8769748ee6d9d920603589e9edc1d4e5054b4387,797e8307b193734b626ed96f8769748ee6d9d920603589e9edc1d4e5054b4387
AMLC002149,C:\ITDA_OCR_CODE\학습대상데이터\AMLC002149.jpg,3,sha256:9558cebcdaaa20fbd56b5b1f1a2cc8cc65a81f5286d2e017df17d07fb1e830af,9558cebcdaaa20fbd56b5b1f1a2cc8cc65a81f5286d2e017df17d07fb1e830af
AMLC002150,C:\ITDA_OCR_CODE\학습대상데이터\AMLC002150.jpg,5,sha256:0dd9c389ceff8b7238288c7b5c9b36e37c2efbc99d54afe19ff356cd257ea10a,0dd9c389ceff8b7238288c7b5c9b36e37c2efbc99d54afe19ff356cd257ea10a
AMLC002151,C:\ITDA_OCR_CODE\학습대상데이터\AMLC002151.jpg,2,sha256:d84cc90375fdd2f18136ea45209f349a77bd26776e41524114580016cc28b6c6,d84cc90375fdd2f18136ea45209f349a77bd26776e41524114580016cc28b6c6
AMLC002152,C:\ITDA_OCR_CODE\학습대상데이터\AMLC002152.jpg,3,sha256:a6c5783d011459ca89e5db058da65b82746e67a8fd33164c2df02b21227bf7db,a6c5783d011459ca89e5db058da65b82746e67a8fd33164c2df02b21227bf7db
AMLC002153,C:\ITDA_OCR_CODE\학습대상데이터\AMLC002153.jpg,2,sha256:e971047b0c6f8fdbd52c46a74baf3db6cbabf05cf9aa0de342c5b5e97862d9e6,e971047b0c6f8fdbd52c46a74baf3db6cbabf05cf9aa0de342c5b5e97862d9e6
AMLC002154,C:\ITDA_OCR_CODE\학습대상데이터\AMLC002154.jpg,3,sha256:d04499a720e1d389628b0f9b7b269a0b4ae1ee96339bfa99d0efe7c23b9418ed,d04499a720e1d389628b0f9b7b269a0b4ae1ee96339bfa99d0efe7c23b9418ed
AMLC002155,C:\ITDA_OCR_CODE\학습대상데이터\AMLC002155.jpg,2,sha256:36665559d2801928e05436e2f620c3e574b574bbef3d401145cf657340700557,36665559d2801928e05436e2f620c3e574b574bbef3d401145cf657340700557
AMLC002156,C:\ITDA_OCR_CODE\학습대상데이터\AMLC002156.jpg,5,sha256:da992c8234f3182eb45c678f718fddac0053c3b2751f2d7d1afab654c20e28d4,da992c8234f3182eb45c678f718fddac0053c3b2751f2d7d1afab654c20e28d4
AMLC002157,C:\ITDA_OCR_CODE\학습대상데이터\AMLC002157.jpg,2,sha256:387533920a604aef4bdc44d53db3eca582fad4a838ace70e86c068841ffc5c4b,387533920a604aef4bdc44d53db3eca582fad4a838ace70e86c068841ffc5c4b
AMLC002158,C:\ITDA_OCR_CODE\학습대상데이터\AMLC002158.jpg,1,sha256:2b2c366c05d080a403cc5fab77639d17d0e450b44f339a8ee1d429ea2d1f6425,2b2c366c05d080a403cc5fab77639d17d0e450b44f339a8ee1d429ea2d1f6425
AMLC002159,C:\ITDA_OCR_CODE\학습대상데이터\AMLC002159.jpg,5,sha256:28524c41104c7ef8ce5e372960c7d9dcc7f9ae264d20d1141d3c4247e753fac9,28524c41104c7ef8ce5e372960c7d9dcc7f9ae264d20d1141d3c4247e753fac9
AMLC002160,C:\ITDA_OCR_CODE\학습대상데이터\AMLC002160.jpg,3,sha256:7aa523bd2c933465e7360c5ce44684b79202f6ea92db99c40d380cc3ffbb68f0,7aa523bd2c933465e7360c5ce44684b79202f6ea92db99c40d380cc3ffbb68f0
AMLC002161,C:\ITDA_OCR_CODE\학습대상데이터\AMLC002161.jpg,2,sha256:d614e77b26b3ecbf145db14e7dd07983f4c4387eae404d08f6f96ab571909012,d614e77b26b3ecbf145db14e7dd07983f4c4387eae404d08f6f96ab571909012
AMLC002162,C:\ITDA_OCR_CODE\학습대상데이터\AMLC002162.jpg,5,sha256:f2d76b0cd2074c5b07665de2429e20998721e84473afa02e164c524baa409a30,f2d76b0cd2074c5b07665de2429e20998721e84473afa02e164c524baa409a30
AMLC002163,C:\ITDA_OCR_CODE\학습대상데이터\AMLC002163.jpg,3,sha256:9fb740d6ce91250b55933f69c28fdd86997cdd2e126e378aca3fecb793413da0,9fb740d6ce91250b55933f69c28fdd86997cdd2e126e378aca3fecb793413da0
AMLC002164,C:\ITDA_OCR_CODE\학습대상데이터\AMLC002164.jpg,2,sha256:1fb7220f507d762d125c31d2f627e274c45a9251fb1fa4bac604b548f072fb39,1fb7220f507d762d125c31d2f627e274c45a9251fb1fa4bac604b548f072fb39
AMLC002165,C:\ITDA_OCR_CODE\학습대상데이터\AMLC002165.jpg,1,sha256:a7874f263f88e442cbf3de79416079b97aca2bb4495daaada7a1917286358c55,a7874f263f88e442cbf3de79416079b97aca2bb4495daaada7a1917286358c55
AMLC002166,C:\ITDA_OCR_CODE\학습대상데이터\AMLC002166.jpg,3,sha256:dfa6572a7f2b601834720a10f76a48bf0dcd0fd83e3d307913f846d2fe35154e,dfa6572a7f2b601834720a10f76a48bf0dcd0fd83e3d307913f846d2fe35154e
AMLC002167,C:\ITDA_OCR_CODE\학습대상데이터\AMLC002167.jpg,2,sha256:6eb600906fa98d213587cef80de54fe780d94adf91372a820747abe128918d83,6eb600906fa98d213587cef80de54fe780d94adf91372a820747abe128918d83
AMLC002168,C:\ITDA_OCR_CODE\학습대상데이터\AMLC002168.jpg,5,sha256:920643e6510e7d7656a22a619e82d71a03cdec05de8fff27bb24f87ed4ad0c0c,920643e6510e7d7656a22a619e82d71a03cdec05de8fff27bb24f87ed4ad0c0c
AMLC002169,C:\ITDA_OCR_CODE\학습대상데이터\AMLC002169.jpg,5,sha256:8a8bc9e4f623e0e405756ff0c0815076ea74ee924f4a6e1fb2c536b3f2b99f7f,8a8bc9e4f623e0e405756ff0c0815076ea74ee924f4a6e1fb2c536b3f2b99f7f
AMLC002170,C:\ITDA_OCR_CODE\학습대상데이터\AMLC002170.jpg,5,sha256:348d31e0fc33d7ddb90d1328dfcdcfa7f0c564e3e2fed844fe217ecf98f73c16,348d31e0fc33d7ddb90d1328dfcdcfa7f0c564e3e2fed844fe217ecf98f73c16
AMLC002171,C:\ITDA_OCR_CODE\학습대상데이터\AMLC002171.jpg,4,sha256:056c38e75d35fe91c68c82ad043c2f769679c7bce1c462f87e4451618ab0ed9f,056c38e75d35fe91c68c82ad043c2f769679c7bce1c462f87e4451618ab0ed9f
AMLC002172,C:\ITDA_OCR_CODE\학습대상데이터\AMLC002172.jpg,1,sha256:6823e2c2886341583019f3f06a4f9355d6ab25e207b43a0a61a3d232d2818d7c,6823e2c2886341583019f3f06a4f9355d6ab25e207b43a0a61a3d232d2818d7c
AMLC002173,C:\ITDA_OCR_CODE\학습대상데이터\AMLC002173.jpg,5,sha256:54836f61e1f4884f7e8c435dad15fed5d3aec7855171758a1ba92579a9dfed74,54836f61e1f4884f7e8c435dad15fed5d3aec7855171758a1ba92579a9dfed74
AMLC002174,C:\ITDA_OCR_CODE\학습대상데이터\AMLC002174.jpg,2,sha256:e9eb8693233e54ab42cda080ffe1adeb5cae186a2773040f07a6da5a3b3573e4,e9eb8693233e54ab42cda080ffe1adeb5cae186a2773040f07a6da5a3b3573e4
AMLC002175,C:\ITDA_OCR_CODE\학습대상데이터\AMLC002175.jpg,3,sha256:39d6014ff3dcdf5c515d49990806bdad24cc95b32523bf75755ed89c6c80b32b,39d6014ff3dcdf5c515d49990806bdad24cc95b32523bf75755ed89c6c80b32b
AMLC002176,C:\ITDA_OCR_CODE\학습대상데이터\AMLC002176.jpg,1,sha256:1f1be46f83d0489929d13a7ef82f50eda1865dfc0f94a33e867fe1407a3ae30d,1f1be46f83d0489929d13a7ef82f50eda1865dfc0f94a33e867fe1407a3ae30d
AMLC002177,C:\ITDA_OCR_CODE\학습대상데이터\AMLC002177.jpg,2,sha256:457d7dfb6364d62943fdc44894ac7d54a04ea5f0fecebec3ceff2d93b64594c4,457d7dfb6364d62943fdc44894ac7d54a04ea5f0fecebec3ceff2d93b64594c4
AMLC002178,C:\ITDA_OCR_CODE\학습대상데이터\AMLC002178.jpg,3,sha256:953171388e337e5afeb39267f06aa5acf4ebc737bf087c1e36029e5c3ba2eb23,953171388e337e5afeb39267f06aa5acf4ebc737bf087c1e36029e5c3ba2eb23
AMLC002179,C:\ITDA_OCR_CODE\학습대상데이터\AMLC002179.jpg,3,sha256:a6a93b6ed7238fe42b3c5c07f93862096690cc08e59db9f728978751dd12b27a,a6a93b6ed7238fe42b3c5c07f93862096690cc08e59db9f728978751dd12b27a
AMLC002180,C:\ITDA_OCR_CODE\학습대상데이터\AMLC002180.jpg,5,sha256:401592317ad79a7a2b09d43afeabfc44f93c8c227ed6459991ed8277f7883cf2,401592317ad79a7a2b09d43afeabfc44f93c8c227ed6459991ed8277f7883cf2
AMLC002181,C:\ITDA_OCR_CODE\학습대상데이터\AMLC002181.jpg,3,sha256:8df6d2dc457fa921a8e9adf617e76b7ba0282f1a51fe1bd0baaefe5861ce9f58,8df6d2dc457fa921a8e9adf617e76b7ba0282f1a51fe1bd0baaefe5861ce9f58
AMLC002182,C:\ITDA_OCR_CODE\학습대상데이터\AMLC002182.jpg,5,sha256:c6d1e9aadf6c6219337265ed1be4441ff2f32727301a6dde4da1ef4875947029,c6d1e9aadf6c6219337265ed1be4441ff2f32727301a6dde4da1ef4875947029
AMLC002183,C:\ITDA_OCR_CODE\학습대상데이터\AMLC002183.jpg,5,sha256:0582a697b43b3ec126b1b7c40808299986f7c2543546796784fbbcd780ccedc9,0582a697b43b3ec126b1b7c40808299986f7c2543546796784fbbcd780ccedc9
AMLC002184,C:\ITDA_OCR_CODE\학습대상데이터\AMLC002184.jpg,5,sha256:25619bee33ab830568e07d792b2fcfdc7c5305da8c390d5a6b4d79a30465b4d5,25619bee33ab830568e07d792b2fcfdc7c5305da8c390d5a6b4d79a30465b4d5
AMLC002185,C:\ITDA_OCR_CODE\학습대상데이터\AMLC002185.jpg,4,sha256:c6c11a717a1c5f324323bfbc06c03e0a788235ecc6a67d3f80c2958b3dfb357c,c6c11a717a1c5f324323bfbc06c03e0a788235ecc6a67d3f80c2958b3dfb357c
AMLC002186,C:\ITDA_OCR_CODE\학습대상데이터\AMLC002186.jpg,3,sha256:c847eeeebad3f611fbbd81ceccc0b93aaa1ad16ccfeaf73194e51022ec1a9bb3,c847eeeebad3f611fbbd81ceccc0b93aaa1ad16ccfeaf73194e51022ec1a9bb3
AMLC002187,C:\ITDA_OCR_CODE\학습대상데이터\AMLC002187.jpg,5,sha256:6fe904c7b9e07b512ae66395ead13b05453ac9bc8cf0fbe990820fc497220a88,6fe904c7b9e07b512ae66395ead13b05453ac9bc8cf0fbe990820fc497220a88
AMLC002188,C:\ITDA_OCR_CODE\학습대상데이터\AMLC002188.jpg,2,sha256:c173f743cb5cce9d39fa2f315f4633eff5b10f7beeae860ed726130f6b60cd4d,c173f743cb5cce9d39fa2f315f4633eff5b10f7beeae860ed726130f6b60cd4d
AMLC002189,C:\ITDA_OCR_CODE\학습대상데이터\AMLC002189.jpg,5,sha256:e5de978530d9220be98345bbfb8af42a0d64c95e8de7fc70d084058efd1c1d37,e5de978530d9220be98345bbfb8af42a0d64c95e8de7fc70d084058efd1c1d37
AMLC002190,C:\ITDA_OCR_CODE\학습대상데이터\AMLC002190.jpg,4,sha256:fcaa648d6caff83c542549b3e0c0aaf4206ce347ca1c6eb1308e9b98721c034e,fcaa648d6caff83c542549b3e0c0aaf4206ce347ca1c6eb1308e9b98721c034e
AMLC002191,C:\ITDA_OCR_CODE\학습대상데이터\AMLC002191.jpg,1,sha256:ddbf43ed6d0869cc6651839ae297a3a14f20a6d19a511a0caaf3b47a42cc36e9,ddbf43ed6d0869cc6651839ae297a3a14f20a6d19a511a0caaf3b47a42cc36e9
AMLC002192,C:\ITDA_OCR_CODE\학습대상데이터\AMLC002192.jpg,2,sha256:6daa52d9cfb1464cd332f613e773b8d23ce8813d13f55b4d2df3ed04785e6b7e,6daa52d9cfb1464cd332f613e773b8d23ce8813d13f55b4d2df3ed04785e6b7e
AMLC002193,C:\ITDA_OCR_CODE\학습대상데이터\AMLC002193.jpg,4,sha256:1f43b19cb4f3d293a0409315300d7e8839e82514849fd87e62ee0ce350ff49ca,1f43b19cb4f3d293a0409315300d7e8839e82514849fd87e62ee0ce350ff49ca
AMLC002194,C:\ITDA_OCR_CODE\학습대상데이터\AMLC002194.jpg,3,sha256:8c38217958224773e38cbbde73fdfaf23c3708a6e37a627f25e02abc8cd03453,8c38217958224773e38cbbde73fdfaf23c3708a6e37a627f25e02abc8cd03453
AMLC002195,C:\ITDA_OCR_CODE\학습대상데이터\AMLC002195.jpg,2,sha256:f15fe9e1beb3d54e74ff94fede9003c1f92781291488c3ab15037eefd9873b8a,f15fe9e1beb3d54e74ff94fede9003c1f92781291488c3ab15037eefd9873b8a
AMLC002196,C:\ITDA_OCR_CODE\학습대상데이터\AMLC002196.jpg,4,sha256:640dae56430fb0625a4b7d2af63266b2f7a4437208af9bd65d27b826a558ca3e,640dae56430fb0625a4b7d2af63266b2f7a4437208af9bd65d27b826a558ca3e
AMLC002197,C:\ITDA_OCR_CODE\학습대상데이터\AMLC002197.jpg,1,sha256:9e482a154fe3cd283da0f9987c8f7c0cb62502c0eeb6095d13046af2c363e390,9e482a154fe3cd283da0f9987c8f7c0cb62502c0eeb6095d13046af2c363e390
AMLC002198,C:\ITDA_OCR_CODE\학습대상데이터\AMLC002198.jpg,3,sha256:2323e0cd033cde99775f07249b8985f32b7eb24f57c6e0f25672e04873177d57,2323e0cd033cde99775f07249b8985f32b7eb24f57c6e0f25672e04873177d57
AMLC002199,C:\ITDA_OCR_CODE\학습대상데이터\AMLC002199.jpg,3,sha256:adb42817d1697354c95d743d65e545dbb7f574fe37864a79b790b8818f155655,adb42817d1697354c95d743d65e545dbb7f574fe37864a79b790b8818f155655
AMLC002200,C:\ITDA_OCR_CODE\학습대상데이터\AMLC002200.jpg,5,sha256:6276c8b06eca9763bfaa902628a2b1c1609e80fac732bc0c26944e1b785f5391,6276c8b06eca9763bfaa902628a2b1c1609e80fac732bc0c26944e1b785f5391
AMLC002201,C:\ITDA_OCR_CODE\학습대상데이터\AMLC002201.jpg,5,sha256:7e302e6e3f8620c5515472662af89a0af168fa9f4d50ce6130cc7a120789ab7d,7e302e6e3f8620c5515472662af89a0af168fa9f4d50ce6130cc7a120789ab7d
AMLC002202,C:\ITDA_OCR_CODE\학습대상데이터\AMLC002202.jpg,5,sha256:c0bc3af233eb2fe4f210af4f2273fdf581a0e82d7dd5e380d760900d0f09a293,c0bc3af233eb2fe4f210af4f2273fdf581a0e82d7dd5e380d760900d0f09a293
AMLC002203,C:\ITDA_OCR_CODE\학습대상데이터\AMLC002203.jpg,4,sha256:e4613d2bcad911466f8e2370f95abe01c0f38437d1cfd9db4d69edd86eed2a17,e4613d2bcad911466f8e2370f95abe01c0f38437d1cfd9db4d69edd86eed2a17
AMLC002204,C:\ITDA_OCR_CODE\학습대상데이터\AMLC002204.jpg,3,sha256:638dfaeac650851d9ab41e6f443e39b8fd7df7208795a6c5e25eb6068262c28c,638dfaeac650851d9ab41e6f443e39b8fd7df7208795a6c5e25eb6068262c28c
AMLC002205,C:\ITDA_OCR_CODE\학습대상데이터\AMLC002205.jpg,5,sha256:8b00ce2af0a0a36a0ed616214a9689009cbc976a55ee2ca7c7c21b7d4f0a2fba,8b00ce2af0a0a36a0ed616214a9689009cbc976a55ee2ca7c7c21b7d4f0a2fba
AMLC002206,C:\ITDA_OCR_CODE\학습대상데이터\AMLC002206.jpg,5,sha256:3188fd090c6bee08c0a44a62bc0f3dd1819fa9c3b7020aa19a13073a8db9e96c,3188fd090c6bee08c0a44a62bc0f3dd1819fa9c3b7020aa19a13073a8db9e96c
AMLC002207,C:\ITDA_OCR_CODE\학습대상데이터\AMLC002207.jpg,3,sha256:0edb2289fb8c7a79b189c012790abf9bfe75230939a43e6da05a63452f8fd4e1,0edb2289fb8c7a79b189c012790abf9bfe75230939a43e6da05a63452f8fd4e1
AMLC002208,C:\ITDA_OCR_CODE\학습대상데이터\AMLC002208.jpg,1,sha256:6aebf6d8e1da9413a2a68231c8f4f6139a2466b5666831ce91aa22fef56b32c7,6aebf6d8e1da9413a2a68231c8f4f6139a2466b5666831ce91aa22fef56b32c7
AMLC002209,C:\ITDA_OCR_CODE\학습대상데이터\AMLC002209.jpg,2,sha256:0e7c8f64848f5d82fa51f8c9926bbadf92c570e189df2889886886756d32c11b,0e7c8f64848f5d82fa51f8c9926bbadf92c570e189df2889886886756d32c11b
AMLC002210,C:\ITDA_OCR_CODE\학습대상데이터\AMLC002210.jpg,5,sha256:3e352a509cb8984c25d3ffc437bdfe1af1da20207df7ed02c46ffbc5dfda2b3e,3e352a509cb8984c25d3ffc437bdfe1af1da20207df7ed02c46ffbc5dfda2b3e
AMLC002211,C:\ITDA_OCR_CODE\학습대상데이터\AMLC002211.jpg,3,sha256:a7793cbec7120fe75b1926684417e12e5c238fa403638b32366c2104cd036414,a7793cbec7120fe75b1926684417e12e5c238fa403638b32366c2104cd036414
AMLC002212,C:\ITDA_OCR_CODE\학습대상데이터\AMLC002212.jpg,1,sha256:4d24475a64b039c50e60af3fbc175ed0abcfb9ae8160e5d553f163eb3daab617,4d24475a64b039c50e60af3fbc175ed0abcfb9ae8160e5d553f163eb3daab617
AMLC002213,C:\ITDA_OCR_CODE\학습대상데이터\AMLC002213.jpg,1,sha256:843f80ba94b8cd248704ab97d56895c5b14da2a266e29b856d827dc132e96305,843f80ba94b8cd248704ab97d56895c5b14da2a266e29b856d827dc132e96305
AMLC002214,C:\ITDA_OCR_CODE\학습대상데이터\AMLC002214.jpg,1,sha256:b76797cdc16be052a88ed5b2b8457115ae49d210b63d4bf0105c227f448342a4,b76797cdc16be052a88ed5b2b8457115ae49d210b63d4bf0105c227f448342a4
AMLC002215,C:\ITDA_OCR_CODE\학습대상데이터\AMLC002215.jpg,4,sha256:a7d94c4139ea17463d898c10f3b47681c45bd055be99ecdc06a46bb6212a12e7,a7d94c4139ea17463d898c10f3b47681c45bd055be99ecdc06a46bb6212a12e7
AMLC002216,C:\ITDA_OCR_CODE\학습대상데이터\AMLC002216.jpg,4,sha256:131c3ceecb1c1daa40084f2209bea3c36c409e6784b3d49a405f28a8d919aec2,131c3ceecb1c1daa40084f2209bea3c36c409e6784b3d49a405f28a8d919aec2
AMLC002217,C:\ITDA_OCR_CODE\학습대상데이터\AMLC002217.jpg,5,sha256:46f6fd79cedb9584a3f20ed2732657ddb52a16ca7b0cd72913f975f55ffc8436,46f6fd79cedb9584a3f20ed2732657ddb52a16ca7b0cd72913f975f55ffc8436
AMLC002218,C:\ITDA_OCR_CODE\학습대상데이터\AMLC002218.jpg,4,sha256:d06a8cbb4875a2ad8203b3a00a3c9e343da60d6c4b0dec4ba68c56e35dbed70e,d06a8cbb4875a2ad8203b3a00a3c9e343da60d6c4b0dec4ba68c56e35dbed70e
AMLC002219,C:\ITDA_OCR_CODE\학습대상데이터\AMLC002219.jpg,2,sha256:98dddd4d7331527cb64946bc9a0190a36e041946fa6ab121aa0ddf9196a0e3a8,98dddd4d7331527cb64946bc9a0190a36e041946fa6ab121aa0ddf9196a0e3a8
AMLC002220,C:\ITDA_OCR_CODE\학습대상데이터\AMLC002220.jpg,4,sha256:cbe62f9c233f8dad4670499c091e6e7ec591743187760a309f4ee6516b006f75,cbe62f9c233f8dad4670499c091e6e7ec591743187760a309f4ee6516b006f75
AMLC002221,C:\ITDA_OCR_CODE\학습대상데이터\AMLC002221.jpg,1,sha256:40ad068d10ed8417de544b755693296b2ea1181b46302c110a0b19d6b53309ef,40ad068d10ed8417de544b755693296b2ea1181b46302c110a0b19d6b53309ef
AMLC002222,C:\ITDA_OCR_CODE\학습대상데이터\AMLC002222.jpg,5,sha256:53c68ff5e65fdf22bd2fc8b69091b40932eb6ac85f102cbf48fbbdca4a6de55b,53c68ff5e65fdf22bd2fc8b69091b40932eb6ac85f102cbf48fbbdca4a6de55b
AMLC002223,C:\ITDA_OCR_CODE\학습대상데이터\AMLC002223.jpg,2,sha256:a2eecfda1f8f8a218d75cec42f221262f860306c0bb15cc34a1c92c6a6317b2a,a2eecfda1f8f8a218d75cec42f221262f860306c0bb15cc34a1c92c6a6317b2a
AMLC002224,C:\ITDA_OCR_CODE\학습대상데이터\AMLC002224.jpg,4,sha256:68396f95a6c9e26434da43e71b46e48bdc3efa8b28442b63e609ed09801c863e,68396f95a6c9e26434da43e71b46e48bdc3efa8b28442b63e609ed09801c863e
AMLC002225,C:\ITDA_OCR_CODE\학습대상데이터\AMLC002225.jpg,4,sha256:6e9f28d5525b53f3844d99208b7daa070f3b417c66b8655999855a626b418a86,6e9f28d5525b53f3844d99208b7daa070f3b417c66b8655999855a626b418a86
AMLC002226,C:\ITDA_OCR_CODE\학습대상데이터\AMLC002226.jpg,2,sha256:f52a176b5a7dc0d3feac024daa132ae00024ea2462da3015375f89071a46f82b,f52a176b5a7dc0d3feac024daa132ae00024ea2462da3015375f89071a46f82b
AMLC002227,C:\ITDA_OCR_CODE\학습대상데이터\AMLC002227.jpg,1,sha256:d07530a8f6aee175cf9b943190852a2d59ef7a5e89bf42f19ed8f74b23408471,d07530a8f6aee175cf9b943190852a2d59ef7a5e89bf42f19ed8f74b23408471
AMLC002228,C:\ITDA_OCR_CODE\학습대상데이터\AMLC002228.jpg,1,sha256:27490e4382d726a2ed43b7d21eeba8693b965a9e28b3786861f6d8d73affe1af,27490e4382d726a2ed43b7d21eeba8693b965a9e28b3786861f6d8d73affe1af
AMLC002229,C:\ITDA_OCR_CODE\학습대상데이터\AMLC002229.jpg,1,sha256:5bb4171f79ee4f4110224c413f05999626f47d6404e2d7e63666dd7446d1df53,5bb4171f79ee4f4110224c413f05999626f47d6404e2d7e63666dd7446d1df53
AMLC002230,C:\ITDA_OCR_CODE\학습대상데이터\AMLC002230.jpg,3,sha256:30cf9a3d9df021dfb0c324226fa3af4af8fe9563873e93f7a1d375cd3a796c45,30cf9a3d9df021dfb0c324226fa3af4af8fe9563873e93f7a1d375cd3a796c45
AMLC002231,C:\ITDA_OCR_CODE\학습대상데이터\AMLC002231.jpg,2,sha256:374c69874a80b2da6f48f477124739927517bd33ab6a696e3fb10d57f38b026e,374c69874a80b2da6f48f477124739927517bd33ab6a696e3fb10d57f38b026e
AMLC002232,C:\ITDA_OCR_CODE\학습대상데이터\AMLC002232.jpg,1,sha256:764d8edbaeb26559da53e5f91b972302dfbc92add5182e8204415ca66c8a61f9,764d8edbaeb26559da53e5f91b972302dfbc92add5182e8204415ca66c8a61f9
AMLC002233,C:\ITDA_OCR_CODE\학습대상데이터\AMLC002233.jpg,4,sha256:870685824c4f566d5f7f28d009afc3c275b627f5e79d0c0b7131d2898bffadd4,870685824c4f566d5f7f28d009afc3c275b627f5e79d0c0b7131d2898bffadd4
AMLC002234,C:\ITDA_OCR_CODE\학습대상데이터\AMLC002234.jpg,4,sha256:63e8ed5c03e950cde87161523dd7d15f0f9fd98e993d7e6d959ef8cb92f04fd2,63e8ed5c03e950cde87161523dd7d15f0f9fd98e993d7e6d959ef8cb92f04fd2
AMLC002235,C:\ITDA_OCR_CODE\학습대상데이터\AMLC002235.jpg,3,sha256:45f829ef1c0c739b84f5a36b0db2e8e498163dc806e164853c62e439df8bf6d3,45f829ef1c0c739b84f5a36b0db2e8e498163dc806e164853c62e439df8bf6d3
AMLC002236,C:\ITDA_OCR_CODE\학습대상데이터\AMLC002236.jpg,5,sha256:570524661ab92fc70dd8ac425f228091561b6df435f0cf2b6992edf7f61cd6cc,570524661ab92fc70dd8ac425f228091561b6df435f0cf2b6992edf7f61cd6cc
AMLC002237,C:\ITDA_OCR_CODE\학습대상데이터\AMLC002237.jpg,5,sha256:5a3e38bad0b6102fcd23945e347c625be1c0b1771ad33e5b7aa7ca0ca1f6a1f2,5a3e38bad0b6102fcd23945e347c625be1c0b1771ad33e5b7aa7ca0ca1f6a1f2
AMLC002238,C:\ITDA_OCR_CODE\학습대상데이터\AMLC002238.jpg,3,sha256:b923ec5efb412e9bd98ceaafc762c6db3fda2eda0641628c743740155e52bce5,b923ec5efb412e9bd98ceaafc762c6db3fda2eda0641628c743740155e52bce5
AMLC002239,C:\ITDA_OCR_CODE\학습대상데이터\AMLC002239.jpeg,2,sha256:a0976e94a008b3ad41cd1e3cf74609328a18437f18ebe03acf5467d256cc6308,a0976e94a008b3ad41cd1e3cf74609328a18437f18ebe03acf5467d256cc6308
AMLC002240,C:\ITDA_OCR_CODE\학습대상데이터\AMLC002240.jpeg,2,sha256:e2d4ae630a0abcec9541b8fc3dcd64a951b4f69be2ebfd189a34ef4f0c621d84,e2d4ae630a0abcec9541b8fc3dcd64a951b4f69be2ebfd189a34ef4f0c621d84
AMLC002241,C:\ITDA_OCR_CODE\학습대상데이터\AMLC002241.jpeg,5,sha256:151bc93c6a35b39974a64f6fe4e778417e571023845ff50b88205408be4765e1,151bc93c6a35b39974a64f6fe4e778417e571023845ff50b88205408be4765e1
AMLC002242,C:\ITDA_OCR_CODE\학습대상데이터\AMLC002242.jpeg,3,sha256:34a26d3a7638f7f0235ca42a56d12284c5e7b393d85532958d0689f876065bcb,34a26d3a7638f7f0235ca42a56d12284c5e7b393d85532958d0689f876065bcb
AMLC002243,C:\ITDA_OCR_CODE\학습대상데이터\AMLC002243.jpeg,3,sha256:17e14bf3e9ac61f20722add2d5cbb8fdb7ae185c9d3bf5efcee1335cf45fd732,17e14bf3e9ac61f20722add2d5cbb8fdb7ae185c9d3bf5efcee1335cf45fd732
AMLC002244,C:\ITDA_OCR_CODE\학습대상데이터\AMLC002244.jpeg,1,sha256:0edb6c9f26a84ff3d73872c86b3f49e17cac389d95d4165b54b1c0d53f43d0e7,0edb6c9f26a84ff3d73872c86b3f49e17cac389d95d4165b54b1c0d53f43d0e7
AMLC002245,C:\ITDA_OCR_CODE\학습대상데이터\AMLC002245.jpeg,4,sha256:d0caa8e664e37fd8aa08518feef5bbdcc65c5195f33347357e0c01cd9a387e8b,d0caa8e664e37fd8aa08518feef5bbdcc65c5195f33347357e0c01cd9a387e8b
AMLC002246,C:\ITDA_OCR_CODE\학습대상데이터\AMLC002246.jpeg,3,sha256:f116f7ed95e9a206203d27474171219af0023d989cd226b3946e52abf9e8e82c,f116f7ed95e9a206203d27474171219af0023d989cd226b3946e52abf9e8e82c
BMLC002247,C:\ITDA_OCR_CODE\학습대상데이터\BMLC002247.jpg,2,sha256:7de35787189ddf236da3ae84fde6ca12bffec84b6243089efcc3764e5d226817,7de35787189ddf236da3ae84fde6ca12bffec84b6243089efcc3764e5d226817
BMLC002248,C:\ITDA_OCR_CODE\학습대상데이터\BMLC002248.jpg,1,sha256:f4b2f19308568565ff4919c668c778614fcee4c41b59301584580c09224b0c56,f4b2f19308568565ff4919c668c778614fcee4c41b59301584580c09224b0c56
BMLC002249,C:\ITDA_OCR_CODE\학습대상데이터\BMLC002249.jpg,4,sha256:4c1fc8c2898db8c42ac5ebacf0bdafee05a10e0a69559567e7ee7db83993f63e,4c1fc8c2898db8c42ac5ebacf0bdafee05a10e0a69559567e7ee7db83993f63e
BMLC002250,C:\ITDA_OCR_CODE\학습대상데이터\BMLC002250.jpg,4,sha256:e83ae0c4461294040e3087bf02d6892d44e5e43d89faecc327cbc1996e2c35ea,e83ae0c4461294040e3087bf02d6892d44e5e43d89faecc327cbc1996e2c35ea
BMLC002251,C:\ITDA_OCR_CODE\학습대상데이터\BMLC002251.jpg,2,sha256:8b3f6bb50df605a4e82be731e73c1aaa279e7cad2a79c240e4c2932fc0daf372,8b3f6bb50df605a4e82be731e73c1aaa279e7cad2a79c240e4c2932fc0daf372
BMLC002252,C:\ITDA_OCR_CODE\학습대상데이터\BMLC002252.jpg,1,sha256:bc9e0a8709a4b9942cf96e1054ee61f12a1befd6e6cdd2b4f744bf9bce3514c6,bc9e0a8709a4b9942cf96e1054ee61f12a1befd6e6cdd2b4f744bf9bce3514c6
BMLC002253,C:\ITDA_OCR_CODE\학습대상데이터\BMLC002253.jpg,2,sha256:1814f2621cfd0e37444e0fd546d9ea28d64038414d27ef2e240f49fe6ca6a4fa,1814f2621cfd0e37444e0fd546d9ea28d64038414d27ef2e240f49fe6ca6a4fa
BMLC002254,C:\ITDA_OCR_CODE\학습대상데이터\BMLC002254.jpg,3,sha256:267f5640678f9376d00afb9cf9a2639f58a7b6b0c9ec1f7c5ba27e209b80d7a1,267f5640678f9376d00afb9cf9a2639f58a7b6b0c9ec1f7c5ba27e209b80d7a1
BMLC002255,C:\ITDA_OCR_CODE\학습대상데이터\BMLC002255.jpg,4,sha256:a081b0101d989d4d6388be6806057f16167c52a6197ce77666ff505589794b6a,a081b0101d989d4d6388be6806057f16167c52a6197ce77666ff505589794b6a
BMLC002256,C:\ITDA_OCR_CODE\학습대상데이터\BMLC002256.jpg,3,sha256:4362929db73f83f057c56ff03b28d0485e48fd821a6c9892fc339789c32cd7d1,4362929db73f83f057c56ff03b28d0485e48fd821a6c9892fc339789c32cd7d1
BMLC002257,C:\ITDA_OCR_CODE\학습대상데이터\BMLC002257.jpg,4,sha256:884c27b5127da0aa3ce0c6cdcff47b24c0718c8dd57b6fc26e737eb859df54ba,884c27b5127da0aa3ce0c6cdcff47b24c0718c8dd57b6fc26e737eb859df54ba
BMLC002258,C:\ITDA_OCR_CODE\학습대상데이터\BMLC002258.jpg,2,sha256:bbca40dc49e682c3828edbda58b6808aae09ff6e9c88e4b76a2da55994e93c94,bbca40dc49e682c3828edbda58b6808aae09ff6e9c88e4b76a2da55994e93c94
BMLC002259,C:\ITDA_OCR_CODE\학습대상데이터\BMLC002259.jpg,4,sha256:e428910283caddd81c8326364977dbca14fc272fb618bec9461a64b9a3bb8c34,e428910283caddd81c8326364977dbca14fc272fb618bec9461a64b9a3bb8c34
BMLC002260,C:\ITDA_OCR_CODE\학습대상데이터\BMLC002260.jpg,4,sha256:f8c78d371129865cbae1ab5ebc4bea07e5c876249fb3ae66956274adefa2e62f,f8c78d371129865cbae1ab5ebc4bea07e5c876249fb3ae66956274adefa2e62f
BMLC002261,C:\ITDA_OCR_CODE\학습대상데이터\BMLC002261.jpg,1,sha256:c4a722b2b5a897817a084a29921376d008a058561098f49d951f2e9dc7bdb2ed,c4a722b2b5a897817a084a29921376d008a058561098f49d951f2e9dc7bdb2ed
BMLC002262,C:\ITDA_OCR_CODE\학습대상데이터\BMLC002262.jpg,2,sha256:3136fc336ad6e1fc45df751d8829e9ec0beeb9866b10942dade278db7fb290c2,3136fc336ad6e1fc45df751d8829e9ec0beeb9866b10942dade278db7fb290c2
BMLC002263,C:\ITDA_OCR_CODE\학습대상데이터\BMLC002263.jpg,2,sha256:8faa8d1bb4d38d149c6c0de96dcf504b81948e49c3101ffaa5deaef370da8944,8faa8d1bb4d38d149c6c0de96dcf504b81948e49c3101ffaa5deaef370da8944
BMLC002264,C:\ITDA_OCR_CODE\학습대상데이터\BMLC002264.jpg,2,sha256:ad1d83b5e293b739170e58f07f40b97a8f4af19c4fc5e052e17906c75532dae9,ad1d83b5e293b739170e58f07f40b97a8f4af19c4fc5e052e17906c75532dae9
BMLC002265,C:\ITDA_OCR_CODE\학습대상데이터\BMLC002265.jpg,3,sha256:6f81a3c9699a947aea81f9a93ec494c60d80bcf74a4be915a290e0c9d61fdd20,6f81a3c9699a947aea81f9a93ec494c60d80bcf74a4be915a290e0c9d61fdd20
BMLC002266,C:\ITDA_OCR_CODE\학습대상데이터\BMLC002266.jpg,2,sha256:56af8dc5a7603a1f2ed3d63b7550d00a1de367a4ed249dd645c8185c66fddc4a,56af8dc5a7603a1f2ed3d63b7550d00a1de367a4ed249dd645c8185c66fddc4a
BMLC002267,C:\ITDA_OCR_CODE\학습대상데이터\BMLC002267.jpg,1,sha256:f1a7e5f458aeabd45eff6e43b087bd84d558bbb3d51a57842cf3fc667798f8c7,f1a7e5f458aeabd45eff6e43b087bd84d558bbb3d51a57842cf3fc667798f8c7
BMLC002268,C:\ITDA_OCR_CODE\학습대상데이터\BMLC002268.jpg,1,sha256:9499754f18612d9af9dd532c66b2364a8c9d816f5adf4f8b47ba4f7208a5bb06,9499754f18612d9af9dd532c66b2364a8c9d816f5adf4f8b47ba4f7208a5bb06
BMLC002269,C:\ITDA_OCR_CODE\학습대상데이터\BMLC002269.jpg,3,sha256:2558df0c0810c7f7edc7e4d1e8312f9e743cd645ba6abb3571c50fcbdef7e934,2558df0c0810c7f7edc7e4d1e8312f9e743cd645ba6abb3571c50fcbdef7e934
BMLC002270,C:\ITDA_OCR_CODE\학습대상데이터\BMLC002270.jpg,2,sha256:8e7eb3fa3c01edeac72b63c23fb7b7981dc16de72108175bdd8d2b24fe71518b,8e7eb3fa3c01edeac72b63c23fb7b7981dc16de72108175bdd8d2b24fe71518b
BMLC002271,C:\ITDA_OCR_CODE\학습대상데이터\BMLC002271.jpg,1,sha256:4b9397179b45dd3dfc8f40094cb83c504920ef143511c43590c4b683836a8b3a,4b9397179b45dd3dfc8f40094cb83c504920ef143511c43590c4b683836a8b3a
BMLC002272,C:\ITDA_OCR_CODE\학습대상데이터\BMLC002272.jpg,4,sha256:b89ab31b332d20b8bcad2de12454ea20f0009a1982bc798c6f794e45d619567d,b89ab31b332d20b8bcad2de12454ea20f0009a1982bc798c6f794e45d619567d
BMLC002273,C:\ITDA_OCR_CODE\학습대상데이터\BMLC002273.jpg,3,sha256:eeff40256545da86c327b3df8fd811123f14a4dc9960498add9e4444d7e91add,eeff40256545da86c327b3df8fd811123f14a4dc9960498add9e4444d7e91add
BMLC002274,C:\ITDA_OCR_CODE\학습대상데이터\BMLC002274.jpg,1,sha256:bf4f77d342c3ef954f8c7a3a2ef5e481f6a1769e2534a022bc19183928fc557d,bf4f77d342c3ef954f8c7a3a2ef5e481f6a1769e2534a022bc19183928fc557d
BMLC002275,C:\ITDA_OCR_CODE\학습대상데이터\BMLC002275.jpg,1,sha256:d69ad04ab32298ab53b49c54a372743bdfc57762c21aae3c8b89daf311e70ee0,d69ad04ab32298ab53b49c54a372743bdfc57762c21aae3c8b89daf311e70ee0
BMLC002276,C:\ITDA_OCR_CODE\학습대상데이터\BMLC002276.jpg,3,sha256:ccd271272fb03ec015633f2daf18df47c3123c7f82b6725f9ae95e20061ebe98,ccd271272fb03ec015633f2daf18df47c3123c7f82b6725f9ae95e20061ebe98
BMLC002277,C:\ITDA_OCR_CODE\학습대상데이터\BMLC002277.jpg,4,sha256:e67990a24c492241a28f440dc96c12827138b147c8a085bbb372967d3a31b90a,e67990a24c492241a28f440dc96c12827138b147c8a085bbb372967d3a31b90a
BMLC002278,C:\ITDA_OCR_CODE\학습대상데이터\BMLC002278.jpg,1,sha256:744c4b89d727304a9d1945d732a2bfe3a0312d766339784f0ad21bd3271a97d5,744c4b89d727304a9d1945d732a2bfe3a0312d766339784f0ad21bd3271a97d5
BMLC002279,C:\ITDA_OCR_CODE\학습대상데이터\BMLC002279.jpg,3,sha256:557b832b1c7cfc47a7f9362d3555f71e4bee54d73b7b665a5cb70494d545d27b,557b832b1c7cfc47a7f9362d3555f71e4bee54d73b7b665a5cb70494d545d27b
BMLC002280,C:\ITDA_OCR_CODE\학습대상데이터\BMLC002280.jpg,4,sha256:448c42c4b3675ec025e7c77de2219228d63e09cd88468a8fd0bdb6dc7250d870,448c42c4b3675ec025e7c77de2219228d63e09cd88468a8fd0bdb6dc7250d870
BMLC002281,C:\ITDA_OCR_CODE\학습대상데이터\BMLC002281.jpg,2,sha256:c0a275fd5d2f1351d59d8a6e51ec44814a54fc1eed6d8e4f170f62adb799c842,c0a275fd5d2f1351d59d8a6e51ec44814a54fc1eed6d8e4f170f62adb799c842
BMLC002282,C:\ITDA_OCR_CODE\학습대상데이터\BMLC002282.jpg,3,sha256:f020d3ab5f8a75cb1461b86a2b476388f6fdc6072849a92e440b9f1aca0906f0,f020d3ab5f8a75cb1461b86a2b476388f6fdc6072849a92e440b9f1aca0906f0
BMLC002283,C:\ITDA_OCR_CODE\학습대상데이터\BMLC002283.jpg,3,sha256:d9492c8e39b37b2cdd9163909840946615e9cb7ee1b61d80add917efb524c97e,d9492c8e39b37b2cdd9163909840946615e9cb7ee1b61d80add917efb524c97e
BMLC002284,C:\ITDA_OCR_CODE\학습대상데이터\BMLC002284.jpg,1,sha256:25e3220afb5f778cdf9ce8c1ead3d3be2524d634015c56880838aa57d47f30ed,25e3220afb5f778cdf9ce8c1ead3d3be2524d634015c56880838aa57d47f30ed
BMLC002285,C:\ITDA_OCR_CODE\학습대상데이터\BMLC002285.jpg,4,sha256:dd7fc3e4b70fc66f353c08132083f4c7ed5296884fc58225f1116b3cd3238efd,dd7fc3e4b70fc66f353c08132083f4c7ed5296884fc58225f1116b3cd3238efd
BMLC002286,C:\ITDA_OCR_CODE\학습대상데이터\BMLC002286.jpg,2,sha256:b1fd59b55fdd1bcdd64c4332da4601961659c5d019a91be8e1bd59ced540f6b1,b1fd59b55fdd1bcdd64c4332da4601961659c5d019a91be8e1bd59ced540f6b1
BMLC002287,C:\ITDA_OCR_CODE\학습대상데이터\BMLC002287.jpg,1,sha256:7c1ccc584f88aa21eb916a1d38c43b2176a53ef055fe99413ccdaa8b36485a45,7c1ccc584f88aa21eb916a1d38c43b2176a53ef055fe99413ccdaa8b36485a45
BMLC002288,C:\ITDA_OCR_CODE\학습대상데이터\BMLC002288.jpg,1,sha256:921844ce8a0bac46358369f8d13c5fd7aab645203ace8cbc434b15782dc7523f,921844ce8a0bac46358369f8d13c5fd7aab645203ace8cbc434b15782dc7523f
BMLC002289,C:\ITDA_OCR_CODE\학습대상데이터\BMLC002289.jpg,3,sha256:95bcf5de6b8cde721b54f66d9b23baf1f5ccdc6e03a46f6f29520db6cb9c5589,95bcf5de6b8cde721b54f66d9b23baf1f5ccdc6e03a46f6f29520db6cb9c5589
BMLC002290,C:\ITDA_OCR_CODE\학습대상데이터\BMLC002290.jpg,4,sha256:6d1e4acc764104345fbe6d4c80bf43639043632e0d6f31794c52d6c5fcb7651f,6d1e4acc764104345fbe6d4c80bf43639043632e0d6f31794c52d6c5fcb7651f
BMLC002291,C:\ITDA_OCR_CODE\학습대상데이터\BMLC002291.jpg,2,sha256:5715013f2ca260825722422ceb0f2875ca87d87a9cfa160660eaf81577efc728,5715013f2ca260825722422ceb0f2875ca87d87a9cfa160660eaf81577efc728
BMLC002292,C:\ITDA_OCR_CODE\학습대상데이터\BMLC002292.jpg,1,sha256:7959b6ae76fff1e1b6a01b10ae0cc5b6e7085cf38c77c992026697b174417b8d,7959b6ae76fff1e1b6a01b10ae0cc5b6e7085cf38c77c992026697b174417b8d
BMLC002293,C:\ITDA_OCR_CODE\학습대상데이터\BMLC002293.jpg,3,sha256:459fab006d2982418480fcb4f806896be5ce12907a91377659b9c080b4a260e8,459fab006d2982418480fcb4f806896be5ce12907a91377659b9c080b4a260e8
BMLC002294,C:\ITDA_OCR_CODE\학습대상데이터\BMLC002294.jpg,4,sha256:55993bbea9e80fc6eae5f16798b9a88d96ef4ff3483f92e85e0cfe7763a582a9,55993bbea9e80fc6eae5f16798b9a88d96ef4ff3483f92e85e0cfe7763a582a9
BMLC002295,C:\ITDA_OCR_CODE\학습대상데이터\BMLC002295.jpg,3,sha256:045f40f6642d7fc023ebdb4d98da9fc0858c3ca575a378afc02c3849a45650d6,045f40f6642d7fc023ebdb4d98da9fc0858c3ca575a378afc02c3849a45650d6
BMLC002296,C:\ITDA_OCR_CODE\학습대상데이터\BMLC002296.jpg,4,sha256:a51d23cb5d3ae44c89756b1e2a8b7ffa8095c9dd732cfaec9fffebb9927b5a5b,a51d23cb5d3ae44c89756b1e2a8b7ffa8095c9dd732cfaec9fffebb9927b5a5b
BMLC002297,C:\ITDA_OCR_CODE\학습대상데이터\BMLC002297.jpg,4,sha256:3e08b462a4d4218326cf83ca34fc61928d7495087e8b21782f18fa41b4cecae7,3e08b462a4d4218326cf83ca34fc61928d7495087e8b21782f18fa41b4cecae7
BMLC002298,C:\ITDA_OCR_CODE\학습대상데이터\BMLC002298.jpg,4,sha256:a020bd781d1405117865c9c9b877a28dba82a10b8b1b3785e7f6adf93536fbfe,a020bd781d1405117865c9c9b877a28dba82a10b8b1b3785e7f6adf93536fbfe
BMLC002299,C:\ITDA_OCR_CODE\학습대상데이터\BMLC002299.jpg,3,sha256:51d1e39e8c5f069f46cc5d12233269108cd65e1014558705484e0f40e81d58c3,51d1e39e8c5f069f46cc5d12233269108cd65e1014558705484e0f40e81d58c3
BMLC002300,C:\ITDA_OCR_CODE\학습대상데이터\BMLC002300.jpg,3,sha256:82dda8ad321ea7e45b07eaf2247971408ee261d38b35fb776490a0acf6355efd,82dda8ad321ea7e45b07eaf2247971408ee261d38b35fb776490a0acf6355efd
BMLC002301,C:\ITDA_OCR_CODE\학습대상데이터\BMLC002301.jpg,4,sha256:1be2bbeef26ed9ac3500baf29ae24ac27e64f496c94a894c71439016f6cdb9ba,1be2bbeef26ed9ac3500baf29ae24ac27e64f496c94a894c71439016f6cdb9ba
BMLC002302,C:\ITDA_OCR_CODE\학습대상데이터\BMLC002302.jpg,4,sha256:20035b7a54fc87d91a5daddfecf9b5f26687c6f6b97a340191283bc47365b68d,20035b7a54fc87d91a5daddfecf9b5f26687c6f6b97a340191283bc47365b68d
BMLC002303,C:\ITDA_OCR_CODE\학습대상데이터\BMLC002303.jpg,4,sha256:b48356cb9e1b76ce6b4ab692e48d6b943260bab28022f142a8b8926f29c1f278,b48356cb9e1b76ce6b4ab692e48d6b943260bab28022f142a8b8926f29c1f278
BMLC002304,C:\ITDA_OCR_CODE\학습대상데이터\BMLC002304.jpg,3,sha256:a85b429f59131a2ae62ab75de4d395d57aa05accaa62aa82d8f176fc7cbc5790,a85b429f59131a2ae62ab75de4d395d57aa05accaa62aa82d8f176fc7cbc5790
BMLC002305,C:\ITDA_OCR_CODE\학습대상데이터\BMLC002305.jpg,3,sha256:082a9e7ff37cfc3b488a54aaeaf0ab40668855569cd4179203c3d9145f006ba0,082a9e7ff37cfc3b488a54aaeaf0ab40668855569cd4179203c3d9145f006ba0
BMLC002306,C:\ITDA_OCR_CODE\학습대상데이터\BMLC002306.jpg,2,sha256:6c9302900b650d1603d8d9f67e91adf1758969b343acde193a03aa6ce666746e,6c9302900b650d1603d8d9f67e91adf1758969b343acde193a03aa6ce666746e
BMLC002307,C:\ITDA_OCR_CODE\학습대상데이터\BMLC002307.jpg,2,sha256:75f29ed794fa2cdce024c71efc69c63ab8f0f084b774e99ba7900454499c7ba2,75f29ed794fa2cdce024c71efc69c63ab8f0f084b774e99ba7900454499c7ba2
BMLC002308,C:\ITDA_OCR_CODE\학습대상데이터\BMLC002308.jpg,3,sha256:4645095a00c1b91b0e0f9220b181a1d68cb5a1f1402f24abad2a032c7590023e,4645095a00c1b91b0e0f9220b181a1d68cb5a1f1402f24abad2a032c7590023e
BMLC002309,C:\ITDA_OCR_CODE\학습대상데이터\BMLC002309.jpg,2,sha256:6b101d2a246d2ca5303c2d15a1338ef005070d5388ac8d8512547160f2798009,6b101d2a246d2ca5303c2d15a1338ef005070d5388ac8d8512547160f2798009
BMLC002310,C:\ITDA_OCR_CODE\학습대상데이터\BMLC002310.jpg,3,sha256:fffd3389fb5003f2976b8aed7849c68f74bd525e47fb751033775a3c6d1531f8,fffd3389fb5003f2976b8aed7849c68f74bd525e47fb751033775a3c6d1531f8
BMLC002311,C:\ITDA_OCR_CODE\학습대상데이터\BMLC002311.jpg,2,sha256:98b3d936f84cdedf52832eb20407bd8b5a4f6ef3cfca05c2ddcf204badffbec9,98b3d936f84cdedf52832eb20407bd8b5a4f6ef3cfca05c2ddcf204badffbec9
BMLC002312,C:\ITDA_OCR_CODE\학습대상데이터\BMLC002312.jpg,2,sha256:e2645796cefc10abadc9379599d8d131daa3c2c66763c4e0c42ad8d17506bc5c,e2645796cefc10abadc9379599d8d131daa3c2c66763c4e0c42ad8d17506bc5c
BMLC002313,C:\ITDA_OCR_CODE\학습대상데이터\BMLC002313.jpg,2,sha256:66c4f322f9e1cf824b275a46b63685b008b8b45dac313de697dd84141f0f96fb,66c4f322f9e1cf824b275a46b63685b008b8b45dac313de697dd84141f0f96fb
BMLC002314,C:\ITDA_OCR_CODE\학습대상데이터\BMLC002314.jpg,1,sha256:77c9b6106e908c16876f236745b83e083e66575088be1a41e7258f16ff43db32,77c9b6106e908c16876f236745b83e083e66575088be1a41e7258f16ff43db32
BMLC002315,C:\ITDA_OCR_CODE\학습대상데이터\BMLC002315.jpg,2,sha256:ef31ade98b49ec09444d38d4123418f6b43a2d99e39a2372319d9c5a5dde9e1d,ef31ade98b49ec09444d38d4123418f6b43a2d99e39a2372319d9c5a5dde9e1d
BMLC002316,C:\ITDA_OCR_CODE\학습대상데이터\BMLC002316.jpg,4,sha256:60faaa6540c02c55f12830d73fc6f759c6498b41d61b93e45e898c1f60307bf5,60faaa6540c02c55f12830d73fc6f759c6498b41d61b93e45e898c1f60307bf5
BMLC002317,C:\ITDA_OCR_CODE\학습대상데이터\BMLC002317.jpg,2,sha256:5a9dda9e50ee9c3c62f65b7503189610294a99ca86b19f0ffacb432fd8f6f5c5,5a9dda9e50ee9c3c62f65b7503189610294a99ca86b19f0ffacb432fd8f6f5c5
BMLC002318,C:\ITDA_OCR_CODE\학습대상데이터\BMLC002318.jpg,2,sha256:1c8d1d646ead448ce1081c1c90976adb7961eef7715e5956704e9da085997884,1c8d1d646ead448ce1081c1c90976adb7961eef7715e5956704e9da085997884
BMLC002319,C:\ITDA_OCR_CODE\학습대상데이터\BMLC002319.jpg,4,sha256:6e1877ef4bc530e925eaad0f8043302e6aae8ca95cd9c233b8a318e796f56b13,6e1877ef4bc530e925eaad0f8043302e6aae8ca95cd9c233b8a318e796f56b13
BMLC002320,C:\ITDA_OCR_CODE\학습대상데이터\BMLC002320.jpg,2,sha256:70f21b0e60360bec55c848b427992c2b76388e575b097ab19b0963fb65b38d50,70f21b0e60360bec55c848b427992c2b76388e575b097ab19b0963fb65b38d50
BMLC002321,C:\ITDA_OCR_CODE\학습대상데이터\BMLC002321.jpg,3,sha256:d2c0a0dd7cf46a4ceb0221c3e1711f3875deffe4d93e628609e5b29addfa1392,d2c0a0dd7cf46a4ceb0221c3e1711f3875deffe4d93e628609e5b29addfa1392
BMLC002322,C:\ITDA_OCR_CODE\학습대상데이터\BMLC002322.jpg,4,sha256:4708505460913c3e3d0b21f6a3fcbe3e07c855638a696c681790ab3a7760b1c6,4708505460913c3e3d0b21f6a3fcbe3e07c855638a696c681790ab3a7760b1c6
BMLC002323,C:\ITDA_OCR_CODE\학습대상데이터\BMLC002323.jpg,1,sha256:39afb1023954ea607ed83f9fb9137fb963c0338bc4d03750a96384945ffccf3d,39afb1023954ea607ed83f9fb9137fb963c0338bc4d03750a96384945ffccf3d
BMLC002324,C:\ITDA_OCR_CODE\학습대상데이터\BMLC002324.jpg,3,sha256:65ae56840646c8ecc82a91cb76935842c512523f24787a597e37c96aaa5462bd,65ae56840646c8ecc82a91cb76935842c512523f24787a597e37c96aaa5462bd
BMLC002325,C:\ITDA_OCR_CODE\학습대상데이터\BMLC002325.jpg,3,sha256:ff49484a71e07bea29e9fcfbddd6b39f55e138cc8e046e74e4c8f2a898f8c96c,ff49484a71e07bea29e9fcfbddd6b39f55e138cc8e046e74e4c8f2a898f8c96c
BMLC002326,C:\ITDA_OCR_CODE\학습대상데이터\BMLC002326.jpg,4,sha256:1a057f63f81ca9398e9cb681d688de8faffbeecbc06be709e331a43eba645388,1a057f63f81ca9398e9cb681d688de8faffbeecbc06be709e331a43eba645388
BMLC002327,C:\ITDA_OCR_CODE\학습대상데이터\BMLC002327.jpg,1,sha256:55889cb0510a9b868da2dedb8d0cb3775edd74e761273280f0804fa3e162bd2b,55889cb0510a9b868da2dedb8d0cb3775edd74e761273280f0804fa3e162bd2b
BMLC002328,C:\ITDA_OCR_CODE\학습대상데이터\BMLC002328.jpg,4,sha256:b4ace14b236e7108f6a2b53a57d47bbbfe728a83f8a015782ab5c3d237bb0865,b4ace14b236e7108f6a2b53a57d47bbbfe728a83f8a015782ab5c3d237bb0865
BMLC002329,C:\ITDA_OCR_CODE\학습대상데이터\BMLC002329.jpg,2,sha256:4d4a9655059a798deb6797cb3373d79600513e501bdad68d86da44dc6fd69408,4d4a9655059a798deb6797cb3373d79600513e501bdad68d86da44dc6fd69408
BMLC002330,C:\ITDA_OCR_CODE\학습대상데이터\BMLC002330.jpg,1,sha256:21d453d713f097fd5a105e4c63006ad6adaa20e997abed7740fb378819faddc6,21d453d713f097fd5a105e4c63006ad6adaa20e997abed7740fb378819faddc6
BMLC002331,C:\ITDA_OCR_CODE\학습대상데이터\BMLC002331.jpg,3,sha256:feeb91eac2ef724351dcf0e818c8ae4467de8568d7df7d724f9355566035508e,feeb91eac2ef724351dcf0e818c8ae4467de8568d7df7d724f9355566035508e
BMLC002332,C:\ITDA_OCR_CODE\학습대상데이터\BMLC002332.jpg,2,sha256:00327f947fc15bb4c8514e5f77c9b24d56434da94bef4badb6995fb3bc9bf649,00327f947fc15bb4c8514e5f77c9b24d56434da94bef4badb6995fb3bc9bf649
BMLC002333,C:\ITDA_OCR_CODE\학습대상데이터\BMLC002333.jpg,3,sha256:64c3000736c009a62020cefe1983849e84728c7693e5a2425f71f9a184cf064e,64c3000736c009a62020cefe1983849e84728c7693e5a2425f71f9a184cf064e
BMLC002334,C:\ITDA_OCR_CODE\학습대상데이터\BMLC002334.jpg,2,sha256:dd0f2e981dc9c8590cfcb23dc978d38ace3f6d53017772f71ede96f853dc022b,dd0f2e981dc9c8590cfcb23dc978d38ace3f6d53017772f71ede96f853dc022b
BMLC002335,C:\ITDA_OCR_CODE\학습대상데이터\BMLC002335.jpg,3,sha256:650255350364dd3ad2cae3d6057e6072e18b4b162a6da3ab086560262f1b8597,650255350364dd3ad2cae3d6057e6072e18b4b162a6da3ab086560262f1b8597
BMLC002336,C:\ITDA_OCR_CODE\학습대상데이터\BMLC002336.jpg,3,sha256:31dd052755a9d98bd4353daf8162dfd8b7f13469b0feef88109db4fa8d203037,31dd052755a9d98bd4353daf8162dfd8b7f13469b0feef88109db4fa8d203037
BMLC002337,C:\ITDA_OCR_CODE\학습대상데이터\BMLC002337.jpg,3,sha256:f10caded5cbcf091289ac8dfe3480ad270cac26bece863f7cae5e59e99ffe84e,f10caded5cbcf091289ac8dfe3480ad270cac26bece863f7cae5e59e99ffe84e
BMLC002338,C:\ITDA_OCR_CODE\학습대상데이터\BMLC002338.jpg,2,sha256:eb22ea4e23dfc22ffb0a05071ed41fdb35858804e61e7642d08cee85fb766122,eb22ea4e23dfc22ffb0a05071ed41fdb35858804e61e7642d08cee85fb766122
BMLC002339,C:\ITDA_OCR_CODE\학습대상데이터\BMLC002339.jpg,3,sha256:15f943a466d2ac20332c4b828d9f301e2dd4ec74c8b3227b0b1fea99be88c3e4,15f943a466d2ac20332c4b828d9f301e2dd4ec74c8b3227b0b1fea99be88c3e4
BMLC002340,C:\ITDA_OCR_CODE\학습대상데이터\BMLC002340.jpg,4,sha256:8c5cc8885f3bd1880cfae0bde6a4ffd131d6ceb05eacbcc7f5fb32dcdca8dd37,8c5cc8885f3bd1880cfae0bde6a4ffd131d6ceb05eacbcc7f5fb32dcdca8dd37
BMLC002341,C:\ITDA_OCR_CODE\학습대상데이터\BMLC002341.jpg,3,sha256:f5790cb6799309dc4101b794413714ac25fc3de36594afeb0effe77f10eefe39,f5790cb6799309dc4101b794413714ac25fc3de36594afeb0effe77f10eefe39
BMLC002342,C:\ITDA_OCR_CODE\학습대상데이터\BMLC002342.jpg,4,sha256:67f8e0e91b9b9cabecdb59fa8154f96ba9f0e5ebe060d9bda01d65ba128c4a9f,67f8e0e91b9b9cabecdb59fa8154f96ba9f0e5ebe060d9bda01d65ba128c4a9f
BMLC002343,C:\ITDA_OCR_CODE\학습대상데이터\BMLC002343.jpg,2,sha256:99317e08b459b287d36f69f6a43ebf86be4316581d6633b63d1e1043816db43d,99317e08b459b287d36f69f6a43ebf86be4316581d6633b63d1e1043816db43d
BMLC002344,C:\ITDA_OCR_CODE\학습대상데이터\BMLC002344.jpg,1,sha256:ec398e76ec9b68d02e131286cdee5910f656525d48bc920dbd08a161415261f4,ec398e76ec9b68d02e131286cdee5910f656525d48bc920dbd08a161415261f4
BMLC002345,C:\ITDA_OCR_CODE\학습대상데이터\BMLC002345.jpg,2,sha256:9305edf6ee8206c82759fecc82f60ee8d1ca04c3dd262321c233a4f12fe4c504,9305edf6ee8206c82759fecc82f60ee8d1ca04c3dd262321c233a4f12fe4c504
BMLC002346,C:\ITDA_OCR_CODE\학습대상데이터\BMLC002346.jpg,3,sha256:3d3e54b99e3e70a68740cc94ea8e2c0d5a6086893bdb004d733467939bcfbf69,3d3e54b99e3e70a68740cc94ea8e2c0d5a6086893bdb004d733467939bcfbf69
BMLC002347,C:\ITDA_OCR_CODE\학습대상데이터\BMLC002347.jpg,2,sha256:559b4d167dd69e94ccc1644e8ca3bd0fea29062efbb5495a7a52105b8b01d751,559b4d167dd69e94ccc1644e8ca3bd0fea29062efbb5495a7a52105b8b01d751
BMLC002348,C:\ITDA_OCR_CODE\학습대상데이터\BMLC002348.jpg,4,sha256:7cb65024e72d0845f2089e7c507205d6a80b0f87a3f7c64c20d323ff4c65222c,7cb65024e72d0845f2089e7c507205d6a80b0f87a3f7c64c20d323ff4c65222c
BMLC002349,C:\ITDA_OCR_CODE\학습대상데이터\BMLC002349.jpg,1,sha256:c277182d00d529bcb490831b0250dd27fec97f8983d41c68ac1ab68676d23c22,c277182d00d529bcb490831b0250dd27fec97f8983d41c68ac1ab68676d23c22
BMLC002350,C:\ITDA_OCR_CODE\학습대상데이터\BMLC002350.jpg,1,sha256:80a4ad68755a66d211a4287e75cb78e0aef5ad151c58fbe8c5dcbfc12cd1b47d,80a4ad68755a66d211a4287e75cb78e0aef5ad151c58fbe8c5dcbfc12cd1b47d
BMLC002351,C:\ITDA_OCR_CODE\학습대상데이터\BMLC002351.jpg,4,sha256:0419e660e34ea995f80faf91aefb7bce95782173824dc0041e3898cf293521c9,0419e660e34ea995f80faf91aefb7bce95782173824dc0041e3898cf293521c9
BMLC002352,C:\ITDA_OCR_CODE\학습대상데이터\BMLC002352.jpg,2,sha256:6b43f6308d6f77024ce9eb8cc3cac2252899c36655147a601f777b0d94e97f09,6b43f6308d6f77024ce9eb8cc3cac2252899c36655147a601f777b0d94e97f09
BMLC002353,C:\ITDA_OCR_CODE\학습대상데이터\BMLC002353.jpg,2,sha256:28814da41953a96c405f59a5b277c1fe0aafca31cbaae0669acabde33b7617a6,28814da41953a96c405f59a5b277c1fe0aafca31cbaae0669acabde33b7617a6
BMLC002354,C:\ITDA_OCR_CODE\학습대상데이터\BMLC002354.jpg,2,sha256:bd9985bcec70c6541c79e2a37a60fef10515759c8c4d5efd9ac4b19b328da0b9,bd9985bcec70c6541c79e2a37a60fef10515759c8c4d5efd9ac4b19b328da0b9
BMLC002355,C:\ITDA_OCR_CODE\학습대상데이터\BMLC002355.jpg,3,sha256:e0c919e6db981326e149c3827c34073d06e1a2ed47c768e344b4e48f35290db0,e0c919e6db981326e149c3827c34073d06e1a2ed47c768e344b4e48f35290db0
BMLC002356,C:\ITDA_OCR_CODE\학습대상데이터\BMLC002356.jpg,2,sha256:5b74280440b208b9cc92b6127a2cb1b330b4b746f6281079b280e834cfb9e2ec,5b74280440b208b9cc92b6127a2cb1b330b4b746f6281079b280e834cfb9e2ec
BMLC002357,C:\ITDA_OCR_CODE\학습대상데이터\BMLC002357.jpg,2,sha256:8f9f8fb4dd6d9aab8589657db82a59646e743631e8e07b70e1a3649fe31b89c9,8f9f8fb4dd6d9aab8589657db82a59646e743631e8e07b70e1a3649fe31b89c9
BMLC002358,C:\ITDA_OCR_CODE\학습대상데이터\BMLC002358.jpg,1,sha256:bfe34d52a5e07dd5faec14880ebe7e81ed62cbbc63100eb94beb90bae10fe41c,bfe34d52a5e07dd5faec14880ebe7e81ed62cbbc63100eb94beb90bae10fe41c
BMLC002359,C:\ITDA_OCR_CODE\학습대상데이터\BMLC002359.jpg,4,sha256:fe5238fab11b2ee0abc549eae551f3c7f537fed7a317ded4faf0702e4ed783bb,fe5238fab11b2ee0abc549eae551f3c7f537fed7a317ded4faf0702e4ed783bb
BMLC002360,C:\ITDA_OCR_CODE\학습대상데이터\BMLC002360.jpg,2,sha256:efb3b12e50b7664249aa8758d5f4284c0a154f8421f5d0edc11b4d0023672125,efb3b12e50b7664249aa8758d5f4284c0a154f8421f5d0edc11b4d0023672125
BMLC002361,C:\ITDA_OCR_CODE\학습대상데이터\BMLC002361.jpg,4,sha256:5ed6a75291a75d6d8dac5b2a96bcaaa423bb783984c06dd771bfe3de0a77c604,5ed6a75291a75d6d8dac5b2a96bcaaa423bb783984c06dd771bfe3de0a77c604
BMLC002362,C:\ITDA_OCR_CODE\학습대상데이터\BMLC002362.jpg,4,sha256:620abb2e1cb2d9b5d13738295a310cd71575728f0dda725989e0cb968f762a0b,620abb2e1cb2d9b5d13738295a310cd71575728f0dda725989e0cb968f762a0b
BMLC002363,C:\ITDA_OCR_CODE\학습대상데이터\BMLC002363.jpg,1,sha256:654813737975b802d984b549b4341886495deb94cbe7c0464fcaa1302d7434f0,654813737975b802d984b549b4341886495deb94cbe7c0464fcaa1302d7434f0
BMLC002364,C:\ITDA_OCR_CODE\학습대상데이터\BMLC002364.jpg,3,sha256:c2cbf4f19d0e1838464d3f4fcdfac78fe03afeaae3d7c22413cf425a4eae68f0,c2cbf4f19d0e1838464d3f4fcdfac78fe03afeaae3d7c22413cf425a4eae68f0
BMLC002365,C:\ITDA_OCR_CODE\학습대상데이터\BMLC002365.jpg,1,sha256:5bedcdd216d9ad74fc414cb3d3f09c88e16014c5544740b11a1a7c2ee98527ce,5bedcdd216d9ad74fc414cb3d3f09c88e16014c5544740b11a1a7c2ee98527ce
BMLC002366,C:\ITDA_OCR_CODE\학습대상데이터\BMLC002366.jpg,4,sha256:958fa4eb346f8e9d68f2f1ba34bb7abe18b0245cda65eb01572d8b6f87eeb2db,958fa4eb346f8e9d68f2f1ba34bb7abe18b0245cda65eb01572d8b6f87eeb2db
BMLC002367,C:\ITDA_OCR_CODE\학습대상데이터\BMLC002367.jpg,3,sha256:04f459b7a91134594c282feed3567feac40ebc0e90064edad2f6496022f2b2e8,04f459b7a91134594c282feed3567feac40ebc0e90064edad2f6496022f2b2e8
BMLC002368,C:\ITDA_OCR_CODE\학습대상데이터\BMLC002368.jpg,4,sha256:c75820a5a2b36b69db3666fbf23fdb045d11106e65e8b15a2c7a69bda963fd09,c75820a5a2b36b69db3666fbf23fdb045d11106e65e8b15a2c7a69bda963fd09
BMLC002369,C:\ITDA_OCR_CODE\학습대상데이터\BMLC002369.jpg,1,sha256:56f5e7f7273bfe31f98d2fa31a352694a147b8fc0c08797da75d5da380af435a,56f5e7f7273bfe31f98d2fa31a352694a147b8fc0c08797da75d5da380af435a
BMLC002370,C:\ITDA_OCR_CODE\학습대상데이터\BMLC002370.jpg,1,sha256:c10c9e9a13b52636a98e56efe2208fa5ed898c4e7082b98565cd0005ad6eda9e,c10c9e9a13b52636a98e56efe2208fa5ed898c4e7082b98565cd0005ad6eda9e
BMLC002371,C:\ITDA_OCR_CODE\학습대상데이터\BMLC002371.jpg,4,sha256:f6a4bb628e9798df1f9d9d723a7d945f0b6dbafcdfa27276408fd160e6442531,f6a4bb628e9798df1f9d9d723a7d945f0b6dbafcdfa27276408fd160e6442531
BMLC002372,C:\ITDA_OCR_CODE\학습대상데이터\BMLC002372.jpg,4,sha256:5bcd1c7de07fba36b4e424672e3727a3e2c732e56c99a1824f483640e9c04c8f,5bcd1c7de07fba36b4e424672e3727a3e2c732e56c99a1824f483640e9c04c8f
BMLC002373,C:\ITDA_OCR_CODE\학습대상데이터\BMLC002373.jpg,1,sha256:5ee515764d5d38ff39324dd9774e3795606d97fdb2aef265b9a4b4205f60e444,5ee515764d5d38ff39324dd9774e3795606d97fdb2aef265b9a4b4205f60e444
BMLC002374,C:\ITDA_OCR_CODE\학습대상데이터\BMLC002374.jpg,1,sha256:8c631171335d634e42d9fc000f8cc42e600732efd9093083b5a58ce9515d9f46,8c631171335d634e42d9fc000f8cc42e600732efd9093083b5a58ce9515d9f46
BMLC002375,C:\ITDA_OCR_CODE\학습대상데이터\BMLC002375.jpg,4,sha256:b0a6b12276a951b34245fe6996fce6a3b47c3108c51e424d4c11ecbf81e0723c,b0a6b12276a951b34245fe6996fce6a3b47c3108c51e424d4c11ecbf81e0723c
BMLC002376,C:\ITDA_OCR_CODE\학습대상데이터\BMLC002376.jpg,2,sha256:6dfaa1571bb605e4228fa5faee6228a243ccebd185ccff4991bffacd2dc20c2b,6dfaa1571bb605e4228fa5faee6228a243ccebd185ccff4991bffacd2dc20c2b
BMLC002377,C:\ITDA_OCR_CODE\학습대상데이터\BMLC002377.jpg,1,sha256:c36dc080e538313836c1b8fb903a79fd45af803df72016373d4d155dc3620dfb,c36dc080e538313836c1b8fb903a79fd45af803df72016373d4d155dc3620dfb
BMLC002378,C:\ITDA_OCR_CODE\학습대상데이터\BMLC002378.jpg,2,sha256:c9368752f20fd9f25deea2de402f40a7ddca35242a907ad0e2a466e74f5005ee,c9368752f20fd9f25deea2de402f40a7ddca35242a907ad0e2a466e74f5005ee
BMLC002379,C:\ITDA_OCR_CODE\학습대상데이터\BMLC002379.jpg,3,sha256:11c06bcb4dbea1308b6f9a99948b0cbcb23e1d6470cb6cfb4f216f1b6edfa773,11c06bcb4dbea1308b6f9a99948b0cbcb23e1d6470cb6cfb4f216f1b6edfa773
BMLC002380,C:\ITDA_OCR_CODE\학습대상데이터\BMLC002380.jpg,1,sha256:3bdcabdce597102a54335c56dea97e6eed2c602ed32eb0c58dfeb86001670d27,3bdcabdce597102a54335c56dea97e6eed2c602ed32eb0c58dfeb86001670d27
BMLC002381,C:\ITDA_OCR_CODE\학습대상데이터\BMLC002381.jpg,2,sha256:438ff354c0d03fa4af402bfa26015cecd54e86a014415a5f3d70bf4eff394759,438ff354c0d03fa4af402bfa26015cecd54e86a014415a5f3d70bf4eff394759
BMLC002382,C:\ITDA_OCR_CODE\학습대상데이터\BMLC002382.jpg,2,sha256:b83be621cf48e4629b30f2b605d0c3b86fddc334b1b02c105433c4a233c66477,b83be621cf48e4629b30f2b605d0c3b86fddc334b1b02c105433c4a233c66477
BMLC002383,C:\ITDA_OCR_CODE\학습대상데이터\BMLC002383.jpg,3,sha256:304bdacf868b88a347439d7ae24a2f8391e16c4674ecf58192e7bcb7ba2d6cd7,304bdacf868b88a347439d7ae24a2f8391e16c4674ecf58192e7bcb7ba2d6cd7
BMLC002384,C:\ITDA_OCR_CODE\학습대상데이터\BMLC002384.jpg,4,sha256:1c41a0667c91fdaf49719dd32ed5a35bac3e8c28a76a579fa862c3ecd1293e88,1c41a0667c91fdaf49719dd32ed5a35bac3e8c28a76a579fa862c3ecd1293e88
BMLC002385,C:\ITDA_OCR_CODE\학습대상데이터\BMLC002385.jpg,4,sha256:8a399ed8c2ee038ade03a1933782ce39f6c83074f0908853bd82209978a15d94,8a399ed8c2ee038ade03a1933782ce39f6c83074f0908853bd82209978a15d94
BMLC002386,C:\ITDA_OCR_CODE\학습대상데이터\BMLC002386.jpg,3,sha256:e0d07da73dd146924ec8e483a0516df13647c44d4d01c4fa83fec25c60fb2f2f,e0d07da73dd146924ec8e483a0516df13647c44d4d01c4fa83fec25c60fb2f2f
BMLC002387,C:\ITDA_OCR_CODE\학습대상데이터\BMLC002387.jpg,2,sha256:6c0659137c9aa8a96425d5b10330be30bc3f8e77b83d83451afbc052e5c75e84,6c0659137c9aa8a96425d5b10330be30bc3f8e77b83d83451afbc052e5c75e84
BMLC002388,C:\ITDA_OCR_CODE\학습대상데이터\BMLC002388.jpg,4,sha256:53a43ee79722b6d957724d502f72a4146cd79118efe2df6e1246de5210cdcce9,53a43ee79722b6d957724d502f72a4146cd79118efe2df6e1246de5210cdcce9
BMLC002389,C:\ITDA_OCR_CODE\학습대상데이터\BMLC002389.jpg,1,sha256:b24701a85d08e8eb1727bac766f29ee8073c9fe92b339297b8c77282d07efdf8,b24701a85d08e8eb1727bac766f29ee8073c9fe92b339297b8c77282d07efdf8
BMLC002390,C:\ITDA_OCR_CODE\학습대상데이터\BMLC002390.jpg,1,sha256:eeb9451c8493433ff3571a79f7f3983cec1e4b61d1c7fed1402d54dcf03414f8,eeb9451c8493433ff3571a79f7f3983cec1e4b61d1c7fed1402d54dcf03414f8
BMLC002391,C:\ITDA_OCR_CODE\학습대상데이터\BMLC002391.jpg,1,sha256:a92a13df2857abd521855cab47d65d0734b99097fa0db1d168b169d740c160c1,a92a13df2857abd521855cab47d65d0734b99097fa0db1d168b169d740c160c1
BMLC002392,C:\ITDA_OCR_CODE\학습대상데이터\BMLC002392.jpg,3,sha256:b32240cf76ff8560c48c601e4691edb4b1201a79181e597fffb18e1b7f396b22,b32240cf76ff8560c48c601e4691edb4b1201a79181e597fffb18e1b7f396b22
BMLC002393,C:\ITDA_OCR_CODE\학습대상데이터\BMLC002393.jpg,4,sha256:efda307cc1426963e0efa6d61eb91caae427b64747eb3286c4255c6025380b99,efda307cc1426963e0efa6d61eb91caae427b64747eb3286c4255c6025380b99
BMLC002394,C:\ITDA_OCR_CODE\학습대상데이터\BMLC002394.jpg,2,sha256:0adcaac4ce8743c26af7406f8d25f78e7ff1dace939fda156ed9ead9e7195118,0adcaac4ce8743c26af7406f8d25f78e7ff1dace939fda156ed9ead9e7195118
BMLC002395,C:\ITDA_OCR_CODE\학습대상데이터\BMLC002395.jpg,4,sha256:df638a5f3d2a039d5a51f99f100c0bef7b7564b0b6878190518a11d14ae47293,df638a5f3d2a039d5a51f99f100c0bef7b7564b0b6878190518a11d14ae47293
BMLC002396,C:\ITDA_OCR_CODE\학습대상데이터\BMLC002396.jpg,4,sha256:89a3c657098f4c89db2ff257f36b0f4d035ef9b94f8cb699dc6ec945af379c1b,89a3c657098f4c89db2ff257f36b0f4d035ef9b94f8cb699dc6ec945af379c1b
BMLC002397,C:\ITDA_OCR_CODE\학습대상데이터\BMLC002397.jpg,1,sha256:0737bfc190ea88cee64a831ac38a3941d13d0606c4bbcebb1a53c49e313bc289,0737bfc190ea88cee64a831ac38a3941d13d0606c4bbcebb1a53c49e313bc289
BMLC002398,C:\ITDA_OCR_CODE\학습대상데이터\BMLC002398.jpg,1,sha256:39a9356210ada3604322c26dac99c5aaa6f9a56461a5d890eb54171428f14464,39a9356210ada3604322c26dac99c5aaa6f9a56461a5d890eb54171428f14464
BMLC002399,C:\ITDA_OCR_CODE\학습대상데이터\BMLC002399.jpg,1,sha256:cc840f3eb7fe55f51d4788886d68884da680544a237f211b43b73a20f4c644ed,cc840f3eb7fe55f51d4788886d68884da680544a237f211b43b73a20f4c644ed
BMLC002400,C:\ITDA_OCR_CODE\학습대상데이터\BMLC002400.jpg,1,sha256:910490d0a51cb6bc27893c850d5e33c895e84eedc944c59405f2fcaf9598efcd,910490d0a51cb6bc27893c850d5e33c895e84eedc944c59405f2fcaf9598efcd
BMLC002401,C:\ITDA_OCR_CODE\학습대상데이터\BMLC002401.jpg,1,sha256:095f6211c447221bf58b5a0f4b5d8842daeb01e1ed4acc13013c8229133637b9,095f6211c447221bf58b5a0f4b5d8842daeb01e1ed4acc13013c8229133637b9
BMLC002402,C:\ITDA_OCR_CODE\학습대상데이터\BMLC002402.jpg,3,sha256:b76de0170119aac2f303a814c42391136de0099ac975558185f4a2f8ba917b79,b76de0170119aac2f303a814c42391136de0099ac975558185f4a2f8ba917b79
BMLC002403,C:\ITDA_OCR_CODE\학습대상데이터\BMLC002403.jpg,2,sha256:84679eba0875527026d9847d6ef1225e9340a4024dd3597ef28f10897684b08b,84679eba0875527026d9847d6ef1225e9340a4024dd3597ef28f10897684b08b
BMLC002404,C:\ITDA_OCR_CODE\학습대상데이터\BMLC002404.jpg,2,sha256:64f627278bc1f3c5acdfd3f30a31af8931d34554dc508986c9766694792a652e,64f627278bc1f3c5acdfd3f30a31af8931d34554dc508986c9766694792a652e
BMLC002405,C:\ITDA_OCR_CODE\학습대상데이터\BMLC002405.jpg,1,sha256:9b1d5bc169ac0304222f51921e205a390ac05eefad38221f959a51c985302ee6,9b1d5bc169ac0304222f51921e205a390ac05eefad38221f959a51c985302ee6
BMLC002406,C:\ITDA_OCR_CODE\학습대상데이터\BMLC002406.jpg,4,sha256:e26167a88723315daece48bd5e2f0262d0b91a72a4a081d3134347e0ac302bb2,e26167a88723315daece48bd5e2f0262d0b91a72a4a081d3134347e0ac302bb2
BMLC002407,C:\ITDA_OCR_CODE\학습대상데이터\BMLC002407.jpg,1,sha256:5dbfb2292cd9ecb3c030e130845f6df9bef7b95d456bbfb80c6ce0eb8ad59146,5dbfb2292cd9ecb3c030e130845f6df9bef7b95d456bbfb80c6ce0eb8ad59146
BMLC002408,C:\ITDA_OCR_CODE\학습대상데이터\BMLC002408.jpg,2,sha256:1dd3a93f4f9999f6ceab9dbf378186050fecf85a18d316c8a2ba8c9cf59ad99f,1dd3a93f4f9999f6ceab9dbf378186050fecf85a18d316c8a2ba8c9cf59ad99f
BMLC002409,C:\ITDA_OCR_CODE\학습대상데이터\BMLC002409.jpg,1,sha256:6e59f5d4693dfc6123dd921e6f4e9428d97587330f76c641257894efacec9c95,6e59f5d4693dfc6123dd921e6f4e9428d97587330f76c641257894efacec9c95
BMLC002410,C:\ITDA_OCR_CODE\학습대상데이터\BMLC002410.jpg,3,sha256:7754e3a83f1fe3e10bc754be1f9dbd972492d58ab07456dfb60675a66f563b8a,7754e3a83f1fe3e10bc754be1f9dbd972492d58ab07456dfb60675a66f563b8a
BMLC002411,C:\ITDA_OCR_CODE\학습대상데이터\BMLC002411.jpg,1,sha256:a112c46dcdb616a70d68d7d2a3285e6a56690b1455060c80d3155982aa6d49ed,a112c46dcdb616a70d68d7d2a3285e6a56690b1455060c80d3155982aa6d49ed
BMLC002412,C:\ITDA_OCR_CODE\학습대상데이터\BMLC002412.jpg,3,sha256:33cb6f8d22b5107d90ec144c6895e3dec0f0862a889a5b6dd0ca9ffc750903ef,33cb6f8d22b5107d90ec144c6895e3dec0f0862a889a5b6dd0ca9ffc750903ef
BMLC002413,C:\ITDA_OCR_CODE\학습대상데이터\BMLC002413.jpg,4,sha256:c9dd0884e278b3edc867361076cb1f10f067a62b2d035c89acb55d0208f692ea,c9dd0884e278b3edc867361076cb1f10f067a62b2d035c89acb55d0208f692ea
BMLC002414,C:\ITDA_OCR_CODE\학습대상데이터\BMLC002414.jpg,1,sha256:b53d0dd662829da9fc77edbcd55a7d9f60bbd04659e3fba540eb1e43da228e81,b53d0dd662829da9fc77edbcd55a7d9f60bbd04659e3fba540eb1e43da228e81
BMLC002415,C:\ITDA_OCR_CODE\학습대상데이터\BMLC002415.jpg,2,sha256:ee63c32cb249dcac3d815c3eceeaf9be5d8fb3fee197dc058f452b0cf0b4fbd3,ee63c32cb249dcac3d815c3eceeaf9be5d8fb3fee197dc058f452b0cf0b4fbd3
BMLC002416,C:\ITDA_OCR_CODE\학습대상데이터\BMLC002416.jpg,4,sha256:4e7533c5d1969751fe460f6bc25c2486216f20b587eed2a9fbc184d2509eca78,4e7533c5d1969751fe460f6bc25c2486216f20b587eed2a9fbc184d2509eca78
BMLC002417,C:\ITDA_OCR_CODE\학습대상데이터\BMLC002417.jpg,2,sha256:0f24fd8f16360d5267453d6766cdea8b76bcb9e6cc4ebbcb85a44efa1c9c4a96,0f24fd8f16360d5267453d6766cdea8b76bcb9e6cc4ebbcb85a44efa1c9c4a96
BMLC002418,C:\ITDA_OCR_CODE\학습대상데이터\BMLC002418.jpg,4,sha256:9a6b981a6efc7342680f2171b9da11f247eaf05ea12bbb7a4ea6c20332a39222,9a6b981a6efc7342680f2171b9da11f247eaf05ea12bbb7a4ea6c20332a39222
BMLC002419,C:\ITDA_OCR_CODE\학습대상데이터\BMLC002419.jpg,2,sha256:72ec54687d1559dadd8a13592282dcc2542019066f264c7dda5346022c0aa3f2,72ec54687d1559dadd8a13592282dcc2542019066f264c7dda5346022c0aa3f2
BMLC002420,C:\ITDA_OCR_CODE\학습대상데이터\BMLC002420.jpg,1,sha256:6fccf6d9619362215dae02a60ccbb8755316f50adc5b1469c249886a20e91bcb,6fccf6d9619362215dae02a60ccbb8755316f50adc5b1469c249886a20e91bcb
BMLC002421,C:\ITDA_OCR_CODE\학습대상데이터\BMLC002421.jpg,1,sha256:33679f10cb387fe680f226ff1f9cae64e75351677923622769ac6e344aaba767,33679f10cb387fe680f226ff1f9cae64e75351677923622769ac6e344aaba767
BMLC002422,C:\ITDA_OCR_CODE\학습대상데이터\BMLC002422.jpg,1,sha256:453202c804bb949a1d7f655880beb2dd19e15be794f7bd7934ffb9f021d83b3e,453202c804bb949a1d7f655880beb2dd19e15be794f7bd7934ffb9f021d83b3e
BMLC002423,C:\ITDA_OCR_CODE\학습대상데이터\BMLC002423.jpg,2,sha256:5f4d93938070b0f3c7ee1434a1753e9099c55fe8e00204e86dcd6c92c513644b,5f4d93938070b0f3c7ee1434a1753e9099c55fe8e00204e86dcd6c92c513644b
BMLC002424,C:\ITDA_OCR_CODE\학습대상데이터\BMLC002424.jpg,4,sha256:8d6d69e32157db7c9b2ffad9592914dd243cc6078b05e0071386aab3abeb87d0,8d6d69e32157db7c9b2ffad9592914dd243cc6078b05e0071386aab3abeb87d0
BMLC002425,C:\ITDA_OCR_CODE\학습대상데이터\BMLC002425.jpg,3,sha256:6d3892faf2750b3d328b33bd58b6941958c28a8a5670850aa6d8e29d53ffb502,6d3892faf2750b3d328b33bd58b6941958c28a8a5670850aa6d8e29d53ffb502
BMLC002426,C:\ITDA_OCR_CODE\학습대상데이터\BMLC002426.jpg,1,sha256:8abfd3ead7f90348cd5e6352c4151f62f645a69de9aa4c39aa9ad546971a7a32,8abfd3ead7f90348cd5e6352c4151f62f645a69de9aa4c39aa9ad546971a7a32
BMLC002427,C:\ITDA_OCR_CODE\학습대상데이터\BMLC002427.jpg,4,sha256:1bee024a385754fa6f438c905ccedd39ab327c15d6711db8d5b71a59d7b6987f,1bee024a385754fa6f438c905ccedd39ab327c15d6711db8d5b71a59d7b6987f
BMLC002428,C:\ITDA_OCR_CODE\학습대상데이터\BMLC002428.jpg,3,sha256:f133f627407dc24bdd294455ed9cdbd56594aa2759fab371e439e42b269743f4,f133f627407dc24bdd294455ed9cdbd56594aa2759fab371e439e42b269743f4
BMLC002429,C:\ITDA_OCR_CODE\학습대상데이터\BMLC002429.jpg,1,sha256:ebb0303353b907dbf5def29f4328fa21f06570a9a9761975ac1006f51c6609ae,ebb0303353b907dbf5def29f4328fa21f06570a9a9761975ac1006f51c6609ae
BMLC002430,C:\ITDA_OCR_CODE\학습대상데이터\BMLC002430.jpg,3,sha256:8e45c5f3c6e589a85a8169144146a733a447d47bdb014bcc0c830c8587b2038e,8e45c5f3c6e589a85a8169144146a733a447d47bdb014bcc0c830c8587b2038e
BMLC002431,C:\ITDA_OCR_CODE\학습대상데이터\BMLC002431.jpg,1,sha256:42602d24d91b0751106d6a1a0ccb9b8121eb1866767e513ff5faa88b0d282eb5,42602d24d91b0751106d6a1a0ccb9b8121eb1866767e513ff5faa88b0d282eb5
BMLC002432,C:\ITDA_OCR_CODE\학습대상데이터\BMLC002432.jpg,3,sha256:1e4a68a78cb393a3c58d01a11aff5c88e115fcba5d31e24ac41f715025b49baa,1e4a68a78cb393a3c58d01a11aff5c88e115fcba5d31e24ac41f715025b49baa
BMLC002433,C:\ITDA_OCR_CODE\학습대상데이터\BMLC002433.jpg,2,sha256:f54c1bebcd202748caf96da567788a92b052c861c44174d6d8571b02c8d249f9,f54c1bebcd202748caf96da567788a92b052c861c44174d6d8571b02c8d249f9
BMLC002434,C:\ITDA_OCR_CODE\학습대상데이터\BMLC002434.jpg,4,sha256:96c000dd42e0975a5373f93bc7a61edde22a08ea2ceda0fe88ba263449e2bceb,96c000dd42e0975a5373f93bc7a61edde22a08ea2ceda0fe88ba263449e2bceb
BMLC002435,C:\ITDA_OCR_CODE\학습대상데이터\BMLC002435.jpg,3,sha256:8d42d7ce323914460a954b522a99b351e925e777f2bd235c7b6f36ab73f61d33,8d42d7ce323914460a954b522a99b351e925e777f2bd235c7b6f36ab73f61d33
BMLC002436,C:\ITDA_OCR_CODE\학습대상데이터\BMLC002436.jpg,4,sha256:22297ee949a7732335ab44cc0364c2074e7b09253159788fd27eec6727252671,22297ee949a7732335ab44cc0364c2074e7b09253159788fd27eec6727252671
BMLC002437,C:\ITDA_OCR_CODE\학습대상데이터\BMLC002437.jpg,1,sha256:815899bc8d8cd1388cf861c18ef845253f0473f82a8bbb25d53fbd30cfec4d4c,815899bc8d8cd1388cf861c18ef845253f0473f82a8bbb25d53fbd30cfec4d4c
BMLC002438,C:\ITDA_OCR_CODE\학습대상데이터\BMLC002438.jpg,4,sha256:f91e0b2fb9cf1a32e632e1a0edcde321c44b45288a63e0aeaed7b793b72d3098,f91e0b2fb9cf1a32e632e1a0edcde321c44b45288a63e0aeaed7b793b72d3098
BMLC002439,C:\ITDA_OCR_CODE\학습대상데이터\BMLC002439.jpg,2,sha256:4549e33cc436059ef522287c184a8781ea425eb78e54b166dfb541578726e941,4549e33cc436059ef522287c184a8781ea425eb78e54b166dfb541578726e941
BMLC002440,C:\ITDA_OCR_CODE\학습대상데이터\BMLC002440.jpg,1,sha256:993abec0e167206f57252a6ed03f98330639c28c45cce472e4a28e438cf5f0e3,993abec0e167206f57252a6ed03f98330639c28c45cce472e4a28e438cf5f0e3
BMLC002441,C:\ITDA_OCR_CODE\학습대상데이터\BMLC002441.jpg,3,sha256:1aca07c31b1c62faf11fadf91b23c11159ecce68364c8466d6d6a179e9859ffb,1aca07c31b1c62faf11fadf91b23c11159ecce68364c8466d6d6a179e9859ffb
BMLC002442,C:\ITDA_OCR_CODE\학습대상데이터\BMLC002442.jpg,1,sha256:fdfaa643e698634d928a8b0fcb377701bf8dc6cecb4c7ce760cfea0c95821fb1,fdfaa643e698634d928a8b0fcb377701bf8dc6cecb4c7ce760cfea0c95821fb1
BMLC002443,C:\ITDA_OCR_CODE\학습대상데이터\BMLC002443.jpg,2,sha256:39673d235de3762d56e5bf8a2c77336cd8adb6b5245559b7237a4ce8ddf98afa,39673d235de3762d56e5bf8a2c77336cd8adb6b5245559b7237a4ce8ddf98afa
BMLC002444,C:\ITDA_OCR_CODE\학습대상데이터\BMLC002444.jpg,4,sha256:14f8033f13306934de738943448aa4e04aa45b2233497558ab58970d01424393,14f8033f13306934de738943448aa4e04aa45b2233497558ab58970d01424393
BMLC002445,C:\ITDA_OCR_CODE\학습대상데이터\BMLC002445.jpg,4,sha256:04fda14fb0080d0be95962662c5040ce17c76dd451873d0ad52d6716164c3973,04fda14fb0080d0be95962662c5040ce17c76dd451873d0ad52d6716164c3973
BMLC002446,C:\ITDA_OCR_CODE\학습대상데이터\BMLC002446.jpg,1,sha256:74f877567cc27d3ae37e9d83d3c3aa0edd6bad29b1a4adb67709d05ed8c30f43,74f877567cc27d3ae37e9d83d3c3aa0edd6bad29b1a4adb67709d05ed8c30f43
BMLC002447,C:\ITDA_OCR_CODE\학습대상데이터\BMLC002447.jpg,3,sha256:8dac22cb027f4556870dd34a5e49dc1f7af2a2ba57a8ebf80ecd013e166d3e1f,8dac22cb027f4556870dd34a5e49dc1f7af2a2ba57a8ebf80ecd013e166d3e1f
BMLC002448,C:\ITDA_OCR_CODE\학습대상데이터\BMLC002448.jpg,3,sha256:69bda307edc0fcbfe71c6a58db2ee289819b5a90d04926260a5fc4ac5d3dfe45,69bda307edc0fcbfe71c6a58db2ee289819b5a90d04926260a5fc4ac5d3dfe45
BMLC002449,C:\ITDA_OCR_CODE\학습대상데이터\BMLC002449.jpg,3,sha256:cbbd712c78e7360d7458482d5deac8545b4e530ef9ceaefe074f1d716d3fe460,cbbd712c78e7360d7458482d5deac8545b4e530ef9ceaefe074f1d716d3fe460
BMLC002450,C:\ITDA_OCR_CODE\학습대상데이터\BMLC002450.jpg,1,sha256:4068fe2171c52def07049088602f1e34e654a1bee5f728409c0a49eb432c7c3e,4068fe2171c52def07049088602f1e34e654a1bee5f728409c0a49eb432c7c3e
BMLC002451,C:\ITDA_OCR_CODE\학습대상데이터\BMLC002451.jpg,4,sha256:24bf40702a4791387b82e70901f91fd742ac806d4de6e83c2e7f1e43a6c522c2,24bf40702a4791387b82e70901f91fd742ac806d4de6e83c2e7f1e43a6c522c2
BMLC002452,C:\ITDA_OCR_CODE\학습대상데이터\BMLC002452.jpg,4,sha256:292c9654ac31e4fc7fe13eb3eac70b3b7d7fb0a4f4f59dfdc1d6ce1ab93c1879,292c9654ac31e4fc7fe13eb3eac70b3b7d7fb0a4f4f59dfdc1d6ce1ab93c1879
BMLC002453,C:\ITDA_OCR_CODE\학습대상데이터\BMLC002453.jpg,4,sha256:cdf7e2599c95b89f72f084c6c9fdac8bf1e8589d151109f0bf3ee01a1b3e46cc,cdf7e2599c95b89f72f084c6c9fdac8bf1e8589d151109f0bf3ee01a1b3e46cc
BMLC002454,C:\ITDA_OCR_CODE\학습대상데이터\BMLC002454.jpg,3,sha256:0985c428e6f5358a5f3aa9bb791dab9e5c52e87b5ed6cfcf00d5b7b5a515cc04,0985c428e6f5358a5f3aa9bb791dab9e5c52e87b5ed6cfcf00d5b7b5a515cc04
BMLC002455,C:\ITDA_OCR_CODE\학습대상데이터\BMLC002455.jpg,3,sha256:d34a79ff798d877b62c77a3cc4f84097d8f783f699ea6b806c32de2a22eb73ed,d34a79ff798d877b62c77a3cc4f84097d8f783f699ea6b806c32de2a22eb73ed
BMLC002456,C:\ITDA_OCR_CODE\학습대상데이터\BMLC002456.jpg,2,sha256:27214c0cd2e9521ba44e265cba63ee7bb373f0db7dfcf9731dd65a2a281ec9b9,27214c0cd2e9521ba44e265cba63ee7bb373f0db7dfcf9731dd65a2a281ec9b9
BMLC002457,C:\ITDA_OCR_CODE\학습대상데이터\BMLC002457.jpg,3,sha256:807b129435ca93eca8899c6887c171e43024dfb7bf9482a63f1c5f5c73f11d91,807b129435ca93eca8899c6887c171e43024dfb7bf9482a63f1c5f5c73f11d91
BMLC002458,C:\ITDA_OCR_CODE\학습대상데이터\BMLC002458.jpg,1,sha256:c4eeb36b2116d0c5b7f1a1d528603a80ccc7f43f469b4bb651e7042c88082729,c4eeb36b2116d0c5b7f1a1d528603a80ccc7f43f469b4bb651e7042c88082729
BMLC002459,C:\ITDA_OCR_CODE\학습대상데이터\BMLC002459.jpg,3,sha256:523d320da1533c72a9c2e3865dcc5289866263828f79ed1bd0a77bbcea351ec7,523d320da1533c72a9c2e3865dcc5289866263828f79ed1bd0a77bbcea351ec7
BMLC002460,C:\ITDA_OCR_CODE\학습대상데이터\BMLC002460.jpg,3,sha256:98ec4dd06d02b8189983cb2d33ba150efb151e4b330cd60a65828d08b6447ea2,98ec4dd06d02b8189983cb2d33ba150efb151e4b330cd60a65828d08b6447ea2
BMLC002461,C:\ITDA_OCR_CODE\학습대상데이터\BMLC002461.jpg,1,sha256:d21737cb948dcc84e3195d6ef61be26ab6f4c33847d416e7bf4e200a2b8fb745,d21737cb948dcc84e3195d6ef61be26ab6f4c33847d416e7bf4e200a2b8fb745
BMLC002462,C:\ITDA_OCR_CODE\학습대상데이터\BMLC002462.jpg,2,sha256:9f3463b4dbbb0bd7e59fe1f35c0132058eb4fa6b85cc2add494d86bf73608efc,9f3463b4dbbb0bd7e59fe1f35c0132058eb4fa6b85cc2add494d86bf73608efc
BMLC002463,C:\ITDA_OCR_CODE\학습대상데이터\BMLC002463.jpg,3,sha256:6318c11def021b26950d6153e7357738d81d551d1e6864bc6b23ce0069f31c5b,6318c11def021b26950d6153e7357738d81d551d1e6864bc6b23ce0069f31c5b
BMLC002464,C:\ITDA_OCR_CODE\학습대상데이터\BMLC002464.jpg,4,sha256:31f7465d4567ac0c5941454915f016984c599005eacd7c77b65c799ab20cbb81,31f7465d4567ac0c5941454915f016984c599005eacd7c77b65c799ab20cbb81
BMLC002465,C:\ITDA_OCR_CODE\학습대상데이터\BMLC002465.jpg,2,sha256:27603bd03691864d751584e588e7e0c0d5de288a6190fecdbabb274dc5ac9d5b,27603bd03691864d751584e588e7e0c0d5de288a6190fecdbabb274dc5ac9d5b
BMLC002466,C:\ITDA_OCR_CODE\학습대상데이터\BMLC002466.jpg,1,sha256:7aebf6bf61ad22580642b2f26c55741826bc153c0b361900186a87ce2038ab3a,7aebf6bf61ad22580642b2f26c55741826bc153c0b361900186a87ce2038ab3a
BMLC002467,C:\ITDA_OCR_CODE\학습대상데이터\BMLC002467.jpg,4,sha256:bd85377210be451fcf4e1b49e1b446f9b9a2a0a0ab99aad847b533b9b0ca4d87,bd85377210be451fcf4e1b49e1b446f9b9a2a0a0ab99aad847b533b9b0ca4d87
BMLC002468,C:\ITDA_OCR_CODE\학습대상데이터\BMLC002468.jpg,4,sha256:8091b87ccf3969c68b8f50bd28595306809d6dc88ee5228d6c3459f32ec51367,8091b87ccf3969c68b8f50bd28595306809d6dc88ee5228d6c3459f32ec51367
BMLC002469,C:\ITDA_OCR_CODE\학습대상데이터\BMLC002469.jpg,2,sha256:4547f3133be91ee5930a73a40e00d9ff7331c5243a43771f2ca455a7b501aa0c,4547f3133be91ee5930a73a40e00d9ff7331c5243a43771f2ca455a7b501aa0c
BMLC002470,C:\ITDA_OCR_CODE\학습대상데이터\BMLC002470.jpg,2,sha256:af23d4041ac5d1d56d92d50743d46fa49d20993063ca353d48ce78983ca88f7b,af23d4041ac5d1d56d92d50743d46fa49d20993063ca353d48ce78983ca88f7b
BMLC002471,C:\ITDA_OCR_CODE\학습대상데이터\BMLC002471.jpg,3,sha256:cbbae6092e46ea9555596d2c73da8782dcacdbacc25c0ea5c0ecc2f945ae1a66,cbbae6092e46ea9555596d2c73da8782dcacdbacc25c0ea5c0ecc2f945ae1a66
BMLC002472,C:\ITDA_OCR_CODE\학습대상데이터\BMLC002472.jpg,4,sha256:52a485f88aa5390f94b15e28a6900de8d7313692e61b2c4633ad6ea407ec7942,52a485f88aa5390f94b15e28a6900de8d7313692e61b2c4633ad6ea407ec7942
BMLC002473,C:\ITDA_OCR_CODE\학습대상데이터\BMLC002473.jpg,3,sha256:f1f185d70f567689867ed85062120bbc00a7dacff811a55e98e88627a5735a64,f1f185d70f567689867ed85062120bbc00a7dacff811a55e98e88627a5735a64
BMLC002474,C:\ITDA_OCR_CODE\학습대상데이터\BMLC002474.jpg,3,sha256:1436417c7291d67610278653bb17c29e0f9115ea6e054cf5547fd531e7a64d76,1436417c7291d67610278653bb17c29e0f9115ea6e054cf5547fd531e7a64d76
BMLC002475,C:\ITDA_OCR_CODE\학습대상데이터\BMLC002475.jpg,3,sha256:4ed651305880af2f75cb205a6ed19b8c131ff0a2b14f4d43b3cafb470c9a4f74,4ed651305880af2f75cb205a6ed19b8c131ff0a2b14f4d43b3cafb470c9a4f74
BMLC002476,C:\ITDA_OCR_CODE\학습대상데이터\BMLC002476.jpg,2,sha256:f8f3bf9447e4c02a797e9cfe5e2a3860d7358b0f6942c8218a72497ef73b5445,f8f3bf9447e4c02a797e9cfe5e2a3860d7358b0f6942c8218a72497ef73b5445
BMLC002477,C:\ITDA_OCR_CODE\학습대상데이터\BMLC002477.jpg,1,sha256:17400d24631f89b9785338bcc2aa26c41090915cfa58cad090130632b55d68d4,17400d24631f89b9785338bcc2aa26c41090915cfa58cad090130632b55d68d4
BMLC002478,C:\ITDA_OCR_CODE\학습대상데이터\BMLC002478.jpg,2,sha256:795d38d940de8662301f4b50f4aa2a3f40f063f11bdf6035f942b1f07da82318,795d38d940de8662301f4b50f4aa2a3f40f063f11bdf6035f942b1f07da82318
BMLC002479,C:\ITDA_OCR_CODE\학습대상데이터\BMLC002479.jpg,2,sha256:f2a7de54710182b3cdcd0d22ff947790a510d98e138f0d1da6d44ffe0d355f3c,f2a7de54710182b3cdcd0d22ff947790a510d98e138f0d1da6d44ffe0d355f3c
BMLC002480,C:\ITDA_OCR_CODE\학습대상데이터\BMLC002480.jpg,3,sha256:495b24fa23955a32db7f86ac572e3b2ebd46a3672be7f964421255b2e68fe1fb,495b24fa23955a32db7f86ac572e3b2ebd46a3672be7f964421255b2e68fe1fb
BMLC002481,C:\ITDA_OCR_CODE\학습대상데이터\BMLC002481.jpg,3,sha256:59ba61f42feeaf5676b765387f1a12b3935a3f781cf80787fd7edeab55e4ddcd,59ba61f42feeaf5676b765387f1a12b3935a3f781cf80787fd7edeab55e4ddcd
BMLC002482,C:\ITDA_OCR_CODE\학습대상데이터\BMLC002482.jpg,4,sha256:79cf09129a106a25547d122676827feb3cf300168f7d00cae7a489e6c867649b,79cf09129a106a25547d122676827feb3cf300168f7d00cae7a489e6c867649b
BMLC002483,C:\ITDA_OCR_CODE\학습대상데이터\BMLC002483.jpg,2,sha256:b7141cdba58cfe25c3fa72f1194d813b2d42c96f370bf29c4d68c2b745cd4199,b7141cdba58cfe25c3fa72f1194d813b2d42c96f370bf29c4d68c2b745cd4199
BMLC002484,C:\ITDA_OCR_CODE\학습대상데이터\BMLC002484.jpg,1,sha256:a5651ca51fa250d8b465931d62b74b8590b0a409182518b63362651b1f37fe12,a5651ca51fa250d8b465931d62b74b8590b0a409182518b63362651b1f37fe12
BMLC002485,C:\ITDA_OCR_CODE\학습대상데이터\BMLC002485.jpg,4,sha256:400181d8e3211d1b0c610b326d4b9b6283817fa682e2f6904459de2b8b20c7d8,400181d8e3211d1b0c610b326d4b9b6283817fa682e2f6904459de2b8b20c7d8
BMLC002486,C:\ITDA_OCR_CODE\학습대상데이터\BMLC002486.jpg,3,sha256:905dbdb97e0482782b4c00e4f507f7dd397917f8a0c59102aa172021aaa76a01,905dbdb97e0482782b4c00e4f507f7dd397917f8a0c59102aa172021aaa76a01
BMLC002487,C:\ITDA_OCR_CODE\학습대상데이터\BMLC002487.jpg,3,sha256:7442e5be2e08711df1f0de3ecb8b4d973777c07f1cf8f9b96a8867af0b270047,7442e5be2e08711df1f0de3ecb8b4d973777c07f1cf8f9b96a8867af0b270047
BMLC002488,C:\ITDA_OCR_CODE\학습대상데이터\BMLC002488.jpg,1,sha256:a2721d31ee4f165bcd26fd41303ab5e0c042f16e512ae6b7061f87ca45ccb3e9,a2721d31ee4f165bcd26fd41303ab5e0c042f16e512ae6b7061f87ca45ccb3e9
BMLC002489,C:\ITDA_OCR_CODE\학습대상데이터\BMLC002489.jpg,1,sha256:4c52b6c65429b90a6f3cb095bc9a865d2dd5c4442577f164ccda40fb3c744cfa,4c52b6c65429b90a6f3cb095bc9a865d2dd5c4442577f164ccda40fb3c744cfa
BMLC002490,C:\ITDA_OCR_CODE\학습대상데이터\BMLC002490.jpg,2,sha256:c8bfbaf01ea94f548d4e3dc3eda0a6be8194383c8832f60e907cb23251ca7f83,c8bfbaf01ea94f548d4e3dc3eda0a6be8194383c8832f60e907cb23251ca7f83
BMLC002491,C:\ITDA_OCR_CODE\학습대상데이터\BMLC002491.jpg,2,sha256:473bcb4193859dab7a19bea8b98c9eea2fc3af06a12c2bfbde8fe49d3d2322fa,473bcb4193859dab7a19bea8b98c9eea2fc3af06a12c2bfbde8fe49d3d2322fa
BMLC002492,C:\ITDA_OCR_CODE\학습대상데이터\BMLC002492.jpg,1,sha256:3532cedee51c4eedca4180a3c10207582d28607910ac352af167ebb3e152b227,3532cedee51c4eedca4180a3c10207582d28607910ac352af167ebb3e152b227
BMLC002493,C:\ITDA_OCR_CODE\학습대상데이터\BMLC002493.jpg,1,sha256:b20a2179628d597b6bfec014313ce3202f2376192047140f1ce00004e23f0dc2,b20a2179628d597b6bfec014313ce3202f2376192047140f1ce00004e23f0dc2
BMLC002494,C:\ITDA_OCR_CODE\학습대상데이터\BMLC002494.jpg,2,sha256:1fd8e1db01fde03e04dffc7fb57fbc0929a6b220aa78013ba655ad6682aa08c8,1fd8e1db01fde03e04dffc7fb57fbc0929a6b220aa78013ba655ad6682aa08c8
BMLC002495,C:\ITDA_OCR_CODE\학습대상데이터\BMLC002495.jpg,1,sha256:740004196e9791ca972ceaff46876b41185906ee6ea6e280f2c04a1da5cd41a1,740004196e9791ca972ceaff46876b41185906ee6ea6e280f2c04a1da5cd41a1
BMLC002496,C:\ITDA_OCR_CODE\학습대상데이터\BMLC002496.jpg,1,sha256:054395fb8ba5e6c26d39e15ffaa6e14a491d708c1159ef2b5611569c955ad496,054395fb8ba5e6c26d39e15ffaa6e14a491d708c1159ef2b5611569c955ad496
BMLC002497,C:\ITDA_OCR_CODE\학습대상데이터\BMLC002497.jpg,2,sha256:64f009b3b45bed38162ed0e7034dd927e0188dcdfaf3e531e7b9809d92bdb93b,64f009b3b45bed38162ed0e7034dd927e0188dcdfaf3e531e7b9809d92bdb93b
BMLC002498,C:\ITDA_OCR_CODE\학습대상데이터\BMLC002498.jpg,4,sha256:3377b0bea3e6bb184d612f96bb0c045ef88bdc5dd0e5d90b925b28810a7791c0,3377b0bea3e6bb184d612f96bb0c045ef88bdc5dd0e5d90b925b28810a7791c0
BMLC002499,C:\ITDA_OCR_CODE\학습대상데이터\BMLC002499.jpg,1,sha256:209a7356caaa7243a1975bae209bdcc22b9a46ecce065728c0fc4dccd657cacf,209a7356caaa7243a1975bae209bdcc22b9a46ecce065728c0fc4dccd657cacf
BMLC002500,C:\ITDA_OCR_CODE\학습대상데이터\BMLC002500.jpg,2,sha256:bb1cdc372e22c3825c515edf309435b1a5ee31baa8b17cdbff4a27a3c0707a4d,bb1cdc372e22c3825c515edf309435b1a5ee31baa8b17cdbff4a27a3c0707a4d
BMLC002501,C:\ITDA_OCR_CODE\학습대상데이터\BMLC002501.jpg,3,sha256:7a4bca0bb4b3a6ef9b003e4f2600a7845f11def2f45ab8fdd82b56c72acc7997,7a4bca0bb4b3a6ef9b003e4f2600a7845f11def2f45ab8fdd82b56c72acc7997
BMLC002502,C:\ITDA_OCR_CODE\학습대상데이터\BMLC002502.jpg,3,sha256:53b97556fa20a9b69405c91b29afcdc8bf654b2ad16cce8576af3c178e764969,53b97556fa20a9b69405c91b29afcdc8bf654b2ad16cce8576af3c178e764969
BMLC002503,C:\ITDA_OCR_CODE\학습대상데이터\BMLC002503.jpg,4,sha256:03e1faee1028c7fafbd2383b0208eeea1552f38e0f84e9441dafa65a5cb0b317,03e1faee1028c7fafbd2383b0208eeea1552f38e0f84e9441dafa65a5cb0b317
BMLC002504,C:\ITDA_OCR_CODE\학습대상데이터\BMLC002504.jpg,3,sha256:7ffa988c45241bf0681893f0795650b5d4176cf62c555b075adbe8065aa21e85,7ffa988c45241bf0681893f0795650b5d4176cf62c555b075adbe8065aa21e85
BMLC002505,C:\ITDA_OCR_CODE\학습대상데이터\BMLC002505.jpg,1,sha256:5479b52a8ec07fbcf1ad0b36f92505dcc04ca0db8546bb634e37397d40006159,5479b52a8ec07fbcf1ad0b36f92505dcc04ca0db8546bb634e37397d40006159
BMLC002506,C:\ITDA_OCR_CODE\학습대상데이터\BMLC002506.jpg,4,sha256:d0aae9e6f038286b79d2f3baa34c1edfa1c6e50a5ff0d295188aa70884351994,d0aae9e6f038286b79d2f3baa34c1edfa1c6e50a5ff0d295188aa70884351994
BMLC002507,C:\ITDA_OCR_CODE\학습대상데이터\BMLC002507.jpg,3,sha256:f468962e05939093f05cc13860099fc046dedd46389d38435f52113992adb7c2,f468962e05939093f05cc13860099fc046dedd46389d38435f52113992adb7c2
BMLC002508,C:\ITDA_OCR_CODE\학습대상데이터\BMLC002508.jpg,2,sha256:c8ffef94a4ec0192fd23435b7f246e2480d4debb385854405f358e047f76f612,c8ffef94a4ec0192fd23435b7f246e2480d4debb385854405f358e047f76f612
BMLC002509,C:\ITDA_OCR_CODE\학습대상데이터\BMLC002509.jpg,3,sha256:a961e709da5d971a714c11c0bad7f3881d8a1dd0d62c13fbcbecb13903cec8a6,a961e709da5d971a714c11c0bad7f3881d8a1dd0d62c13fbcbecb13903cec8a6
BMLC002510,C:\ITDA_OCR_CODE\학습대상데이터\BMLC002510.jpg,2,sha256:eb486c0b466e9aab65fe0dd1417ed4ff68b3f5bd788ce9481039676085322d09,eb486c0b466e9aab65fe0dd1417ed4ff68b3f5bd788ce9481039676085322d09
BMLC002511,C:\ITDA_OCR_CODE\학습대상데이터\BMLC002511.jpg,4,sha256:ebf418267a3c685f8f6fa4de83a47e84e7dde8984bdc9f1726f4ff8101b27a29,ebf418267a3c685f8f6fa4de83a47e84e7dde8984bdc9f1726f4ff8101b27a29
BMLC002512,C:\ITDA_OCR_CODE\학습대상데이터\BMLC002512.jpg,1,sha256:39e0e5d2647fa486cfab30a6a3a2024614ca71257a5de07a47bf9cff3349e217,39e0e5d2647fa486cfab30a6a3a2024614ca71257a5de07a47bf9cff3349e217
BMLC002513,C:\ITDA_OCR_CODE\학습대상데이터\BMLC002513.jpg,1,sha256:2ffb6631d581f19795bc9a8b91410197b63cd160cdae71f22cf302ef4687dfa8,2ffb6631d581f19795bc9a8b91410197b63cd160cdae71f22cf302ef4687dfa8
BMLC002514,C:\ITDA_OCR_CODE\학습대상데이터\BMLC002514.jpg,4,sha256:be5eea68c31e64b2a29104d3a42a8c0bc1fa475c5efd34b30d62b3c431ad891a,be5eea68c31e64b2a29104d3a42a8c0bc1fa475c5efd34b30d62b3c431ad891a
BMLC002515,C:\ITDA_OCR_CODE\학습대상데이터\BMLC002515.jpg,3,sha256:5df1a2343c356efe2413be2b530b97ee6a4c6e8d069e642bb85b6e7072988b08,5df1a2343c356efe2413be2b530b97ee6a4c6e8d069e642bb85b6e7072988b08
BMLC002516,C:\ITDA_OCR_CODE\학습대상데이터\BMLC002516.jpg,4,sha256:e51b2a5a52686ac2380b2b0647e365f3b335dd07ac7595c3f90b1f29597cdd8f,e51b2a5a52686ac2380b2b0647e365f3b335dd07ac7595c3f90b1f29597cdd8f
BMLC002517,C:\ITDA_OCR_CODE\학습대상데이터\BMLC002517.jpg,2,sha256:c3e097cc626f6522e7cdb26421dec00912b59b5d0bbe79e2d98ffabd2dad9b28,c3e097cc626f6522e7cdb26421dec00912b59b5d0bbe79e2d98ffabd2dad9b28
BMLC002518,C:\ITDA_OCR_CODE\학습대상데이터\BMLC002518.jpg,2,sha256:d0bf2090a8da4d0273fabdfd3c591390507a61c3c7d8517bc93a1f531870237a,d0bf2090a8da4d0273fabdfd3c591390507a61c3c7d8517bc93a1f531870237a
BMLC002519,C:\ITDA_OCR_CODE\학습대상데이터\BMLC002519.jpg,3,sha256:32c8e1879e41c3a871de0332e779f25f039f3d8a42a24559eb85942c39576d5e,32c8e1879e41c3a871de0332e779f25f039f3d8a42a24559eb85942c39576d5e
BMLC002520,C:\ITDA_OCR_CODE\학습대상데이터\BMLC002520.jpg,2,sha256:cc768c6bcb292a5c3266074cf18fb8c884f6663530405b706f0af385695406d1,cc768c6bcb292a5c3266074cf18fb8c884f6663530405b706f0af385695406d1
BMLC002521,C:\ITDA_OCR_CODE\학습대상데이터\BMLC002521.jpg,4,sha256:65b6ccacfb1c78b261e779dafa0a34f94d7ea64887908c20aa2e3562ceed57bd,65b6ccacfb1c78b261e779dafa0a34f94d7ea64887908c20aa2e3562ceed57bd
BMLC002522,C:\ITDA_OCR_CODE\학습대상데이터\BMLC002522.jpg,3,sha256:dbb8c890472d69e4488b373cb212e533ab789853b3db85632d21c2288b1d2f49,dbb8c890472d69e4488b373cb212e533ab789853b3db85632d21c2288b1d2f49
BMLC002523,C:\ITDA_OCR_CODE\학습대상데이터\BMLC002523.jpg,3,sha256:3938d167501f5d815e1fb3866de1b11b1d8946c9cc65f0b6b3ce30f2973248b5,3938d167501f5d815e1fb3866de1b11b1d8946c9cc65f0b6b3ce30f2973248b5
BMLC002524,C:\ITDA_OCR_CODE\학습대상데이터\BMLC002524.jpg,3,sha256:1379cf2065b74b6a80d686c0c60138de1db0bf596e81dce9c358cec7dcdab2a9,1379cf2065b74b6a80d686c0c60138de1db0bf596e81dce9c358cec7dcdab2a9
BMLC002525,C:\ITDA_OCR_CODE\학습대상데이터\BMLC002525.jpg,4,sha256:a4c70b3ee04e7472ab0272072c56710961c538b92977608cbf3f49f0b2125af4,a4c70b3ee04e7472ab0272072c56710961c538b92977608cbf3f49f0b2125af4
BMLC002526,C:\ITDA_OCR_CODE\학습대상데이터\BMLC002526.jpg,1,sha256:2fc83557806757574622355d62d67b1a7bc87431f8151291a4fe25ad16960f36,2fc83557806757574622355d62d67b1a7bc87431f8151291a4fe25ad16960f36
BMLC002527,C:\ITDA_OCR_CODE\학습대상데이터\BMLC002527.jpg,2,sha256:c7a70764a8efb4ae9bb0dbec9ab9a60fa8168ff16220602eb0d125a46a6221f2,c7a70764a8efb4ae9bb0dbec9ab9a60fa8168ff16220602eb0d125a46a6221f2
BMLC002528,C:\ITDA_OCR_CODE\학습대상데이터\BMLC002528.jpg,3,sha256:07dfc3e5dfab83ab2cba1b29a87dce11758fbca8ad48ca7f6110ddc0d90f36a4,07dfc3e5dfab83ab2cba1b29a87dce11758fbca8ad48ca7f6110ddc0d90f36a4
BMLC002529,C:\ITDA_OCR_CODE\학습대상데이터\BMLC002529.jpg,4,sha256:fa97cf70395e22de058913a7ef22f218e58d251b34776548c024140c3e1629ec,fa97cf70395e22de058913a7ef22f218e58d251b34776548c024140c3e1629ec
BMLC002530,C:\ITDA_OCR_CODE\학습대상데이터\BMLC002530.jpg,2,sha256:c1e632ee5036e84c99396243a48efca485c4146c0d8fe73f25b864b2e33fb907,c1e632ee5036e84c99396243a48efca485c4146c0d8fe73f25b864b2e33fb907
BMLC002531,C:\ITDA_OCR_CODE\학습대상데이터\BMLC002531.jpg,4,sha256:8de3aa3232a7b9320d692b5107425347822c1a534f8e25c233225a49d3a97187,8de3aa3232a7b9320d692b5107425347822c1a534f8e25c233225a49d3a97187
BMLC002532,C:\ITDA_OCR_CODE\학습대상데이터\BMLC002532.jpg,1,sha256:191142f4d01c9de105683a5f0d84a42b39f4d9ecd61c6bff80def58e2fa845f1,191142f4d01c9de105683a5f0d84a42b39f4d9ecd61c6bff80def58e2fa845f1
BMLC002533,C:\ITDA_OCR_CODE\학습대상데이터\BMLC002533.jpg,3,sha256:a74105b806728e243a8e4ac0fbfc99c8923a16353d2d6edc46a7e7dcd8b8952c,a74105b806728e243a8e4ac0fbfc99c8923a16353d2d6edc46a7e7dcd8b8952c
BMLC002534,C:\ITDA_OCR_CODE\학습대상데이터\BMLC002534.jpg,2,sha256:fcc2eae3286e46d40e8ca78d68f86d7d215643fab50c972b0d63d93d8c5107d2,fcc2eae3286e46d40e8ca78d68f86d7d215643fab50c972b0d63d93d8c5107d2
BMLC002535,C:\ITDA_OCR_CODE\학습대상데이터\BMLC002535.jpg,4,sha256:08627686d8b6c5d55eae792f4bd08f1fa43e54bffc956795b21bca2019b37db8,08627686d8b6c5d55eae792f4bd08f1fa43e54bffc956795b21bca2019b37db8
BMLC002536,C:\ITDA_OCR_CODE\학습대상데이터\BMLC002536.jpg,3,sha256:635978ad1bd612f3e9b09034ceac79d968b32bd31f99e2a55434eae906197772,635978ad1bd612f3e9b09034ceac79d968b32bd31f99e2a55434eae906197772
BMLC002537,C:\ITDA_OCR_CODE\학습대상데이터\BMLC002537.jpg,4,sha256:be904f412a6275eab2649349ce656c8806bedf2f9959d2d67c402bb8fc7447d3,be904f412a6275eab2649349ce656c8806bedf2f9959d2d67c402bb8fc7447d3
BMLC002538,C:\ITDA_OCR_CODE\학습대상데이터\BMLC002538.jpg,1,sha256:b08c091e3a66cf162ebae0751b94442ea6fcec0e48de59f5c01fb93eb25f64f6,b08c091e3a66cf162ebae0751b94442ea6fcec0e48de59f5c01fb93eb25f64f6
BMLC002539,C:\ITDA_OCR_CODE\학습대상데이터\BMLC002539.jpg,4,sha256:36ef0dc5c9abeb6f0006dd2a82b3dc0459f66bef232d54612221eaa32d473c8e,36ef0dc5c9abeb6f0006dd2a82b3dc0459f66bef232d54612221eaa32d473c8e
BMLC002540,C:\ITDA_OCR_CODE\학습대상데이터\BMLC002540.jpg,1,sha256:063ac3a3c98c53d3e51dfb18a83d0d113a66e47fb4518947cdf6b4e9a20afbd5,063ac3a3c98c53d3e51dfb18a83d0d113a66e47fb4518947cdf6b4e9a20afbd5
BMLC002541,C:\ITDA_OCR_CODE\학습대상데이터\BMLC002541.jpg,1,sha256:ab1df6c3ed0b5fa2024612c7a08391760bb8c9e8fccdcca65ea307dcfaee633e,ab1df6c3ed0b5fa2024612c7a08391760bb8c9e8fccdcca65ea307dcfaee633e
BMLC002542,C:\ITDA_OCR_CODE\학습대상데이터\BMLC002542.jpg,1,sha256:cdf841151488833e3f013310c62b8af3d53dfca9391c4bdfd08f6bbd4c0bbed5,cdf841151488833e3f013310c62b8af3d53dfca9391c4bdfd08f6bbd4c0bbed5
BMLC002543,C:\ITDA_OCR_CODE\학습대상데이터\BMLC002543.jpg,3,sha256:0fa1bffee86a502860a23572db7dd2e8040ac18c96a6737880fec5f759611fb2,0fa1bffee86a502860a23572db7dd2e8040ac18c96a6737880fec5f759611fb2
BMLC002544,C:\ITDA_OCR_CODE\학습대상데이터\BMLC002544.jpg,4,sha256:0bbbf1a67f78c6187fc0479e4f89ded3d1f7fd5b2d22bc423c87e55160373d58,0bbbf1a67f78c6187fc0479e4f89ded3d1f7fd5b2d22bc423c87e55160373d58
BMLC002545,C:\ITDA_OCR_CODE\학습대상데이터\BMLC002545.jpg,2,sha256:e799a73a8bd0d5109064a412a5d007af2b7606a6a022fd544cb269f466c4742b,e799a73a8bd0d5109064a412a5d007af2b7606a6a022fd544cb269f466c4742b
BMLC002546,C:\ITDA_OCR_CODE\학습대상데이터\BMLC002546.jpg,4,sha256:2a3d11b00e903b485c9ecad8af944bd4ae65b829d707113d9653990373e7060e,2a3d11b00e903b485c9ecad8af944bd4ae65b829d707113d9653990373e7060e
BMLC002547,C:\ITDA_OCR_CODE\학습대상데이터\BMLC002547.jpg,2,sha256:6d136d3ab4a989ec9ea60890c48a7e77dc2a4fe5b74ab830fb30cc4efc9c297a,6d136d3ab4a989ec9ea60890c48a7e77dc2a4fe5b74ab830fb30cc4efc9c297a
BMLC002548,C:\ITDA_OCR_CODE\학습대상데이터\BMLC002548.jpg,1,sha256:2d154aa11cca5ee23ac72e0d700270cd6ccaf207e0aa5ea4a87868e063b3b563,2d154aa11cca5ee23ac72e0d700270cd6ccaf207e0aa5ea4a87868e063b3b563
BMLC002549,C:\ITDA_OCR_CODE\학습대상데이터\BMLC002549.jpg,1,sha256:456c29cc6b06ea1e304fe53809d1e908fd2275b579bf230aaf179314c4eb7163,456c29cc6b06ea1e304fe53809d1e908fd2275b579bf230aaf179314c4eb7163
BMLC002550,C:\ITDA_OCR_CODE\학습대상데이터\BMLC002550.jpg,2,sha256:98a2cbabe69e9fecc3780116ced476e2ced5f143d88653a2fb6fbfb841a5ced2,98a2cbabe69e9fecc3780116ced476e2ced5f143d88653a2fb6fbfb841a5ced2
BMLC002551,C:\ITDA_OCR_CODE\학습대상데이터\BMLC002551.jpg,2,sha256:90e8599a79836fa83830452fec3f68d2362f737aa5f399b3584eea62759a7d43,90e8599a79836fa83830452fec3f68d2362f737aa5f399b3584eea62759a7d43
BMLC002552,C:\ITDA_OCR_CODE\학습대상데이터\BMLC002552.jpg,1,sha256:b6af0a14d8cf8c26ed4ad57ba0033d76799d0aa99965a62b4a1014938ea8a855,b6af0a14d8cf8c26ed4ad57ba0033d76799d0aa99965a62b4a1014938ea8a855
BMLC002553,C:\ITDA_OCR_CODE\학습대상데이터\BMLC002553.jpg,1,sha256:8542742c90b4d1e41e3ff49cd36c8ab13de4e18070bde6e9ec6554f061f4038a,8542742c90b4d1e41e3ff49cd36c8ab13de4e18070bde6e9ec6554f061f4038a
BMLC002554,C:\ITDA_OCR_CODE\학습대상데이터\BMLC002554.jpg,2,sha256:8f6c7f380a124b4343116460b07cebe000afdb2a9becf30476750313881ce868,8f6c7f380a124b4343116460b07cebe000afdb2a9becf30476750313881ce868
BMLC002555,C:\ITDA_OCR_CODE\학습대상데이터\BMLC002555.jpg,1,sha256:3ea85223ffb1462c8e54cc3cf0991d6a93917454d69a587546401465e700d523,3ea85223ffb1462c8e54cc3cf0991d6a93917454d69a587546401465e700d523
BMLC002556,C:\ITDA_OCR_CODE\학습대상데이터\BMLC002556.jpg,4,sha256:717464b32025d2269a0ece5ee0d0bebabd079845207f92f4fbcc1f97b0db0daf,717464b32025d2269a0ece5ee0d0bebabd079845207f92f4fbcc1f97b0db0daf
BMLC002557,C:\ITDA_OCR_CODE\학습대상데이터\BMLC002557.jpg,2,sha256:06a59ce29fd6b7cbac705be0d86e3056b0d532afcf43ebcb7e18b6e050e926ee,06a59ce29fd6b7cbac705be0d86e3056b0d532afcf43ebcb7e18b6e050e926ee
BMLC002558,C:\ITDA_OCR_CODE\학습대상데이터\BMLC002558.jpg,3,sha256:fdc0586f60d315fb0e5f268963a5c32014783367d1415f809cb929b868fe0a8d,fdc0586f60d315fb0e5f268963a5c32014783367d1415f809cb929b868fe0a8d
BMLC002559,C:\ITDA_OCR_CODE\학습대상데이터\BMLC002559.jpg,4,sha256:f2a90012464dc1537d4392699621ff06e30f067e785edf2243510cfea7550d6f,f2a90012464dc1537d4392699621ff06e30f067e785edf2243510cfea7550d6f
BMLC002560,C:\ITDA_OCR_CODE\학습대상데이터\BMLC002560.jpg,4,sha256:2417288cf839b0b52789dc012136152fab2aa7582380199e37d5ec0f9a108414,2417288cf839b0b52789dc012136152fab2aa7582380199e37d5ec0f9a108414
BMLC002561,C:\ITDA_OCR_CODE\학습대상데이터\BMLC002561.jpg,3,sha256:0b7f6142c3fb238afa6d18996ac486f2a696ea62fc0e274e1718ed3de9d33e91,0b7f6142c3fb238afa6d18996ac486f2a696ea62fc0e274e1718ed3de9d33e91
BMLC002562,C:\ITDA_OCR_CODE\학습대상데이터\BMLC002562.jpg,4,sha256:0e128983aacc40943b45597ff1c424d52f7f70a6286458e68351292b6c5d22d6,0e128983aacc40943b45597ff1c424d52f7f70a6286458e68351292b6c5d22d6
BMLC002563,C:\ITDA_OCR_CODE\학습대상데이터\BMLC002563.jpg,1,sha256:2e3689eff94f292ede979c888eaadf4bbd006cda2109ea8c7732ac0ed258e16a,2e3689eff94f292ede979c888eaadf4bbd006cda2109ea8c7732ac0ed258e16a
BMLC002564,C:\ITDA_OCR_CODE\학습대상데이터\BMLC002564.jpg,4,sha256:c0e598fc3f08ae8d513963ca24bb92b05eca1b620a90499dd8b3e4611fb3e261,c0e598fc3f08ae8d513963ca24bb92b05eca1b620a90499dd8b3e4611fb3e261
BMLC002565,C:\ITDA_OCR_CODE\학습대상데이터\BMLC002565.jpg,4,sha256:b2d8c65c846201f1eb87bf0fbb18907029ef30d2098153f715ddb9e848b940ef,b2d8c65c846201f1eb87bf0fbb18907029ef30d2098153f715ddb9e848b940ef
BMLC002566,C:\ITDA_OCR_CODE\학습대상데이터\BMLC002566.jpg,4,sha256:69f106d1b15640518e4e3d7b965b9114632dccfb4f40185ea84dae33247d2a7d,69f106d1b15640518e4e3d7b965b9114632dccfb4f40185ea84dae33247d2a7d
BMLC002567,C:\ITDA_OCR_CODE\학습대상데이터\BMLC002567.jpg,3,sha256:4823afcf68590a4b496bb3bb3c595c4ec3f4b7fd2c729fa3e59043443188c961,4823afcf68590a4b496bb3bb3c595c4ec3f4b7fd2c729fa3e59043443188c961
BMLC002568,C:\ITDA_OCR_CODE\학습대상데이터\BMLC002568.jpg,1,sha256:907b3a4ee60ba9b39b518dc7d6b4d128a6a6b1768604879d62aff3c989dcf9be,907b3a4ee60ba9b39b518dc7d6b4d128a6a6b1768604879d62aff3c989dcf9be
BMLC002569,C:\ITDA_OCR_CODE\학습대상데이터\BMLC002569.jpg,1,sha256:9fb029a639e04243d3e087bef39043b2b9485adec52bc440488f7aa257680daf,9fb029a639e04243d3e087bef39043b2b9485adec52bc440488f7aa257680daf
BMLC002570,C:\ITDA_OCR_CODE\학습대상데이터\BMLC002570.jpg,4,sha256:cd05291439357e4843b17aea693ba8b899ef782494d92755396d48db1e5486cd,cd05291439357e4843b17aea693ba8b899ef782494d92755396d48db1e5486cd
BMLC002571,C:\ITDA_OCR_CODE\학습대상데이터\BMLC002571.jpg,1,sha256:06c680673852ac0c799bbb8b10a8ce97913558e536ba1711f5173f357fde7e06,06c680673852ac0c799bbb8b10a8ce97913558e536ba1711f5173f357fde7e06
BMLC002572,C:\ITDA_OCR_CODE\학습대상데이터\BMLC002572.jpg,1,sha256:6119d9dcfa755df49da2071fdffae60b1ac9b23565b98160f8f536652649dde5,6119d9dcfa755df49da2071fdffae60b1ac9b23565b98160f8f536652649dde5
BMLC002573,C:\ITDA_OCR_CODE\학습대상데이터\BMLC002573.jpg,4,sha256:e9650ba55c78c876b946de589dbd39b03dc6ee16c9e14f49cea967419027c243,e9650ba55c78c876b946de589dbd39b03dc6ee16c9e14f49cea967419027c243
BMLC002574,C:\ITDA_OCR_CODE\학습대상데이터\BMLC002574.jpg,3,sha256:3e7dab38b97f93682d84c7a2044adac0c7ab61d443067ffa90d2e26afcdead21,3e7dab38b97f93682d84c7a2044adac0c7ab61d443067ffa90d2e26afcdead21
BMLC002575,C:\ITDA_OCR_CODE\학습대상데이터\BMLC002575.jpg,2,sha256:c48e775f934a567b72df124b73ef249cfa33a1e101c5c105303b3a911229a82b,c48e775f934a567b72df124b73ef249cfa33a1e101c5c105303b3a911229a82b
BMLC002576,C:\ITDA_OCR_CODE\학습대상데이터\BMLC002576.jpg,2,sha256:a7e4d132d895c2916801dd1821c653c5d1b2e82b1588741d065d8d3756508fe4,a7e4d132d895c2916801dd1821c653c5d1b2e82b1588741d065d8d3756508fe4
BMLC002577,C:\ITDA_OCR_CODE\학습대상데이터\BMLC002577.jpg,4,sha256:1845d8058c3dc291a1caf1f6278b22ad1dc6e3cef7d91e454a7e2afc42607045,1845d8058c3dc291a1caf1f6278b22ad1dc6e3cef7d91e454a7e2afc42607045
BMLC002578,C:\ITDA_OCR_CODE\학습대상데이터\BMLC002578.jpg,3,sha256:9523725a31c2241be00a48431e4d5307dae61d4bac41d94e8da9255e475d2962,9523725a31c2241be00a48431e4d5307dae61d4bac41d94e8da9255e475d2962
BMLC002579,C:\ITDA_OCR_CODE\학습대상데이터\BMLC002579.jpg,2,sha256:d2913084b13c2cd600343266ece09a339be02fa06f80a0ed21ee4aa2780c8130,d2913084b13c2cd600343266ece09a339be02fa06f80a0ed21ee4aa2780c8130
BMLC002580,C:\ITDA_OCR_CODE\학습대상데이터\BMLC002580.jpg,1,sha256:97cd82692f517e439480b3331e3e6873dd52ad853d4f994f8742daaa62359723,97cd82692f517e439480b3331e3e6873dd52ad853d4f994f8742daaa62359723
BMLC002581,C:\ITDA_OCR_CODE\학습대상데이터\BMLC002581.jpg,2,sha256:2cb037d46b38a2f3d72c05baa83e0f8deb4541164970569419ce2cdd55b492e7,2cb037d46b38a2f3d72c05baa83e0f8deb4541164970569419ce2cdd55b492e7
BMLC002582,C:\ITDA_OCR_CODE\학습대상데이터\BMLC002582.jpg,3,sha256:c167e02139b52cf5b1173238bf62a21a2e8338e6542b7212c836d757695e4ebb,c167e02139b52cf5b1173238bf62a21a2e8338e6542b7212c836d757695e4ebb
BMLC002583,C:\ITDA_OCR_CODE\학습대상데이터\BMLC002583.jpg,2,sha256:453930aea1b80cf136ef88c81224497ef878bab7ccd80ceeb19f1f6b3dd99166,453930aea1b80cf136ef88c81224497ef878bab7ccd80ceeb19f1f6b3dd99166
BMLC002584,C:\ITDA_OCR_CODE\학습대상데이터\BMLC002584.jpg,2,sha256:6b43eaced0e7142081a47f0763cb7818a84d6921560c93253787185912e3fb33,6b43eaced0e7142081a47f0763cb7818a84d6921560c93253787185912e3fb33
BMLC002585,C:\ITDA_OCR_CODE\학습대상데이터\BMLC002585.jpg,1,sha256:8bb2f07e1188fceee9dd744c6fdf3d7de8b4d0c28c6afa17b0445c9e75126532,8bb2f07e1188fceee9dd744c6fdf3d7de8b4d0c28c6afa17b0445c9e75126532
BMLC002586,C:\ITDA_OCR_CODE\학습대상데이터\BMLC002586.jpg,3,sha256:39e5feb85a8dd0bc18776258c6f04dd5b26b8b26515aeebc0ebcb3268c7418b5,39e5feb85a8dd0bc18776258c6f04dd5b26b8b26515aeebc0ebcb3268c7418b5
BMLC002587,C:\ITDA_OCR_CODE\학습대상데이터\BMLC002587.jpg,1,sha256:ef2d540586f681c06af130331e5effb19a1ce7df8fd27b63ca4d4565602b90c2,ef2d540586f681c06af130331e5effb19a1ce7df8fd27b63ca4d4565602b90c2
BMLC002588,C:\ITDA_OCR_CODE\학습대상데이터\BMLC002588.jpg,1,sha256:b2357781ee80887ea6989957edadc77a363fcd15566d31831780ba25c16744e1,b2357781ee80887ea6989957edadc77a363fcd15566d31831780ba25c16744e1
BMLC002589,C:\ITDA_OCR_CODE\학습대상데이터\BMLC002589.jpg,3,sha256:3d474983c6a1da4f5728142f22cece149de64cdfac9ffbd3ed703c6f43e1bde7,3d474983c6a1da4f5728142f22cece149de64cdfac9ffbd3ed703c6f43e1bde7
BMLC002590,C:\ITDA_OCR_CODE\학습대상데이터\BMLC002590.jpg,2,sha256:07db219c36deb758a54a78c081614b16d9b0bf435134f1eaf7d2d6961f99b208,07db219c36deb758a54a78c081614b16d9b0bf435134f1eaf7d2d6961f99b208
BMLC002591,C:\ITDA_OCR_CODE\학습대상데이터\BMLC002591.jpg,4,sha256:4e7f23c0b32cbc735fded4ad81c04c657f8fbd7b3a848991e81834391cf5d958,4e7f23c0b32cbc735fded4ad81c04c657f8fbd7b3a848991e81834391cf5d958
BMLC002592,C:\ITDA_OCR_CODE\학습대상데이터\BMLC002592.jpg,4,sha256:ef9833d7ae8499d0c872941b5f5bf37aeab1cdbb8aa78ed49a833cdbfe5e3c8f,ef9833d7ae8499d0c872941b5f5bf37aeab1cdbb8aa78ed49a833cdbfe5e3c8f
BMLC002593,C:\ITDA_OCR_CODE\학습대상데이터\BMLC002593.jpg,1,sha256:bab685f830bba089d06b42dcb2f9c1d028c492abc074206bc6b994fc540731f7,bab685f830bba089d06b42dcb2f9c1d028c492abc074206bc6b994fc540731f7
BMLC002594,C:\ITDA_OCR_CODE\학습대상데이터\BMLC002594.jpg,3,sha256:9ab92ddd07afdef9e0b5c0fb536cad02fe3afe7ce69492547a9faf0f9984d111,9ab92ddd07afdef9e0b5c0fb536cad02fe3afe7ce69492547a9faf0f9984d111
BMLC002595,C:\ITDA_OCR_CODE\학습대상데이터\BMLC002595.jpg,1,sha256:6c5ab50528b70eb4257f22a97840968ba4889a135d4be98451f8447b8172ec47,6c5ab50528b70eb4257f22a97840968ba4889a135d4be98451f8447b8172ec47
BMLC002596,C:\ITDA_OCR_CODE\학습대상데이터\BMLC002596.jpg,4,sha256:bbcad6ff235dab50fa6191af135d34fee03a737ae3358af89c409f7b98c86f6e,bbcad6ff235dab50fa6191af135d34fee03a737ae3358af89c409f7b98c86f6e
BMLC002597,C:\ITDA_OCR_CODE\학습대상데이터\BMLC002597.jpg,1,sha256:efdb66e04ca903627a1e13b801f5cb13e8a2aba0d9e872303b56b7d6d10309ec,efdb66e04ca903627a1e13b801f5cb13e8a2aba0d9e872303b56b7d6d10309ec
BMLC002598,C:\ITDA_OCR_CODE\학습대상데이터\BMLC002598.jpg,4,sha256:d826bdd0f79bc89504c2b82956acd0668c74cabb42fdfb908d910f03d4c66802,d826bdd0f79bc89504c2b82956acd0668c74cabb42fdfb908d910f03d4c66802
BMLC002599,C:\ITDA_OCR_CODE\학습대상데이터\BMLC002599.jpg,3,sha256:3c37cd36da3ab6f1c7d427ce5c064f65d7125142efb14d20e6359566ee9770fd,3c37cd36da3ab6f1c7d427ce5c064f65d7125142efb14d20e6359566ee9770fd
BMLC002600,C:\ITDA_OCR_CODE\학습대상데이터\BMLC002600.jpg,3,sha256:f3d6f9e8395f6c47f8d556f209412624f65380468975af02bdcc74880d8eef33,f3d6f9e8395f6c47f8d556f209412624f65380468975af02bdcc74880d8eef33
BMLC002601,C:\ITDA_OCR_CODE\학습대상데이터\BMLC002601.jpg,2,sha256:5afb3793ca7d005a2776305a37225f26450209867cd65680041a23f95d02fb5e,5afb3793ca7d005a2776305a37225f26450209867cd65680041a23f95d02fb5e
BMLC002602,C:\ITDA_OCR_CODE\학습대상데이터\BMLC002602.jpg,1,sha256:e420557d93087e1bf9c246dcdba19dfa3d2085d1077a5453487a5b662f12ba0d,e420557d93087e1bf9c246dcdba19dfa3d2085d1077a5453487a5b662f12ba0d
BMLC002603,C:\ITDA_OCR_CODE\학습대상데이터\BMLC002603.jpg,4,sha256:c1166421d7984b8d0055f844f19f1404f1d9e85f78298835901e907aa5b00c50,c1166421d7984b8d0055f844f19f1404f1d9e85f78298835901e907aa5b00c50
BMLC002604,C:\ITDA_OCR_CODE\학습대상데이터\BMLC002604.jpg,3,sha256:5226306facb7df570028564f98da0c478cf2e6795d67134eee956f4e022e90f0,5226306facb7df570028564f98da0c478cf2e6795d67134eee956f4e022e90f0
BMLC002605,C:\ITDA_OCR_CODE\학습대상데이터\BMLC002605.jpg,3,sha256:cf8e045990fd8754b697d206a620b37a388c929579d8ab31f66af39a3f97df36,cf8e045990fd8754b697d206a620b37a388c929579d8ab31f66af39a3f97df36
BMLC002606,C:\ITDA_OCR_CODE\학습대상데이터\BMLC002606.jpg,2,sha256:53255e97c8fdd389dd105d4a13c2465564eb70a079869f947c317081bc065bc0,53255e97c8fdd389dd105d4a13c2465564eb70a079869f947c317081bc065bc0
BMLC002607,C:\ITDA_OCR_CODE\학습대상데이터\BMLC002607.jpg,3,sha256:50c8a96a6ac8970913e83cccc87d364bab38627b75bd8aaa77b847d043e393f7,50c8a96a6ac8970913e83cccc87d364bab38627b75bd8aaa77b847d043e393f7
BMLC002608,C:\ITDA_OCR_CODE\학습대상데이터\BMLC002608.jpg,3,sha256:5ac629c9d92c280f7ed7148ebe581bfa487d608d65892c84ce3f3f544dd92def,5ac629c9d92c280f7ed7148ebe581bfa487d608d65892c84ce3f3f544dd92def
BMLC002609,C:\ITDA_OCR_CODE\학습대상데이터\BMLC002609.jpg,2,sha256:2f23df1501e0403eb1fba1bbb9c9443ba544bc5d92ce3a7b565521e148c19b73,2f23df1501e0403eb1fba1bbb9c9443ba544bc5d92ce3a7b565521e148c19b73
BMLC002610,C:\ITDA_OCR_CODE\학습대상데이터\BMLC002610.jpg,2,sha256:074061639a1c214ed1426ab1eaaed001c3a4aa4ffb00f39e2a8d846211de3c9b,074061639a1c214ed1426ab1eaaed001c3a4aa4ffb00f39e2a8d846211de3c9b
